Fragment,Type,Fragment Mass,Glycan
Hex1-B,B,218.1154237,23000
Y-HexNAc1-B,BY,245.1263227,23000
Y-HexNAc1-redEnd,Y,293.1838376,23000
Y-Hex2-B,BY,408.1995472,23000
Y-HexNAc2-redEnd,Y,538.3101603,23000
Hex3-B,B,626.3149709,23000
Y-Hex2HexNAc1-B,BY,653.32587,23000
YY-Hex1HexNAc2-redEnd,YY,728.3942839,23000
Hex3HexNAc1-B,B,871.4412937,23000
Y-Hex2HexNAc2-redEnd,Y,946.5097076,23000
Hex3HexNAc2-redEnd,NA,1164.625131,23000
Y-Hex1-B,BY,204.0997736,24000
Hex1-B,B,218.1154237,24000
Y-HexNAc1-B,BY,245.1263227,24000
Y-HexNAc1-redEnd,Y,293.1838376,24000
Y-Hex2-B,BY,408.1995472,24000
Hex2-B,B,422.2151973,24000
Y-HexNAc2-redEnd,Y,538.3101603,24000
Y-Hex3-B,BY,612.2993209,24000
Y-Hex3-B,BY,612.2993209,24000
Y-Hex2HexNAc1-B,BY,653.32587,24000
YY-Hex1HexNAc2-redEnd,YY,728.3942839,24000
Hex4-B,B,830.4147446,24000
Y-Hex3HexNAc1-B,BY,857.4256436,24000
Y-Hex3HexNAc1-B,BY,857.4256436,24000
YY-Hex2HexNAc2-redEnd,YY,932.4940575,24000
Y-Hex2HexNAc2-redEnd,Y,946.5097076,24000
Hex4HexNAc1-B,B,1075.541067,24000
Y-Hex3HexNAc2-redEnd,Y,1150.609481,24000
Y-Hex3HexNAc2-redEnd,Y,1150.609481,24000
Hex4HexNAc2-redEnd,NA,1368.724905,24000
Y-Hex1-B,BY,204.0997736,25000
Hex1-B,B,218.1154237,25000
Y-HexNAc1-B,BY,245.1263227,25000
Y-HexNAc1-redEnd,Y,293.1838376,25000
Y-Hex2-B,BY,408.1995472,25000
Hex2-B,B,422.2151973,25000
Y-HexNAc2-redEnd,Y,538.3101603,25000
Y-Hex3-B,BY,612.2993209,25000
Y-Hex3-B,BY,612.2993209,25000
Y-Hex2HexNAc1-B,BY,653.32587,25000
YY-Hex1HexNAc2-redEnd,YY,728.3942839,25000
Hex4-B,B,830.4147446,25000
Y-Hex3HexNAc1-B,BY,857.4256436,25000
Y-Hex3HexNAc1-B,BY,857.4256436,25000
YY-Hex2HexNAc2-redEnd,YY,932.4940575,25000
Y-Hex2HexNAc2-redEnd,Y,946.5097076,25000
Hex4HexNAc1-B,B,1075.541067,25000
Y-Hex3HexNAc2-redEnd,Y,1150.609481,25000
Y-Hex3HexNAc2-redEnd,Y,1150.609481,25000
Hex4HexNAc2-redEnd,NA,1368.724905,25000
Y-Hex1-B,BY,204.0997736,26000
Hex1-B,B,218.1154237,26000
Y-HexNAc1-B,BY,245.1263227,26000
Y-HexNAc1-redEnd,Y,293.1838376,26000
Y-Hex2-B,BY,408.1995472,26000
Hex2-B,B,422.2151973,26000
Y-HexNAc2-redEnd,Y,538.3101603,26000
Y-Hex3-B,BY,612.2993209,26000
Hex3-B,B,626.3149709,26000
YY-Hex1HexNAc2-redEnd,YY,728.3942839,26000
Y-Hex4-B,BY,816.3990945,26000
Y-Hex3HexNAc1-B,BY,857.4256436,26000
YY-Hex2HexNAc2-redEnd,YY,932.4940575,26000
Y-Hex5-B,BY,1020.498868,26000
Y-Hex5-B,BY,1020.498868,26000
Y-Hex4HexNAc1-B,BY,1061.525417,26000
YY-Hex3HexNAc2-redEnd,YY,1136.593831,26000
Y-Hex3HexNAc2-redEnd,Y,1150.609481,26000
Hex6-B,B,1238.614292,26000
Y-Hex5HexNAc1-B,BY,1265.625191,26000
Y-Hex5HexNAc1-B,BY,1265.625191,26000
YY-Hex4HexNAc2-redEnd,YY,1340.693605,26000
YY-Hex4HexNAc2-redEnd,YY,1340.693605,26000
Y-Hex4HexNAc2-redEnd,Y,1354.709255,26000
Hex6HexNAc1-B,B,1483.740615,26000
Y-Hex5HexNAc2-redEnd,Y,1558.809028,26000
Y-Hex5HexNAc2-redEnd,Y,1558.809028,26000
Hex6HexNAc2-redEnd,NA,1776.924452,26000
Y-Hex1-B,BY,204.0997736,27000
Hex1-B,B,218.1154237,27000
Y-HexNAc1-B,BY,245.1263227,27000
Y-HexNAc1-redEnd,Y,293.1838376,27000
Y-Hex2-B,BY,408.1995472,27000
Y-Hex2-B,BY,408.1995472,27000
Hex2-B,B,422.2151973,27000
Y-HexNAc2-redEnd,Y,538.3101603,27000
Hex3-B,B,626.3149709,27000
Hex3-B,B,626.3149709,27000
YY-Hex1HexNAc2-redEnd,YY,728.3942839,27000
Y-Hex4-B,BY,816.3990945,27000
Y-Hex4-B,BY,816.3990945,27000
YY-Hex2HexNAc2-redEnd,YY,932.4940575,27000
Y-Hex5-B,BY,1020.498868,27000
Y-Hex4HexNAc1-B,BY,1061.525417,27000
Y-Hex4HexNAc1-B,BY,1061.525417,27000
YY-Hex3HexNAc2-redEnd,YY,1136.593831,27000
YY-Hex3HexNAc2-redEnd,YY,1136.593831,27000
Y-Hex6-B,BY,1224.598642,27000
Y-Hex6-B,BY,1224.598642,27000
Y-Hex5HexNAc1-B,BY,1265.625191,27000
YY-Hex4HexNAc2-redEnd,YY,1340.693605,27000
Y-Hex4HexNAc2-redEnd,Y,1354.709255,27000
Y-Hex4HexNAc2-redEnd,Y,1354.709255,27000
Hex7-B,B,1442.714065,27000
Y-Hex6HexNAc1-B,BY,1469.724964,27000
Y-Hex6HexNAc1-B,BY,1469.724964,27000
YY-Hex5HexNAc2-redEnd,YY,1544.793378,27000
YY-Hex5HexNAc2-redEnd,YY,1544.793378,27000
Y-Hex5HexNAc2-redEnd,Y,1558.809028,27000
Hex7HexNAc1-B,B,1687.840388,27000
Y-Hex6HexNAc2-redEnd,Y,1762.908802,27000
Y-Hex6HexNAc2-redEnd,Y,1762.908802,27000
Hex7HexNAc2-redEnd,NA,1981.024226,27000
Y-Hex1-B,BY,204.0997736,28000
Hex1-B,B,218.1154237,28000
Y-HexNAc1-B,BY,245.1263227,28000
Y-HexNAc1-redEnd,Y,293.1838376,28000
Hex2-B,B,422.2151973,28000
Y-HexNAc2-redEnd,Y,538.3101603,28000
Y-Hex3-B,BY,612.2993209,28000
Y-Hex3-B,BY,612.2993209,28000
YY-Hex1HexNAc2-redEnd,YY,728.3942839,28000
Y-Hex4-B,BY,816.3990945,28000
Y-Hex3HexNAc1-B,BY,857.4256436,28000
YY-Hex2HexNAc2-redEnd,YY,932.4940575,28000
Hex5-B,B,1034.514518,28000
Y-Hex3HexNAc2-redEnd,Y,1150.609481,28000
Y-Hex6-B,BY,1224.598642,28000
Y-Hex6-B,BY,1224.598642,28000
YY-Hex4HexNAc2-redEnd,YY,1340.693605,28000
YY-Hex4HexNAc2-redEnd,YY,1340.693605,28000
Y-Hex7-B,BY,1428.698415,28000
Y-Hex7-B,BY,1428.698415,28000
Y-Hex6HexNAc1-B,BY,1469.724964,28000
Y-Hex6HexNAc1-B,BY,1469.724964,28000
YY-Hex5HexNAc2-redEnd,YY,1544.793378,28000
YY-Hex5HexNAc2-redEnd,YY,1544.793378,28000
YY-Hex5HexNAc2-redEnd,YY,1544.793378,28000
Hex8-B,B,1646.813839,28000
Y-Hex7HexNAc1-B,BY,1673.824738,28000
Y-Hex7HexNAc1-B,BY,1673.824738,28000
YY-Hex6HexNAc2-redEnd,YY,1748.893152,28000
YY-Hex6HexNAc2-redEnd,YY,1748.893152,28000
Y-Hex6HexNAc2-redEnd,Y,1762.908802,28000
Y-Hex6HexNAc2-redEnd,Y,1762.908802,28000
Hex8HexNAc1-B,B,1891.940162,28000
Y-Hex7HexNAc2-redEnd,Y,1967.008576,28000
Y-Hex7HexNAc2-redEnd,Y,1967.008576,28000
Hex8HexNAc2-redEnd,NA,2185.123999,28000
Y-Hex1-B,BY,204.0997736,29000
Hex1-B,B,218.1154237,29000
Y-HexNAc1-B,BY,245.1263227,29000
Y-HexNAc1-redEnd,Y,293.1838376,29000
Y-Hex2-B,BY,408.1995472,29000
Hex2-B,B,422.2151973,29000
Y-HexNAc2-redEnd,Y,538.3101603,29000
Y-Hex3-B,BY,612.2993209,29000
Hex3-B,B,626.3149709,29000
YY-Hex1HexNAc2-redEnd,YY,728.3942839,29000
Y-Hex4-B,BY,816.3990945,29000
Y-Hex4-B,BY,816.3990945,29000
YY-Hex2HexNAc2-redEnd,YY,932.4940575,29000
Hex5-B,B,1034.514518,29000
Y-Hex4HexNAc1-B,BY,1061.525417,29000
YY-Hex3HexNAc2-redEnd,YY,1136.593831,29000
Y-Hex6-B,BY,1224.598642,29000
YY-Hex4HexNAc2-redEnd,YY,1340.693605,29000
Y-Hex4HexNAc2-redEnd,Y,1354.709255,29000
Y-Hex7-B,BY,1428.698415,29000
Y-Hex7-B,BY,1428.698415,29000
Y-Hex6HexNAc1-B,BY,1469.724964,29000
YY-Hex5HexNAc2-redEnd,YY,1544.793378,29000
YY-Hex5HexNAc2-redEnd,YY,1544.793378,29000
YY-Hex5HexNAc2-redEnd,YY,1544.793378,29000
Y-Hex8-B,BY,1632.798189,29000
Y-Hex8-B,BY,1632.798189,29000
Y-Hex7HexNAc1-B,BY,1673.824738,29000
Y-Hex7HexNAc1-B,BY,1673.824738,29000
YY-Hex6HexNAc2-redEnd,YY,1748.893152,29000
YY-Hex6HexNAc2-redEnd,YY,1748.893152,29000
YY-Hex6HexNAc2-redEnd,YY,1748.893152,29000
Y-Hex6HexNAc2-redEnd,Y,1762.908802,29000
Hex9-B,B,1850.913613,29000
Y-Hex8HexNAc1-B,BY,1877.924512,29000
Y-Hex8HexNAc1-B,BY,1877.924512,29000
YY-Hex7HexNAc2-redEnd,YY,1952.992926,29000
YY-Hex7HexNAc2-redEnd,YY,1952.992926,29000
Y-Hex7HexNAc2-redEnd,Y,1967.008576,29000
Y-Hex7HexNAc2-redEnd,Y,1967.008576,29000
Hex9HexNAc1-B,B,2096.039935,29000
Y-Hex8HexNAc2-redEnd,Y,2171.108349,29000
Y-Hex8HexNAc2-redEnd,Y,2171.108349,29000
Hex9HexNAc2-redEnd,NA,2389.223773,29000
Y-Hex1-B,BY,204.0997736,33000
Hex1-B,B,218.1154237,33000
Y-HexNAc1-B,BY,245.1263227,33000
HexNAc1-B,B,259.1419728,33000
Y-HexNAc1-redEnd,Y,293.1838376,33000
Y-Hex2-B,BY,408.1995472,33000
Hex1HexNAc1-B,B,463.2417464,33000
Y-HexNAc2-redEnd,Y,538.3101603,33000
Y-Hex3-B,BY,612.2993209,33000
Y-Hex2HexNAc1-B,BY,653.32587,33000
Y-Hex2HexNAc1-B,BY,653.32587,33000
YY-Hex1HexNAc2-redEnd,YY,728.3942839,33000
Y-Hex3HexNAc1-B,BY,857.4256436,33000
Hex3HexNAc1-B,B,871.4412937,33000
Y-Hex2HexNAc2-B,BY,898.4521927,33000
YY-Hex2HexNAc2-redEnd,YY,932.4940575,33000
Y-Hex2HexNAc2-redEnd,Y,946.5097076,33000
Hex3HexNAc2-B,B,1116.567616,33000
Y-Hex3HexNAc2-redEnd,Y,1150.609481,33000
Y-Hex2HexNAc3-redEnd,Y,1191.63603,33000
Hex3HexNAc3-redEnd,NA,1409.751454,33000
dHex1-B,B,188.104859,33010
Y-Hex1-B,BY,204.0997736,33010
Hex1-B,B,218.1154237,33010
Y-HexNAc1-B,BY,245.1263227,33010
HexNAc1-B,B,259.1419728,33010
YY-HexNAc1-redEnd,YY,279.1681875,33010
Y-Hex2-B,BY,408.1995472,33010
Hex1HexNAc1-B,B,463.2417464,33010
Y-HexNAc1dHex1-redEnd,Y,467.2730465,33010
YY-HexNAc2-redEnd,YY,524.2945103,33010
Y-Hex3-B,BY,612.2993209,33010
Y-Hex2HexNAc1-B,BY,653.32587,33010
Y-Hex2HexNAc1-B,BY,653.32587,33010
Y-HexNAc2dHex1-redEnd,Y,712.3993693,33010
Y-Hex3HexNAc1-B,BY,857.4256436,33010
Hex3HexNAc1-B,B,871.4412937,33010
Y-Hex2HexNAc2-B,BY,898.4521927,33010
YY-Hex1HexNAc2dHex1-redEnd,YY,902.4834928,33010
YY-Hex2HexNAc2-redEnd,YY,932.4940575,33010
YY-Hex2HexNAc2dHex1-redEnd,YY,1106.583266,33010
Hex3HexNAc2-B,B,1116.567616,33010
Y-Hex2HexNAc2dHex1-redEnd,Y,1120.598917,33010
YY-Hex3HexNAc2-redEnd,YY,1136.593831,33010
YY-Hex2HexNAc3-redEnd,YY,1177.62038,33010
Y-Hex3HexNAc2dHex1-redEnd,Y,1324.69869,33010
Y-Hex2HexNAc3dHex1-redEnd,Y,1365.725239,33010
Y-Hex3HexNAc3-redEnd,Y,1395.735804,33010
Hex3HexNAc3dHex1-redEnd,NA,1583.840663,33010
Y-Hex1-B,BY,204.0997736,33100
Hex1-B,B,218.1154237,33100
Hex1-B,B,218.1154237,33100
Y-HexNAc1-B,BY,245.1263227,33100
Y-HexNAc1-B,BY,245.1263227,33100
Y-HexNAc1-redEnd,Y,293.1838376,33100
Y-Hex2-B,BY,408.1995472,33100
Y-Hex1HexNAc1-B,BY,449.2260963,33100
Hex1HexNAc1-B,B,463.2417464,33100
Y-HexNAc2-redEnd,Y,538.3101603,33100
Y-Hex3-B,BY,612.2993209,33100
Y-Hex2HexNAc1-B,BY,653.32587,33100
Hex2HexNAc1-B,B,667.34152,33100
YY-Hex1HexNAc2-redEnd,YY,728.3942839,33100
Y-Hex3HexNAc1-B,BY,857.4256436,33100
Y-Hex3HexNAc1-B,BY,857.4256436,33100
Y-Hex3HexNAc1-B,BY,857.4256436,33100
YY-Hex2HexNAc2-redEnd,YY,932.4940575,33100
Y-Hex2HexNAc2-redEnd,Y,946.5097076,33100
Hex4HexNAc1-B,B,1075.541067,33100
Y-Hex3HexNAc2-B,BY,1102.551966,33100
Y-Hex3HexNAc2-B,BY,1102.551966,33100
Y-Hex3HexNAc2-redEnd,Y,1150.609481,33100
YY-Hex2HexNAc3-redEnd,YY,1177.62038,33100
Hex4HexNAc2-B,B,1320.66739,33100
Y-Hex3HexNAc3-redEnd,Y,1395.735804,33100
Y-Hex3HexNAc3-redEnd,Y,1395.735804,33100
Hex4HexNAc3-redEnd,NA,1613.851228,33100
Y-Hex1-B,BY,204.0997736,33101
Y-Hex1-B,BY,204.0997736,33101
Hex1-B,B,218.1154237,33101
Y-HexNAc1-B,BY,245.1263227,33101
Y-HexNAc1-B,BY,245.1263227,33101
Y-HexNAc1-redEnd,Y,293.1838376,33101
NeuAc1-B,B,375.1893169,33101
Y-Hex2-B,BY,408.1995472,33101
Y-Hex1HexNAc1-B,BY,449.2260963,33101
Y-Hex1HexNAc1-B,BY,449.2260963,33101
Y-HexNAc2-redEnd,Y,538.3101603,33101
Hex1NeuAc1-B,B,579.2890905,33101
Y-Hex3-B,BY,612.2993209,33101
Y-Hex2HexNAc1-B,BY,653.32587,33101
Y-Hex2HexNAc1-B,BY,653.32587,33101
YY-Hex1HexNAc2-redEnd,YY,728.3942839,33101
Hex1HexNAc1NeuAc1-B,B,824.4154133,33101
Y-Hex3HexNAc1-B,BY,857.4256436,33101
Y-Hex3HexNAc1-B,BY,857.4256436,33101
YY-Hex2HexNAc2-redEnd,YY,932.4940575,33101
Y-Hex2HexNAc2-redEnd,Y,946.5097076,33101
Hex2HexNAc1NeuAc1-B,B,1028.515187,33101
Y-Hex4HexNAc1-B,BY,1061.525417,33101
Y-Hex3HexNAc2-B,BY,1102.551966,33101
Y-Hex3HexNAc2-redEnd,Y,1150.609481,33101
YY-Hex2HexNAc3-redEnd,YY,1177.62038,33101
Y-Hex3HexNAc1NeuAc1-B,BY,1218.59931,33101
Y-Hex4HexNAc2-B,BY,1306.65174,33101
YY-Hex3HexNAc3-redEnd,YY,1381.720154,33101
Y-Hex3HexNAc3-redEnd,Y,1395.735804,33101
Hex4HexNAc1NeuAc1-B,B,1436.714734,33101
Y-Hex3HexNAc2NeuAc1-B,BY,1463.725633,33101
Y-Hex4HexNAc3-redEnd,Y,1599.835578,33101
Hex4HexNAc2NeuAc1-B,B,1681.841057,33101
Y-Hex3HexNAc3NeuAc1-redEnd,Y,1756.909471,33101
Hex4HexNAc3NeuAc1-redEnd,NA,1975.024894,33101
dHex1-B,B,188.104859,33110
Y-Hex1-B,BY,204.0997736,33110
Hex1-B,B,218.1154237,33110
Hex1-B,B,218.1154237,33110
Y-HexNAc1-B,BY,245.1263227,33110
Y-HexNAc1-B,BY,245.1263227,33110
YY-HexNAc1-redEnd,YY,279.1681875,33110
Y-Hex2-B,BY,408.1995472,33110
Y-Hex1HexNAc1-B,BY,449.2260963,33110
Hex1HexNAc1-B,B,463.2417464,33110
Y-HexNAc1dHex1-redEnd,Y,467.2730465,33110
YY-HexNAc2-redEnd,YY,524.2945103,33110
Y-Hex3-B,BY,612.2993209,33110
Y-Hex2HexNAc1-B,BY,653.32587,33110
Hex2HexNAc1-B,B,667.34152,33110
Y-HexNAc2dHex1-redEnd,Y,712.3993693,33110
Y-Hex3HexNAc1-B,BY,857.4256436,33110
Y-Hex3HexNAc1-B,BY,857.4256436,33110
Y-Hex3HexNAc1-B,BY,857.4256436,33110
YY-Hex1HexNAc2dHex1-redEnd,YY,902.4834928,33110
YY-Hex2HexNAc2-redEnd,YY,932.4940575,33110
Hex4HexNAc1-B,B,1075.541067,33110
Y-Hex3HexNAc2-B,BY,1102.551966,33110
Y-Hex3HexNAc2-B,BY,1102.551966,33110
YY-Hex2HexNAc2dHex1-redEnd,YY,1106.583266,33110
Y-Hex2HexNAc2dHex1-redEnd,Y,1120.598917,33110
YY-Hex3HexNAc2-redEnd,YY,1136.593831,33110
Hex4HexNAc2-B,B,1320.66739,33110
Y-Hex3HexNAc2dHex1-redEnd,Y,1324.69869,33110
YY-Hex2HexNAc3dHex1-redEnd,YY,1351.709589,33110
YY-Hex3HexNAc3-redEnd,YY,1381.720154,33110
YY-Hex3HexNAc3-redEnd,YY,1381.720154,33110
Y-Hex3HexNAc3dHex1-redEnd,Y,1569.825013,33110
Y-Hex3HexNAc3dHex1-redEnd,Y,1569.825013,33110
Y-Hex4HexNAc3-redEnd,Y,1599.835578,33110
Hex4HexNAc3dHex1-redEnd,NA,1787.940437,33110
dHex1-B,B,188.104859,33111
Y-Hex1-B,BY,204.0997736,33111
Y-Hex1-B,BY,204.0997736,33111
Hex1-B,B,218.1154237,33111
Y-HexNAc1-B,BY,245.1263227,33111
Y-HexNAc1-B,BY,245.1263227,33111
YY-HexNAc1-redEnd,YY,279.1681875,33111
NeuAc1-B,B,375.1893169,33111
Y-Hex2-B,BY,408.1995472,33111
Y-Hex1HexNAc1-B,BY,449.2260963,33111
Y-Hex1HexNAc1-B,BY,449.2260963,33111
Y-HexNAc1dHex1-redEnd,Y,467.2730465,33111
YY-HexNAc2-redEnd,YY,524.2945103,33111
Hex1NeuAc1-B,B,579.2890905,33111
Y-Hex3-B,BY,612.2993209,33111
Y-Hex2HexNAc1-B,BY,653.32587,33111
Y-Hex2HexNAc1-B,BY,653.32587,33111
Y-HexNAc2dHex1-redEnd,Y,712.3993693,33111
Hex1HexNAc1NeuAc1-B,B,824.4154133,33111
Y-Hex3HexNAc1-B,BY,857.4256436,33111
Y-Hex3HexNAc1-B,BY,857.4256436,33111
YY-Hex1HexNAc2dHex1-redEnd,YY,902.4834928,33111
YY-Hex2HexNAc2-redEnd,YY,932.4940575,33111
Hex2HexNAc1NeuAc1-B,B,1028.515187,33111
Y-Hex4HexNAc1-B,BY,1061.525417,33111
Y-Hex3HexNAc2-B,BY,1102.551966,33111
YY-Hex2HexNAc2dHex1-redEnd,YY,1106.583266,33111
Y-Hex2HexNAc2dHex1-redEnd,Y,1120.598917,33111
YY-Hex3HexNAc2-redEnd,YY,1136.593831,33111
Y-Hex3HexNAc1NeuAc1-B,BY,1218.59931,33111
Y-Hex4HexNAc2-B,BY,1306.65174,33111
Y-Hex3HexNAc2dHex1-redEnd,Y,1324.69869,33111
YY-Hex2HexNAc3dHex1-redEnd,YY,1351.709589,33111
YY-Hex3HexNAc3-redEnd,YY,1381.720154,33111
Hex4HexNAc1NeuAc1-B,B,1436.714734,33111
Y-Hex3HexNAc2NeuAc1-B,BY,1463.725633,33111
YY-Hex3HexNAc3dHex1-redEnd,YY,1555.809363,33111
Y-Hex3HexNAc3dHex1-redEnd,Y,1569.825013,33111
YY-Hex4HexNAc3-redEnd,YY,1585.819927,33111
Hex4HexNAc2NeuAc1-B,B,1681.841057,33111
YY-Hex3HexNAc3NeuAc1-redEnd,YY,1742.893821,33111
Y-Hex4HexNAc3dHex1-redEnd,Y,1773.924786,33111
Y-Hex3HexNAc3NeuAc1dHex1-redEnd,Y,1930.99868,33111
Y-Hex4HexNAc3NeuAc1-redEnd,Y,1961.009244,33111
Hex4HexNAc3NeuAc1dHex1-redEnd,NA,2149.114103,33111
dHex1-B,B,188.104859,3610
Y-Hex1-B,BY,204.0997736,3610
Y-Hex1-B,BY,204.0997736,3610
Hex1-B,B,218.1154237,3610
Y-HexNAc1-B,BY,245.1263227,3610
HexNAc1-B,B,259.1419728,3610
YY-HexNAc1-redEnd,YY,279.1681875,3610
Y-Hex2-B,BY,408.1995472,3610
Hex2-B,B,422.2151973,3610
Hex1HexNAc1-B,B,463.2417464,3610
Y-HexNAc1dHex1-redEnd,Y,467.2730465,3610
YY-HexNAc2-redEnd,YY,524.2945103,3610
Y-Hex3-B,BY,612.2993209,3610
Y-Hex3-B,BY,612.2993209,3610
Y-Hex2HexNAc1-B,BY,653.32587,3610
Y-HexNAc2dHex1-redEnd,Y,712.3993693,3610
Hex4-B,B,830.4147446,3610
Y-Hex2HexNAc2-B,BY,898.4521927,3610
YY-Hex1HexNAc2dHex1-redEnd,YY,902.4834928,3610
Y-Hex5-B,BY,1020.498868,3610
Y-Hex4HexNAc1-B,BY,1061.525417,3610
YY-Hex2HexNAc2dHex1-redEnd,YY,1106.583266,3610
YY-Hex2HexNAc3-redEnd,YY,1177.62038,3610
Y-Hex6-B,BY,1224.598642,3610
Y-Hex5HexNAc1-B,BY,1265.625191,3610
Y-Hex5HexNAc1-B,BY,1265.625191,3610
Y-Hex5HexNAc1-B,BY,1265.625191,3610
Y-Hex4HexNAc2-B,BY,1306.65174,3610
YY-Hex3HexNAc2dHex1-redEnd,YY,1310.68304,3610
Y-Hex2HexNAc3dHex1-redEnd,Y,1365.725239,3610
Y-Hex6HexNAc1-B,BY,1469.724964,3610
Hex6HexNAc1-B,B,1483.740615,3610
Y-Hex5HexNAc2-B,BY,1510.751514,3610
Y-Hex5HexNAc2-B,BY,1510.751514,3610
YY-Hex4HexNAc2dHex1-redEnd,YY,1514.782814,3610
YY-Hex4HexNAc2dHex1-redEnd,YY,1514.782814,3610
YY-Hex4HexNAc2dHex1-redEnd,YY,1514.782814,3610
YY-Hex5HexNAc2-redEnd,YY,1544.793378,3610
YY-Hex3HexNAc3dHex1-redEnd,YY,1555.809363,3610
YY-Hex4HexNAc3-redEnd,YY,1585.819927,3610
YY-Hex5HexNAc2dHex1-redEnd,YY,1718.882587,3610
YY-Hex5HexNAc2dHex1-redEnd,YY,1718.882587,3610
Hex6HexNAc2-B,B,1728.866937,3610
Y-Hex5HexNAc2dHex1-redEnd,Y,1732.898237,3610
YY-Hex6HexNAc2-redEnd,YY,1748.893152,3610
YY-Hex4HexNAc3dHex1-redEnd,YY,1759.909136,3610
Y-Hex4HexNAc3dHex1-redEnd,Y,1773.924786,3610
YY-Hex5HexNAc3-redEnd,YY,1789.919701,3610
YY-Hex5HexNAc3-redEnd,YY,1789.919701,3610
Y-Hex6HexNAc2dHex1-redEnd,Y,1936.998011,3610
Y-Hex5HexNAc3dHex1-redEnd,Y,1978.02456,3610
Y-Hex5HexNAc3dHex1-redEnd,Y,1978.02456,3610
Y-Hex6HexNAc3-redEnd,Y,2008.035125,3610
Hex6HexNAc3dHex1-redEnd,NA,2196.139984,3610
Y-Hex1-B,BY,204.0997736,3410
Y-Hex1-B,BY,204.0997736,3410
Hex1-B,B,218.1154237,3410
Hex1-B,B,218.1154237,3410
Y-HexNAc1-B,BY,245.1263227,3410
Y-HexNAc1-B,BY,245.1263227,3410
Y-HexNAc1-redEnd,Y,293.1838376,3410
Hex2-B,B,422.2151973,3410
Y-Hex1HexNAc1-B,BY,449.2260963,3410
Hex1HexNAc1-B,B,463.2417464,3410
Y-HexNAc2-redEnd,Y,538.3101603,3410
Y-Hex3-B,BY,612.2993209,3410
Hex2HexNAc1-B,B,667.34152,3410
YY-Hex1HexNAc2-redEnd,YY,728.3942839,3410
Y-Hex4-B,BY,816.3990945,3410
Y-Hex3HexNAc1-B,BY,857.4256436,3410
Y-Hex3HexNAc1-B,BY,857.4256436,3410
YY-Hex2HexNAc2-redEnd,YY,932.4940575,3410
YY-Hex2HexNAc2-redEnd,YY,932.4940575,3410
Y-Hex4HexNAc1-B,BY,1061.525417,3410
Y-Hex4HexNAc1-B,BY,1061.525417,3410
Y-Hex4HexNAc1-B,BY,1061.525417,3410
Y-Hex3HexNAc2-B,BY,1102.551966,3410
YY-Hex3HexNAc2-redEnd,YY,1136.593831,3410
Y-Hex3HexNAc2-redEnd,Y,1150.609481,3410
YY-Hex2HexNAc3-redEnd,YY,1177.62038,3410
Hex5HexNAc1-B,B,1279.640841,3410
Y-Hex4HexNAc2-B,BY,1306.65174,3410
Y-Hex4HexNAc2-B,BY,1306.65174,3410
Y-Hex4HexNAc2-redEnd,Y,1354.709255,3410
YY-Hex3HexNAc3-redEnd,YY,1381.720154,3410
Y-Hex3HexNAc3-redEnd,Y,1395.735804,3410
Hex5HexNAc2-B,B,1524.767164,3410
Y-Hex4HexNAc3-redEnd,Y,1599.835578,3410
Y-Hex4HexNAc3-redEnd,Y,1599.835578,3410
Hex5HexNAc3-redEnd,NA,1817.951001,3410
Y-Hex1-B,BY,204.0997736,34101
Y-Hex1-B,BY,204.0997736,34101
Y-Hex1-B,BY,204.0997736,34101
Hex1-B,B,218.1154237,34101
Y-HexNAc1-B,BY,245.1263227,34101
Y-HexNAc1-B,BY,245.1263227,34101
Y-HexNAc1-redEnd,Y,293.1838376,34101
NeuAc1-B,B,375.1893169,34101
Hex2-B,B,422.2151973,34101
Y-Hex1HexNAc1-B,BY,449.2260963,34101
Y-Hex1HexNAc1-B,BY,449.2260963,34101
Y-HexNAc2-redEnd,Y,538.3101603,34101
Hex1NeuAc1-B,B,579.2890905,34101
Y-Hex3-B,BY,612.2993209,34101
Y-Hex2HexNAc1-B,BY,653.32587,34101
YY-Hex1HexNAc2-redEnd,YY,728.3942839,34101
Y-Hex4-B,BY,816.3990945,34101
Hex1HexNAc1NeuAc1-B,B,824.4154133,34101
Y-Hex3HexNAc1-B,BY,857.4256436,34101
YY-Hex2HexNAc2-redEnd,YY,932.4940575,34101
YY-Hex2HexNAc2-redEnd,YY,932.4940575,34101
Hex2HexNAc1NeuAc1-B,B,1028.515187,34101
Y-Hex4HexNAc1-B,BY,1061.525417,34101
Y-Hex4HexNAc1-B,BY,1061.525417,34101
YY-Hex3HexNAc2-redEnd,YY,1136.593831,34101
Y-Hex3HexNAc2-redEnd,Y,1150.609481,34101
YY-Hex2HexNAc3-redEnd,YY,1177.62038,34101
Y-Hex3HexNAc1NeuAc1-B,BY,1218.59931,34101
Y-Hex5HexNAc1-B,BY,1265.625191,34101
Y-Hex4HexNAc2-B,BY,1306.65174,34101
Y-Hex4HexNAc2-redEnd,Y,1354.709255,34101
YY-Hex3HexNAc3-redEnd,YY,1381.720154,34101
YY-Hex3HexNAc3-redEnd,YY,1381.720154,34101
Y-Hex4HexNAc1NeuAc1-B,BY,1422.699084,34101
Y-Hex3HexNAc2NeuAc1-B,BY,1463.725633,34101
Y-Hex5HexNAc2-B,BY,1510.751514,34101
YY-Hex4HexNAc3-redEnd,YY,1585.819927,34101
Y-Hex4HexNAc3-redEnd,Y,1599.835578,34101
Hex5HexNAc1NeuAc1-B,B,1640.814508,34101
Y-Hex4HexNAc2NeuAc1-B,BY,1667.825407,34101
Y-Hex3HexNAc3NeuAc1-redEnd,Y,1756.909471,34101
Y-Hex5HexNAc3-redEnd,Y,1803.935351,34101
Hex5HexNAc2NeuAc1-B,B,1885.94083,34101
Y-Hex4HexNAc3NeuAc1-redEnd,Y,1961.009244,34101
Hex5HexNAc3NeuAc1-redEnd,NA,2179.124668,34101
dHex1-B,B,188.104859,34110
Y-Hex1-B,BY,204.0997736,34110
Y-Hex1-B,BY,204.0997736,34110
Hex1-B,B,218.1154237,34110
Hex1-B,B,218.1154237,34110
Y-HexNAc1-B,BY,245.1263227,34110
Y-HexNAc1-B,BY,245.1263227,34110
YY-HexNAc1-redEnd,YY,279.1681875,34110
Hex2-B,B,422.2151973,34110
Y-Hex1HexNAc1-B,BY,449.2260963,34110
Hex1HexNAc1-B,B,463.2417464,34110
Y-HexNAc1dHex1-redEnd,Y,467.2730465,34110
YY-HexNAc2-redEnd,YY,524.2945103,34110
Y-Hex3-B,BY,612.2993209,34110
Hex2HexNAc1-B,B,667.34152,34110
Y-HexNAc2dHex1-redEnd,Y,712.3993693,34110
Y-Hex4-B,BY,816.3990945,34110
Y-Hex3HexNAc1-B,BY,857.4256436,34110
Y-Hex3HexNAc1-B,BY,857.4256436,34110
YY-Hex1HexNAc2dHex1-redEnd,YY,902.4834928,34110
Y-Hex4HexNAc1-B,BY,1061.525417,34110
Y-Hex4HexNAc1-B,BY,1061.525417,34110
Y-Hex4HexNAc1-B,BY,1061.525417,34110
Y-Hex3HexNAc2-B,BY,1102.551966,34110
YY-Hex2HexNAc2dHex1-redEnd,YY,1106.583266,34110
YY-Hex2HexNAc2dHex1-redEnd,YY,1106.583266,34110
YY-Hex3HexNAc2-redEnd,YY,1136.593831,34110
Hex5HexNAc1-B,B,1279.640841,34110
Y-Hex4HexNAc2-B,BY,1306.65174,34110
Y-Hex4HexNAc2-B,BY,1306.65174,34110
YY-Hex3HexNAc2dHex1-redEnd,YY,1310.68304,34110
Y-Hex3HexNAc2dHex1-redEnd,Y,1324.69869,34110
YY-Hex4HexNAc2-redEnd,YY,1340.693605,34110
YY-Hex2HexNAc3dHex1-redEnd,YY,1351.709589,34110
YY-Hex3HexNAc3-redEnd,YY,1381.720154,34110
Hex5HexNAc2-B,B,1524.767164,34110
Y-Hex4HexNAc2dHex1-redEnd,Y,1528.798464,34110
YY-Hex3HexNAc3dHex1-redEnd,YY,1555.809363,34110
Y-Hex3HexNAc3dHex1-redEnd,Y,1569.825013,34110
YY-Hex4HexNAc3-redEnd,YY,1585.819927,34110
YY-Hex4HexNAc3-redEnd,YY,1585.819927,34110
Y-Hex4HexNAc3dHex1-redEnd,Y,1773.924786,34110
Y-Hex4HexNAc3dHex1-redEnd,Y,1773.924786,34110
Y-Hex5HexNAc3-redEnd,Y,1803.935351,34110
Hex5HexNAc3dHex1-redEnd,NA,1992.04021,34110
dHex1-B,B,188.104859,34111
Y-Hex1-B,BY,204.0997736,34111
Y-Hex1-B,BY,204.0997736,34111
Y-Hex1-B,BY,204.0997736,34111
Hex1-B,B,218.1154237,34111
Y-HexNAc1-B,BY,245.1263227,34111
Y-HexNAc1-B,BY,245.1263227,34111
YY-HexNAc1-redEnd,YY,279.1681875,34111
NeuAc1-B,B,375.1893169,34111
Hex2-B,B,422.2151973,34111
Y-Hex1HexNAc1-B,BY,449.2260963,34111
Y-Hex1HexNAc1-B,BY,449.2260963,34111
Y-HexNAc1dHex1-redEnd,Y,467.2730465,34111
YY-HexNAc2-redEnd,YY,524.2945103,34111
Hex1NeuAc1-B,B,579.2890905,34111
Y-Hex3-B,BY,612.2993209,34111
Y-Hex2HexNAc1-B,BY,653.32587,34111
Y-HexNAc2dHex1-redEnd,Y,712.3993693,34111
Y-Hex4-B,BY,816.3990945,34111
Hex1HexNAc1NeuAc1-B,B,824.4154133,34111
Y-Hex3HexNAc1-B,BY,857.4256436,34111
YY-Hex1HexNAc2dHex1-redEnd,YY,902.4834928,34111
Hex2HexNAc1NeuAc1-B,B,1028.515187,34111
Y-Hex4HexNAc1-B,BY,1061.525417,34111
Y-Hex4HexNAc1-B,BY,1061.525417,34111
YY-Hex2HexNAc2dHex1-redEnd,YY,1106.583266,34111
YY-Hex2HexNAc2dHex1-redEnd,YY,1106.583266,34111
YY-Hex3HexNAc2-redEnd,YY,1136.593831,34111
Y-Hex3HexNAc1NeuAc1-B,BY,1218.59931,34111
Y-Hex5HexNAc1-B,BY,1265.625191,34111
Y-Hex4HexNAc2-B,BY,1306.65174,34111
YY-Hex3HexNAc2dHex1-redEnd,YY,1310.68304,34111
Y-Hex3HexNAc2dHex1-redEnd,Y,1324.69869,34111
YY-Hex4HexNAc2-redEnd,YY,1340.693605,34111
YY-Hex2HexNAc3dHex1-redEnd,YY,1351.709589,34111
Y-Hex4HexNAc1NeuAc1-B,BY,1422.699084,34111
Y-Hex3HexNAc2NeuAc1-B,BY,1463.725633,34111
Y-Hex5HexNAc2-B,BY,1510.751514,34111
Y-Hex4HexNAc2dHex1-redEnd,Y,1528.798464,34111
YY-Hex3HexNAc3dHex1-redEnd,YY,1555.809363,34111
YY-Hex3HexNAc3dHex1-redEnd,YY,1555.809363,34111
YY-Hex4HexNAc3-redEnd,YY,1585.819927,34111
Hex5HexNAc1NeuAc1-B,B,1640.814508,34111
Y-Hex4HexNAc2NeuAc1-B,BY,1667.825407,34111
YY-Hex3HexNAc3NeuAc1-redEnd,YY,1742.893821,34111
YY-Hex4HexNAc3dHex1-redEnd,YY,1759.909136,34111
Y-Hex4HexNAc3dHex1-redEnd,Y,1773.924786,34111
YY-Hex5HexNAc3-redEnd,YY,1789.919701,34111
Hex5HexNAc2NeuAc1-B,B,1885.94083,34111
Y-Hex3HexNAc3NeuAc1dHex1-redEnd,Y,1930.99868,34111
YY-Hex4HexNAc3NeuAc1-redEnd,YY,1946.993594,34111
Y-Hex5HexNAc3dHex1-redEnd,Y,1978.02456,34111
Y-Hex4HexNAc3NeuAc1dHex1-redEnd,Y,2135.098453,34111
Y-Hex5HexNAc3NeuAc1-redEnd,Y,2165.109018,34111
Hex5HexNAc3NeuAc1dHex1-redEnd,NA,2353.213877,34111
dHex1-B,B,188.104859,34121
Y-Hex1-B,BY,204.0997736,34121
Y-Hex1-B,BY,204.0997736,34121
Y-Hex1-B,BY,204.0997736,34121
Hex1-B,B,218.1154237,34121
Y-HexNAc1-B,BY,245.1263227,34121
YY-HexNAc1-redEnd,YY,279.1681875,34121
NeuAc1-B,B,375.1893169,34121
Y-HexNAc1dHex1-B,BY,419.2155317,34121
Hex2-B,B,422.2151973,34121
Y-HexNAc1dHex1-redEnd,Y,467.2730465,34121
YY-HexNAc2-redEnd,YY,524.2945103,34121
Hex1NeuAc1-B,B,579.2890905,34121
Y-Hex3-B,BY,612.2993209,34121
Y-Hex1HexNAc1dHex1-B,BY,623.3153053,34121
Y-Hex1HexNAc1dHex1-B,BY,623.3153053,34121
Y-HexNAc2dHex1-redEnd,Y,712.3993693,34121
Y-Hex1HexNAc1NeuAc1-B,BY,810.3997632,34121
Y-Hex4-B,BY,816.3990945,34121
Y-Hex2HexNAc1dHex1-B,BY,827.4150789,34121
Y-Hex3HexNAc1-B,BY,857.4256436,34121
YY-Hex1HexNAc2dHex1-redEnd,YY,902.4834928,34121
Hex1HexNAc1NeuAc1dHex1-B,B,998.5046222,34121
Y-Hex2HexNAc1NeuAc1-B,BY,1014.499537,34121
Y-Hex4HexNAc1-B,BY,1061.525417,34121
YY-Hex2HexNAc2dHex1-redEnd,YY,1106.583266,34121
YY-Hex2HexNAc2dHex1-redEnd,YY,1106.583266,34121
YY-Hex3HexNAc2-redEnd,YY,1136.593831,34121
Hex2HexNAc1NeuAc1dHex1-B,B,1202.604396,34121
Y-Hex4HexNAc1dHex1-B,BY,1235.614626,34121
YY-Hex3HexNAc2dHex1-redEnd,YY,1310.68304,34121
Y-Hex3HexNAc2dHex1-redEnd,Y,1324.69869,34121
YY-Hex4HexNAc2-redEnd,YY,1340.693605,34121
Y-Hex3HexNAc1NeuAc1dHex1-B,BY,1392.688519,34121
Y-Hex5HexNAc1dHex1-B,BY,1439.7144,34121
Y-Hex4HexNAc2dHex1-B,BY,1480.740949,34121
YY-Hex2HexNAc3dHex2-redEnd,YY,1525.798798,34121
Y-Hex4HexNAc2dHex1-redEnd,Y,1528.798464,34121
Y-Hex4HexNAc1NeuAc1dHex1-B,BY,1596.788293,34121
Y-Hex5HexNAc1NeuAc1-B,BY,1626.798858,34121
Y-Hex3HexNAc2NeuAc1dHex1-B,BY,1637.814842,34121
Y-Hex5HexNAc2dHex1-B,BY,1684.840722,34121
YY-Hex3HexNAc3dHex2-redEnd,YY,1729.898572,34121
YY-Hex3HexNAc3dHex2-redEnd,YY,1729.898572,34121
YY-Hex4HexNAc3dHex1-redEnd,YY,1759.909136,34121
YY-Hex4HexNAc3dHex1-redEnd,YY,1759.909136,34121
Hex5HexNAc1NeuAc1dHex1-B,B,1814.903717,34121
Y-Hex4HexNAc2NeuAc1dHex1-B,BY,1841.914616,34121
Y-Hex5HexNAc2NeuAc1-B,BY,1871.92518,34121
YY-Hex3HexNAc3NeuAc1dHex1-redEnd,YY,1916.98303,34121
YY-Hex3HexNAc3NeuAc1dHex1-redEnd,YY,1916.98303,34121
YY-Hex4HexNAc3dHex2-redEnd,YY,1933.998345,34121
Y-Hex4HexNAc3dHex2-redEnd,Y,1948.013995,34121
YY-Hex5HexNAc3dHex1-redEnd,YY,1964.00891,34121
YY-Hex5HexNAc3dHex1-redEnd,YY,1964.00891,34121
Hex5HexNAc2NeuAc1dHex1-B,B,2060.030039,34121
Y-Hex3HexNAc3NeuAc1dHex2-redEnd,Y,2105.087889,34121
YY-Hex4HexNAc3NeuAc1dHex1-redEnd,YY,2121.082803,34121
YY-Hex4HexNAc3NeuAc1dHex1-redEnd,YY,2121.082803,34121
YY-Hex5HexNAc3NeuAc1-redEnd,YY,2151.093368,34121
Y-Hex5HexNAc3dHex2-redEnd,Y,2152.113769,34121
Y-Hex4HexNAc3NeuAc1dHex2-redEnd,Y,2309.187662,34121
Y-Hex5HexNAc3NeuAc1dHex1-redEnd,Y,2339.198227,34121
Y-Hex5HexNAc3NeuAc1dHex1-redEnd,Y,2339.198227,34121
Hex5HexNAc3NeuAc1dHex2-redEnd,NA,2527.303086,34121
dHex1-B,B,188.104859,35010
Y-Hex1-B,BY,204.0997736,35010
Hex1-B,B,218.1154237,35010
Y-HexNAc1-B,BY,245.1263227,35010
HexNAc1-B,B,259.1419728,35010
YY-HexNAc1-redEnd,YY,279.1681875,35010
Y-Hex2-B,BY,408.1995472,35010
Hex1HexNAc1-B,B,463.2417464,35010
Y-HexNAc1dHex1-redEnd,Y,467.2730465,35010
YY-HexNAc2-redEnd,YY,524.2945103,35010
Hex3-B,B,626.3149709,35010
Y-Hex2HexNAc1-B,BY,653.32587,35010
Y-HexNAc2dHex1-redEnd,Y,712.3993693,35010
Y-Hex4-B,BY,816.3990945,35010
Y-Hex2HexNAc2-B,BY,898.4521927,35010
YY-Hex1HexNAc2dHex1-redEnd,YY,902.4834928,35010
Y-Hex5-B,BY,1020.498868,35010
Y-Hex4HexNAc1-B,BY,1061.525417,35010
Y-Hex4HexNAc1-B,BY,1061.525417,35010
YY-Hex2HexNAc2dHex1-redEnd,YY,1106.583266,35010
YY-Hex2HexNAc3-redEnd,YY,1177.62038,35010
Y-Hex5HexNAc1-B,BY,1265.625191,35010
Hex5HexNAc1-B,B,1279.640841,35010
Y-Hex4HexNAc2-B,BY,1306.65174,35010
YY-Hex3HexNAc2dHex1-redEnd,YY,1310.68304,35010
YY-Hex4HexNAc2-redEnd,YY,1340.693605,35010
Y-Hex2HexNAc3dHex1-redEnd,Y,1365.725239,35010
YY-Hex4HexNAc2dHex1-redEnd,YY,1514.782814,35010
Hex5HexNAc2-B,B,1524.767164,35010
Y-Hex4HexNAc2dHex1-redEnd,Y,1528.798464,35010
YY-Hex5HexNAc2-redEnd,YY,1544.793378,35010
YY-Hex3HexNAc3dHex1-redEnd,YY,1555.809363,35010
YY-Hex4HexNAc3-redEnd,YY,1585.819927,35010
Y-Hex5HexNAc2dHex1-redEnd,Y,1732.898237,35010
Y-Hex4HexNAc3dHex1-redEnd,Y,1773.924786,35010
Y-Hex5HexNAc3-redEnd,Y,1803.935351,35010
Hex5HexNAc3dHex1-redEnd,NA,1992.04021,35010
Y-Hex1-B,BY,204.0997736,35100
Hex1-B,B,218.1154237,35100
Y-HexNAc1-B,BY,245.1263227,35100
Y-HexNAc1-B,BY,245.1263227,35100
HexNAc1-B,B,259.1419728,35100
Y-HexNAc1-redEnd,Y,293.1838376,35100
Y-Hex2-B,BY,408.1995472,35100
Y-Hex1HexNAc1-B,BY,449.2260963,35100
HexNAc2-B,B,504.2682955,35100
Y-HexNAc2-redEnd,Y,538.3101603,35100
Hex3-B,B,626.3149709,35100
Hex1HexNAc2-B,B,708.3680691,35100
YY-Hex1HexNAc2-redEnd,YY,728.3942839,35100
Y-Hex4-B,BY,816.3990945,35100
Y-Hex2HexNAc2-B,BY,898.4521927,35100
YY-Hex2HexNAc2-redEnd,YY,932.4940575,35100
Y-Hex5-B,BY,1020.498868,35100
Y-Hex4HexNAc1-B,BY,1061.525417,35100
YY-Hex3HexNAc2-redEnd,YY,1136.593831,35100
Y-Hex2HexNAc3-B,BY,1143.578515,35100
YY-Hex2HexNAc3-redEnd,YY,1177.62038,35100
Y-Hex5HexNAc1-B,BY,1265.625191,35100
Y-Hex5HexNAc1-B,BY,1265.625191,35100
Y-Hex4HexNAc2-B,BY,1306.65174,35100
YY-Hex4HexNAc2-redEnd,YY,1340.693605,35100
Y-Hex4HexNAc2-redEnd,Y,1354.709255,35100
Y-Hex2HexNAc4-redEnd,Y,1436.762353,35100
Y-Hex5HexNAc2-B,BY,1510.751514,35100
Hex5HexNAc2-B,B,1524.767164,35100
Y-Hex4HexNAc3-B,BY,1551.778063,35100
Y-Hex5HexNAc2-redEnd,Y,1558.809028,35100
YY-Hex4HexNAc3-redEnd,YY,1585.819927,35100
YY-Hex3HexNAc4-redEnd,YY,1626.846477,35100
Hex5HexNAc3-B,B,1769.893486,35100
Y-Hex5HexNAc3-redEnd,Y,1803.935351,35100
Y-Hex4HexNAc4-redEnd,Y,1844.9619,35100
Hex5HexNAc4-redEnd,NA,2063.077324,35100
Y-Hex1-B,BY,204.0997736,35101
Hex1-B,B,218.1154237,35101
Y-HexNAc1-B,BY,245.1263227,35101
Y-HexNAc1-B,BY,245.1263227,35101
Y-HexNAc1-B,BY,245.1263227,35101
Y-HexNAc1-redEnd,Y,293.1838376,35101
NeuAc1-B,B,375.1893169,35101
Y-Hex2-B,BY,408.1995472,35101
Y-Hex1HexNAc1-B,BY,449.2260963,35101
Y-HexNAc2-B,BY,490.2526454,35101
Y-HexNAc2-redEnd,Y,538.3101603,35101
HexNAc1NeuAc1-B,B,620.3156396,35101
Hex3-B,B,626.3149709,35101
Y-Hex1HexNAc2-B,BY,694.3524191,35101
YY-Hex1HexNAc2-redEnd,YY,728.3942839,35101
Y-Hex4-B,BY,816.3990945,35101
HexNAc2NeuAc1-B,B,865.4419624,35101
YY-Hex2HexNAc2-redEnd,YY,932.4940575,35101
Y-Hex5-B,BY,1020.498868,35101
Y-Hex4HexNAc1-B,BY,1061.525417,35101
Hex1HexNAc2NeuAc1-B,B,1069.541736,35101
YY-Hex3HexNAc2-redEnd,YY,1136.593831,35101
YY-Hex2HexNAc3-redEnd,YY,1177.62038,35101
Y-Hex2HexNAc2NeuAc1-B,BY,1259.62586,35101
Y-Hex5HexNAc1-B,BY,1265.625191,35101
Y-Hex5HexNAc1-B,BY,1265.625191,35101
YY-Hex4HexNAc2-redEnd,YY,1340.693605,35101
Y-Hex4HexNAc2-redEnd,Y,1354.709255,35101
YY-Hex2HexNAc4-redEnd,YY,1422.746703,35101
Y-Hex2HexNAc3NeuAc1-B,BY,1504.752182,35101
Y-Hex5HexNAc2-B,BY,1510.751514,35101
Y-Hex5HexNAc2-B,BY,1510.751514,35101
Y-Hex5HexNAc2-redEnd,Y,1558.809028,35101
YY-Hex4HexNAc3-redEnd,YY,1585.819927,35101
Y-Hex4HexNAc2NeuAc1-B,BY,1667.825407,35101
Y-Hex5HexNAc3-B,BY,1755.877836,35101
Y-Hex2HexNAc4NeuAc1-redEnd,Y,1797.93602,35101
Y-Hex5HexNAc3-redEnd,Y,1803.935351,35101
YY-Hex4HexNAc4-redEnd,YY,1830.94625,35101
Hex5HexNAc2NeuAc1-B,B,1885.94083,35101
Y-Hex4HexNAc3NeuAc1-B,BY,1912.95173,35101
YY-Hex3HexNAc4NeuAc1-redEnd,YY,1988.020143,35101
Y-Hex5HexNAc4-redEnd,Y,2049.061674,35101
Hex5HexNAc3NeuAc1-B,B,2131.067153,35101
Y-Hex4HexNAc4NeuAc1-redEnd,Y,2206.135567,35101
Hex5HexNAc4NeuAc1-redEnd,NA,2424.250991,35101
dHex1-B,B,188.104859,35110
Y-Hex1-B,BY,204.0997736,35110
Hex1-B,B,218.1154237,35110
Hex1-B,B,218.1154237,35110
Y-HexNAc1-B,BY,245.1263227,35110
Y-HexNAc1-B,BY,245.1263227,35110
YY-HexNAc1-redEnd,YY,279.1681875,35110
Y-Hex2-B,BY,408.1995472,35110
Y-Hex1HexNAc1-B,BY,449.2260963,35110
Hex1HexNAc1-B,B,463.2417464,35110
Y-HexNAc1dHex1-redEnd,Y,467.2730465,35110
YY-HexNAc2-redEnd,YY,524.2945103,35110
Hex3-B,B,626.3149709,35110
Hex2HexNAc1-B,B,667.34152,35110
Y-HexNAc2dHex1-redEnd,Y,712.3993693,35110
Y-Hex4-B,BY,816.3990945,35110
Y-Hex3HexNAc1-B,BY,857.4256436,35110
YY-Hex1HexNAc2dHex1-redEnd,YY,902.4834928,35110
Y-Hex5-B,BY,1020.498868,35110
Y-Hex4HexNAc1-B,BY,1061.525417,35110
Y-Hex3HexNAc2-B,BY,1102.551966,35110
YY-Hex2HexNAc2dHex1-redEnd,YY,1106.583266,35110
Y-Hex5HexNAc1-B,BY,1265.625191,35110
Y-Hex5HexNAc1-B,BY,1265.625191,35110
Y-Hex5HexNAc1-B,BY,1265.625191,35110
YY-Hex3HexNAc2dHex1-redEnd,YY,1310.68304,35110
YY-Hex4HexNAc2-redEnd,YY,1340.693605,35110
YY-Hex2HexNAc3dHex1-redEnd,YY,1351.709589,35110
YY-Hex3HexNAc3-redEnd,YY,1381.720154,35110
Hex6HexNAc1-B,B,1483.740615,35110
Y-Hex5HexNAc2-B,BY,1510.751514,35110
Y-Hex5HexNAc2-B,BY,1510.751514,35110
YY-Hex4HexNAc2dHex1-redEnd,YY,1514.782814,35110
Y-Hex4HexNAc2dHex1-redEnd,Y,1528.798464,35110
YY-Hex5HexNAc2-redEnd,YY,1544.793378,35110
Y-Hex3HexNAc3dHex1-redEnd,Y,1569.825013,35110
Hex6HexNAc2-B,B,1728.866937,35110
Y-Hex5HexNAc2dHex1-redEnd,Y,1732.898237,35110
YY-Hex4HexNAc3dHex1-redEnd,YY,1759.909136,35110
YY-Hex4HexNAc3dHex1-redEnd,YY,1759.909136,35110
YY-Hex5HexNAc3-redEnd,YY,1789.919701,35110
YY-Hex5HexNAc3-redEnd,YY,1789.919701,35110
Y-Hex5HexNAc3dHex1-redEnd,Y,1978.02456,35110
Y-Hex5HexNAc3dHex1-redEnd,Y,1978.02456,35110
Y-Hex6HexNAc3-redEnd,Y,2008.035125,35110
Hex6HexNAc3dHex1-redEnd,NA,2196.139984,35110
dHex1-B,B,188.104859,35111
Y-Hex1-B,BY,204.0997736,35111
Y-Hex1-B,BY,204.0997736,35111
Hex1-B,B,218.1154237,35111
Y-HexNAc1-B,BY,245.1263227,35111
Y-HexNAc1-B,BY,245.1263227,35111
YY-HexNAc1-redEnd,YY,279.1681875,35111
NeuAc1-B,B,375.1893169,35111
Y-Hex2-B,BY,408.1995472,35111
Y-Hex1HexNAc1-B,BY,449.2260963,35111
Y-Hex1HexNAc1-B,BY,449.2260963,35111
Y-HexNAc1dHex1-redEnd,Y,467.2730465,35111
YY-HexNAc2-redEnd,YY,524.2945103,35111
Hex1NeuAc1-B,B,579.2890905,35111
Hex3-B,B,626.3149709,35111
Y-Hex2HexNAc1-B,BY,653.32587,35111
Y-HexNAc2dHex1-redEnd,Y,712.3993693,35111
Y-Hex4-B,BY,816.3990945,35111
Hex1HexNAc1NeuAc1-B,B,824.4154133,35111
YY-Hex1HexNAc2dHex1-redEnd,YY,902.4834928,35111
Y-Hex5-B,BY,1020.498868,35111
Hex2HexNAc1NeuAc1-B,B,1028.515187,35111
Y-Hex4HexNAc1-B,BY,1061.525417,35111
YY-Hex2HexNAc2dHex1-redEnd,YY,1106.583266,35111
Y-Hex3HexNAc1NeuAc1-B,BY,1218.59931,35111
Y-Hex5HexNAc1-B,BY,1265.625191,35111
Y-Hex5HexNAc1-B,BY,1265.625191,35111
YY-Hex3HexNAc2dHex1-redEnd,YY,1310.68304,35111
YY-Hex4HexNAc2-redEnd,YY,1340.693605,35111
YY-Hex2HexNAc3dHex1-redEnd,YY,1351.709589,35111
Y-Hex3HexNAc2NeuAc1-B,BY,1463.725633,35111
Y-Hex6HexNAc1-B,BY,1469.724964,35111
Y-Hex5HexNAc2-B,BY,1510.751514,35111
YY-Hex4HexNAc2dHex1-redEnd,YY,1514.782814,35111
Y-Hex4HexNAc2dHex1-redEnd,Y,1528.798464,35111
YY-Hex5HexNAc2-redEnd,YY,1544.793378,35111
YY-Hex3HexNAc3dHex1-redEnd,YY,1555.809363,35111
Y-Hex5HexNAc1NeuAc1-B,BY,1626.798858,35111
Y-Hex6HexNAc2-B,BY,1714.851287,35111
Y-Hex5HexNAc2dHex1-redEnd,Y,1732.898237,35111
YY-Hex3HexNAc3NeuAc1-redEnd,YY,1742.893821,35111
YY-Hex4HexNAc3dHex1-redEnd,YY,1759.909136,35111
YY-Hex5HexNAc3-redEnd,YY,1789.919701,35111
Hex6HexNAc1NeuAc1-B,B,1844.914281,35111
Y-Hex5HexNAc2NeuAc1-B,BY,1871.92518,35111
Y-Hex3HexNAc3NeuAc1dHex1-redEnd,Y,1930.99868,35111
YY-Hex5HexNAc3dHex1-redEnd,YY,1964.00891,35111
Y-Hex5HexNAc3dHex1-redEnd,Y,1978.02456,35111
YY-Hex6HexNAc3-redEnd,YY,1994.019475,35111
Hex6HexNAc2NeuAc1-B,B,2090.040604,35111
YY-Hex4HexNAc3NeuAc1dHex1-redEnd,YY,2121.082803,35111
YY-Hex5HexNAc3NeuAc1-redEnd,YY,2151.093368,35111
Y-Hex6HexNAc3dHex1-redEnd,Y,2182.124334,35111
Y-Hex5HexNAc3NeuAc1dHex1-redEnd,Y,2339.198227,35111
Y-Hex6HexNAc3NeuAc1-redEnd,Y,2369.208792,35111
Hex6HexNAc3NeuAc1dHex1-redEnd,NA,2557.313651,35111
Y-Hex1-B,BY,204.0997736,36000
Y-Hex1-B,BY,204.0997736,36000
Hex1-B,B,218.1154237,36000
Y-HexNAc1-B,BY,245.1263227,36000
HexNAc1-B,B,259.1419728,36000
Y-HexNAc1-redEnd,Y,293.1838376,36000
Y-Hex2-B,BY,408.1995472,36000
Hex2-B,B,422.2151973,36000
Hex1HexNAc1-B,B,463.2417464,36000
Y-HexNAc2-redEnd,Y,538.3101603,36000
Y-Hex3-B,BY,612.2993209,36000
Y-Hex3-B,BY,612.2993209,36000
Y-Hex2HexNAc1-B,BY,653.32587,36000
YY-Hex1HexNAc2-redEnd,YY,728.3942839,36000
Hex4-B,B,830.4147446,36000
Y-Hex2HexNAc2-B,BY,898.4521927,36000
YY-Hex2HexNAc2-redEnd,YY,932.4940575,36000
Y-Hex5-B,BY,1020.498868,36000
Y-Hex4HexNAc1-B,BY,1061.525417,36000
YY-Hex3HexNAc2-redEnd,YY,1136.593831,36000
Y-Hex2HexNAc3-redEnd,Y,1191.63603,36000
Y-Hex6-B,BY,1224.598642,36000
Y-Hex5HexNAc1-B,BY,1265.625191,36000
Y-Hex5HexNAc1-B,BY,1265.625191,36000
Y-Hex5HexNAc1-B,BY,1265.625191,36000
Y-Hex4HexNAc2-B,BY,1306.65174,36000
YY-Hex4HexNAc2-redEnd,YY,1340.693605,36000
YY-Hex4HexNAc2-redEnd,YY,1340.693605,36000
YY-Hex4HexNAc2-redEnd,YY,1340.693605,36000
YY-Hex3HexNAc3-redEnd,YY,1381.720154,36000
Y-Hex6HexNAc1-B,BY,1469.724964,36000
Hex6HexNAc1-B,B,1483.740615,36000
Y-Hex5HexNAc2-B,BY,1510.751514,36000
Y-Hex5HexNAc2-B,BY,1510.751514,36000
YY-Hex5HexNAc2-redEnd,YY,1544.793378,36000
YY-Hex5HexNAc2-redEnd,YY,1544.793378,36000
Y-Hex5HexNAc2-redEnd,Y,1558.809028,36000
YY-Hex4HexNAc3-redEnd,YY,1585.819927,36000
Y-Hex4HexNAc3-redEnd,Y,1599.835578,36000
Hex6HexNAc2-B,B,1728.866937,36000
Y-Hex6HexNAc2-redEnd,Y,1762.908802,36000
Y-Hex5HexNAc3-redEnd,Y,1803.935351,36000
Y-Hex5HexNAc3-redEnd,Y,1803.935351,36000
Hex6HexNAc3-redEnd,NA,2022.050775,36000
Y-Hex1-B,BY,204.0997736,36100
Y-Hex1-B,BY,204.0997736,36100
Hex1-B,B,218.1154237,36100
Hex1-B,B,218.1154237,36100
Y-HexNAc1-B,BY,245.1263227,36100
Y-HexNAc1-B,BY,245.1263227,36100
Y-HexNAc1-redEnd,Y,293.1838376,36100
Y-Hex2-B,BY,408.1995472,36100
Hex2-B,B,422.2151973,36100
Y-Hex1HexNAc1-B,BY,449.2260963,36100
Hex1HexNAc1-B,B,463.2417464,36100
Y-HexNAc2-redEnd,Y,538.3101603,36100
Y-Hex3-B,BY,612.2993209,36100
Y-Hex3-B,BY,612.2993209,36100
Hex2HexNAc1-B,B,667.34152,36100
YY-Hex1HexNAc2-redEnd,YY,728.3942839,36100
Hex4-B,B,830.4147446,36100
Y-Hex3HexNAc1-B,BY,857.4256436,36100
YY-Hex2HexNAc2-redEnd,YY,932.4940575,36100
Y-Hex5-B,BY,1020.498868,36100
Y-Hex3HexNAc2-B,BY,1102.551966,36100
YY-Hex3HexNAc2-redEnd,YY,1136.593831,36100
YY-Hex2HexNAc3-redEnd,YY,1177.62038,36100
Y-Hex6-B,BY,1224.598642,36100
Y-Hex5HexNAc1-B,BY,1265.625191,36100
Y-Hex5HexNAc1-B,BY,1265.625191,36100
YY-Hex4HexNAc2-redEnd,YY,1340.693605,36100
YY-Hex4HexNAc2-redEnd,YY,1340.693605,36100
YY-Hex4HexNAc2-redEnd,YY,1340.693605,36100
Y-Hex3HexNAc3-redEnd,Y,1395.735804,36100
Y-Hex6HexNAc1-B,BY,1469.724964,36100
Y-Hex6HexNAc1-B,BY,1469.724964,36100
Y-Hex6HexNAc1-B,BY,1469.724964,36100
Y-Hex6HexNAc1-B,BY,1469.724964,36100
Y-Hex5HexNAc2-B,BY,1510.751514,36100
YY-Hex5HexNAc2-redEnd,YY,1544.793378,36100
YY-Hex5HexNAc2-redEnd,YY,1544.793378,36100
Y-Hex5HexNAc2-redEnd,Y,1558.809028,36100
YY-Hex4HexNAc3-redEnd,YY,1585.819927,36100
YY-Hex4HexNAc3-redEnd,YY,1585.819927,36100
Hex7HexNAc1-B,B,1687.840388,36100
Y-Hex6HexNAc2-B,BY,1714.851287,36100
Y-Hex6HexNAc2-B,BY,1714.851287,36100
Y-Hex6HexNAc2-B,BY,1714.851287,36100
Y-Hex6HexNAc2-redEnd,Y,1762.908802,36100
YY-Hex5HexNAc3-redEnd,YY,1789.919701,36100
YY-Hex5HexNAc3-redEnd,YY,1789.919701,36100
YY-Hex5HexNAc3-redEnd,YY,1789.919701,36100
Y-Hex5HexNAc3-redEnd,Y,1803.935351,36100
Hex7HexNAc2-B,B,1932.966711,36100
Y-Hex6HexNAc3-redEnd,Y,2008.035125,36100
Y-Hex6HexNAc3-redEnd,Y,2008.035125,36100
Y-Hex6HexNAc3-redEnd,Y,2008.035125,36100
Hex7HexNAc3-redEnd,NA,2226.150548,36100
dHex1-B,B,188.104859,36110
Y-Hex1-B,BY,204.0997736,36110
Y-Hex1-B,BY,204.0997736,36110
Hex1-B,B,218.1154237,36110
Hex1-B,B,218.1154237,36110
Y-HexNAc1-B,BY,245.1263227,36110
Y-HexNAc1-B,BY,245.1263227,36110
YY-HexNAc1-redEnd,YY,279.1681875,36110
Y-Hex2-B,BY,408.1995472,36110
Hex2-B,B,422.2151973,36110
Y-Hex1HexNAc1-B,BY,449.2260963,36110
Hex1HexNAc1-B,B,463.2417464,36110
Y-HexNAc1dHex1-redEnd,Y,467.2730465,36110
YY-HexNAc2-redEnd,YY,524.2945103,36110
Y-Hex3-B,BY,612.2993209,36110
Y-Hex3-B,BY,612.2993209,36110
Hex2HexNAc1-B,B,667.34152,36110
Y-HexNAc2dHex1-redEnd,Y,712.3993693,36110
Hex4-B,B,830.4147446,36110
Y-Hex3HexNAc1-B,BY,857.4256436,36110
YY-Hex1HexNAc2dHex1-redEnd,YY,902.4834928,36110
Y-Hex5-B,BY,1020.498868,36110
Y-Hex3HexNAc2-B,BY,1102.551966,36110
YY-Hex2HexNAc2dHex1-redEnd,YY,1106.583266,36110
Y-Hex6-B,BY,1224.598642,36110
Y-Hex5HexNAc1-B,BY,1265.625191,36110
Y-Hex5HexNAc1-B,BY,1265.625191,36110
YY-Hex3HexNAc2dHex1-redEnd,YY,1310.68304,36110
YY-Hex2HexNAc3dHex1-redEnd,YY,1351.709589,36110
YY-Hex3HexNAc3-redEnd,YY,1381.720154,36110
Y-Hex6HexNAc1-B,BY,1469.724964,36110
Y-Hex6HexNAc1-B,BY,1469.724964,36110
Y-Hex6HexNAc1-B,BY,1469.724964,36110
Y-Hex6HexNAc1-B,BY,1469.724964,36110
Y-Hex5HexNAc2-B,BY,1510.751514,36110
YY-Hex4HexNAc2dHex1-redEnd,YY,1514.782814,36110
YY-Hex4HexNAc2dHex1-redEnd,YY,1514.782814,36110
YY-Hex4HexNAc2dHex1-redEnd,YY,1514.782814,36110
YY-Hex5HexNAc2-redEnd,YY,1544.793378,36110
Y-Hex3HexNAc3dHex1-redEnd,Y,1569.825013,36110
Hex7HexNAc1-B,B,1687.840388,36110
Y-Hex6HexNAc2-B,BY,1714.851287,36110
Y-Hex6HexNAc2-B,BY,1714.851287,36110
Y-Hex6HexNAc2-B,BY,1714.851287,36110
YY-Hex5HexNAc2dHex1-redEnd,YY,1718.882587,36110
YY-Hex5HexNAc2dHex1-redEnd,YY,1718.882587,36110
Y-Hex5HexNAc2dHex1-redEnd,Y,1732.898237,36110
YY-Hex6HexNAc2-redEnd,YY,1748.893152,36110
YY-Hex4HexNAc3dHex1-redEnd,YY,1759.909136,36110
YY-Hex4HexNAc3dHex1-redEnd,YY,1759.909136,36110
YY-Hex5HexNAc3-redEnd,YY,1789.919701,36110
Hex7HexNAc2-B,B,1932.966711,36110
Y-Hex6HexNAc2dHex1-redEnd,Y,1936.998011,36110
YY-Hex5HexNAc3dHex1-redEnd,YY,1964.00891,36110
YY-Hex5HexNAc3dHex1-redEnd,YY,1964.00891,36110
YY-Hex5HexNAc3dHex1-redEnd,YY,1964.00891,36110
Y-Hex5HexNAc3dHex1-redEnd,Y,1978.02456,36110
YY-Hex6HexNAc3-redEnd,YY,1994.019475,36110
YY-Hex6HexNAc3-redEnd,YY,1994.019475,36110
YY-Hex6HexNAc3-redEnd,YY,1994.019475,36110
Y-Hex6HexNAc3dHex1-redEnd,Y,2182.124334,36110
Y-Hex6HexNAc3dHex1-redEnd,Y,2182.124334,36110
Y-Hex6HexNAc3dHex1-redEnd,Y,2182.124334,36110
Y-Hex7HexNAc3-redEnd,Y,2212.134898,36110
Hex7HexNAc3dHex1-redEnd,NA,2400.239757,36110
Y-Hex1-B,BY,204.0997736,37000
Y-Hex1-B,BY,204.0997736,37000
Hex1-B,B,218.1154237,37000
Y-HexNAc1-B,BY,245.1263227,37000
HexNAc1-B,B,259.1419728,37000
Y-HexNAc1-redEnd,Y,293.1838376,37000
Hex2-B,B,422.2151973,37000
Hex1HexNAc1-B,B,463.2417464,37000
Y-HexNAc2-redEnd,Y,538.3101603,37000
Y-Hex3-B,BY,612.2993209,37000
Y-Hex2HexNAc1-B,BY,653.32587,37000
YY-Hex1HexNAc2-redEnd,YY,728.3942839,37000
Y-Hex4-B,BY,816.3990945,37000
Y-Hex2HexNAc2-B,BY,898.4521927,37000
YY-Hex2HexNAc2-redEnd,YY,932.4940575,37000
Hex5-B,B,1034.514518,37000
Y-Hex2HexNAc3-redEnd,Y,1191.63603,37000
Y-Hex6-B,BY,1224.598642,37000
Y-Hex5HexNAc1-B,BY,1265.625191,37000
YY-Hex4HexNAc2-redEnd,YY,1340.693605,37000
YY-Hex3HexNAc3-redEnd,YY,1381.720154,37000
Y-Hex7-B,BY,1428.698415,37000
Y-Hex6HexNAc1-B,BY,1469.724964,37000
Y-Hex6HexNAc1-B,BY,1469.724964,37000
Y-Hex5HexNAc2-B,BY,1510.751514,37000
YY-Hex5HexNAc2-redEnd,YY,1544.793378,37000
YY-Hex5HexNAc2-redEnd,YY,1544.793378,37000
YY-Hex4HexNAc3-redEnd,YY,1585.819927,37000
Y-Hex7HexNAc1-B,BY,1673.824738,37000
Hex7HexNAc1-B,B,1687.840388,37000
Y-Hex6HexNAc2-B,BY,1714.851287,37000
YY-Hex6HexNAc2-redEnd,YY,1748.893152,37000
Y-Hex6HexNAc2-redEnd,Y,1762.908802,37000
YY-Hex5HexNAc3-redEnd,YY,1789.919701,37000
Y-Hex5HexNAc3-redEnd,Y,1803.935351,37000
Hex7HexNAc2-B,B,1932.966711,37000
Y-Hex7HexNAc2-redEnd,Y,1967.008576,37000
Y-Hex6HexNAc3-redEnd,Y,2008.035125,37000
Hex7HexNAc3-redEnd,NA,2226.150548,37000
Y-Hex1-B,BY,204.0997736,38100
Y-Hex1-B,BY,204.0997736,38100
Hex1-B,B,218.1154237,38100
Hex1-B,B,218.1154237,38100
Y-HexNAc1-B,BY,245.1263227,38100
Y-HexNAc1-B,BY,245.1263227,38100
Y-HexNAc1-redEnd,Y,293.1838376,38100
Y-Hex2-B,BY,408.1995472,38100
Hex2-B,B,422.2151973,38100
Y-Hex1HexNAc1-B,BY,449.2260963,38100
Hex1HexNAc1-B,B,463.2417464,38100
Y-HexNAc2-redEnd,Y,538.3101603,38100
Y-Hex3-B,BY,612.2993209,38100
Hex3-B,B,626.3149709,38100
Hex2HexNAc1-B,B,667.34152,38100
YY-Hex1HexNAc2-redEnd,YY,728.3942839,38100
Y-Hex4-B,BY,816.3990945,38100
Y-Hex4-B,BY,816.3990945,38100
Y-Hex3HexNAc1-B,BY,857.4256436,38100
YY-Hex2HexNAc2-redEnd,YY,932.4940575,38100
Y-Hex5-B,BY,1020.498868,38100
Y-Hex5-B,BY,1020.498868,38100
Y-Hex3HexNAc2-B,BY,1102.551966,38100
YY-Hex2HexNAc3-redEnd,YY,1177.62038,38100
Hex6-B,B,1238.614292,38100
YY-Hex4HexNAc2-redEnd,YY,1340.693605,38100
Y-Hex3HexNAc3-redEnd,Y,1395.735804,38100
Y-Hex7-B,BY,1428.698415,38100
Y-Hex6HexNAc1-B,BY,1469.724964,38100
YY-Hex5HexNAc2-redEnd,YY,1544.793378,38100
YY-Hex5HexNAc2-redEnd,YY,1544.793378,38100
YY-Hex5HexNAc2-redEnd,YY,1544.793378,38100
YY-Hex4HexNAc3-redEnd,YY,1585.819927,38100
Y-Hex8-B,BY,1632.798189,38100
Y-Hex7HexNAc1-B,BY,1673.824738,38100
Y-Hex7HexNAc1-B,BY,1673.824738,38100
Y-Hex7HexNAc1-B,BY,1673.824738,38100
Y-Hex6HexNAc2-B,BY,1714.851287,38100
YY-Hex6HexNAc2-redEnd,YY,1748.893152,38100
YY-Hex6HexNAc2-redEnd,YY,1748.893152,38100
YY-Hex6HexNAc2-redEnd,YY,1748.893152,38100
YY-Hex6HexNAc2-redEnd,YY,1748.893152,38100
YY-Hex5HexNAc3-redEnd,YY,1789.919701,38100
YY-Hex5HexNAc3-redEnd,YY,1789.919701,38100
Y-Hex8HexNAc1-B,BY,1877.924512,38100
Y-Hex8HexNAc1-B,BY,1877.924512,38100
Y-Hex8HexNAc1-B,BY,1877.924512,38100
Y-Hex8HexNAc1-B,BY,1877.924512,38100
Y-Hex7HexNAc2-B,BY,1918.951061,38100
Y-Hex7HexNAc2-B,BY,1918.951061,38100
YY-Hex7HexNAc2-redEnd,YY,1952.992926,38100
YY-Hex7HexNAc2-redEnd,YY,1952.992926,38100
Y-Hex7HexNAc2-redEnd,Y,1967.008576,38100
YY-Hex6HexNAc3-redEnd,YY,1994.019475,38100
YY-Hex6HexNAc3-redEnd,YY,1994.019475,38100
YY-Hex6HexNAc3-redEnd,YY,1994.019475,38100
YY-Hex6HexNAc3-redEnd,YY,1994.019475,38100
Y-Hex6HexNAc3-redEnd,Y,2008.035125,38100
Hex9HexNAc1-B,B,2096.039935,38100
Y-Hex8HexNAc2-B,BY,2123.050834,38100
Y-Hex8HexNAc2-B,BY,2123.050834,38100
Y-Hex8HexNAc2-B,BY,2123.050834,38100
Y-Hex8HexNAc2-redEnd,Y,2171.108349,38100
YY-Hex7HexNAc3-redEnd,YY,2198.119248,38100
YY-Hex7HexNAc3-redEnd,YY,2198.119248,38100
YY-Hex7HexNAc3-redEnd,YY,2198.119248,38100
Y-Hex7HexNAc3-redEnd,Y,2212.134898,38100
Y-Hex7HexNAc3-redEnd,Y,2212.134898,38100
Hex9HexNAc2-B,B,2341.166258,38100
Y-Hex8HexNAc3-redEnd,Y,2416.234672,38100
Y-Hex8HexNAc3-redEnd,Y,2416.234672,38100
Y-Hex8HexNAc3-redEnd,Y,2416.234672,38100
Hex9HexNAc3-redEnd,NA,2634.350096,38100
Y-Hex1-B,BY,204.0997736,43000
Y-HexNAc1-B,BY,245.1263227,43000
HexNAc1-B,B,259.1419728,43000
Y-HexNAc1-redEnd,Y,293.1838376,43000
Hex1HexNAc1-B,B,463.2417464,43000
Y-HexNAc2-redEnd,Y,538.3101603,43000
Y-Hex2HexNAc1-B,BY,653.32587,43000
YY-Hex1HexNAc2-redEnd,YY,728.3942839,43000
Y-Hex3HexNAc1-B,BY,857.4256436,43000
Y-Hex3HexNAc1-B,BY,857.4256436,43000
Y-Hex2HexNAc2-B,BY,898.4521927,43000
YY-Hex2HexNAc2-redEnd,YY,932.4940575,43000
Y-Hex3HexNAc2-B,BY,1102.551966,43000
Y-Hex3HexNAc2-B,BY,1102.551966,43000
Hex3HexNAc2-B,B,1116.567616,43000
YY-Hex3HexNAc2-redEnd,YY,1136.593831,43000
Y-Hex2HexNAc3-redEnd,Y,1191.63603,43000
Hex3HexNAc3-B,B,1361.693939,43000
Y-Hex3HexNAc3-redEnd,Y,1395.735804,43000
Y-Hex3HexNAc3-redEnd,Y,1395.735804,43000
Hex3HexNAc4-redEnd,NA,1654.877777,43000
dHex1-B,B,188.104859,43010
Y-Hex1-B,BY,204.0997736,43010
Y-HexNAc1-B,BY,245.1263227,43010
HexNAc1-B,B,259.1419728,43010
YY-HexNAc1-redEnd,YY,279.1681875,43010
Hex1HexNAc1-B,B,463.2417464,43010
Y-HexNAc1dHex1-redEnd,Y,467.2730465,43010
YY-HexNAc2-redEnd,YY,524.2945103,43010
Y-Hex2HexNAc1-B,BY,653.32587,43010
Y-HexNAc2dHex1-redEnd,Y,712.3993693,43010
Y-Hex3HexNAc1-B,BY,857.4256436,43010
Y-Hex3HexNAc1-B,BY,857.4256436,43010
Y-Hex2HexNAc2-B,BY,898.4521927,43010
YY-Hex1HexNAc2dHex1-redEnd,YY,902.4834928,43010
Y-Hex3HexNAc2-B,BY,1102.551966,43010
Y-Hex3HexNAc2-B,BY,1102.551966,43010
YY-Hex2HexNAc2dHex1-redEnd,YY,1106.583266,43010
Hex3HexNAc2-B,B,1116.567616,43010
YY-Hex2HexNAc3-redEnd,YY,1177.62038,43010
YY-Hex3HexNAc2dHex1-redEnd,YY,1310.68304,43010
Hex3HexNAc3-B,B,1361.693939,43010
Y-Hex2HexNAc3dHex1-redEnd,Y,1365.725239,43010
YY-Hex3HexNAc3-redEnd,YY,1381.720154,43010
YY-Hex3HexNAc3-redEnd,YY,1381.720154,43010
Y-Hex3HexNAc3dHex1-redEnd,Y,1569.825013,43010
Y-Hex3HexNAc3dHex1-redEnd,Y,1569.825013,43010
Y-Hex3HexNAc4-redEnd,Y,1640.862127,43010
Hex3HexNAc4dHex1-redEnd,NA,1828.966986,43010
Y-Hex1-B,BY,204.0997736,43100
Hex1-B,B,218.1154237,43100
Y-HexNAc1-B,BY,245.1263227,43100
Y-HexNAc1-B,BY,245.1263227,43100
HexNAc1-B,B,259.1419728,43100
Y-HexNAc1-redEnd,Y,293.1838376,43100
Y-Hex1HexNAc1-B,BY,449.2260963,43100
Hex1HexNAc1-B,B,463.2417464,43100
Hex1HexNAc1-B,B,463.2417464,43100
Y-HexNAc2-redEnd,Y,538.3101603,43100
Y-Hex2HexNAc1-B,BY,653.32587,43100
Hex2HexNAc1-B,B,667.34152,43100
YY-Hex1HexNAc2-redEnd,YY,728.3942839,43100
Y-Hex3HexNAc1-B,BY,857.4256436,43100
Y-Hex3HexNAc1-B,BY,857.4256436,43100
Y-Hex2HexNAc2-B,BY,898.4521927,43100
YY-Hex2HexNAc2-redEnd,YY,932.4940575,43100
Y-Hex4HexNAc1-B,BY,1061.525417,43100
Y-Hex3HexNAc2-B,BY,1102.551966,43100
Y-Hex3HexNAc2-B,BY,1102.551966,43100
Y-Hex3HexNAc2-B,BY,1102.551966,43100
YY-Hex3HexNAc2-redEnd,YY,1136.593831,43100
YY-Hex2HexNAc3-redEnd,YY,1177.62038,43100
Y-Hex2HexNAc3-redEnd,Y,1191.63603,43100
Y-Hex4HexNAc2-B,BY,1306.65174,43100
Hex4HexNAc2-B,B,1320.66739,43100
Y-Hex3HexNAc3-B,BY,1347.678289,43100
YY-Hex3HexNAc3-redEnd,YY,1381.720154,43100
Y-Hex3HexNAc3-redEnd,Y,1395.735804,43100
Y-Hex3HexNAc3-redEnd,Y,1395.735804,43100
Hex4HexNAc3-B,B,1565.793713,43100
Y-Hex4HexNAc3-redEnd,Y,1599.835578,43100
Y-Hex3HexNAc4-redEnd,Y,1640.862127,43100
Hex4HexNAc4-redEnd,NA,1858.97755,43100
Y-Hex1-B,BY,204.0997736,43101
Y-Hex1-B,BY,204.0997736,43101
Y-HexNAc1-B,BY,245.1263227,43101
Y-HexNAc1-B,BY,245.1263227,43101
HexNAc1-B,B,259.1419728,43101
Y-HexNAc1-redEnd,Y,293.1838376,43101
NeuAc1-B,B,375.1893169,43101
Y-Hex1HexNAc1-B,BY,449.2260963,43101
Y-Hex1HexNAc1-B,BY,449.2260963,43101
Hex1HexNAc1-B,B,463.2417464,43101
Y-HexNAc2-redEnd,Y,538.3101603,43101
Hex1NeuAc1-B,B,579.2890905,43101
Y-Hex2HexNAc1-B,BY,653.32587,43101
Y-Hex2HexNAc1-B,BY,653.32587,43101
YY-Hex1HexNAc2-redEnd,YY,728.3942839,43101
Hex1HexNAc1NeuAc1-B,B,824.4154133,43101
Y-Hex3HexNAc1-B,BY,857.4256436,43101
Y-Hex2HexNAc2-B,BY,898.4521927,43101
YY-Hex2HexNAc2-redEnd,YY,932.4940575,43101
Hex2HexNAc1NeuAc1-B,B,1028.515187,43101
Y-Hex3HexNAc2-B,BY,1102.551966,43101
Y-Hex3HexNAc2-B,BY,1102.551966,43101
YY-Hex3HexNAc2-redEnd,YY,1136.593831,43101
YY-Hex2HexNAc3-redEnd,YY,1177.62038,43101
Y-Hex2HexNAc3-redEnd,Y,1191.63603,43101
Y-Hex3HexNAc1NeuAc1-B,BY,1218.59931,43101
Y-Hex4HexNAc2-B,BY,1306.65174,43101
Y-Hex3HexNAc3-B,BY,1347.678289,43101
YY-Hex3HexNAc3-redEnd,YY,1381.720154,43101
YY-Hex3HexNAc3-redEnd,YY,1381.720154,43101
Y-Hex3HexNAc3-redEnd,Y,1395.735804,43101
Y-Hex4HexNAc1NeuAc1-B,BY,1422.699084,43101
Y-Hex3HexNAc2NeuAc1-B,BY,1463.725633,43101
Y-Hex4HexNAc3-B,BY,1551.778063,43101
YY-Hex4HexNAc3-redEnd,YY,1585.819927,43101
Y-Hex3HexNAc4-redEnd,Y,1640.862127,43101
Y-Hex4HexNAc2NeuAc1-B,BY,1667.825407,43101
Hex4HexNAc2NeuAc1-B,B,1681.841057,43101
Y-Hex3HexNAc3NeuAc1-redEnd,Y,1756.909471,43101
Y-Hex4HexNAc4-redEnd,Y,1844.9619,43101
Hex4HexNAc3NeuAc1-B,B,1926.96738,43101
Y-Hex4HexNAc3NeuAc1-redEnd,Y,1961.009244,43101
Hex4HexNAc4NeuAc1-redEnd,NA,2220.151217,43101
dHex1-B,B,188.104859,43110
Y-Hex1-B,BY,204.0997736,43110
Hex1-B,B,218.1154237,43110
Y-HexNAc1-B,BY,245.1263227,43110
Y-HexNAc1-B,BY,245.1263227,43110
HexNAc1-B,B,259.1419728,43110
YY-HexNAc1-redEnd,YY,279.1681875,43110
Y-Hex1HexNAc1-B,BY,449.2260963,43110
Hex1HexNAc1-B,B,463.2417464,43110
Hex1HexNAc1-B,B,463.2417464,43110
Y-HexNAc1dHex1-redEnd,Y,467.2730465,43110
YY-HexNAc2-redEnd,YY,524.2945103,43110
Y-Hex2HexNAc1-B,BY,653.32587,43110
Hex2HexNAc1-B,B,667.34152,43110
Y-HexNAc2dHex1-redEnd,Y,712.3993693,43110
Y-Hex3HexNAc1-B,BY,857.4256436,43110
Y-Hex3HexNAc1-B,BY,857.4256436,43110
Y-Hex2HexNAc2-B,BY,898.4521927,43110
YY-Hex1HexNAc2dHex1-redEnd,YY,902.4834928,43110
Y-Hex4HexNAc1-B,BY,1061.525417,43110
Y-Hex3HexNAc2-B,BY,1102.551966,43110
Y-Hex3HexNAc2-B,BY,1102.551966,43110
Y-Hex3HexNAc2-B,BY,1102.551966,43110
YY-Hex2HexNAc2dHex1-redEnd,YY,1106.583266,43110
YY-Hex2HexNAc3-redEnd,YY,1177.62038,43110
Y-Hex4HexNAc2-B,BY,1306.65174,43110
YY-Hex3HexNAc2dHex1-redEnd,YY,1310.68304,43110
Hex4HexNAc2-B,B,1320.66739,43110
Y-Hex3HexNAc3-B,BY,1347.678289,43110
YY-Hex2HexNAc3dHex1-redEnd,YY,1351.709589,43110
Y-Hex2HexNAc3dHex1-redEnd,Y,1365.725239,43110
YY-Hex3HexNAc3-redEnd,YY,1381.720154,43110
YY-Hex3HexNAc3-redEnd,YY,1381.720154,43110
YY-Hex3HexNAc3dHex1-redEnd,YY,1555.809363,43110
Hex4HexNAc3-B,B,1565.793713,43110
Y-Hex3HexNAc3dHex1-redEnd,Y,1569.825013,43110
Y-Hex3HexNAc3dHex1-redEnd,Y,1569.825013,43110
YY-Hex4HexNAc3-redEnd,YY,1585.819927,43110
YY-Hex3HexNAc4-redEnd,YY,1626.846477,43110
Y-Hex4HexNAc3dHex1-redEnd,Y,1773.924786,43110
Y-Hex3HexNAc4dHex1-redEnd,Y,1814.951336,43110
Y-Hex4HexNAc4-redEnd,Y,1844.9619,43110
Hex4HexNAc4dHex1-redEnd,NA,2033.066759,43110
dHex1-B,B,188.104859,43111
Y-Hex1-B,BY,204.0997736,43111
Y-Hex1-B,BY,204.0997736,43111
Y-HexNAc1-B,BY,245.1263227,43111
Y-HexNAc1-B,BY,245.1263227,43111
HexNAc1-B,B,259.1419728,43111
YY-HexNAc1-redEnd,YY,279.1681875,43111
NeuAc1-B,B,375.1893169,43111
Y-Hex1HexNAc1-B,BY,449.2260963,43111
Y-Hex1HexNAc1-B,BY,449.2260963,43111
Hex1HexNAc1-B,B,463.2417464,43111
Y-HexNAc1dHex1-redEnd,Y,467.2730465,43111
YY-HexNAc2-redEnd,YY,524.2945103,43111
Hex1NeuAc1-B,B,579.2890905,43111
Y-Hex2HexNAc1-B,BY,653.32587,43111
Y-Hex2HexNAc1-B,BY,653.32587,43111
Y-HexNAc2dHex1-redEnd,Y,712.3993693,43111
Hex1HexNAc1NeuAc1-B,B,824.4154133,43111
Y-Hex3HexNAc1-B,BY,857.4256436,43111
Y-Hex2HexNAc2-B,BY,898.4521927,43111
YY-Hex1HexNAc2dHex1-redEnd,YY,902.4834928,43111
Hex2HexNAc1NeuAc1-B,B,1028.515187,43111
Y-Hex3HexNAc2-B,BY,1102.551966,43111
Y-Hex3HexNAc2-B,BY,1102.551966,43111
YY-Hex2HexNAc2dHex1-redEnd,YY,1106.583266,43111
YY-Hex2HexNAc3-redEnd,YY,1177.62038,43111
Y-Hex3HexNAc1NeuAc1-B,BY,1218.59931,43111
Y-Hex4HexNAc2-B,BY,1306.65174,43111
YY-Hex3HexNAc2dHex1-redEnd,YY,1310.68304,43111
Y-Hex3HexNAc3-B,BY,1347.678289,43111
YY-Hex2HexNAc3dHex1-redEnd,YY,1351.709589,43111
Y-Hex2HexNAc3dHex1-redEnd,Y,1365.725239,43111
YY-Hex3HexNAc3-redEnd,YY,1381.720154,43111
Y-Hex4HexNAc1NeuAc1-B,BY,1422.699084,43111
Y-Hex3HexNAc2NeuAc1-B,BY,1463.725633,43111
Y-Hex4HexNAc3-B,BY,1551.778063,43111
YY-Hex3HexNAc3dHex1-redEnd,YY,1555.809363,43111
YY-Hex3HexNAc3dHex1-redEnd,YY,1555.809363,43111
Y-Hex3HexNAc3dHex1-redEnd,Y,1569.825013,43111
YY-Hex3HexNAc4-redEnd,YY,1626.846477,43111
Y-Hex4HexNAc2NeuAc1-B,BY,1667.825407,43111
Hex4HexNAc2NeuAc1-B,B,1681.841057,43111
YY-Hex3HexNAc3NeuAc1-redEnd,YY,1742.893821,43111
YY-Hex4HexNAc3dHex1-redEnd,YY,1759.909136,43111
Y-Hex3HexNAc4dHex1-redEnd,Y,1814.951336,43111
YY-Hex4HexNAc4-redEnd,YY,1830.94625,43111
Hex4HexNAc3NeuAc1-B,B,1926.96738,43111
Y-Hex3HexNAc3NeuAc1dHex1-redEnd,Y,1930.99868,43111
YY-Hex4HexNAc3NeuAc1-redEnd,YY,1946.993594,43111
Y-Hex4HexNAc4dHex1-redEnd,Y,2019.051109,43111
Y-Hex4HexNAc3NeuAc1dHex1-redEnd,Y,2135.098453,43111
Y-Hex4HexNAc4NeuAc1-redEnd,Y,2206.135567,43111
Hex4HexNAc4NeuAc1dHex1-redEnd,NA,2394.240426,43111
dHex1-B,B,188.104859,43121
Y-Hex1-B,BY,204.0997736,43121
Y-Hex1-B,BY,204.0997736,43121
Y-HexNAc1-B,BY,245.1263227,43121
Y-HexNAc1-B,BY,245.1263227,43121
Y-HexNAc1-B,BY,245.1263227,43121
YY-HexNAc1-redEnd,YY,279.1681875,43121
NeuAc1-B,B,375.1893169,43121
HexNAc1dHex1-B,B,433.2311817,43121
Y-Hex1HexNAc1-B,BY,449.2260963,43121
Y-Hex1HexNAc1-B,BY,449.2260963,43121
Y-Hex1HexNAc1-B,BY,449.2260963,43121
Y-HexNAc1dHex1-redEnd,Y,467.2730465,43121
YY-HexNAc2-redEnd,YY,524.2945103,43121
Hex1NeuAc1-B,B,579.2890905,43121
Hex1HexNAc1dHex1-B,B,637.3309553,43121
Y-Hex2HexNAc1-B,BY,653.32587,43121
Y-HexNAc2dHex1-redEnd,Y,712.3993693,43121
Hex1HexNAc1NeuAc1-B,B,824.4154133,43121
Y-Hex2HexNAc1dHex1-B,BY,827.4150789,43121
YY-Hex1HexNAc2dHex1-redEnd,YY,902.4834928,43121
Hex2HexNAc1NeuAc1-B,B,1028.515187,43121
Y-Hex3HexNAc1dHex1-B,BY,1031.514853,43121
Y-Hex2HexNAc2dHex1-B,BY,1072.541402,43121
YY-Hex2HexNAc2dHex1-redEnd,YY,1106.583266,43121
Y-Hex3HexNAc1NeuAc1-B,BY,1218.59931,43121
Y-Hex3HexNAc2dHex1-B,BY,1276.641175,43121
Y-Hex3HexNAc2dHex1-B,BY,1276.641175,43121
YY-Hex3HexNAc2dHex1-redEnd,YY,1310.68304,43121
YY-Hex2HexNAc3dHex1-redEnd,YY,1351.709589,43121
YY-Hex2HexNAc3dHex1-redEnd,YY,1351.709589,43121
YY-Hex2HexNAc3dHex1-redEnd,YY,1351.709589,43121
Y-Hex4HexNAc1NeuAc1-B,BY,1422.699084,43121
Y-Hex3HexNAc2NeuAc1-B,BY,1463.725633,43121
Y-Hex4HexNAc2dHex1-B,BY,1480.740949,43121
Y-Hex3HexNAc3dHex1-B,BY,1521.767498,43121
Y-Hex2HexNAc3dHex2-redEnd,Y,1539.814448,43121
YY-Hex3HexNAc3dHex1-redEnd,YY,1555.809363,43121
YY-Hex3HexNAc3dHex1-redEnd,YY,1555.809363,43121
YY-Hex3HexNAc3dHex1-redEnd,YY,1555.809363,43121
YY-Hex3HexNAc3dHex1-redEnd,YY,1555.809363,43121
Y-Hex4HexNAc2NeuAc1-B,BY,1667.825407,43121
Y-Hex4HexNAc2NeuAc1-B,BY,1667.825407,43121
Y-Hex4HexNAc3dHex1-B,BY,1725.867272,43121
YY-Hex3HexNAc3NeuAc1-redEnd,YY,1742.893821,43121
Y-Hex3HexNAc3dHex2-redEnd,Y,1743.914222,43121
YY-Hex4HexNAc3dHex1-redEnd,YY,1759.909136,43121
YY-Hex3HexNAc4dHex1-redEnd,YY,1800.935686,43121
YY-Hex3HexNAc4dHex1-redEnd,YY,1800.935686,43121
Hex4HexNAc2NeuAc1dHex1-B,B,1855.930266,43121
Y-Hex4HexNAc3NeuAc1-B,BY,1912.95173,43121
Y-Hex3HexNAc3NeuAc1dHex1-redEnd,Y,1930.99868,43121
YY-Hex4HexNAc3NeuAc1-redEnd,YY,1946.993594,43121
Y-Hex3HexNAc4dHex2-redEnd,Y,1989.040545,43121
YY-Hex4HexNAc4dHex1-redEnd,YY,2005.035459,43121
YY-Hex4HexNAc4dHex1-redEnd,YY,2005.035459,43121
Hex4HexNAc3NeuAc1dHex1-B,B,2101.056589,43121
Y-Hex4HexNAc3NeuAc1dHex1-redEnd,Y,2135.098453,43121
YY-Hex4HexNAc4NeuAc1-redEnd,YY,2192.119917,43121
Y-Hex4HexNAc4dHex2-redEnd,Y,2193.140318,43121
Y-Hex4HexNAc4NeuAc1dHex1-redEnd,Y,2380.224776,43121
Y-Hex4HexNAc4NeuAc1dHex1-redEnd,Y,2380.224776,43121
Hex4HexNAc4NeuAc1dHex2-redEnd,NA,2568.329635,43121
dHex1-B,B,188.104859,43130
Y-Hex1-B,BY,204.0997736,43130
Hex1-B,B,218.1154237,43130
Y-HexNAc1-B,BY,245.1263227,43130
Y-HexNAc1-B,BY,245.1263227,43130
YY-HexNAc1-redEnd,YY,279.1681875,43130
Y-HexNAc1dHex1-B,BY,419.2155317,43130
HexNAc1dHex1-B,B,433.2311817,43130
Y-Hex1HexNAc1-B,BY,449.2260963,43130
Y-Hex1HexNAc1-B,BY,449.2260963,43130
Y-HexNAc1dHex1-redEnd,Y,467.2730465,43130
YY-HexNAc2-redEnd,YY,524.2945103,43130
Y-Hex1HexNAc1dHex1-B,BY,623.3153053,43130
Hex1HexNAc1dHex1-B,B,637.3309553,43130
Hex1HexNAc1dHex1-B,B,637.3309553,43130
Y-Hex2HexNAc1-B,BY,653.32587,43130
Y-HexNAc2dHex1-redEnd,Y,712.3993693,43130
Y-Hex2HexNAc1dHex1-B,BY,827.4150789,43130
Hex2HexNAc1dHex1-B,B,841.430729,43130
YY-Hex1HexNAc2dHex1-redEnd,YY,902.4834928,43130
Y-Hex3HexNAc1dHex1-B,BY,1031.514853,43130
Y-Hex3HexNAc1dHex1-B,BY,1031.514853,43130
Y-Hex2HexNAc2dHex1-B,BY,1072.541402,43130
YY-Hex2HexNAc2dHex1-redEnd,YY,1106.583266,43130
Y-Hex4HexNAc1dHex1-B,BY,1235.614626,43130
Y-Hex3HexNAc2dHex1-B,BY,1276.641175,43130
Y-Hex3HexNAc2dHex1-B,BY,1276.641175,43130
YY-Hex3HexNAc2dHex1-redEnd,YY,1310.68304,43130
YY-Hex2HexNAc3dHex1-redEnd,YY,1351.709589,43130
YY-Hex2HexNAc3dHex1-redEnd,YY,1351.709589,43130
Y-Hex3HexNAc2dHex2-B,BY,1450.730384,43130
Y-Hex4HexNAc2dHex1-B,BY,1480.740949,43130
Y-Hex4HexNAc2dHex1-B,BY,1480.740949,43130
Y-Hex4HexNAc2dHex1-B,BY,1480.740949,43130
YY-Hex2HexNAc3dHex2-redEnd,YY,1525.798798,43130
Y-Hex2HexNAc3dHex2-redEnd,Y,1539.814448,43130
YY-Hex3HexNAc3dHex1-redEnd,YY,1555.809363,43130
YY-Hex3HexNAc3dHex1-redEnd,YY,1555.809363,43130
YY-Hex3HexNAc3dHex1-redEnd,YY,1555.809363,43130
YY-Hex3HexNAc3dHex1-redEnd,YY,1555.809363,43130
Hex4HexNAc2dHex2-B,B,1668.845808,43130
Y-Hex3HexNAc3dHex2-B,BY,1695.856707,43130
Y-Hex4HexNAc3dHex1-B,BY,1725.867272,43130
Y-Hex4HexNAc3dHex1-B,BY,1725.867272,43130
YY-Hex3HexNAc3dHex2-redEnd,YY,1729.898572,43130
Y-Hex3HexNAc3dHex2-redEnd,Y,1743.914222,43130
Y-Hex3HexNAc3dHex2-redEnd,Y,1743.914222,43130
YY-Hex4HexNAc3dHex1-redEnd,YY,1759.909136,43130
YY-Hex4HexNAc3dHex1-redEnd,YY,1759.909136,43130
Hex4HexNAc3dHex2-B,B,1913.972131,43130
Y-Hex4HexNAc3dHex2-redEnd,Y,1948.013995,43130
YY-Hex3HexNAc4dHex2-redEnd,YY,1975.024894,43130
YY-Hex3HexNAc4dHex2-redEnd,YY,1975.024894,43130
YY-Hex3HexNAc4dHex2-redEnd,YY,1975.024894,43130
YY-Hex4HexNAc4dHex1-redEnd,YY,2005.035459,43130
YY-Hex4HexNAc4dHex1-redEnd,YY,2005.035459,43130
YY-Hex4HexNAc4dHex1-redEnd,YY,2005.035459,43130
Y-Hex3HexNAc4dHex3-redEnd,Y,2163.129753,43130
Y-Hex4HexNAc4dHex2-redEnd,Y,2193.140318,43130
Y-Hex4HexNAc4dHex2-redEnd,Y,2193.140318,43130
Y-Hex4HexNAc4dHex2-redEnd,Y,2193.140318,43130
Hex4HexNAc4dHex3-redEnd,NA,2381.245177,43130
Y-Hex1-B,BY,204.0997736,43200
Hex1-B,B,218.1154237,43200
Y-HexNAc1-B,BY,245.1263227,43200
Y-HexNAc1-B,BY,245.1263227,43200
Y-HexNAc1-redEnd,Y,293.1838376,43200
Y-Hex1HexNAc1-B,BY,449.2260963,43200
Hex1HexNAc1-B,B,463.2417464,43200
Y-HexNAc2-redEnd,Y,538.3101603,43200
Hex2HexNAc1-B,B,667.34152,43200
YY-Hex1HexNAc2-redEnd,YY,728.3942839,43200
Y-Hex3HexNAc1-B,BY,857.4256436,43200
YY-Hex2HexNAc2-redEnd,YY,932.4940575,43200
Y-Hex4HexNAc1-B,BY,1061.525417,43200
Y-Hex3HexNAc2-B,BY,1102.551966,43200
YY-Hex3HexNAc2-redEnd,YY,1136.593831,43200
YY-Hex2HexNAc3-redEnd,YY,1177.62038,43200
Y-Hex4HexNAc2-B,BY,1306.65174,43200
Y-Hex4HexNAc2-B,BY,1306.65174,43200
YY-Hex3HexNAc3-redEnd,YY,1381.720154,43200
Y-Hex3HexNAc3-redEnd,Y,1395.735804,43200
Hex5HexNAc2-B,B,1524.767164,43200
Y-Hex4HexNAc3-B,BY,1551.778063,43200
Y-Hex4HexNAc3-redEnd,Y,1599.835578,43200
YY-Hex3HexNAc4-redEnd,YY,1626.846477,43200
Hex5HexNAc3-B,B,1769.893486,43200
Y-Hex4HexNAc4-redEnd,Y,1844.9619,43200
Hex5HexNAc4-redEnd,NA,2063.077324,43200
Y-Hex1-B,BY,204.0997736,43201
Y-Hex1-B,BY,204.0997736,43201
Hex1-B,B,218.1154237,43201
Y-HexNAc1-B,BY,245.1263227,43201
Y-HexNAc1-B,BY,245.1263227,43201
Y-HexNAc1-redEnd,Y,293.1838376,43201
NeuAc1-B,B,375.1893169,43201
Y-Hex1HexNAc1-B,BY,449.2260963,43201
Y-Hex1HexNAc1-B,BY,449.2260963,43201
Hex1HexNAc1-B,B,463.2417464,43201
Y-HexNAc2-redEnd,Y,538.3101603,43201
Hex1NeuAc1-B,B,579.2890905,43201
Y-Hex2HexNAc1-B,BY,653.32587,43201
Hex2HexNAc1-B,B,667.34152,43201
YY-Hex1HexNAc2-redEnd,YY,728.3942839,43201
Hex1HexNAc1NeuAc1-B,B,824.4154133,43201
Y-Hex3HexNAc1-B,BY,857.4256436,43201
YY-Hex2HexNAc2-redEnd,YY,932.4940575,43201
Hex2HexNAc1NeuAc1-B,B,1028.515187,43201
Y-Hex4HexNAc1-B,BY,1061.525417,43201
Y-Hex3HexNAc2-B,BY,1102.551966,43201
YY-Hex3HexNAc2-redEnd,YY,1136.593831,43201
YY-Hex2HexNAc3-redEnd,YY,1177.62038,43201
Y-Hex3HexNAc1NeuAc1-B,BY,1218.59931,43201
Y-Hex4HexNAc2-B,BY,1306.65174,43201
Y-Hex4HexNAc2-B,BY,1306.65174,43201
YY-Hex3HexNAc3-redEnd,YY,1381.720154,43201
YY-Hex3HexNAc3-redEnd,YY,1381.720154,43201
Y-Hex3HexNAc3-redEnd,Y,1395.735804,43201
Y-Hex4HexNAc1NeuAc1-B,BY,1422.699084,43201
Y-Hex3HexNAc2NeuAc1-B,BY,1463.725633,43201
Y-Hex5HexNAc2-B,BY,1510.751514,43201
Y-Hex4HexNAc3-B,BY,1551.778063,43201
YY-Hex4HexNAc3-redEnd,YY,1585.819927,43201
Y-Hex4HexNAc3-redEnd,Y,1599.835578,43201
YY-Hex3HexNAc4-redEnd,YY,1626.846477,43201
Y-Hex4HexNAc2NeuAc1-B,BY,1667.825407,43201
Y-Hex4HexNAc2NeuAc1-B,BY,1667.825407,43201
Y-Hex5HexNAc3-B,BY,1755.877836,43201
Y-Hex3HexNAc3NeuAc1-redEnd,Y,1756.909471,43201
YY-Hex4HexNAc4-redEnd,YY,1830.94625,43201
Y-Hex4HexNAc4-redEnd,Y,1844.9619,43201
Hex5HexNAc2NeuAc1-B,B,1885.94083,43201
Y-Hex4HexNAc3NeuAc1-B,BY,1912.95173,43201
Y-Hex4HexNAc3NeuAc1-redEnd,Y,1961.009244,43201
Y-Hex5HexNAc4-redEnd,Y,2049.061674,43201
Hex5HexNAc3NeuAc1-B,B,2131.067153,43201
Y-Hex4HexNAc4NeuAc1-redEnd,Y,2206.135567,43201
Hex5HexNAc4NeuAc1-redEnd,NA,2424.250991,43201
Y-Hex1-B,BY,204.0997736,43202
Y-Hex1-B,BY,204.0997736,43202
Y-HexNAc1-B,BY,245.1263227,43202
Y-HexNAc1-B,BY,245.1263227,43202
Y-HexNAc1-redEnd,Y,293.1838376,43202
NeuAc1-B,B,375.1893169,43202
Y-Hex1HexNAc1-B,BY,449.2260963,43202
Y-Hex1HexNAc1-B,BY,449.2260963,43202
Y-HexNAc2-redEnd,Y,538.3101603,43202
Hex1NeuAc1-B,B,579.2890905,43202
Y-Hex2HexNAc1-B,BY,653.32587,43202
YY-Hex1HexNAc2-redEnd,YY,728.3942839,43202
Hex1HexNAc1NeuAc1-B,B,824.4154133,43202
YY-Hex2HexNAc2-redEnd,YY,932.4940575,43202
Hex2HexNAc1NeuAc1-B,B,1028.515187,43202
YY-Hex3HexNAc2-redEnd,YY,1136.593831,43202
YY-Hex2HexNAc3-redEnd,YY,1177.62038,43202
Y-Hex3HexNAc1NeuAc1-B,BY,1218.59931,43202
YY-Hex3HexNAc3-redEnd,YY,1381.720154,43202
YY-Hex3HexNAc3-redEnd,YY,1381.720154,43202
Y-Hex4HexNAc1NeuAc1-B,BY,1422.699084,43202
Y-Hex3HexNAc2NeuAc1-B,BY,1463.725633,43202
YY-Hex4HexNAc3-redEnd,YY,1585.819927,43202
YY-Hex3HexNAc4-redEnd,YY,1626.846477,43202
Y-Hex4HexNAc2NeuAc1-B,BY,1667.825407,43202
Y-Hex4HexNAc2NeuAc1-B,BY,1667.825407,43202
Y-Hex3HexNAc3NeuAc1-redEnd,Y,1756.909471,43202
YY-Hex4HexNAc4-redEnd,YY,1830.94625,43202
Y-Hex5HexNAc2NeuAc1-B,BY,1871.92518,43202
Y-Hex4HexNAc3NeuAc1-B,BY,1912.95173,43202
Y-Hex4HexNAc3NeuAc1-redEnd,Y,1961.009244,43202
YY-Hex5HexNAc4-redEnd,YY,2035.046024,43202
Y-Hex5HexNAc3NeuAc1-B,BY,2117.051503,43202
Y-Hex4HexNAc4NeuAc1-redEnd,Y,2206.135567,43202
Hex5HexNAc2NeuAc2-B,B,2247.114497,43202
Y-Hex5HexNAc4NeuAc1-redEnd,Y,2410.235341,43202
Hex5HexNAc3NeuAc2-B,B,2492.24082,43202
Hex5HexNAc4NeuAc2-redEnd,NA,2785.424658,43202
dHex1-B,B,188.104859,43210
Y-Hex1-B,BY,204.0997736,43210
Hex1-B,B,218.1154237,43210
Y-HexNAc1-B,BY,245.1263227,43210
Y-HexNAc1-B,BY,245.1263227,43210
YY-HexNAc1-redEnd,YY,279.1681875,43210
Y-Hex1HexNAc1-B,BY,449.2260963,43210
Hex1HexNAc1-B,B,463.2417464,43210
Y-HexNAc1dHex1-redEnd,Y,467.2730465,43210
YY-HexNAc2-redEnd,YY,524.2945103,43210
Hex2HexNAc1-B,B,667.34152,43210
Y-HexNAc2dHex1-redEnd,Y,712.3993693,43210
Y-Hex3HexNAc1-B,BY,857.4256436,43210
YY-Hex1HexNAc2dHex1-redEnd,YY,902.4834928,43210
Y-Hex4HexNAc1-B,BY,1061.525417,43210
Y-Hex3HexNAc2-B,BY,1102.551966,43210
YY-Hex2HexNAc2dHex1-redEnd,YY,1106.583266,43210
Y-Hex4HexNAc2-B,BY,1306.65174,43210
Y-Hex4HexNAc2-B,BY,1306.65174,43210
YY-Hex3HexNAc2dHex1-redEnd,YY,1310.68304,43210
YY-Hex2HexNAc3dHex1-redEnd,YY,1351.709589,43210
YY-Hex3HexNAc3-redEnd,YY,1381.720154,43210
Hex5HexNAc2-B,B,1524.767164,43210
Y-Hex4HexNAc3-B,BY,1551.778063,43210
YY-Hex3HexNAc3dHex1-redEnd,YY,1555.809363,43210
Y-Hex3HexNAc3dHex1-redEnd,Y,1569.825013,43210
YY-Hex4HexNAc3-redEnd,YY,1585.819927,43210
Hex5HexNAc3-B,B,1769.893486,43210
Y-Hex4HexNAc3dHex1-redEnd,Y,1773.924786,43210
YY-Hex3HexNAc4dHex1-redEnd,YY,1800.935686,43210
YY-Hex4HexNAc4-redEnd,YY,1830.94625,43210
Y-Hex4HexNAc4dHex1-redEnd,Y,2019.051109,43210
Y-Hex5HexNAc4-redEnd,Y,2049.061674,43210
Hex5HexNAc4dHex1-redEnd,NA,2237.166533,43210
dHex1-B,B,188.104859,43211
Y-Hex1-B,BY,204.0997736,43211
Y-Hex1-B,BY,204.0997736,43211
Hex1-B,B,218.1154237,43211
Y-HexNAc1-B,BY,245.1263227,43211
Y-HexNAc1-B,BY,245.1263227,43211
YY-HexNAc1-redEnd,YY,279.1681875,43211
NeuAc1-B,B,375.1893169,43211
Y-Hex1HexNAc1-B,BY,449.2260963,43211
Y-Hex1HexNAc1-B,BY,449.2260963,43211
Hex1HexNAc1-B,B,463.2417464,43211
Y-HexNAc1dHex1-redEnd,Y,467.2730465,43211
YY-HexNAc2-redEnd,YY,524.2945103,43211
Hex1NeuAc1-B,B,579.2890905,43211
Y-Hex2HexNAc1-B,BY,653.32587,43211
Hex2HexNAc1-B,B,667.34152,43211
Y-HexNAc2dHex1-redEnd,Y,712.3993693,43211
Hex1HexNAc1NeuAc1-B,B,824.4154133,43211
Y-Hex3HexNAc1-B,BY,857.4256436,43211
YY-Hex1HexNAc2dHex1-redEnd,YY,902.4834928,43211
Hex2HexNAc1NeuAc1-B,B,1028.515187,43211
Y-Hex4HexNAc1-B,BY,1061.525417,43211
Y-Hex3HexNAc2-B,BY,1102.551966,43211
YY-Hex2HexNAc2dHex1-redEnd,YY,1106.583266,43211
Y-Hex3HexNAc1NeuAc1-B,BY,1218.59931,43211
Y-Hex4HexNAc2-B,BY,1306.65174,43211
Y-Hex4HexNAc2-B,BY,1306.65174,43211
YY-Hex3HexNAc2dHex1-redEnd,YY,1310.68304,43211
YY-Hex2HexNAc3dHex1-redEnd,YY,1351.709589,43211
YY-Hex3HexNAc3-redEnd,YY,1381.720154,43211
Y-Hex4HexNAc1NeuAc1-B,BY,1422.699084,43211
Y-Hex3HexNAc2NeuAc1-B,BY,1463.725633,43211
Y-Hex5HexNAc2-B,BY,1510.751514,43211
Y-Hex4HexNAc3-B,BY,1551.778063,43211
YY-Hex3HexNAc3dHex1-redEnd,YY,1555.809363,43211
YY-Hex3HexNAc3dHex1-redEnd,YY,1555.809363,43211
Y-Hex3HexNAc3dHex1-redEnd,Y,1569.825013,43211
YY-Hex4HexNAc3-redEnd,YY,1585.819927,43211
Y-Hex4HexNAc2NeuAc1-B,BY,1667.825407,43211
Y-Hex4HexNAc2NeuAc1-B,BY,1667.825407,43211
YY-Hex3HexNAc3NeuAc1-redEnd,YY,1742.893821,43211
Y-Hex5HexNAc3-B,BY,1755.877836,43211
YY-Hex4HexNAc3dHex1-redEnd,YY,1759.909136,43211
Y-Hex4HexNAc3dHex1-redEnd,Y,1773.924786,43211
YY-Hex3HexNAc4dHex1-redEnd,YY,1800.935686,43211
YY-Hex4HexNAc4-redEnd,YY,1830.94625,43211
Hex5HexNAc2NeuAc1-B,B,1885.94083,43211
Y-Hex4HexNAc3NeuAc1-B,BY,1912.95173,43211
Y-Hex3HexNAc3NeuAc1dHex1-redEnd,Y,1930.99868,43211
YY-Hex4HexNAc3NeuAc1-redEnd,YY,1946.993594,43211
YY-Hex4HexNAc4dHex1-redEnd,YY,2005.035459,43211
Y-Hex4HexNAc4dHex1-redEnd,Y,2019.051109,43211
YY-Hex5HexNAc4-redEnd,YY,2035.046024,43211
Hex5HexNAc3NeuAc1-B,B,2131.067153,43211
Y-Hex4HexNAc3NeuAc1dHex1-redEnd,Y,2135.098453,43211
YY-Hex4HexNAc4NeuAc1-redEnd,YY,2192.119917,43211
Y-Hex5HexNAc4dHex1-redEnd,Y,2223.150883,43211
Y-Hex4HexNAc4NeuAc1dHex1-redEnd,Y,2380.224776,43211
Y-Hex5HexNAc4NeuAc1-redEnd,Y,2410.235341,43211
Hex5HexNAc4NeuAc1dHex1-redEnd,NA,2598.3402,43211
dHex1-B,B,188.104859,43212
Y-Hex1-B,BY,204.0997736,43212
Y-Hex1-B,BY,204.0997736,43212
Y-HexNAc1-B,BY,245.1263227,43212
Y-HexNAc1-B,BY,245.1263227,43212
YY-HexNAc1-redEnd,YY,279.1681875,43212
NeuAc1-B,B,375.1893169,43212
Y-Hex1HexNAc1-B,BY,449.2260963,43212
Y-Hex1HexNAc1-B,BY,449.2260963,43212
Y-HexNAc1dHex1-redEnd,Y,467.2730465,43212
YY-HexNAc2-redEnd,YY,524.2945103,43212
Hex1NeuAc1-B,B,579.2890905,43212
Y-Hex2HexNAc1-B,BY,653.32587,43212
Y-HexNAc2dHex1-redEnd,Y,712.3993693,43212
Hex1HexNAc1NeuAc1-B,B,824.4154133,43212
YY-Hex1HexNAc2dHex1-redEnd,YY,902.4834928,43212
Hex2HexNAc1NeuAc1-B,B,1028.515187,43212
YY-Hex2HexNAc2dHex1-redEnd,YY,1106.583266,43212
Y-Hex3HexNAc1NeuAc1-B,BY,1218.59931,43212
YY-Hex3HexNAc2dHex1-redEnd,YY,1310.68304,43212
YY-Hex2HexNAc3dHex1-redEnd,YY,1351.709589,43212
Y-Hex4HexNAc1NeuAc1-B,BY,1422.699084,43212
Y-Hex3HexNAc2NeuAc1-B,BY,1463.725633,43212
YY-Hex3HexNAc3dHex1-redEnd,YY,1555.809363,43212
YY-Hex3HexNAc3dHex1-redEnd,YY,1555.809363,43212
Y-Hex4HexNAc2NeuAc1-B,BY,1667.825407,43212
Y-Hex4HexNAc2NeuAc1-B,BY,1667.825407,43212
YY-Hex3HexNAc3NeuAc1-redEnd,YY,1742.893821,43212
YY-Hex4HexNAc3dHex1-redEnd,YY,1759.909136,43212
YY-Hex3HexNAc4dHex1-redEnd,YY,1800.935686,43212
Y-Hex5HexNAc2NeuAc1-B,BY,1871.92518,43212
Y-Hex4HexNAc3NeuAc1-B,BY,1912.95173,43212
Y-Hex3HexNAc3NeuAc1dHex1-redEnd,Y,1930.99868,43212
YY-Hex4HexNAc3NeuAc1-redEnd,YY,1946.993594,43212
YY-Hex4HexNAc4dHex1-redEnd,YY,2005.035459,43212
Y-Hex5HexNAc3NeuAc1-B,BY,2117.051503,43212
Y-Hex4HexNAc3NeuAc1dHex1-redEnd,Y,2135.098453,43212
YY-Hex4HexNAc4NeuAc1-redEnd,YY,2192.119917,43212
YY-Hex5HexNAc4dHex1-redEnd,YY,2209.135233,43212
Hex5HexNAc2NeuAc2-B,B,2247.114497,43212
Y-Hex4HexNAc4NeuAc1dHex1-redEnd,Y,2380.224776,43212
YY-Hex5HexNAc4NeuAc1-redEnd,YY,2396.219691,43212
Hex5HexNAc3NeuAc2-B,B,2492.24082,43212
Y-Hex5HexNAc4NeuAc1dHex1-redEnd,Y,2584.32455,43212
Y-Hex5HexNAc4NeuAc2-redEnd,Y,2771.409008,43212
Hex5HexNAc4NeuAc2dHex1-redEnd,NA,2959.513867,43212
dHex1-B,B,188.104859,43220
Y-Hex1-B,BY,204.0997736,43220
Hex1-B,B,218.1154237,43220
Y-HexNAc1-B,BY,245.1263227,43220
Y-HexNAc1-B,BY,245.1263227,43220
YY-HexNAc1-redEnd,YY,279.1681875,43220
Y-HexNAc1dHex1-B,BY,419.2155317,43220
Y-Hex1HexNAc1-B,BY,449.2260963,43220
Y-Hex1HexNAc1-B,BY,449.2260963,43220
Hex1HexNAc1-B,B,463.2417464,43220
Y-HexNAc1dHex1-redEnd,Y,467.2730465,43220
YY-HexNAc2-redEnd,YY,524.2945103,43220
Y-Hex1HexNAc1dHex1-B,BY,623.3153053,43220
Hex1HexNAc1dHex1-B,B,637.3309553,43220
Y-Hex2HexNAc1-B,BY,653.32587,43220
Hex2HexNAc1-B,B,667.34152,43220
Y-HexNAc2dHex1-redEnd,Y,712.3993693,43220
Hex2HexNAc1dHex1-B,B,841.430729,43220
Y-Hex3HexNAc1-B,BY,857.4256436,43220
YY-Hex1HexNAc2dHex1-redEnd,YY,902.4834928,43220
Y-Hex3HexNAc1dHex1-B,BY,1031.514853,43220
Y-Hex4HexNAc1-B,BY,1061.525417,43220
Y-Hex3HexNAc2-B,BY,1102.551966,43220
YY-Hex2HexNAc2dHex1-redEnd,YY,1106.583266,43220
Y-Hex4HexNAc1dHex1-B,BY,1235.614626,43220
Y-Hex3HexNAc2dHex1-B,BY,1276.641175,43220
Y-Hex4HexNAc2-B,BY,1306.65174,43220
YY-Hex3HexNAc2dHex1-redEnd,YY,1310.68304,43220
YY-Hex2HexNAc3dHex1-redEnd,YY,1351.709589,43220
YY-Hex3HexNAc3-redEnd,YY,1381.720154,43220
Y-Hex4HexNAc2dHex1-B,BY,1480.740949,43220
Y-Hex4HexNAc2dHex1-B,BY,1480.740949,43220
Y-Hex4HexNAc2dHex1-B,BY,1480.740949,43220
Y-Hex5HexNAc2-B,BY,1510.751514,43220
YY-Hex2HexNAc3dHex2-redEnd,YY,1525.798798,43220
YY-Hex3HexNAc3dHex1-redEnd,YY,1555.809363,43220
YY-Hex3HexNAc3dHex1-redEnd,YY,1555.809363,43220
YY-Hex3HexNAc3dHex1-redEnd,YY,1555.809363,43220
Y-Hex3HexNAc3dHex1-redEnd,Y,1569.825013,43220
YY-Hex4HexNAc3-redEnd,YY,1585.819927,43220
Hex5HexNAc2dHex1-B,B,1698.856373,43220
Y-Hex4HexNAc3dHex1-B,BY,1725.867272,43220
Y-Hex4HexNAc3dHex1-B,BY,1725.867272,43220
YY-Hex3HexNAc3dHex2-redEnd,YY,1729.898572,43220
Y-Hex3HexNAc3dHex2-redEnd,Y,1743.914222,43220
Y-Hex5HexNAc3-B,BY,1755.877836,43220
YY-Hex4HexNAc3dHex1-redEnd,YY,1759.909136,43220
YY-Hex4HexNAc3dHex1-redEnd,YY,1759.909136,43220
Y-Hex4HexNAc3dHex1-redEnd,Y,1773.924786,43220
Hex5HexNAc3dHex1-B,B,1943.982695,43220
Y-Hex4HexNAc3dHex2-redEnd,Y,1948.013995,43220
YY-Hex3HexNAc4dHex2-redEnd,YY,1975.024894,43220
YY-Hex4HexNAc4dHex1-redEnd,YY,2005.035459,43220
YY-Hex4HexNAc4dHex1-redEnd,YY,2005.035459,43220
YY-Hex4HexNAc4dHex1-redEnd,YY,2005.035459,43220
YY-Hex4HexNAc4dHex1-redEnd,YY,2005.035459,43220
YY-Hex5HexNAc4-redEnd,YY,2035.046024,43220
Y-Hex4HexNAc4dHex2-redEnd,Y,2193.140318,43220
Y-Hex4HexNAc4dHex2-redEnd,Y,2193.140318,43220
Y-Hex5HexNAc4dHex1-redEnd,Y,2223.150883,43220
Y-Hex5HexNAc4dHex1-redEnd,Y,2223.150883,43220
Hex5HexNAc4dHex2-redEnd,NA,2411.255742,43220
dHex1-B,B,188.104859,43221
Y-Hex1-B,BY,204.0997736,43221
Y-Hex1-B,BY,204.0997736,43221
Hex1-B,B,218.1154237,43221
Y-HexNAc1-B,BY,245.1263227,43221
Y-HexNAc1-B,BY,245.1263227,43221
YY-HexNAc1-redEnd,YY,279.1681875,43221
NeuAc1-B,B,375.1893169,43221
Y-HexNAc1dHex1-B,BY,419.2155317,43221
Y-Hex1HexNAc1-B,BY,449.2260963,43221
Y-Hex1HexNAc1-B,BY,449.2260963,43221
Y-Hex1HexNAc1-B,BY,449.2260963,43221
Y-HexNAc1dHex1-redEnd,Y,467.2730465,43221
YY-HexNAc2-redEnd,YY,524.2945103,43221
Hex1NeuAc1-B,B,579.2890905,43221
Y-Hex1HexNAc1dHex1-B,BY,623.3153053,43221
Hex1HexNAc1dHex1-B,B,637.3309553,43221
Y-Hex2HexNAc1-B,BY,653.32587,43221
Y-Hex2HexNAc1-B,BY,653.32587,43221
Y-HexNAc2dHex1-redEnd,Y,712.3993693,43221
Hex1HexNAc1NeuAc1-B,B,824.4154133,43221
Hex2HexNAc1dHex1-B,B,841.430729,43221
YY-Hex1HexNAc2dHex1-redEnd,YY,902.4834928,43221
Hex2HexNAc1NeuAc1-B,B,1028.515187,43221
Y-Hex3HexNAc1dHex1-B,BY,1031.514853,43221
YY-Hex2HexNAc2dHex1-redEnd,YY,1106.583266,43221
Y-Hex3HexNAc1NeuAc1-B,BY,1218.59931,43221
Y-Hex4HexNAc1dHex1-B,BY,1235.614626,43221
Y-Hex3HexNAc2dHex1-B,BY,1276.641175,43221
YY-Hex3HexNAc2dHex1-redEnd,YY,1310.68304,43221
YY-Hex2HexNAc3dHex1-redEnd,YY,1351.709589,43221
Y-Hex4HexNAc1NeuAc1-B,BY,1422.699084,43221
Y-Hex3HexNAc2NeuAc1-B,BY,1463.725633,43221
Y-Hex4HexNAc2dHex1-B,BY,1480.740949,43221
Y-Hex4HexNAc2dHex1-B,BY,1480.740949,43221
YY-Hex2HexNAc3dHex2-redEnd,YY,1525.798798,43221
YY-Hex3HexNAc3dHex1-redEnd,YY,1555.809363,43221
YY-Hex3HexNAc3dHex1-redEnd,YY,1555.809363,43221
YY-Hex3HexNAc3dHex1-redEnd,YY,1555.809363,43221
YY-Hex3HexNAc3dHex1-redEnd,YY,1555.809363,43221
Y-Hex4HexNAc2NeuAc1-B,BY,1667.825407,43221
Y-Hex5HexNAc2dHex1-B,BY,1684.840722,43221
Y-Hex4HexNAc3dHex1-B,BY,1725.867272,43221
YY-Hex3HexNAc3dHex2-redEnd,YY,1729.898572,43221
YY-Hex3HexNAc3NeuAc1-redEnd,YY,1742.893821,43221
Y-Hex3HexNAc3dHex2-redEnd,Y,1743.914222,43221
YY-Hex4HexNAc3dHex1-redEnd,YY,1759.909136,43221
YY-Hex4HexNAc3dHex1-redEnd,YY,1759.909136,43221
YY-Hex4HexNAc3dHex1-redEnd,YY,1759.909136,43221
Y-Hex4HexNAc2NeuAc1dHex1-B,BY,1841.914616,43221
Y-Hex5HexNAc2NeuAc1-B,BY,1871.92518,43221
Y-Hex5HexNAc3dHex1-B,BY,1929.967045,43221
Y-Hex3HexNAc3NeuAc1dHex1-redEnd,Y,1930.99868,43221
YY-Hex4HexNAc3NeuAc1-redEnd,YY,1946.993594,43221
Y-Hex4HexNAc3dHex2-redEnd,Y,1948.013995,43221
YY-Hex3HexNAc4dHex2-redEnd,YY,1975.024894,43221
YY-Hex4HexNAc4dHex1-redEnd,YY,2005.035459,43221
YY-Hex4HexNAc4dHex1-redEnd,YY,2005.035459,43221
Hex5HexNAc2NeuAc1dHex1-B,B,2060.030039,43221
Y-Hex4HexNAc3NeuAc1dHex1-B,BY,2087.040938,43221
Y-Hex5HexNAc3NeuAc1-B,BY,2117.051503,43221
Y-Hex4HexNAc3NeuAc1dHex1-redEnd,Y,2135.098453,43221
YY-Hex4HexNAc4dHex2-redEnd,YY,2179.124668,43221
Y-Hex4HexNAc4dHex2-redEnd,Y,2193.140318,43221
YY-Hex5HexNAc4dHex1-redEnd,YY,2209.135233,43221
YY-Hex5HexNAc4dHex1-redEnd,YY,2209.135233,43221
Hex5HexNAc3NeuAc1dHex1-B,B,2305.156362,43221
YY-Hex4HexNAc4NeuAc1dHex1-redEnd,YY,2366.209126,43221
YY-Hex4HexNAc4NeuAc1dHex1-redEnd,YY,2366.209126,43221
YY-Hex5HexNAc4NeuAc1-redEnd,YY,2396.219691,43221
Y-Hex5HexNAc4dHex2-redEnd,Y,2397.240092,43221
Y-Hex4HexNAc4NeuAc1dHex2-redEnd,Y,2554.313985,43221
Y-Hex5HexNAc4NeuAc1dHex1-redEnd,Y,2584.32455,43221
Y-Hex5HexNAc4NeuAc1dHex1-redEnd,Y,2584.32455,43221
Hex5HexNAc4NeuAc1dHex2-redEnd,NA,2772.429409,43221
dHex1-B,B,188.104859,43230
Y-Hex1-B,BY,204.0997736,43230
Hex1-B,B,218.1154237,43230
Y-HexNAc1-B,BY,245.1263227,43230
YY-HexNAc1-redEnd,YY,279.1681875,43230
Y-HexNAc1dHex1-B,BY,419.2155317,43230
Y-Hex1HexNAc1-B,BY,449.2260963,43230
Y-HexNAc1dHex1-redEnd,Y,467.2730465,43230
YY-HexNAc2-redEnd,YY,524.2945103,43230
Y-Hex1HexNAc1dHex1-B,BY,623.3153053,43230
Hex1HexNAc1dHex1-B,B,637.3309553,43230
Y-Hex2HexNAc1-B,BY,653.32587,43230
Y-HexNAc2dHex1-redEnd,Y,712.3993693,43230
Hex2HexNAc1dHex1-B,B,841.430729,43230
YY-Hex1HexNAc2dHex1-redEnd,YY,902.4834928,43230
Y-Hex3HexNAc1dHex1-B,BY,1031.514853,43230
YY-Hex2HexNAc2dHex1-redEnd,YY,1106.583266,43230
Y-Hex4HexNAc1dHex1-B,BY,1235.614626,43230
Y-Hex3HexNAc2dHex1-B,BY,1276.641175,43230
YY-Hex3HexNAc2dHex1-redEnd,YY,1310.68304,43230
Y-Hex4HexNAc2dHex1-B,BY,1480.740949,43230
YY-Hex2HexNAc3dHex2-redEnd,YY,1525.798798,43230
YY-Hex3HexNAc3dHex1-redEnd,YY,1555.809363,43230
YY-Hex3HexNAc3dHex1-redEnd,YY,1555.809363,43230
Y-Hex4HexNAc2dHex2-B,BY,1654.830158,43230
Y-Hex5HexNAc2dHex1-B,BY,1684.840722,43230
YY-Hex3HexNAc3dHex2-redEnd,YY,1729.898572,43230
Y-Hex3HexNAc3dHex2-redEnd,Y,1743.914222,43230
YY-Hex4HexNAc3dHex1-redEnd,YY,1759.909136,43230
YY-Hex4HexNAc3dHex1-redEnd,YY,1759.909136,43230
Hex5HexNAc2dHex2-B,B,1872.945581,43230
Y-Hex4HexNAc3dHex2-B,BY,1899.956481,43230
Y-Hex4HexNAc3dHex2-B,BY,1899.956481,43230
Y-Hex5HexNAc3dHex1-B,BY,1929.967045,43230
Y-Hex4HexNAc3dHex2-redEnd,Y,1948.013995,43230
Hex5HexNAc3dHex2-B,B,2118.071904,43230
YY-Hex3HexNAc4dHex3-redEnd,YY,2149.114103,43230
YY-Hex4HexNAc4dHex2-redEnd,YY,2179.124668,43230
YY-Hex4HexNAc4dHex2-redEnd,YY,2179.124668,43230
YY-Hex4HexNAc4dHex2-redEnd,YY,2179.124668,43230
YY-Hex5HexNAc4dHex1-redEnd,YY,2209.135233,43230
YY-Hex5HexNAc4dHex1-redEnd,YY,2209.135233,43230
Y-Hex4HexNAc4dHex3-redEnd,Y,2367.229527,43230
Y-Hex5HexNAc4dHex2-redEnd,Y,2397.240092,43230
Y-Hex5HexNAc4dHex2-redEnd,Y,2397.240092,43230
Hex5HexNAc4dHex3-redEnd,NA,2585.344951,43230
dHex1-B,B,188.104859,43232
Y-Hex1-B,BY,204.0997736,43232
Y-Hex1-B,BY,204.0997736,43232
Y-HexNAc1-B,BY,245.1263227,43232
YY-HexNAc1-redEnd,YY,279.1681875,43232
NeuAc1-B,B,375.1893169,43232
Y-HexNAc1dHex1-B,BY,419.2155317,43232
Y-HexNAc1dHex1-redEnd,Y,467.2730465,43232
YY-HexNAc2-redEnd,YY,524.2945103,43232
Hex1NeuAc1-B,B,579.2890905,43232
Y-Hex1HexNAc1dHex1-B,BY,623.3153053,43232
Y-Hex1HexNAc1dHex1-B,BY,623.3153053,43232
Y-HexNAc2dHex1-redEnd,Y,712.3993693,43232
Y-Hex1HexNAc1NeuAc1-B,BY,810.3997632,43232
Y-Hex2HexNAc1dHex1-B,BY,827.4150789,43232
YY-Hex1HexNAc2dHex1-redEnd,YY,902.4834928,43232
Hex1HexNAc1NeuAc1dHex1-B,B,998.5046222,43232
Y-Hex2HexNAc1NeuAc1-B,BY,1014.499537,43232
YY-Hex2HexNAc2dHex1-redEnd,YY,1106.583266,43232
Hex2HexNAc1NeuAc1dHex1-B,B,1202.604396,43232
YY-Hex3HexNAc2dHex1-redEnd,YY,1310.68304,43232
Y-Hex3HexNAc1NeuAc1dHex1-B,BY,1392.688519,43232
YY-Hex2HexNAc3dHex2-redEnd,YY,1525.798798,43232
Y-Hex4HexNAc1NeuAc1dHex1-B,BY,1596.788293,43232
Y-Hex3HexNAc2NeuAc1dHex1-B,BY,1637.814842,43232
YY-Hex3HexNAc3dHex2-redEnd,YY,1729.898572,43232
YY-Hex3HexNAc3dHex2-redEnd,YY,1729.898572,43232
Y-Hex4HexNAc2NeuAc1dHex1-B,BY,1841.914616,43232
Y-Hex4HexNAc2NeuAc1dHex1-B,BY,1841.914616,43232
YY-Hex3HexNAc3NeuAc1dHex1-redEnd,YY,1916.98303,43232
YY-Hex3HexNAc3NeuAc1dHex1-redEnd,YY,1916.98303,43232
YY-Hex4HexNAc3dHex2-redEnd,YY,1933.998345,43232
Y-Hex4HexNAc2NeuAc1dHex2-B,BY,2016.003825,43232
Y-Hex3HexNAc3NeuAc1dHex2-redEnd,Y,2105.087889,43232
YY-Hex4HexNAc3NeuAc1dHex1-redEnd,YY,2121.082803,43232
YY-Hex4HexNAc3NeuAc1dHex1-redEnd,YY,2121.082803,43232
YY-Hex3HexNAc4dHex3-redEnd,YY,2149.114103,43232
Y-Hex5HexNAc2NeuAc1dHex2-B,BY,2220.103598,43232
Y-Hex4HexNAc3NeuAc1dHex2-B,BY,2261.130147,43232
Y-Hex4HexNAc3NeuAc1dHex2-redEnd,Y,2309.187662,43232
YY-Hex4HexNAc4dHex3-redEnd,YY,2353.213877,43232
Y-Hex5HexNAc2NeuAc2dHex1-B,BY,2407.188056,43232
Y-Hex5HexNAc3NeuAc1dHex2-B,BY,2465.229921,43232
YY-Hex4HexNAc4NeuAc1dHex2-redEnd,YY,2540.298335,43232
YY-Hex4HexNAc4NeuAc1dHex2-redEnd,YY,2540.298335,43232
YY-Hex4HexNAc4NeuAc1dHex2-redEnd,YY,2540.298335,43232
YY-Hex5HexNAc4dHex3-redEnd,YY,2557.313651,43232
Hex5HexNAc2NeuAc2dHex2-B,B,2595.292915,43232
Y-Hex5HexNAc3NeuAc2dHex1-B,BY,2652.314379,43232
Y-Hex4HexNAc4NeuAc1dHex3-redEnd,Y,2728.403194,43232
YY-Hex5HexNAc4NeuAc1dHex2-redEnd,YY,2744.398109,43232
YY-Hex5HexNAc4NeuAc1dHex2-redEnd,YY,2744.398109,43232
YY-Hex5HexNAc4NeuAc1dHex2-redEnd,YY,2744.398109,43232
Hex5HexNAc3NeuAc2dHex2-B,B,2840.419238,43232
YY-Hex5HexNAc4NeuAc2dHex1-redEnd,YY,2931.482566,43232
YY-Hex5HexNAc4NeuAc2dHex1-redEnd,YY,2931.482566,43232
Y-Hex5HexNAc4NeuAc1dHex3-redEnd,Y,2932.502968,43232
Y-Hex5HexNAc4NeuAc2dHex2-redEnd,Y,3119.587425,43232
Y-Hex5HexNAc4NeuAc2dHex2-redEnd,Y,3119.587425,43232
Hex5HexNAc4NeuAc2dHex3-redEnd,NA,3307.692284,43232
dHex1-B,B,188.104859,43320
Y-Hex1-B,BY,204.0997736,43320
Y-Hex1-B,BY,204.0997736,43320
Hex1-B,B,218.1154237,43320
Hex1-B,B,218.1154237,43320
Y-HexNAc1-B,BY,245.1263227,43320
Y-HexNAc1-B,BY,245.1263227,43320
YY-HexNAc1-redEnd,YY,279.1681875,43320
Y-HexNAc1dHex1-B,BY,419.2155317,43320
Hex2-B,B,422.2151973,43320
Y-Hex1HexNAc1-B,BY,449.2260963,43320
Y-Hex1HexNAc1-B,BY,449.2260963,43320
Y-Hex1HexNAc1-B,BY,449.2260963,43320
Y-HexNAc1dHex1-redEnd,Y,467.2730465,43320
YY-HexNAc2-redEnd,YY,524.2945103,43320
Y-Hex1HexNAc1dHex1-B,BY,623.3153053,43320
Hex1HexNAc1dHex1-B,B,637.3309553,43320
Y-Hex2HexNAc1-B,BY,653.32587,43320
Y-Hex2HexNAc1-B,BY,653.32587,43320
Hex2HexNAc1-B,B,667.34152,43320
Y-HexNAc2dHex1-redEnd,Y,712.3993693,43320
Hex2HexNAc1dHex1-B,B,841.430729,43320
Hex3HexNAc1-B,B,871.4412937,43320
YY-Hex1HexNAc2dHex1-redEnd,YY,902.4834928,43320
Y-Hex3HexNAc1dHex1-B,BY,1031.514853,43320
Y-Hex4HexNAc1-B,BY,1061.525417,43320
YY-Hex2HexNAc2dHex1-redEnd,YY,1106.583266,43320
Y-Hex4HexNAc1dHex1-B,BY,1235.614626,43320
Y-Hex5HexNAc1-B,BY,1265.625191,43320
Y-Hex3HexNAc2dHex1-B,BY,1276.641175,43320
Y-Hex4HexNAc2-B,BY,1306.65174,43320
YY-Hex3HexNAc2dHex1-redEnd,YY,1310.68304,43320
YY-Hex2HexNAc3dHex1-redEnd,YY,1351.709589,43320
Y-Hex4HexNAc2dHex1-B,BY,1480.740949,43320
Y-Hex4HexNAc2dHex1-B,BY,1480.740949,43320
Y-Hex5HexNAc2-B,BY,1510.751514,43320
YY-Hex2HexNAc3dHex2-redEnd,YY,1525.798798,43320
YY-Hex3HexNAc3dHex1-redEnd,YY,1555.809363,43320
YY-Hex3HexNAc3dHex1-redEnd,YY,1555.809363,43320
YY-Hex3HexNAc3dHex1-redEnd,YY,1555.809363,43320
YY-Hex3HexNAc3dHex1-redEnd,YY,1555.809363,43320
YY-Hex4HexNAc3-redEnd,YY,1585.819927,43320
Y-Hex5HexNAc2dHex1-B,BY,1684.840722,43320
Y-Hex5HexNAc2dHex1-B,BY,1684.840722,43320
Y-Hex6HexNAc2-B,BY,1714.851287,43320
Y-Hex4HexNAc3dHex1-B,BY,1725.867272,43320
YY-Hex3HexNAc3dHex2-redEnd,YY,1729.898572,43320
Y-Hex3HexNAc3dHex2-redEnd,Y,1743.914222,43320
YY-Hex4HexNAc3dHex1-redEnd,YY,1759.909136,43320
YY-Hex4HexNAc3dHex1-redEnd,YY,1759.909136,43320
YY-Hex4HexNAc3dHex1-redEnd,YY,1759.909136,43320
Y-Hex4HexNAc3dHex1-redEnd,Y,1773.924786,43320
YY-Hex5HexNAc3-redEnd,YY,1789.919701,43320
Hex6HexNAc2dHex1-B,B,1902.956146,43320
Y-Hex5HexNAc3dHex1-B,BY,1929.967045,43320
Y-Hex5HexNAc3dHex1-B,BY,1929.967045,43320
Y-Hex4HexNAc3dHex2-redEnd,Y,1948.013995,43320
Y-Hex6HexNAc3-B,BY,1959.97761,43320
YY-Hex3HexNAc4dHex2-redEnd,YY,1975.024894,43320
Y-Hex5HexNAc3dHex1-redEnd,Y,1978.02456,43320
YY-Hex4HexNAc4dHex1-redEnd,YY,2005.035459,43320
YY-Hex4HexNAc4dHex1-redEnd,YY,2005.035459,43320
Hex6HexNAc3dHex1-B,B,2148.082469,43320
YY-Hex4HexNAc4dHex2-redEnd,YY,2179.124668,43320
Y-Hex4HexNAc4dHex2-redEnd,Y,2193.140318,43320
YY-Hex5HexNAc4dHex1-redEnd,YY,2209.135233,43320
YY-Hex5HexNAc4dHex1-redEnd,YY,2209.135233,43320
YY-Hex5HexNAc4dHex1-redEnd,YY,2209.135233,43320
YY-Hex5HexNAc4dHex1-redEnd,YY,2209.135233,43320
YY-Hex6HexNAc4-redEnd,YY,2239.145797,43320
Y-Hex5HexNAc4dHex2-redEnd,Y,2397.240092,43320
Y-Hex5HexNAc4dHex2-redEnd,Y,2397.240092,43320
Y-Hex6HexNAc4dHex1-redEnd,Y,2427.250656,43320
Y-Hex6HexNAc4dHex1-redEnd,Y,2427.250656,43320
Hex6HexNAc4dHex2-redEnd,NA,2615.355515,43320
Y-Hex1-B,BY,204.0997736,44201
Y-Hex1-B,BY,204.0997736,44201
Hex1-B,B,218.1154237,44201
Hex1-B,B,218.1154237,44201
Y-HexNAc1-B,BY,245.1263227,44201
Y-HexNAc1-B,BY,245.1263227,44201
Y-HexNAc1-redEnd,Y,293.1838376,44201
NeuAc1-B,B,375.1893169,44201
Hex2-B,B,422.2151973,44201
Y-Hex1HexNAc1-B,BY,449.2260963,44201
Hex1HexNAc1-B,B,463.2417464,44201
Y-HexNAc2-redEnd,Y,538.3101603,44201
Hex1NeuAc1-B,B,579.2890905,44201
Y-Hex3-B,BY,612.2993209,44201
Y-Hex2HexNAc1-B,BY,653.32587,44201
YY-Hex1HexNAc2-redEnd,YY,728.3942839,44201
Hex1HexNAc1NeuAc1-B,B,824.4154133,44201
Y-Hex3HexNAc1-B,BY,857.4256436,44201
Y-Hex2HexNAc2-B,BY,898.4521927,44201
YY-Hex2HexNAc2-redEnd,YY,932.4940575,44201
Y-Hex2HexNAc1NeuAc1-B,BY,1014.499537,44201
Y-Hex3HexNAc2-B,BY,1102.551966,44201
Y-Hex3HexNAc2-redEnd,Y,1150.609481,44201
Y-Hex2HexNAc2NeuAc1-B,BY,1259.62586,44201
Y-Hex5HexNAc1-B,BY,1265.625191,44201
YY-Hex4HexNAc2-redEnd,YY,1340.693605,44201
YY-Hex3HexNAc3-redEnd,YY,1381.720154,44201
Hex3HexNAc2NeuAc1-B,B,1477.741283,44201
Y-Hex5HexNAc2-B,BY,1510.751514,44201
Y-Hex5HexNAc2-B,BY,1510.751514,44201
YY-Hex4HexNAc3-redEnd,YY,1585.819927,44201
YY-Hex4HexNAc3-redEnd,YY,1585.819927,44201
Y-Hex5HexNAc1NeuAc1-B,BY,1626.798858,44201
YY-Hex3HexNAc4-redEnd,YY,1626.846477,44201
Y-Hex4HexNAc2NeuAc1-B,BY,1667.825407,44201
Y-Hex6HexNAc2-B,BY,1714.851287,44201
YY-Hex3HexNAc3NeuAc1-redEnd,YY,1742.893821,44201
Y-Hex5HexNAc3-B,BY,1755.877836,44201
YY-Hex5HexNAc3-redEnd,YY,1789.919701,44201
Y-Hex5HexNAc3-redEnd,Y,1803.935351,44201
YY-Hex4HexNAc4-redEnd,YY,1830.94625,44201
YY-Hex4HexNAc4-redEnd,YY,1830.94625,44201
YY-Hex4HexNAc4-redEnd,YY,1830.94625,44201
Y-Hex5HexNAc2NeuAc1-B,BY,1871.92518,44201
Y-Hex5HexNAc2NeuAc1-B,BY,1871.92518,44201
Y-Hex5HexNAc2NeuAc1-B,BY,1871.92518,44201
Y-Hex4HexNAc3NeuAc1-B,BY,1912.95173,44201
YY-Hex4HexNAc3NeuAc1-redEnd,YY,1946.993594,44201
Y-Hex6HexNAc3-B,BY,1959.97761,44201
YY-Hex3HexNAc4NeuAc1-redEnd,YY,1988.020143,44201
YY-Hex5HexNAc4-redEnd,YY,2035.046024,44201
YY-Hex5HexNAc4-redEnd,YY,2035.046024,44201
Y-Hex5HexNAc4-redEnd,Y,2049.061674,44201
Hex6HexNAc2NeuAc1-B,B,2090.040604,44201
Y-Hex5HexNAc3NeuAc1-B,BY,2117.051503,44201
Y-Hex5HexNAc3NeuAc1-B,BY,2117.051503,44201
Y-Hex5HexNAc3NeuAc1-redEnd,Y,2165.109018,44201
YY-Hex4HexNAc4NeuAc1-redEnd,YY,2192.119917,44201
Y-Hex4HexNAc4NeuAc1-redEnd,Y,2206.135567,44201
Y-Hex6HexNAc4-redEnd,Y,2253.161448,44201
Hex6HexNAc3NeuAc1-B,B,2335.166927,44201
Y-Hex5HexNAc4NeuAc1-redEnd,Y,2410.235341,44201
Y-Hex5HexNAc4NeuAc1-redEnd,Y,2410.235341,44201
Hex6HexNAc4NeuAc1-redEnd,NA,2628.350764,44201
Y-Hex1-B,BY,204.0997736,44202
Y-Hex1-B,BY,204.0997736,44202
Hex1-B,B,218.1154237,44202
Y-HexNAc1-B,BY,245.1263227,44202
Y-HexNAc1-B,BY,245.1263227,44202
Y-HexNAc1-redEnd,Y,293.1838376,44202
NeuAc1-B,B,375.1893169,44202
Hex2-B,B,422.2151973,44202
Y-Hex1HexNAc1-B,BY,449.2260963,44202
Y-HexNAc2-redEnd,Y,538.3101603,44202
Hex1NeuAc1-B,B,579.2890905,44202
Y-Hex3-B,BY,612.2993209,44202
YY-Hex1HexNAc2-redEnd,YY,728.3942839,44202
Hex1HexNAc1NeuAc1-B,B,824.4154133,44202
Y-Hex3HexNAc1-B,BY,857.4256436,44202
YY-Hex2HexNAc2-redEnd,YY,932.4940575,44202
Y-Hex2HexNAc1NeuAc1-B,BY,1014.499537,44202
Y-Hex3HexNAc2-redEnd,Y,1150.609481,44202
Y-Hex2HexNAc2NeuAc1-B,BY,1259.62586,44202
Y-Hex2HexNAc2NeuAc1-B,BY,1259.62586,44202
YY-Hex4HexNAc2-redEnd,YY,1340.693605,44202
Y-Hex3HexNAc2NeuAc1-B,BY,1463.725633,44202
YY-Hex4HexNAc3-redEnd,YY,1585.819927,44202
Y-Hex5HexNAc1NeuAc1-B,BY,1626.798858,44202
YY-Hex3HexNAc3NeuAc1-redEnd,YY,1742.893821,44202
YY-Hex5HexNAc3-redEnd,YY,1789.919701,44202
YY-Hex4HexNAc4-redEnd,YY,1830.94625,44202
Hex3HexNAc2NeuAc2-B,B,1838.91495,44202
Y-Hex5HexNAc2NeuAc1-B,BY,1871.92518,44202
Y-Hex5HexNAc2NeuAc1-B,BY,1871.92518,44202
Y-Hex5HexNAc2NeuAc1-B,BY,1871.92518,44202
YY-Hex4HexNAc3NeuAc1-redEnd,YY,1946.993594,44202
YY-Hex3HexNAc4NeuAc1-redEnd,YY,1988.020143,44202
YY-Hex3HexNAc4NeuAc1-redEnd,YY,1988.020143,44202
Y-Hex4HexNAc2NeuAc2-B,BY,2028.999074,44202
YY-Hex5HexNAc4-redEnd,YY,2035.046024,44202
Y-Hex6HexNAc2NeuAc1-B,BY,2076.024954,44202
Y-Hex5HexNAc3NeuAc1-B,BY,2117.051503,44202
Y-Hex5HexNAc3NeuAc1-B,BY,2117.051503,44202
Y-Hex5HexNAc3NeuAc1-redEnd,Y,2165.109018,44202
YY-Hex4HexNAc4NeuAc1-redEnd,YY,2192.119917,44202
YY-Hex4HexNAc4NeuAc1-redEnd,YY,2192.119917,44202
YY-Hex4HexNAc4NeuAc1-redEnd,YY,2192.119917,44202
Y-Hex5HexNAc2NeuAc2-B,BY,2233.098847,44202
YY-Hex6HexNAc4-redEnd,YY,2239.145797,44202
Y-Hex4HexNAc3NeuAc2-B,BY,2274.125396,44202
Y-Hex6HexNAc3NeuAc1-B,BY,2321.151277,44202
YY-Hex5HexNAc4NeuAc1-redEnd,YY,2396.219691,44202
Y-Hex5HexNAc4NeuAc1-redEnd,Y,2410.235341,44202
Y-Hex5HexNAc4NeuAc1-redEnd,Y,2410.235341,44202
Hex6HexNAc2NeuAc2-B,B,2451.214271,44202
Y-Hex5HexNAc3NeuAc2-B,BY,2478.22517,44202
Y-Hex4HexNAc4NeuAc2-redEnd,Y,2567.309234,44202
Y-Hex6HexNAc4NeuAc1-redEnd,Y,2614.335114,44202
Hex6HexNAc3NeuAc2-B,B,2696.340594,44202
Y-Hex5HexNAc4NeuAc2-redEnd,Y,2771.409008,44202
Hex6HexNAc4NeuAc2-redEnd,NA,2989.524431,44202
dHex1-B,B,188.104859,44211
Y-Hex1-B,BY,204.0997736,44211
Y-Hex1-B,BY,204.0997736,44211
Hex1-B,B,218.1154237,44211
Hex1-B,B,218.1154237,44211
Y-HexNAc1-B,BY,245.1263227,44211
Y-HexNAc1-B,BY,245.1263227,44211
YY-HexNAc1-redEnd,YY,279.1681875,44211
NeuAc1-B,B,375.1893169,44211
Hex2-B,B,422.2151973,44211
Y-Hex1HexNAc1-B,BY,449.2260963,44211
Hex1HexNAc1-B,B,463.2417464,44211
Y-HexNAc1dHex1-redEnd,Y,467.2730465,44211
YY-HexNAc2-redEnd,YY,524.2945103,44211
Hex1NeuAc1-B,B,579.2890905,44211
Y-Hex3-B,BY,612.2993209,44211
Y-Hex2HexNAc1-B,BY,653.32587,44211
Y-HexNAc2dHex1-redEnd,Y,712.3993693,44211
Hex1HexNAc1NeuAc1-B,B,824.4154133,44211
Y-Hex3HexNAc1-B,BY,857.4256436,44211
Y-Hex2HexNAc2-B,BY,898.4521927,44211
YY-Hex1HexNAc2dHex1-redEnd,YY,902.4834928,44211
Y-Hex2HexNAc1NeuAc1-B,BY,1014.499537,44211
Y-Hex3HexNAc2-B,BY,1102.551966,44211
YY-Hex2HexNAc2dHex1-redEnd,YY,1106.583266,44211
YY-Hex3HexNAc2-redEnd,YY,1136.593831,44211
Y-Hex2HexNAc2NeuAc1-B,BY,1259.62586,44211
Y-Hex5HexNAc1-B,BY,1265.625191,44211
Y-Hex3HexNAc2dHex1-redEnd,Y,1324.69869,44211
Hex3HexNAc2NeuAc1-B,B,1477.741283,44211
Y-Hex5HexNAc2-B,BY,1510.751514,44211
Y-Hex5HexNAc2-B,BY,1510.751514,44211
YY-Hex4HexNAc2dHex1-redEnd,YY,1514.782814,44211
YY-Hex3HexNAc3dHex1-redEnd,YY,1555.809363,44211
Y-Hex5HexNAc1NeuAc1-B,BY,1626.798858,44211
Y-Hex4HexNAc2NeuAc1-B,BY,1667.825407,44211
Y-Hex6HexNAc2-B,BY,1714.851287,44211
Y-Hex5HexNAc3-B,BY,1755.877836,44211
YY-Hex4HexNAc3dHex1-redEnd,YY,1759.909136,44211
YY-Hex4HexNAc3dHex1-redEnd,YY,1759.909136,44211
YY-Hex5HexNAc3-redEnd,YY,1789.919701,44211
YY-Hex3HexNAc4dHex1-redEnd,YY,1800.935686,44211
Y-Hex5HexNAc2NeuAc1-B,BY,1871.92518,44211
Y-Hex5HexNAc2NeuAc1-B,BY,1871.92518,44211
Y-Hex5HexNAc2NeuAc1-B,BY,1871.92518,44211
Y-Hex4HexNAc3NeuAc1-B,BY,1912.95173,44211
YY-Hex3HexNAc3NeuAc1dHex1-redEnd,YY,1916.98303,44211
Y-Hex6HexNAc3-B,BY,1959.97761,44211
YY-Hex5HexNAc3dHex1-redEnd,YY,1964.00891,44211
Y-Hex5HexNAc3dHex1-redEnd,Y,1978.02456,44211
YY-Hex4HexNAc4dHex1-redEnd,YY,2005.035459,44211
YY-Hex4HexNAc4dHex1-redEnd,YY,2005.035459,44211
YY-Hex4HexNAc4dHex1-redEnd,YY,2005.035459,44211
YY-Hex5HexNAc4-redEnd,YY,2035.046024,44211
Hex6HexNAc2NeuAc1-B,B,2090.040604,44211
Y-Hex5HexNAc3NeuAc1-B,BY,2117.051503,44211
Y-Hex5HexNAc3NeuAc1-B,BY,2117.051503,44211
YY-Hex4HexNAc3NeuAc1dHex1-redEnd,YY,2121.082803,44211
YY-Hex5HexNAc3NeuAc1-redEnd,YY,2151.093368,44211
YY-Hex3HexNAc4NeuAc1dHex1-redEnd,YY,2162.109352,44211
YY-Hex4HexNAc4NeuAc1-redEnd,YY,2192.119917,44211
YY-Hex5HexNAc4dHex1-redEnd,YY,2209.135233,44211
YY-Hex5HexNAc4dHex1-redEnd,YY,2209.135233,44211
Y-Hex5HexNAc4dHex1-redEnd,Y,2223.150883,44211
YY-Hex6HexNAc4-redEnd,YY,2239.145797,44211
Hex6HexNAc3NeuAc1-B,B,2335.166927,44211
Y-Hex5HexNAc3NeuAc1dHex1-redEnd,Y,2339.198227,44211
YY-Hex4HexNAc4NeuAc1dHex1-redEnd,YY,2366.209126,44211
Y-Hex4HexNAc4NeuAc1dHex1-redEnd,Y,2380.224776,44211
YY-Hex5HexNAc4NeuAc1-redEnd,YY,2396.219691,44211
YY-Hex5HexNAc4NeuAc1-redEnd,YY,2396.219691,44211
Y-Hex6HexNAc4dHex1-redEnd,Y,2427.250656,44211
Y-Hex5HexNAc4NeuAc1dHex1-redEnd,Y,2584.32455,44211
Y-Hex5HexNAc4NeuAc1dHex1-redEnd,Y,2584.32455,44211
Y-Hex6HexNAc4NeuAc1-redEnd,Y,2614.335114,44211
Hex6HexNAc4NeuAc1dHex1-redEnd,NA,2802.439973,44211
dHex1-B,B,188.104859,44212
Y-Hex1-B,BY,204.0997736,44212
Y-Hex1-B,BY,204.0997736,44212
Hex1-B,B,218.1154237,44212
Y-HexNAc1-B,BY,245.1263227,44212
Y-HexNAc1-B,BY,245.1263227,44212
YY-HexNAc1-redEnd,YY,279.1681875,44212
NeuAc1-B,B,375.1893169,44212
Hex2-B,B,422.2151973,44212
Y-Hex1HexNAc1-B,BY,449.2260963,44212
Y-HexNAc1dHex1-redEnd,Y,467.2730465,44212
YY-HexNAc2-redEnd,YY,524.2945103,44212
Hex1NeuAc1-B,B,579.2890905,44212
Y-Hex3-B,BY,612.2993209,44212
Y-HexNAc2dHex1-redEnd,Y,712.3993693,44212
Hex1HexNAc1NeuAc1-B,B,824.4154133,44212
Y-Hex3HexNAc1-B,BY,857.4256436,44212
YY-Hex1HexNAc2dHex1-redEnd,YY,902.4834928,44212
Y-Hex2HexNAc1NeuAc1-B,BY,1014.499537,44212
YY-Hex2HexNAc2dHex1-redEnd,YY,1106.583266,44212
YY-Hex3HexNAc2-redEnd,YY,1136.593831,44212
Y-Hex2HexNAc2NeuAc1-B,BY,1259.62586,44212
Y-Hex3HexNAc2dHex1-redEnd,Y,1324.69869,44212
Y-Hex3HexNAc2NeuAc1-B,BY,1463.725633,44212
YY-Hex4HexNAc2dHex1-redEnd,YY,1514.782814,44212
Y-Hex5HexNAc1NeuAc1-B,BY,1626.798858,44212
YY-Hex4HexNAc3dHex1-redEnd,YY,1759.909136,44212
Hex3HexNAc2NeuAc2-B,B,1838.91495,44212
Y-Hex5HexNAc2NeuAc1-B,BY,1871.92518,44212
Y-Hex5HexNAc2NeuAc1-B,BY,1871.92518,44212
YY-Hex3HexNAc3NeuAc1dHex1-redEnd,YY,1916.98303,44212
YY-Hex5HexNAc3dHex1-redEnd,YY,1964.00891,44212
YY-Hex4HexNAc4dHex1-redEnd,YY,2005.035459,44212
Y-Hex4HexNAc2NeuAc2-B,BY,2028.999074,44212
Y-Hex6HexNAc2NeuAc1-B,BY,2076.024954,44212
Y-Hex5HexNAc3NeuAc1-B,BY,2117.051503,44212
Y-Hex5HexNAc3NeuAc1-B,BY,2117.051503,44212
YY-Hex4HexNAc3NeuAc1dHex1-redEnd,YY,2121.082803,44212
YY-Hex5HexNAc3NeuAc1-redEnd,YY,2151.093368,44212
YY-Hex3HexNAc4NeuAc1dHex1-redEnd,YY,2162.109352,44212
YY-Hex3HexNAc4NeuAc1dHex1-redEnd,YY,2162.109352,44212
YY-Hex5HexNAc4dHex1-redEnd,YY,2209.135233,44212
Y-Hex5HexNAc2NeuAc2-B,BY,2233.098847,44212
Y-Hex4HexNAc3NeuAc2-B,BY,2274.125396,44212
Y-Hex6HexNAc3NeuAc1-B,BY,2321.151277,44212
Y-Hex5HexNAc3NeuAc1dHex1-redEnd,Y,2339.198227,44212
YY-Hex4HexNAc4NeuAc1dHex1-redEnd,YY,2366.209126,44212
YY-Hex4HexNAc4NeuAc1dHex1-redEnd,YY,2366.209126,44212
YY-Hex5HexNAc4NeuAc1-redEnd,YY,2396.219691,44212
YY-Hex5HexNAc4NeuAc1-redEnd,YY,2396.219691,44212
YY-Hex6HexNAc4dHex1-redEnd,YY,2413.235006,44212
Hex6HexNAc2NeuAc2-B,B,2451.214271,44212
Y-Hex5HexNAc3NeuAc2-B,BY,2478.22517,44212
YY-Hex4HexNAc4NeuAc2-redEnd,YY,2553.293584,44212
YY-Hex5HexNAc4NeuAc1dHex1-redEnd,YY,2570.3089,44212
Y-Hex5HexNAc4NeuAc1dHex1-redEnd,Y,2584.32455,44212
YY-Hex6HexNAc4NeuAc1-redEnd,YY,2600.319464,44212
Hex6HexNAc3NeuAc2-B,B,2696.340594,44212
Y-Hex4HexNAc4NeuAc2dHex1-redEnd,Y,2741.398443,44212
YY-Hex5HexNAc4NeuAc2-redEnd,YY,2757.393358,44212
Y-Hex6HexNAc4NeuAc1dHex1-redEnd,Y,2788.424323,44212
Y-Hex5HexNAc4NeuAc2dHex1-redEnd,Y,2945.498217,44212
Y-Hex6HexNAc4NeuAc2-redEnd,Y,2975.508781,44212
Hex6HexNAc4NeuAc2dHex1-redEnd,NA,3163.61364,44212
dHex1-B,B,188.104859,44220
Y-Hex1-B,BY,204.0997736,44220
Hex1-B,B,218.1154237,44220
Hex1-B,B,218.1154237,44220
Y-HexNAc1-B,BY,245.1263227,44220
Y-HexNAc1-B,BY,245.1263227,44220
YY-HexNAc1-redEnd,YY,279.1681875,44220
Y-HexNAc1dHex1-B,BY,419.2155317,44220
Hex2-B,B,422.2151973,44220
Y-Hex1HexNAc1-B,BY,449.2260963,44220
Hex1HexNAc1-B,B,463.2417464,44220
Y-HexNAc1dHex1-redEnd,Y,467.2730465,44220
YY-HexNAc2-redEnd,YY,524.2945103,44220
Y-Hex3-B,BY,612.2993209,44220
Hex1HexNAc1dHex1-B,B,637.3309553,44220
Y-Hex2HexNAc1-B,BY,653.32587,44220
Y-HexNAc2dHex1-redEnd,Y,712.3993693,44220
Y-Hex2HexNAc1dHex1-B,BY,827.4150789,44220
Y-Hex3HexNAc1-B,BY,857.4256436,44220
YY-Hex1HexNAc2dHex1-redEnd,YY,902.4834928,44220
Y-Hex2HexNAc2dHex1-B,BY,1072.541402,44220
Y-Hex2HexNAc2dHex1-B,BY,1072.541402,44220
Y-Hex3HexNAc2-B,BY,1102.551966,44220
YY-Hex2HexNAc2dHex1-redEnd,YY,1106.583266,44220
YY-Hex3HexNAc2-redEnd,YY,1136.593831,44220
Y-Hex5HexNAc1-B,BY,1265.625191,44220
Hex3HexNAc2dHex1-B,B,1290.656825,44220
Y-Hex3HexNAc2dHex1-redEnd,Y,1324.69869,44220
Y-Hex5HexNAc1dHex1-B,BY,1439.7144,44220
Y-Hex4HexNAc2dHex1-B,BY,1480.740949,44220
Y-Hex5HexNAc2-B,BY,1510.751514,44220
YY-Hex4HexNAc2dHex1-redEnd,YY,1514.782814,44220
YY-Hex3HexNAc3dHex1-redEnd,YY,1555.809363,44220
Y-Hex5HexNAc2dHex1-B,BY,1684.840722,44220
Y-Hex5HexNAc2dHex1-B,BY,1684.840722,44220
Y-Hex5HexNAc2dHex1-B,BY,1684.840722,44220
Y-Hex5HexNAc2dHex1-B,BY,1684.840722,44220
Y-Hex6HexNAc2-B,BY,1714.851287,44220
Y-Hex4HexNAc3dHex1-B,BY,1725.867272,44220
YY-Hex3HexNAc3dHex2-redEnd,YY,1729.898572,44220
YY-Hex4HexNAc3dHex1-redEnd,YY,1759.909136,44220
YY-Hex4HexNAc3dHex1-redEnd,YY,1759.909136,44220
YY-Hex5HexNAc3-redEnd,YY,1789.919701,44220
Hex6HexNAc2dHex1-B,B,1902.956146,44220
Y-Hex5HexNAc3dHex1-B,BY,1929.967045,44220
Y-Hex5HexNAc3dHex1-B,BY,1929.967045,44220
Y-Hex5HexNAc3dHex1-B,BY,1929.967045,44220
YY-Hex4HexNAc3dHex2-redEnd,YY,1933.998345,44220
YY-Hex4HexNAc3dHex2-redEnd,YY,1933.998345,44220
Y-Hex6HexNAc3-B,BY,1959.97761,44220
YY-Hex5HexNAc3dHex1-redEnd,YY,1964.00891,44220
YY-Hex5HexNAc3dHex1-redEnd,YY,1964.00891,44220
YY-Hex3HexNAc4dHex2-redEnd,YY,1975.024894,44220
YY-Hex3HexNAc4dHex2-redEnd,YY,1975.024894,44220
Y-Hex5HexNAc3dHex1-redEnd,Y,1978.02456,44220
YY-Hex4HexNAc4dHex1-redEnd,YY,2005.035459,44220
YY-Hex4HexNAc4dHex1-redEnd,YY,2005.035459,44220
Hex6HexNAc3dHex1-B,B,2148.082469,44220
Y-Hex5HexNAc3dHex2-redEnd,Y,2152.113769,44220
YY-Hex4HexNAc4dHex2-redEnd,YY,2179.124668,44220
YY-Hex4HexNAc4dHex2-redEnd,YY,2179.124668,44220
YY-Hex4HexNAc4dHex2-redEnd,YY,2179.124668,44220
Y-Hex4HexNAc4dHex2-redEnd,Y,2193.140318,44220
YY-Hex5HexNAc4dHex1-redEnd,YY,2209.135233,44220
YY-Hex5HexNAc4dHex1-redEnd,YY,2209.135233,44220
YY-Hex5HexNAc4dHex1-redEnd,YY,2209.135233,44220
YY-Hex5HexNAc4dHex1-redEnd,YY,2209.135233,44220
YY-Hex5HexNAc4dHex1-redEnd,YY,2209.135233,44220
YY-Hex5HexNAc4dHex1-redEnd,YY,2209.135233,44220
YY-Hex6HexNAc4-redEnd,YY,2239.145797,44220
Y-Hex5HexNAc4dHex2-redEnd,Y,2397.240092,44220
Y-Hex5HexNAc4dHex2-redEnd,Y,2397.240092,44220
Y-Hex5HexNAc4dHex2-redEnd,Y,2397.240092,44220
Y-Hex6HexNAc4dHex1-redEnd,Y,2427.250656,44220
Y-Hex6HexNAc4dHex1-redEnd,Y,2427.250656,44220
Hex6HexNAc4dHex2-redEnd,NA,2615.355515,44220
dHex1-B,B,188.104859,44221
Y-Hex1-B,BY,204.0997736,44221
Y-Hex1-B,BY,204.0997736,44221
Hex1-B,B,218.1154237,44221
Hex1-B,B,218.1154237,44221
Y-HexNAc1-B,BY,245.1263227,44221
Y-HexNAc1-B,BY,245.1263227,44221
YY-HexNAc1-redEnd,YY,279.1681875,44221
NeuAc1-B,B,375.1893169,44221
Y-HexNAc1dHex1-B,BY,419.2155317,44221
Hex2-B,B,422.2151973,44221
Y-Hex1HexNAc1-B,BY,449.2260963,44221
Y-Hex1HexNAc1-B,BY,449.2260963,44221
Y-HexNAc1dHex1-redEnd,Y,467.2730465,44221
YY-HexNAc2-redEnd,YY,524.2945103,44221
Hex1NeuAc1-B,B,579.2890905,44221
Y-Hex3-B,BY,612.2993209,44221
Hex1HexNAc1dHex1-B,B,637.3309553,44221
Y-HexNAc2dHex1-redEnd,Y,712.3993693,44221
Hex1HexNAc1NeuAc1-B,B,824.4154133,44221
Y-Hex2HexNAc1dHex1-B,BY,827.4150789,44221
Y-Hex3HexNAc1-B,BY,857.4256436,44221
YY-Hex1HexNAc2dHex1-redEnd,YY,902.4834928,44221
Y-Hex2HexNAc1NeuAc1-B,BY,1014.499537,44221
Y-Hex2HexNAc2dHex1-B,BY,1072.541402,44221
YY-Hex2HexNAc2dHex1-redEnd,YY,1106.583266,44221
YY-Hex3HexNAc2-redEnd,YY,1136.593831,44221
Y-Hex3HexNAc2dHex1-B,BY,1276.641175,44221
Y-Hex3HexNAc2dHex1-redEnd,Y,1324.69869,44221
Y-Hex2HexNAc2NeuAc1dHex1-B,BY,1433.715068,44221
Y-Hex5HexNAc1dHex1-B,BY,1439.7144,44221
Y-Hex3HexNAc2NeuAc1-B,BY,1463.725633,44221
YY-Hex4HexNAc2dHex1-redEnd,YY,1514.782814,44221
Y-Hex5HexNAc1NeuAc1-B,BY,1626.798858,44221
Hex3HexNAc2NeuAc1dHex1-B,B,1651.830492,44221
Y-Hex5HexNAc2dHex1-B,BY,1684.840722,44221
Y-Hex5HexNAc2dHex1-B,BY,1684.840722,44221
YY-Hex3HexNAc3dHex2-redEnd,YY,1729.898572,44221
YY-Hex4HexNAc3dHex1-redEnd,YY,1759.909136,44221
Y-Hex4HexNAc2NeuAc1dHex1-B,BY,1841.914616,44221
Y-Hex5HexNAc2NeuAc1-B,BY,1871.92518,44221
Y-Hex6HexNAc2dHex1-B,BY,1888.940496,44221
YY-Hex3HexNAc3NeuAc1dHex1-redEnd,YY,1916.98303,44221
Y-Hex5HexNAc3dHex1-B,BY,1929.967045,44221
YY-Hex4HexNAc3dHex2-redEnd,YY,1933.998345,44221
YY-Hex4HexNAc3dHex2-redEnd,YY,1933.998345,44221
YY-Hex5HexNAc3dHex1-redEnd,YY,1964.00891,44221
YY-Hex5HexNAc3dHex1-redEnd,YY,1964.00891,44221
YY-Hex5HexNAc3dHex1-redEnd,YY,1964.00891,44221
YY-Hex3HexNAc4dHex2-redEnd,YY,1975.024894,44221
Y-Hex5HexNAc2NeuAc1dHex1-B,BY,2046.014389,44221
Y-Hex5HexNAc2NeuAc1dHex1-B,BY,2046.014389,44221
Y-Hex6HexNAc2NeuAc1-B,BY,2076.024954,44221
Y-Hex4HexNAc3NeuAc1dHex1-B,BY,2087.040938,44221
YY-Hex4HexNAc3NeuAc1dHex1-redEnd,YY,2121.082803,44221
Y-Hex6HexNAc3dHex1-B,BY,2134.066819,44221
YY-Hex5HexNAc3NeuAc1-redEnd,YY,2151.093368,44221
Y-Hex5HexNAc3dHex2-redEnd,Y,2152.113769,44221
YY-Hex4HexNAc4dHex2-redEnd,YY,2179.124668,44221
YY-Hex4HexNAc4dHex2-redEnd,YY,2179.124668,44221
YY-Hex4HexNAc4dHex2-redEnd,YY,2179.124668,44221
YY-Hex5HexNAc4dHex1-redEnd,YY,2209.135233,44221
YY-Hex5HexNAc4dHex1-redEnd,YY,2209.135233,44221
Hex6HexNAc2NeuAc1dHex1-B,B,2264.129813,44221
Y-Hex5HexNAc3NeuAc1dHex1-B,BY,2291.140712,44221
Y-Hex5HexNAc3NeuAc1dHex1-B,BY,2291.140712,44221
Y-Hex6HexNAc3NeuAc1-B,BY,2321.151277,44221
YY-Hex3HexNAc4NeuAc1dHex2-redEnd,YY,2336.198561,44221
Y-Hex5HexNAc3NeuAc1dHex1-redEnd,Y,2339.198227,44221
YY-Hex4HexNAc4NeuAc1dHex1-redEnd,YY,2366.209126,44221
YY-Hex4HexNAc4NeuAc1dHex1-redEnd,YY,2366.209126,44221
YY-Hex5HexNAc4dHex2-redEnd,YY,2383.224442,44221
YY-Hex5HexNAc4dHex2-redEnd,YY,2383.224442,44221
Y-Hex5HexNAc4dHex2-redEnd,Y,2397.240092,44221
YY-Hex6HexNAc4dHex1-redEnd,YY,2413.235006,44221
YY-Hex6HexNAc4dHex1-redEnd,YY,2413.235006,44221
Hex6HexNAc3NeuAc1dHex1-B,B,2509.256136,44221
YY-Hex4HexNAc4NeuAc1dHex2-redEnd,YY,2540.298335,44221
Y-Hex4HexNAc4NeuAc1dHex2-redEnd,Y,2554.313985,44221
YY-Hex5HexNAc4NeuAc1dHex1-redEnd,YY,2570.3089,44221
YY-Hex5HexNAc4NeuAc1dHex1-redEnd,YY,2570.3089,44221
YY-Hex5HexNAc4NeuAc1dHex1-redEnd,YY,2570.3089,44221
YY-Hex5HexNAc4NeuAc1dHex1-redEnd,YY,2570.3089,44221
YY-Hex6HexNAc4NeuAc1-redEnd,YY,2600.319464,44221
Y-Hex6HexNAc4dHex2-redEnd,Y,2601.339865,44221
Y-Hex5HexNAc4NeuAc1dHex2-redEnd,Y,2758.413759,44221
Y-Hex5HexNAc4NeuAc1dHex2-redEnd,Y,2758.413759,44221
Y-Hex6HexNAc4NeuAc1dHex1-redEnd,Y,2788.424323,44221
Y-Hex6HexNAc4NeuAc1dHex1-redEnd,Y,2788.424323,44221
Hex6HexNAc4NeuAc1dHex2-redEnd,NA,2976.529182,44221
dHex1-B,B,188.104859,45210
Hex1-B,B,218.1154237,45210
Hex1-B,B,218.1154237,45210
Y-HexNAc1-B,BY,245.1263227,45210
Y-HexNAc1-B,BY,245.1263227,45210
YY-HexNAc1-redEnd,YY,279.1681875,45210
Y-Hex2-B,BY,408.1995472,45210
Hex1HexNAc1-B,B,463.2417464,45210
Y-HexNAc1dHex1-redEnd,Y,467.2730465,45210
YY-HexNAc2-redEnd,YY,524.2945103,45210
Hex3-B,B,626.3149709,45210
Y-Hex2HexNAc1-B,BY,653.32587,45210
Y-HexNAc2dHex1-redEnd,Y,712.3993693,45210
Y-Hex4-B,BY,816.3990945,45210
Y-Hex2HexNAc2-B,BY,898.4521927,45210
YY-Hex1HexNAc2dHex1-redEnd,YY,902.4834928,45210
Y-Hex4HexNAc1-B,BY,1061.525417,45210
Hex3HexNAc2-B,B,1116.567616,45210
Y-Hex4HexNAc2-B,BY,1306.65174,45210
YY-Hex3HexNAc2dHex1-redEnd,YY,1310.68304,45210
YY-Hex4HexNAc2-redEnd,YY,1340.693605,45210
Y-Hex6HexNAc1-B,BY,1469.724964,45210
Y-Hex4HexNAc2dHex1-redEnd,Y,1528.798464,45210
Y-Hex4HexNAc3-B,BY,1551.778063,45210
YY-Hex3HexNAc3dHex1-redEnd,YY,1555.809363,45210
Y-Hex6HexNAc2-B,BY,1714.851287,45210
Y-Hex6HexNAc2-B,BY,1714.851287,45210
Y-Hex6HexNAc2-B,BY,1714.851287,45210
YY-Hex5HexNAc2dHex1-redEnd,YY,1718.882587,45210
YY-Hex3HexNAc4dHex1-redEnd,YY,1800.935686,45210
YY-Hex4HexNAc4-redEnd,YY,1830.94625,45210
Hex7HexNAc2-B,B,1932.966711,45210
Y-Hex6HexNAc3-B,BY,1959.97761,45210
Y-Hex6HexNAc3-B,BY,1959.97761,45210
YY-Hex5HexNAc3dHex1-redEnd,YY,1964.00891,45210
YY-Hex5HexNAc3dHex1-redEnd,YY,1964.00891,45210
YY-Hex6HexNAc3-redEnd,YY,1994.019475,45210
Y-Hex4HexNAc4dHex1-redEnd,Y,2019.051109,45210
Hex7HexNAc3-B,B,2178.093034,45210
Y-Hex6HexNAc3dHex1-redEnd,Y,2182.124334,45210
YY-Hex5HexNAc4dHex1-redEnd,YY,2209.135233,45210
YY-Hex5HexNAc4dHex1-redEnd,YY,2209.135233,45210
YY-Hex5HexNAc4dHex1-redEnd,YY,2209.135233,45210
YY-Hex6HexNAc4-redEnd,YY,2239.145797,45210
YY-Hex6HexNAc4-redEnd,YY,2239.145797,45210
Y-Hex6HexNAc4dHex1-redEnd,Y,2427.250656,45210
Y-Hex6HexNAc4dHex1-redEnd,Y,2427.250656,45210
Y-Hex7HexNAc4-redEnd,Y,2457.261221,45210
Hex7HexNAc4dHex1-redEnd,NA,2645.36608,45210
dHex1-B,B,188.104859,45221
Y-Hex1-B,BY,204.0997736,45221
Hex1-B,B,218.1154237,45221
Hex1-B,B,218.1154237,45221
Y-HexNAc1-B,BY,245.1263227,45221
Y-HexNAc1-B,BY,245.1263227,45221
YY-HexNAc1-redEnd,YY,279.1681875,45221
NeuAc1-B,B,375.1893169,45221
Y-Hex2-B,BY,408.1995472,45221
Y-HexNAc1dHex1-B,BY,419.2155317,45221
Y-Hex1HexNAc1-B,BY,449.2260963,45221
Y-Hex1HexNAc1-B,BY,449.2260963,45221
Y-HexNAc1dHex1-redEnd,Y,467.2730465,45221
YY-HexNAc2-redEnd,YY,524.2945103,45221
Hex1NeuAc1-B,B,579.2890905,45221
Hex3-B,B,626.3149709,45221
Hex1HexNAc1dHex1-B,B,637.3309553,45221
Y-HexNAc2dHex1-redEnd,Y,712.3993693,45221
Y-Hex4-B,BY,816.3990945,45221
Hex1HexNAc1NeuAc1-B,B,824.4154133,45221
Y-Hex2HexNAc1dHex1-B,BY,827.4150789,45221
YY-Hex1HexNAc2dHex1-redEnd,YY,902.4834928,45221
Y-Hex2HexNAc1NeuAc1-B,BY,1014.499537,45221
Y-Hex4HexNAc1-B,BY,1061.525417,45221
Y-Hex2HexNAc2dHex1-B,BY,1072.541402,45221
Y-Hex3HexNAc2dHex1-B,BY,1276.641175,45221
YY-Hex3HexNAc2dHex1-redEnd,YY,1310.68304,45221
YY-Hex4HexNAc2-redEnd,YY,1340.693605,45221
Y-Hex2HexNAc2NeuAc1dHex1-B,BY,1433.715068,45221
Y-Hex3HexNAc2NeuAc1-B,BY,1463.725633,45221
Y-Hex4HexNAc2dHex1-redEnd,Y,1528.798464,45221
Y-Hex6HexNAc1dHex1-B,BY,1643.814173,45221
Hex3HexNAc2NeuAc1dHex1-B,B,1651.830492,45221
YY-Hex5HexNAc2dHex1-redEnd,YY,1718.882587,45221
YY-Hex3HexNAc3dHex2-redEnd,YY,1729.898572,45221
Y-Hex6HexNAc1NeuAc1-B,BY,1830.898631,45221
Y-Hex4HexNAc2NeuAc1dHex1-B,BY,1841.914616,45221
Y-Hex6HexNAc2dHex1-B,BY,1888.940496,45221
Y-Hex6HexNAc2dHex1-B,BY,1888.940496,45221
YY-Hex3HexNAc3NeuAc1dHex1-redEnd,YY,1916.98303,45221
YY-Hex5HexNAc3dHex1-redEnd,YY,1964.00891,45221
YY-Hex3HexNAc4dHex2-redEnd,YY,1975.024894,45221
Y-Hex6HexNAc2NeuAc1-B,BY,2076.024954,45221
Y-Hex4HexNAc3NeuAc1dHex1-B,BY,2087.040938,45221
Y-Hex7HexNAc2dHex1-B,BY,2093.04027,45221
Y-Hex6HexNAc3dHex1-B,BY,2134.066819,45221
YY-Hex5HexNAc3dHex2-redEnd,YY,2138.098119,45221
YY-Hex5HexNAc3dHex2-redEnd,YY,2138.098119,45221
YY-Hex6HexNAc3dHex1-redEnd,YY,2168.108684,45221
YY-Hex6HexNAc3dHex1-redEnd,YY,2168.108684,45221
YY-Hex6HexNAc3dHex1-redEnd,YY,2168.108684,45221
YY-Hex4HexNAc4dHex2-redEnd,YY,2179.124668,45221
Y-Hex6HexNAc2NeuAc1dHex1-B,BY,2250.114163,45221
Y-Hex6HexNAc2NeuAc1dHex1-B,BY,2250.114163,45221
Y-Hex7HexNAc2NeuAc1-B,BY,2280.124728,45221
YY-Hex5HexNAc3NeuAc1dHex1-redEnd,YY,2325.182577,45221
YY-Hex3HexNAc4NeuAc1dHex2-redEnd,YY,2336.198561,45221
Y-Hex7HexNAc3dHex1-B,BY,2338.166592,45221
YY-Hex6HexNAc3NeuAc1-redEnd,YY,2355.193142,45221
Y-Hex6HexNAc3dHex2-redEnd,Y,2356.213543,45221
YY-Hex4HexNAc4NeuAc1dHex1-redEnd,YY,2366.209126,45221
YY-Hex4HexNAc4NeuAc1dHex1-redEnd,YY,2366.209126,45221
YY-Hex5HexNAc4dHex2-redEnd,YY,2383.224442,45221
YY-Hex5HexNAc4dHex2-redEnd,YY,2383.224442,45221
YY-Hex6HexNAc4dHex1-redEnd,YY,2413.235006,45221
YY-Hex6HexNAc4dHex1-redEnd,YY,2413.235006,45221
Hex7HexNAc2NeuAc1dHex1-B,B,2468.229587,45221
Y-Hex6HexNAc3NeuAc1dHex1-B,BY,2495.240486,45221
Y-Hex6HexNAc3NeuAc1dHex1-B,BY,2495.240486,45221
Y-Hex7HexNAc3NeuAc1-B,BY,2525.25105,45221
Y-Hex6HexNAc3NeuAc1dHex1-redEnd,Y,2543.298001,45221
Y-Hex4HexNAc4NeuAc1dHex2-redEnd,Y,2554.313985,45221
YY-Hex6HexNAc4dHex2-redEnd,YY,2587.324215,45221
YY-Hex6HexNAc4dHex2-redEnd,YY,2587.324215,45221
Y-Hex6HexNAc4dHex2-redEnd,Y,2601.339865,45221
YY-Hex7HexNAc4dHex1-redEnd,YY,2617.33478,45221
YY-Hex7HexNAc4dHex1-redEnd,YY,2617.33478,45221
Hex7HexNAc3NeuAc1dHex1-B,B,2713.355909,45221
YY-Hex5HexNAc4NeuAc1dHex2-redEnd,YY,2744.398109,45221
YY-Hex5HexNAc4NeuAc1dHex2-redEnd,YY,2744.398109,45221
YY-Hex6HexNAc4NeuAc1dHex1-redEnd,YY,2774.408673,45221
YY-Hex6HexNAc4NeuAc1dHex1-redEnd,YY,2774.408673,45221
YY-Hex6HexNAc4NeuAc1dHex1-redEnd,YY,2774.408673,45221
YY-Hex6HexNAc4NeuAc1dHex1-redEnd,YY,2774.408673,45221
YY-Hex7HexNAc4NeuAc1-redEnd,YY,2804.419238,45221
Y-Hex7HexNAc4dHex2-redEnd,Y,2805.439639,45221
Y-Hex6HexNAc4NeuAc1dHex2-redEnd,Y,2962.513532,45221
Y-Hex6HexNAc4NeuAc1dHex2-redEnd,Y,2962.513532,45221
Y-Hex7HexNAc4NeuAc1dHex1-redEnd,Y,2992.524097,45221
Y-Hex7HexNAc4NeuAc1dHex1-redEnd,Y,2992.524097,45221
Hex7HexNAc4NeuAc1dHex2-redEnd,NA,3180.628956,45221
Y-Hex1-B,BY,204.0997736,53000
Y-HexNAc1-B,BY,245.1263227,53000
HexNAc1-B,B,259.1419728,53000
Y-HexNAc1-redEnd,Y,293.1838376,53000
Y-Hex1HexNAc1-B,BY,449.2260963,53000
Hex1HexNAc1-B,B,463.2417464,53000
Y-HexNAc2-redEnd,Y,538.3101603,53000
Y-Hex2HexNAc1-B,BY,653.32587,53000
Hex1HexNAc2-B,B,708.3680691,53000
YY-Hex1HexNAc2-redEnd,YY,728.3942839,53000
Y-Hex2HexNAc2-B,BY,898.4521927,53000
Y-Hex2HexNAc2-B,BY,898.4521927,53000
YY-Hex2HexNAc2-redEnd,YY,932.4940575,53000
Y-Hex3HexNAc2-B,BY,1102.551966,53000
Y-Hex3HexNAc2-B,BY,1102.551966,53000
Y-Hex2HexNAc3-B,BY,1143.578515,53000
YY-Hex2HexNAc3-redEnd,YY,1177.62038,53000
Y-Hex2HexNAc3-redEnd,Y,1191.63603,53000
Y-Hex3HexNAc3-B,BY,1347.678289,53000
Y-Hex3HexNAc3-B,BY,1347.678289,53000
Hex3HexNAc3-B,B,1361.693939,53000
YY-Hex3HexNAc3-redEnd,YY,1381.720154,53000
YY-Hex3HexNAc3-redEnd,YY,1381.720154,53000
Y-Hex2HexNAc4-redEnd,Y,1436.762353,53000
Hex3HexNAc4-B,B,1606.820262,53000
Y-Hex3HexNAc4-redEnd,Y,1640.862127,53000
Y-Hex3HexNAc4-redEnd,Y,1640.862127,53000
Hex3HexNAc5-redEnd,NA,1900.004099,53000
dHex1-B,B,188.104859,53010
Y-Hex1-B,BY,204.0997736,53010
Y-HexNAc1-B,BY,245.1263227,53010
HexNAc1-B,B,259.1419728,53010
YY-HexNAc1-redEnd,YY,279.1681875,53010
Y-Hex1HexNAc1-B,BY,449.2260963,53010
Hex1HexNAc1-B,B,463.2417464,53010
Y-HexNAc1dHex1-redEnd,Y,467.2730465,53010
YY-HexNAc2-redEnd,YY,524.2945103,53010
Y-Hex2HexNAc1-B,BY,653.32587,53010
Hex1HexNAc2-B,B,708.3680691,53010
Y-HexNAc2dHex1-redEnd,Y,712.3993693,53010
Y-Hex2HexNAc2-B,BY,898.4521927,53010
Y-Hex2HexNAc2-B,BY,898.4521927,53010
YY-Hex1HexNAc2dHex1-redEnd,YY,902.4834928,53010
Y-Hex3HexNAc2-B,BY,1102.551966,53010
Y-Hex3HexNAc2-B,BY,1102.551966,53010
YY-Hex2HexNAc2dHex1-redEnd,YY,1106.583266,53010
Y-Hex2HexNAc3-B,BY,1143.578515,53010
YY-Hex2HexNAc3-redEnd,YY,1177.62038,53010
Y-Hex3HexNAc3-B,BY,1347.678289,53010
Y-Hex3HexNAc3-B,BY,1347.678289,53010
YY-Hex2HexNAc3dHex1-redEnd,YY,1351.709589,53010
Hex3HexNAc3-B,B,1361.693939,53010
Y-Hex2HexNAc3dHex1-redEnd,Y,1365.725239,53010
YY-Hex2HexNAc4-redEnd,YY,1422.746703,53010
YY-Hex3HexNAc3dHex1-redEnd,YY,1555.809363,53010
YY-Hex3HexNAc3dHex1-redEnd,YY,1555.809363,53010
Hex3HexNAc4-B,B,1606.820262,53010
Y-Hex2HexNAc4dHex1-redEnd,Y,1610.851562,53010
YY-Hex3HexNAc4-redEnd,YY,1626.846477,53010
YY-Hex3HexNAc4-redEnd,YY,1626.846477,53010
Y-Hex3HexNAc4dHex1-redEnd,Y,1814.951336,53010
Y-Hex3HexNAc4dHex1-redEnd,Y,1814.951336,53010
Y-Hex3HexNAc5-redEnd,Y,1885.988449,53010
Hex3HexNAc5dHex1-redEnd,NA,2074.093308,53010
Y-Hex1-B,BY,204.0997736,53100
Hex1-B,B,218.1154237,53100
Y-HexNAc1-B,BY,245.1263227,53100
Y-HexNAc1-B,BY,245.1263227,53100
HexNAc1-B,B,259.1419728,53100
Y-HexNAc1-redEnd,Y,293.1838376,53100
Y-Hex1HexNAc1-B,BY,449.2260963,53100
Y-Hex1HexNAc1-B,BY,449.2260963,53100
Hex1HexNAc1-B,B,463.2417464,53100
Y-HexNAc2-redEnd,Y,538.3101603,53100
Hex2HexNAc1-B,B,667.34152,53100
Hex1HexNAc2-B,B,708.3680691,53100
YY-Hex1HexNAc2-redEnd,YY,728.3942839,53100
Y-Hex3HexNAc1-B,BY,857.4256436,53100
Y-Hex2HexNAc2-B,BY,898.4521927,53100
YY-Hex2HexNAc2-redEnd,YY,932.4940575,53100
Y-Hex3HexNAc2-B,BY,1102.551966,53100
Y-Hex3HexNAc2-B,BY,1102.551966,53100
Y-Hex2HexNAc3-B,BY,1143.578515,53100
YY-Hex2HexNAc3-redEnd,YY,1177.62038,53100
YY-Hex2HexNAc3-redEnd,YY,1177.62038,53100
Y-Hex4HexNAc2-B,BY,1306.65174,53100
Y-Hex3HexNAc3-B,BY,1347.678289,53100
Y-Hex3HexNAc3-B,BY,1347.678289,53100
YY-Hex3HexNAc3-redEnd,YY,1381.720154,53100
Y-Hex3HexNAc3-redEnd,Y,1395.735804,53100
Y-Hex2HexNAc4-redEnd,Y,1436.762353,53100
Y-Hex4HexNAc3-B,BY,1551.778063,53100
Hex4HexNAc3-B,B,1565.793713,53100
YY-Hex4HexNAc3-redEnd,YY,1585.819927,53100
Y-Hex3HexNAc4-B,BY,1592.804612,53100
YY-Hex3HexNAc4-redEnd,YY,1626.846477,53100
Y-Hex3HexNAc4-redEnd,Y,1640.862127,53100
Hex4HexNAc4-B,B,1810.920035,53100
Y-Hex4HexNAc4-redEnd,Y,1844.9619,53100
Y-Hex3HexNAc5-redEnd,Y,1885.988449,53100
Hex4HexNAc5-redEnd,NA,2104.103873,53100
Y-Hex1-B,BY,204.0997736,53101
Y-Hex1-B,BY,204.0997736,53101
Y-HexNAc1-B,BY,245.1263227,53101
Y-HexNAc1-B,BY,245.1263227,53101
HexNAc1-B,B,259.1419728,53101
Y-HexNAc1-redEnd,Y,293.1838376,53101
NeuAc1-B,B,375.1893169,53101
Y-Hex1HexNAc1-B,BY,449.2260963,53101
Y-Hex1HexNAc1-B,BY,449.2260963,53101
Y-Hex1HexNAc1-B,BY,449.2260963,53101
Y-HexNAc2-redEnd,Y,538.3101603,53101
Hex1NeuAc1-B,B,579.2890905,53101
Y-Hex2HexNAc1-B,BY,653.32587,53101
Hex1HexNAc2-B,B,708.3680691,53101
YY-Hex1HexNAc2-redEnd,YY,728.3942839,53101
Hex1HexNAc1NeuAc1-B,B,824.4154133,53101
Y-Hex2HexNAc2-B,BY,898.4521927,53101
YY-Hex2HexNAc2-redEnd,YY,932.4940575,53101
Hex2HexNAc1NeuAc1-B,B,1028.515187,53101
Y-Hex3HexNAc2-B,BY,1102.551966,53101
Y-Hex2HexNAc3-B,BY,1143.578515,53101
YY-Hex2HexNAc3-redEnd,YY,1177.62038,53101
YY-Hex2HexNAc3-redEnd,YY,1177.62038,53101
Y-Hex3HexNAc1NeuAc1-B,BY,1218.59931,53101
Y-Hex3HexNAc3-B,BY,1347.678289,53101
Y-Hex3HexNAc3-B,BY,1347.678289,53101
YY-Hex3HexNAc3-redEnd,YY,1381.720154,53101
YY-Hex3HexNAc3-redEnd,YY,1381.720154,53101
Y-Hex2HexNAc4-redEnd,Y,1436.762353,53101
Y-Hex3HexNAc2NeuAc1-B,BY,1463.725633,53101
Y-Hex4HexNAc3-B,BY,1551.778063,53101
Y-Hex3HexNAc4-B,BY,1592.804612,53101
YY-Hex3HexNAc4-redEnd,YY,1626.846477,53101
Y-Hex3HexNAc4-redEnd,Y,1640.862127,53101
Y-Hex4HexNAc2NeuAc1-B,BY,1667.825407,53101
Y-Hex3HexNAc3NeuAc1-redEnd,Y,1756.909471,53101
Y-Hex4HexNAc4-B,BY,1796.904385,53101
YY-Hex4HexNAc4-redEnd,YY,1830.94625,53101
Y-Hex3HexNAc5-redEnd,Y,1885.988449,53101
Y-Hex4HexNAc3NeuAc1-B,BY,1912.95173,53101
Hex4HexNAc3NeuAc1-B,B,1926.96738,53101
YY-Hex4HexNAc3NeuAc1-redEnd,YY,1946.993594,53101
Y-Hex4HexNAc5-redEnd,Y,2090.088223,53101
Hex4HexNAc4NeuAc1-B,B,2172.093702,53101
Y-Hex4HexNAc4NeuAc1-redEnd,Y,2206.135567,53101
Hex4HexNAc5NeuAc1-redEnd,NA,2465.27754,53101
dHex1-B,B,188.104859,53110
Y-Hex1-B,BY,204.0997736,53110
Hex1-B,B,218.1154237,53110
Y-HexNAc1-B,BY,245.1263227,53110
Y-HexNAc1-B,BY,245.1263227,53110
HexNAc1-B,B,259.1419728,53110
YY-HexNAc1-redEnd,YY,279.1681875,53110
Y-Hex1HexNAc1-B,BY,449.2260963,53110
Y-Hex1HexNAc1-B,BY,449.2260963,53110
Hex1HexNAc1-B,B,463.2417464,53110
Y-HexNAc1dHex1-redEnd,Y,467.2730465,53110
YY-HexNAc2-redEnd,YY,524.2945103,53110
Hex2HexNAc1-B,B,667.34152,53110
Hex1HexNAc2-B,B,708.3680691,53110
Y-HexNAc2dHex1-redEnd,Y,712.3993693,53110
Y-Hex3HexNAc1-B,BY,857.4256436,53110
Y-Hex2HexNAc2-B,BY,898.4521927,53110
YY-Hex1HexNAc2dHex1-redEnd,YY,902.4834928,53110
Y-Hex3HexNAc2-B,BY,1102.551966,53110
Y-Hex3HexNAc2-B,BY,1102.551966,53110
YY-Hex2HexNAc2dHex1-redEnd,YY,1106.583266,53110
Y-Hex2HexNAc3-B,BY,1143.578515,53110
Y-Hex4HexNAc2-B,BY,1306.65174,53110
Y-Hex3HexNAc3-B,BY,1347.678289,53110
Y-Hex3HexNAc3-B,BY,1347.678289,53110
YY-Hex2HexNAc3dHex1-redEnd,YY,1351.709589,53110
YY-Hex2HexNAc3dHex1-redEnd,YY,1351.709589,53110
YY-Hex3HexNAc3-redEnd,YY,1381.720154,53110
YY-Hex2HexNAc4-redEnd,YY,1422.746703,53110
Y-Hex4HexNAc3-B,BY,1551.778063,53110
YY-Hex3HexNAc3dHex1-redEnd,YY,1555.809363,53110
Hex4HexNAc3-B,B,1565.793713,53110
Y-Hex3HexNAc3dHex1-redEnd,Y,1569.825013,53110
Y-Hex3HexNAc4-B,BY,1592.804612,53110
Y-Hex2HexNAc4dHex1-redEnd,Y,1610.851562,53110
YY-Hex3HexNAc4-redEnd,YY,1626.846477,53110
YY-Hex4HexNAc3dHex1-redEnd,YY,1759.909136,53110
YY-Hex3HexNAc4dHex1-redEnd,YY,1800.935686,53110
Hex4HexNAc4-B,B,1810.920035,53110
Y-Hex3HexNAc4dHex1-redEnd,Y,1814.951336,53110
YY-Hex4HexNAc4-redEnd,YY,1830.94625,53110
YY-Hex3HexNAc5-redEnd,YY,1871.972799,53110
Y-Hex4HexNAc4dHex1-redEnd,Y,2019.051109,53110
Y-Hex3HexNAc5dHex1-redEnd,Y,2060.077658,53110
Y-Hex4HexNAc5-redEnd,Y,2090.088223,53110
Hex4HexNAc5dHex1-redEnd,NA,2278.193082,53110
dHex1-B,B,188.104859,53111
Y-Hex1-B,BY,204.0997736,53111
Y-Hex1-B,BY,204.0997736,53111
Y-HexNAc1-B,BY,245.1263227,53111
Y-HexNAc1-B,BY,245.1263227,53111
HexNAc1-B,B,259.1419728,53111
YY-HexNAc1-redEnd,YY,279.1681875,53111
NeuAc1-B,B,375.1893169,53111
Y-Hex1HexNAc1-B,BY,449.2260963,53111
Y-Hex1HexNAc1-B,BY,449.2260963,53111
Y-Hex1HexNAc1-B,BY,449.2260963,53111
Y-HexNAc1dHex1-redEnd,Y,467.2730465,53111
YY-HexNAc2-redEnd,YY,524.2945103,53111
Hex1NeuAc1-B,B,579.2890905,53111
Y-Hex2HexNAc1-B,BY,653.32587,53111
Hex1HexNAc2-B,B,708.3680691,53111
Y-HexNAc2dHex1-redEnd,Y,712.3993693,53111
Hex1HexNAc1NeuAc1-B,B,824.4154133,53111
Y-Hex2HexNAc2-B,BY,898.4521927,53111
YY-Hex1HexNAc2dHex1-redEnd,YY,902.4834928,53111
Hex2HexNAc1NeuAc1-B,B,1028.515187,53111
Y-Hex3HexNAc2-B,BY,1102.551966,53111
YY-Hex2HexNAc2dHex1-redEnd,YY,1106.583266,53111
Y-Hex2HexNAc3-B,BY,1143.578515,53111
Y-Hex3HexNAc1NeuAc1-B,BY,1218.59931,53111
Y-Hex3HexNAc3-B,BY,1347.678289,53111
Y-Hex3HexNAc3-B,BY,1347.678289,53111
YY-Hex2HexNAc3dHex1-redEnd,YY,1351.709589,53111
YY-Hex2HexNAc3dHex1-redEnd,YY,1351.709589,53111
YY-Hex2HexNAc4-redEnd,YY,1422.746703,53111
Y-Hex3HexNAc2NeuAc1-B,BY,1463.725633,53111
Y-Hex4HexNAc3-B,BY,1551.778063,53111
YY-Hex3HexNAc3dHex1-redEnd,YY,1555.809363,53111
YY-Hex3HexNAc3dHex1-redEnd,YY,1555.809363,53111
Y-Hex3HexNAc4-B,BY,1592.804612,53111
Y-Hex2HexNAc4dHex1-redEnd,Y,1610.851562,53111
YY-Hex3HexNAc4-redEnd,YY,1626.846477,53111
Y-Hex4HexNAc2NeuAc1-B,BY,1667.825407,53111
YY-Hex3HexNAc3NeuAc1-redEnd,YY,1742.893821,53111
Y-Hex4HexNAc4-B,BY,1796.904385,53111
YY-Hex3HexNAc4dHex1-redEnd,YY,1800.935686,53111
Y-Hex3HexNAc4dHex1-redEnd,Y,1814.951336,53111
YY-Hex3HexNAc5-redEnd,YY,1871.972799,53111
Y-Hex4HexNAc3NeuAc1-B,BY,1912.95173,53111
Hex4HexNAc3NeuAc1-B,B,1926.96738,53111
Y-Hex3HexNAc3NeuAc1dHex1-redEnd,Y,1930.99868,53111
YY-Hex4HexNAc4dHex1-redEnd,YY,2005.035459,53111
Y-Hex3HexNAc5dHex1-redEnd,Y,2060.077658,53111
YY-Hex4HexNAc5-redEnd,YY,2076.072573,53111
YY-Hex4HexNAc3NeuAc1dHex1-redEnd,YY,2121.082803,53111
Hex4HexNAc4NeuAc1-B,B,2172.093702,53111
YY-Hex4HexNAc4NeuAc1-redEnd,YY,2192.119917,53111
Y-Hex4HexNAc5dHex1-redEnd,Y,2264.177432,53111
Y-Hex4HexNAc4NeuAc1dHex1-redEnd,Y,2380.224776,53111
Y-Hex4HexNAc5NeuAc1-redEnd,Y,2451.26189,53111
Hex4HexNAc5NeuAc1dHex1-redEnd,NA,2639.366749,53111
dHex1-B,B,188.104859,53120
Y-Hex1-B,BY,204.0997736,53120
Hex1-B,B,218.1154237,53120
Y-HexNAc1-B,BY,245.1263227,53120
Y-HexNAc1-B,BY,245.1263227,53120
Y-HexNAc1-B,BY,245.1263227,53120
HexNAc1-B,B,259.1419728,53120
YY-HexNAc1-redEnd,YY,279.1681875,53120
HexNAc1dHex1-B,B,433.2311817,53120
Y-Hex1HexNAc1-B,BY,449.2260963,53120
Y-Hex1HexNAc1-B,BY,449.2260963,53120
Hex1HexNAc1-B,B,463.2417464,53120
Y-HexNAc1dHex1-redEnd,Y,467.2730465,53120
YY-HexNAc2-redEnd,YY,524.2945103,53120
Y-Hex1HexNAc1dHex1-B,BY,623.3153053,53120
Hex2HexNAc1-B,B,667.34152,53120
Y-Hex1HexNAc2-B,BY,694.3524191,53120
Y-HexNAc2dHex1-redEnd,Y,712.3993693,53120
Y-Hex3HexNAc1-B,BY,857.4256436,53120
Hex1HexNAc2dHex1-B,B,882.4572781,53120
YY-Hex1HexNAc2dHex1-redEnd,YY,902.4834928,53120
Y-Hex2HexNAc2dHex1-B,BY,1072.541402,53120
Y-Hex3HexNAc2-B,BY,1102.551966,53120
YY-Hex2HexNAc2dHex1-redEnd,YY,1106.583266,53120
Y-Hex3HexNAc2dHex1-B,BY,1276.641175,53120
Y-Hex4HexNAc2-B,BY,1306.65174,53120
Y-Hex2HexNAc3dHex1-B,BY,1317.667724,53120
YY-Hex2HexNAc3dHex1-redEnd,YY,1351.709589,53120
YY-Hex2HexNAc3dHex1-redEnd,YY,1351.709589,53120
YY-Hex3HexNAc3-redEnd,YY,1381.720154,53120
Y-Hex4HexNAc2dHex1-B,BY,1480.740949,53120
Y-Hex3HexNAc3dHex1-B,BY,1521.767498,53120
Y-Hex3HexNAc3dHex1-B,BY,1521.767498,53120
YY-Hex2HexNAc3dHex2-redEnd,YY,1525.798798,53120
Y-Hex4HexNAc3-B,BY,1551.778063,53120
Y-Hex4HexNAc3-B,BY,1551.778063,53120
YY-Hex3HexNAc3dHex1-redEnd,YY,1555.809363,53120
Y-Hex3HexNAc3dHex1-redEnd,Y,1569.825013,53120
YY-Hex2HexNAc4dHex1-redEnd,YY,1596.835912,53120
YY-Hex2HexNAc4dHex1-redEnd,YY,1596.835912,53120
Y-Hex4HexNAc3dHex1-B,BY,1725.867272,53120
YY-Hex3HexNAc3dHex2-redEnd,YY,1729.898572,53120
Hex4HexNAc3dHex1-B,B,1739.882922,53120
YY-Hex4HexNAc3dHex1-redEnd,YY,1759.909136,53120
Y-Hex3HexNAc4dHex1-B,BY,1766.893821,53120
Y-Hex2HexNAc4dHex2-redEnd,Y,1784.940771,53120
Y-Hex4HexNAc4-B,BY,1796.904385,53120
YY-Hex3HexNAc4dHex1-redEnd,YY,1800.935686,53120
YY-Hex3HexNAc4dHex1-redEnd,YY,1800.935686,53120
YY-Hex3HexNAc4dHex1-redEnd,YY,1800.935686,53120
YY-Hex4HexNAc4-redEnd,YY,1830.94625,53120
YY-Hex3HexNAc4dHex2-redEnd,YY,1975.024894,53120
Hex4HexNAc4dHex1-B,B,1985.009244,53120
Y-Hex3HexNAc4dHex2-redEnd,Y,1989.040545,53120
YY-Hex4HexNAc4dHex1-redEnd,YY,2005.035459,53120
YY-Hex4HexNAc4dHex1-redEnd,YY,2005.035459,53120
Y-Hex4HexNAc4dHex1-redEnd,Y,2019.051109,53120
YY-Hex3HexNAc5dHex1-redEnd,YY,2046.062008,53120
YY-Hex3HexNAc5dHex1-redEnd,YY,2046.062008,53120
YY-Hex4HexNAc5-redEnd,YY,2076.072573,53120
Y-Hex4HexNAc4dHex2-redEnd,Y,2193.140318,53120
Y-Hex3HexNAc5dHex2-redEnd,Y,2234.166867,53120
Y-Hex4HexNAc5dHex1-redEnd,Y,2264.177432,53120
Y-Hex4HexNAc5dHex1-redEnd,Y,2264.177432,53120
Hex4HexNAc5dHex2-redEnd,NA,2452.282291,53120
dHex1-B,B,188.104859,53121
Y-Hex1-B,BY,204.0997736,53121
Y-Hex1-B,BY,204.0997736,53121
Y-HexNAc1-B,BY,245.1263227,53121
Y-HexNAc1-B,BY,245.1263227,53121
Y-HexNAc1-B,BY,245.1263227,53121
HexNAc1-B,B,259.1419728,53121
YY-HexNAc1-redEnd,YY,279.1681875,53121
NeuAc1-B,B,375.1893169,53121
HexNAc1dHex1-B,B,433.2311817,53121
Y-Hex1HexNAc1-B,BY,449.2260963,53121
Y-Hex1HexNAc1-B,BY,449.2260963,53121
Y-Hex1HexNAc1-B,BY,449.2260963,53121
Y-HexNAc1dHex1-redEnd,Y,467.2730465,53121
YY-HexNAc2-redEnd,YY,524.2945103,53121
Hex1NeuAc1-B,B,579.2890905,53121
Y-Hex1HexNAc1dHex1-B,BY,623.3153053,53121
Y-Hex2HexNAc1-B,BY,653.32587,53121
Y-Hex1HexNAc2-B,BY,694.3524191,53121
Y-HexNAc2dHex1-redEnd,Y,712.3993693,53121
Hex1HexNAc1NeuAc1-B,B,824.4154133,53121
Hex1HexNAc2dHex1-B,B,882.4572781,53121
YY-Hex1HexNAc2dHex1-redEnd,YY,902.4834928,53121
Hex2HexNAc1NeuAc1-B,B,1028.515187,53121
Y-Hex2HexNAc2dHex1-B,BY,1072.541402,53121
YY-Hex2HexNAc2dHex1-redEnd,YY,1106.583266,53121
Y-Hex3HexNAc1NeuAc1-B,BY,1218.59931,53121
Y-Hex3HexNAc2dHex1-B,BY,1276.641175,53121
Y-Hex2HexNAc3dHex1-B,BY,1317.667724,53121
YY-Hex2HexNAc3dHex1-redEnd,YY,1351.709589,53121
YY-Hex2HexNAc3dHex1-redEnd,YY,1351.709589,53121
Y-Hex3HexNAc2NeuAc1-B,BY,1463.725633,53121
Y-Hex3HexNAc3dHex1-B,BY,1521.767498,53121
Y-Hex3HexNAc3dHex1-B,BY,1521.767498,53121
YY-Hex2HexNAc3dHex2-redEnd,YY,1525.798798,53121
YY-Hex3HexNAc3dHex1-redEnd,YY,1555.809363,53121
YY-Hex3HexNAc3dHex1-redEnd,YY,1555.809363,53121
YY-Hex2HexNAc4dHex1-redEnd,YY,1596.835912,53121
YY-Hex2HexNAc4dHex1-redEnd,YY,1596.835912,53121
Y-Hex4HexNAc2NeuAc1-B,BY,1667.825407,53121
Y-Hex4HexNAc3dHex1-B,BY,1725.867272,53121
YY-Hex3HexNAc3dHex2-redEnd,YY,1729.898572,53121
YY-Hex3HexNAc3NeuAc1-redEnd,YY,1742.893821,53121
Y-Hex3HexNAc4dHex1-B,BY,1766.893821,53121
Y-Hex2HexNAc4dHex2-redEnd,Y,1784.940771,53121
YY-Hex3HexNAc4dHex1-redEnd,YY,1800.935686,53121
YY-Hex3HexNAc4dHex1-redEnd,YY,1800.935686,53121
YY-Hex3HexNAc4dHex1-redEnd,YY,1800.935686,53121
Y-Hex4HexNAc2NeuAc1dHex1-B,BY,1841.914616,53121
Y-Hex4HexNAc3NeuAc1-B,BY,1912.95173,53121
Y-Hex4HexNAc3NeuAc1-B,BY,1912.95173,53121
Y-Hex3HexNAc3NeuAc1dHex1-redEnd,Y,1930.99868,53121
Y-Hex4HexNAc4dHex1-B,BY,1970.993594,53121
YY-Hex3HexNAc4dHex2-redEnd,YY,1975.024894,53121
Y-Hex3HexNAc4dHex2-redEnd,Y,1989.040545,53121
YY-Hex4HexNAc4dHex1-redEnd,YY,2005.035459,53121
YY-Hex3HexNAc5dHex1-redEnd,YY,2046.062008,53121
YY-Hex3HexNAc5dHex1-redEnd,YY,2046.062008,53121
Y-Hex4HexNAc3NeuAc1dHex1-B,BY,2087.040938,53121
Hex4HexNAc3NeuAc1dHex1-B,B,2101.056589,53121
YY-Hex4HexNAc3NeuAc1dHex1-redEnd,YY,2121.082803,53121
Y-Hex4HexNAc4NeuAc1-B,BY,2158.078052,53121
YY-Hex4HexNAc4dHex2-redEnd,YY,2179.124668,53121
YY-Hex4HexNAc4NeuAc1-redEnd,YY,2192.119917,53121
Y-Hex3HexNAc5dHex2-redEnd,Y,2234.166867,53121
YY-Hex4HexNAc5dHex1-redEnd,YY,2250.161782,53121
YY-Hex4HexNAc5dHex1-redEnd,YY,2250.161782,53121
Hex4HexNAc4NeuAc1dHex1-B,B,2346.182911,53121
YY-Hex4HexNAc4NeuAc1dHex1-redEnd,YY,2366.209126,53121
YY-Hex4HexNAc4NeuAc1dHex1-redEnd,YY,2366.209126,53121
Y-Hex4HexNAc4NeuAc1dHex1-redEnd,Y,2380.224776,53121
YY-Hex4HexNAc5NeuAc1-redEnd,YY,2437.24624,53121
Y-Hex4HexNAc5dHex2-redEnd,Y,2438.266641,53121
Y-Hex4HexNAc4NeuAc1dHex2-redEnd,Y,2554.313985,53121
Y-Hex4HexNAc5NeuAc1dHex1-redEnd,Y,2625.351099,53121
Y-Hex4HexNAc5NeuAc1dHex1-redEnd,Y,2625.351099,53121
Hex4HexNAc5NeuAc1dHex2-redEnd,NA,2813.455958,53121
Y-Hex1-B,BY,204.0997736,53200
Hex1-B,B,218.1154237,53200
Y-HexNAc1-B,BY,245.1263227,53200
Y-HexNAc1-B,BY,245.1263227,53200
HexNAc1-B,B,259.1419728,53200
Y-HexNAc1-redEnd,Y,293.1838376,53200
Y-Hex1HexNAc1-B,BY,449.2260963,53200
Y-Hex1HexNAc1-B,BY,449.2260963,53200
Hex1HexNAc1-B,B,463.2417464,53200
Y-HexNAc2-redEnd,Y,538.3101603,53200
Y-Hex2HexNAc1-B,BY,653.32587,53200
Hex2HexNAc1-B,B,667.34152,53200
Y-Hex1HexNAc2-B,BY,694.3524191,53200
YY-Hex1HexNAc2-redEnd,YY,728.3942839,53200
Y-Hex3HexNAc1-B,BY,857.4256436,53200
Hex2HexNAc2-B,B,912.4678428,53200
YY-Hex2HexNAc2-redEnd,YY,932.4940575,53200
Y-Hex3HexNAc2-B,BY,1102.551966,53200
Y-Hex3HexNAc2-B,BY,1102.551966,53200
YY-Hex2HexNAc3-redEnd,YY,1177.62038,53200
YY-Hex2HexNAc3-redEnd,YY,1177.62038,53200
Y-Hex4HexNAc2-B,BY,1306.65174,53200
Y-Hex4HexNAc2-B,BY,1306.65174,53200
Y-Hex3HexNAc3-B,BY,1347.678289,53200
YY-Hex3HexNAc3-redEnd,YY,1381.720154,53200
YY-Hex3HexNAc3-redEnd,YY,1381.720154,53200
Y-Hex3HexNAc3-redEnd,Y,1395.735804,53200
YY-Hex2HexNAc4-redEnd,YY,1422.746703,53200
Y-Hex5HexNAc2-B,BY,1510.751514,53200
Y-Hex4HexNAc3-B,BY,1551.778063,53200
Y-Hex4HexNAc3-B,BY,1551.778063,53200
Y-Hex4HexNAc3-B,BY,1551.778063,53200
Y-Hex4HexNAc3-B,BY,1551.778063,53200
YY-Hex4HexNAc3-redEnd,YY,1585.819927,53200
YY-Hex4HexNAc3-redEnd,YY,1585.819927,53200
YY-Hex3HexNAc4-redEnd,YY,1626.846477,53200
YY-Hex3HexNAc4-redEnd,YY,1626.846477,53200
Y-Hex3HexNAc4-redEnd,Y,1640.862127,53200
Y-Hex5HexNAc3-B,BY,1755.877836,53200
Hex5HexNAc3-B,B,1769.893486,53200
Y-Hex4HexNAc4-B,BY,1796.904385,53200
Y-Hex4HexNAc4-B,BY,1796.904385,53200
YY-Hex4HexNAc4-redEnd,YY,1830.94625,53200
YY-Hex4HexNAc4-redEnd,YY,1830.94625,53200
Y-Hex4HexNAc4-redEnd,Y,1844.9619,53200
Y-Hex4HexNAc4-redEnd,Y,1844.9619,53200
YY-Hex3HexNAc5-redEnd,YY,1871.972799,53200
Hex5HexNAc4-B,B,2015.019809,53200
Y-Hex5HexNAc4-redEnd,Y,2049.061674,53200
Y-Hex4HexNAc5-redEnd,Y,2090.088223,53200
Y-Hex4HexNAc5-redEnd,Y,2090.088223,53200
Hex5HexNAc5-redEnd,NA,2308.203647,53200
Y-Hex1-B,BY,204.0997736,53201
Y-Hex1-B,BY,204.0997736,53201
Hex1-B,B,218.1154237,53201
Y-HexNAc1-B,BY,245.1263227,53201
Y-HexNAc1-B,BY,245.1263227,53201
HexNAc1-B,B,259.1419728,53201
Y-HexNAc1-redEnd,Y,293.1838376,53201
NeuAc1-B,B,375.1893169,53201
Y-Hex1HexNAc1-B,BY,449.2260963,53201
Y-Hex1HexNAc1-B,BY,449.2260963,53201
Y-Hex1HexNAc1-B,BY,449.2260963,53201
Hex1HexNAc1-B,B,463.2417464,53201
Y-HexNAc2-redEnd,Y,538.3101603,53201
Hex1NeuAc1-B,B,579.2890905,53201
Y-Hex2HexNAc1-B,BY,653.32587,53201
Y-Hex2HexNAc1-B,BY,653.32587,53201
Y-Hex1HexNAc2-B,BY,694.3524191,53201
YY-Hex1HexNAc2-redEnd,YY,728.3942839,53201
Hex1HexNAc1NeuAc1-B,B,824.4154133,53201
Hex2HexNAc2-B,B,912.4678428,53201
YY-Hex2HexNAc2-redEnd,YY,932.4940575,53201
Hex2HexNAc1NeuAc1-B,B,1028.515187,53201
Y-Hex3HexNAc2-B,BY,1102.551966,53201
YY-Hex2HexNAc3-redEnd,YY,1177.62038,53201
YY-Hex2HexNAc3-redEnd,YY,1177.62038,53201
Y-Hex3HexNAc1NeuAc1-B,BY,1218.59931,53201
Y-Hex4HexNAc2-B,BY,1306.65174,53201
Y-Hex3HexNAc3-B,BY,1347.678289,53201
YY-Hex3HexNAc3-redEnd,YY,1381.720154,53201
YY-Hex3HexNAc3-redEnd,YY,1381.720154,53201
YY-Hex3HexNAc3-redEnd,YY,1381.720154,53201
YY-Hex2HexNAc4-redEnd,YY,1422.746703,53201
Y-Hex3HexNAc2NeuAc1-B,BY,1463.725633,53201
Y-Hex4HexNAc3-B,BY,1551.778063,53201
Y-Hex4HexNAc3-B,BY,1551.778063,53201
YY-Hex4HexNAc3-redEnd,YY,1585.819927,53201
YY-Hex3HexNAc4-redEnd,YY,1626.846477,53201
YY-Hex3HexNAc4-redEnd,YY,1626.846477,53201
Y-Hex3HexNAc4-redEnd,Y,1640.862127,53201
Y-Hex4HexNAc2NeuAc1-B,BY,1667.825407,53201
Y-Hex5HexNAc3-B,BY,1755.877836,53201
Y-Hex3HexNAc3NeuAc1-redEnd,Y,1756.909471,53201
Y-Hex4HexNAc4-B,BY,1796.904385,53201
YY-Hex4HexNAc4-redEnd,YY,1830.94625,53201
YY-Hex4HexNAc4-redEnd,YY,1830.94625,53201
Y-Hex4HexNAc4-redEnd,Y,1844.9619,53201
Y-Hex5HexNAc2NeuAc1-B,BY,1871.92518,53201
YY-Hex3HexNAc5-redEnd,YY,1871.972799,53201
Y-Hex4HexNAc3NeuAc1-B,BY,1912.95173,53201
Y-Hex4HexNAc3NeuAc1-B,BY,1912.95173,53201
YY-Hex4HexNAc3NeuAc1-redEnd,YY,1946.993594,53201
Y-Hex5HexNAc4-B,BY,2001.004159,53201
YY-Hex5HexNAc4-redEnd,YY,2035.046024,53201
YY-Hex4HexNAc5-redEnd,YY,2076.072573,53201
Y-Hex4HexNAc5-redEnd,Y,2090.088223,53201
Y-Hex5HexNAc3NeuAc1-B,BY,2117.051503,53201
Hex5HexNAc3NeuAc1-B,B,2131.067153,53201
Y-Hex4HexNAc4NeuAc1-B,BY,2158.078052,53201
YY-Hex4HexNAc4NeuAc1-redEnd,YY,2192.119917,53201
Y-Hex4HexNAc4NeuAc1-redEnd,Y,2206.135567,53201
Y-Hex5HexNAc5-redEnd,Y,2294.187997,53201
Hex5HexNAc4NeuAc1-B,B,2376.193476,53201
Y-Hex5HexNAc4NeuAc1-redEnd,Y,2410.235341,53201
Y-Hex4HexNAc5NeuAc1-redEnd,Y,2451.26189,53201
Hex5HexNAc5NeuAc1-redEnd,NA,2669.377314,53201
Y-Hex1-B,BY,204.0997736,53202
Y-Hex1-B,BY,204.0997736,53202
Y-HexNAc1-B,BY,245.1263227,53202
Y-HexNAc1-B,BY,245.1263227,53202
HexNAc1-B,B,259.1419728,53202
Y-HexNAc1-redEnd,Y,293.1838376,53202
NeuAc1-B,B,375.1893169,53202
Y-Hex1HexNAc1-B,BY,449.2260963,53202
Y-Hex1HexNAc1-B,BY,449.2260963,53202
Y-Hex1HexNAc1-B,BY,449.2260963,53202
Y-HexNAc2-redEnd,Y,538.3101603,53202
Hex1NeuAc1-B,B,579.2890905,53202
Y-Hex2HexNAc1-B,BY,653.32587,53202
Y-Hex1HexNAc2-B,BY,694.3524191,53202
YY-Hex1HexNAc2-redEnd,YY,728.3942839,53202
Hex1HexNAc1NeuAc1-B,B,824.4154133,53202
Y-Hex2HexNAc2-B,BY,898.4521927,53202
YY-Hex2HexNAc2-redEnd,YY,932.4940575,53202
Y-Hex2HexNAc1NeuAc1-B,BY,1014.499537,53202
Hex2HexNAc1NeuAc1-B,B,1028.515187,53202
YY-Hex2HexNAc3-redEnd,YY,1177.62038,53202
YY-Hex2HexNAc3-redEnd,YY,1177.62038,53202
Y-Hex3HexNAc1NeuAc1-B,BY,1218.59931,53202
Hex2HexNAc2NeuAc1-B,B,1273.64151,53202
YY-Hex3HexNAc3-redEnd,YY,1381.720154,53202
YY-Hex3HexNAc3-redEnd,YY,1381.720154,53202
YY-Hex2HexNAc4-redEnd,YY,1422.746703,53202
Y-Hex3HexNAc2NeuAc1-B,BY,1463.725633,53202
Y-Hex3HexNAc2NeuAc1-B,BY,1463.725633,53202
YY-Hex3HexNAc4-redEnd,YY,1626.846477,53202
YY-Hex3HexNAc4-redEnd,YY,1626.846477,53202
YY-Hex3HexNAc4-redEnd,YY,1626.846477,53202
Y-Hex4HexNAc2NeuAc1-B,BY,1667.825407,53202
Y-Hex4HexNAc2NeuAc1-B,BY,1667.825407,53202
Y-Hex3HexNAc3NeuAc1-B,BY,1708.851956,53202
YY-Hex3HexNAc3NeuAc1-redEnd,YY,1742.893821,53202
Y-Hex3HexNAc3NeuAc1-redEnd,Y,1756.909471,53202
YY-Hex4HexNAc4-redEnd,YY,1830.94625,53202
YY-Hex4HexNAc4-redEnd,YY,1830.94625,53202
YY-Hex3HexNAc5-redEnd,YY,1871.972799,53202
Y-Hex4HexNAc3NeuAc1-B,BY,1912.95173,53202
Y-Hex4HexNAc3NeuAc1-B,BY,1912.95173,53202
Y-Hex4HexNAc3NeuAc1-B,BY,1912.95173,53202
Y-Hex4HexNAc3NeuAc1-B,BY,1912.95173,53202
YY-Hex4HexNAc3NeuAc1-redEnd,YY,1946.993594,53202
YY-Hex4HexNAc3NeuAc1-redEnd,YY,1946.993594,53202
Y-Hex3HexNAc4NeuAc1-redEnd,Y,2002.035793,53202
YY-Hex4HexNAc5-redEnd,YY,2076.072573,53202
YY-Hex4HexNAc5-redEnd,YY,2076.072573,53202
Y-Hex5HexNAc3NeuAc1-B,BY,2117.051503,53202
Y-Hex5HexNAc3NeuAc1-B,BY,2117.051503,53202
Y-Hex4HexNAc4NeuAc1-B,BY,2158.078052,53202
Y-Hex4HexNAc4NeuAc1-B,BY,2158.078052,53202
YY-Hex4HexNAc4NeuAc1-redEnd,YY,2192.119917,53202
YY-Hex4HexNAc4NeuAc1-redEnd,YY,2192.119917,53202
Y-Hex4HexNAc4NeuAc1-redEnd,Y,2206.135567,53202
Y-Hex4HexNAc4NeuAc1-redEnd,Y,2206.135567,53202
Y-Hex5HexNAc2NeuAc2-B,BY,2233.098847,53202
YY-Hex5HexNAc5-redEnd,YY,2280.172347,53202
Y-Hex5HexNAc4NeuAc1-B,BY,2362.177826,53202
Y-Hex5HexNAc4NeuAc1-B,BY,2362.177826,53202
YY-Hex5HexNAc4NeuAc1-redEnd,YY,2396.219691,53202
YY-Hex5HexNAc4NeuAc1-redEnd,YY,2396.219691,53202
Y-Hex4HexNAc5NeuAc1-redEnd,Y,2451.26189,53202
Y-Hex4HexNAc5NeuAc1-redEnd,Y,2451.26189,53202
Y-Hex5HexNAc3NeuAc2-B,BY,2478.22517,53202
Hex5HexNAc3NeuAc2-B,B,2492.24082,53202
Y-Hex5HexNAc5NeuAc1-redEnd,Y,2655.361663,53202
Y-Hex5HexNAc5NeuAc1-redEnd,Y,2655.361663,53202
Hex5HexNAc4NeuAc2-B,B,2737.367143,53202
Y-Hex5HexNAc4NeuAc2-redEnd,Y,2771.409008,53202
Hex5HexNAc5NeuAc2-redEnd,NA,3030.55098,53202
dHex1-B,B,188.104859,53210
Y-Hex1-B,BY,204.0997736,53210
Hex1-B,B,218.1154237,53210
Y-HexNAc1-B,BY,245.1263227,53210
Y-HexNAc1-B,BY,245.1263227,53210
Y-HexNAc1-B,BY,245.1263227,53210
YY-HexNAc1-redEnd,YY,279.1681875,53210
HexNAc1dHex1-B,B,433.2311817,53210
Y-Hex1HexNAc1-B,BY,449.2260963,53210
Hex1HexNAc1-B,B,463.2417464,53210
Y-HexNAc1dHex1-redEnd,Y,467.2730465,53210
YY-HexNAc2-redEnd,YY,524.2945103,53210
Y-Hex1HexNAc1dHex1-B,BY,623.3153053,53210
Y-Hex2HexNAc1-B,BY,653.32587,53210
Hex2HexNAc1-B,B,667.34152,53210
Y-HexNAc2dHex1-redEnd,Y,712.3993693,53210
Y-Hex3HexNAc1-B,BY,857.4256436,53210
Y-Hex1HexNAc2dHex1-B,BY,868.441628,53210
Y-Hex2HexNAc2-B,BY,898.4521927,53210
YY-Hex1HexNAc2dHex1-redEnd,YY,902.4834928,53210
Hex2HexNAc2dHex1-B,B,1086.557052,53210
Y-Hex3HexNAc2-B,BY,1102.551966,53210
YY-Hex2HexNAc2dHex1-redEnd,YY,1106.583266,53210
Y-Hex3HexNAc2dHex1-B,BY,1276.641175,53210
YY-Hex2HexNAc3dHex1-redEnd,YY,1351.709589,53210
YY-Hex3HexNAc3-redEnd,YY,1381.720154,53210
Y-Hex4HexNAc2dHex1-B,BY,1480.740949,53210
Y-Hex4HexNAc2dHex1-B,BY,1480.740949,53210
Y-Hex5HexNAc2-B,BY,1510.751514,53210
Y-Hex3HexNAc3dHex1-B,BY,1521.767498,53210
YY-Hex2HexNAc3dHex2-redEnd,YY,1525.798798,53210
YY-Hex3HexNAc3dHex1-redEnd,YY,1555.809363,53210
Y-Hex3HexNAc3dHex1-redEnd,Y,1569.825013,53210
Y-Hex4HexNAc3dHex1-B,BY,1725.867272,53210
Y-Hex4HexNAc3dHex1-B,BY,1725.867272,53210
Y-Hex4HexNAc3dHex1-B,BY,1725.867272,53210
Y-Hex4HexNAc3dHex1-B,BY,1725.867272,53210
YY-Hex3HexNAc3dHex2-redEnd,YY,1729.898572,53210
Y-Hex5HexNAc3-B,BY,1755.877836,53210
Y-Hex5HexNAc3-B,BY,1755.877836,53210
YY-Hex4HexNAc3dHex1-redEnd,YY,1759.909136,53210
YY-Hex4HexNAc3dHex1-redEnd,YY,1759.909136,53210
YY-Hex2HexNAc4dHex2-redEnd,YY,1770.925121,53210
YY-Hex3HexNAc4dHex1-redEnd,YY,1800.935686,53210
YY-Hex3HexNAc4dHex1-redEnd,YY,1800.935686,53210
Hex5HexNAc3dHex1-B,B,1943.982695,53210
Y-Hex4HexNAc4dHex1-B,BY,1970.993594,53210
Y-Hex4HexNAc4dHex1-B,BY,1970.993594,53210
YY-Hex3HexNAc4dHex2-redEnd,YY,1975.024894,53210
YY-Hex3HexNAc4dHex2-redEnd,YY,1975.024894,53210
Y-Hex3HexNAc4dHex2-redEnd,Y,1989.040545,53210
Y-Hex5HexNAc4-B,BY,2001.004159,53210
YY-Hex4HexNAc4dHex1-redEnd,YY,2005.035459,53210
YY-Hex4HexNAc4dHex1-redEnd,YY,2005.035459,53210
YY-Hex4HexNAc4dHex1-redEnd,YY,2005.035459,53210
YY-Hex4HexNAc4dHex1-redEnd,YY,2005.035459,53210
YY-Hex4HexNAc4dHex1-redEnd,YY,2005.035459,53210
YY-Hex4HexNAc4dHex1-redEnd,YY,2005.035459,53210
YY-Hex5HexNAc4-redEnd,YY,2035.046024,53210
Hex5HexNAc4dHex1-B,B,2189.109018,53210
Y-Hex4HexNAc4dHex2-redEnd,Y,2193.140318,53210
Y-Hex4HexNAc4dHex2-redEnd,Y,2193.140318,53210
YY-Hex3HexNAc5dHex2-redEnd,YY,2220.151217,53210
Y-Hex5HexNAc4dHex1-redEnd,Y,2223.150883,53210
YY-Hex4HexNAc5dHex1-redEnd,YY,2250.161782,53210
YY-Hex4HexNAc5dHex1-redEnd,YY,2250.161782,53210
YY-Hex4HexNAc5dHex1-redEnd,YY,2250.161782,53210
YY-Hex4HexNAc5dHex1-redEnd,YY,2250.161782,53210
YY-Hex5HexNAc5-redEnd,YY,2280.172347,53210
Y-Hex4HexNAc5dHex2-redEnd,Y,2438.266641,53210
Y-Hex4HexNAc5dHex2-redEnd,Y,2438.266641,53210
Y-Hex5HexNAc5dHex1-redEnd,Y,2468.277206,53210
Y-Hex5HexNAc5dHex1-redEnd,Y,2468.277206,53210
Hex5HexNAc5dHex2-redEnd,NA,2656.382065,53210
dHex1-B,B,188.104859,53211
Y-Hex1-B,BY,204.0997736,53211
Y-Hex1-B,BY,204.0997736,53211
Hex1-B,B,218.1154237,53211
Y-HexNAc1-B,BY,245.1263227,53211
Y-HexNAc1-B,BY,245.1263227,53211
HexNAc1-B,B,259.1419728,53211
YY-HexNAc1-redEnd,YY,279.1681875,53211
NeuAc1-B,B,375.1893169,53211
Y-Hex1HexNAc1-B,BY,449.2260963,53211
Y-Hex1HexNAc1-B,BY,449.2260963,53211
Y-Hex1HexNAc1-B,BY,449.2260963,53211
Hex1HexNAc1-B,B,463.2417464,53211
Y-HexNAc1dHex1-redEnd,Y,467.2730465,53211
YY-HexNAc2-redEnd,YY,524.2945103,53211
Hex1NeuAc1-B,B,579.2890905,53211
Y-Hex2HexNAc1-B,BY,653.32587,53211
Y-Hex2HexNAc1-B,BY,653.32587,53211
Y-Hex1HexNAc2-B,BY,694.3524191,53211
Y-HexNAc2dHex1-redEnd,Y,712.3993693,53211
Hex1HexNAc1NeuAc1-B,B,824.4154133,53211
YY-Hex1HexNAc2dHex1-redEnd,YY,902.4834928,53211
Hex2HexNAc2-B,B,912.4678428,53211
Hex2HexNAc1NeuAc1-B,B,1028.515187,53211
Y-Hex3HexNAc2-B,BY,1102.551966,53211
YY-Hex2HexNAc2dHex1-redEnd,YY,1106.583266,53211
Y-Hex3HexNAc1NeuAc1-B,BY,1218.59931,53211
Y-Hex4HexNAc2-B,BY,1306.65174,53211
Y-Hex3HexNAc3-B,BY,1347.678289,53211
YY-Hex2HexNAc3dHex1-redEnd,YY,1351.709589,53211
YY-Hex2HexNAc3dHex1-redEnd,YY,1351.709589,53211
Y-Hex3HexNAc2NeuAc1-B,BY,1463.725633,53211
Y-Hex4HexNAc3-B,BY,1551.778063,53211
Y-Hex4HexNAc3-B,BY,1551.778063,53211
YY-Hex3HexNAc3dHex1-redEnd,YY,1555.809363,53211
YY-Hex3HexNAc3dHex1-redEnd,YY,1555.809363,53211
YY-Hex3HexNAc3dHex1-redEnd,YY,1555.809363,53211
YY-Hex2HexNAc4dHex1-redEnd,YY,1596.835912,53211
YY-Hex3HexNAc4-redEnd,YY,1626.846477,53211
Y-Hex4HexNAc2NeuAc1-B,BY,1667.825407,53211
YY-Hex3HexNAc3NeuAc1-redEnd,YY,1742.893821,53211
Y-Hex5HexNAc3-B,BY,1755.877836,53211
YY-Hex4HexNAc3dHex1-redEnd,YY,1759.909136,53211
Y-Hex4HexNAc4-B,BY,1796.904385,53211
YY-Hex3HexNAc4dHex1-redEnd,YY,1800.935686,53211
YY-Hex3HexNAc4dHex1-redEnd,YY,1800.935686,53211
Y-Hex3HexNAc4dHex1-redEnd,Y,1814.951336,53211
YY-Hex4HexNAc4-redEnd,YY,1830.94625,53211
Y-Hex5HexNAc2NeuAc1-B,BY,1871.92518,53211
Y-Hex4HexNAc3NeuAc1-B,BY,1912.95173,53211
Y-Hex4HexNAc3NeuAc1-B,BY,1912.95173,53211
Y-Hex3HexNAc3NeuAc1dHex1-redEnd,Y,1930.99868,53211
Y-Hex5HexNAc4-B,BY,2001.004159,53211
YY-Hex4HexNAc4dHex1-redEnd,YY,2005.035459,53211
YY-Hex4HexNAc4dHex1-redEnd,YY,2005.035459,53211
Y-Hex4HexNAc4dHex1-redEnd,Y,2019.051109,53211
YY-Hex3HexNAc5dHex1-redEnd,YY,2046.062008,53211
YY-Hex4HexNAc5-redEnd,YY,2076.072573,53211
Y-Hex5HexNAc3NeuAc1-B,BY,2117.051503,53211
YY-Hex4HexNAc3NeuAc1dHex1-redEnd,YY,2121.082803,53211
Hex5HexNAc3NeuAc1-B,B,2131.067153,53211
Y-Hex4HexNAc4NeuAc1-B,BY,2158.078052,53211
YY-Hex4HexNAc4NeuAc1-redEnd,YY,2192.119917,53211
YY-Hex5HexNAc4dHex1-redEnd,YY,2209.135233,53211
YY-Hex4HexNAc5dHex1-redEnd,YY,2250.161782,53211
Y-Hex4HexNAc5dHex1-redEnd,Y,2264.177432,53211
YY-Hex5HexNAc5-redEnd,YY,2280.172347,53211
YY-Hex4HexNAc4NeuAc1dHex1-redEnd,YY,2366.209126,53211
Hex5HexNAc4NeuAc1-B,B,2376.193476,53211
Y-Hex4HexNAc4NeuAc1dHex1-redEnd,Y,2380.224776,53211
YY-Hex5HexNAc4NeuAc1-redEnd,YY,2396.219691,53211
YY-Hex4HexNAc5NeuAc1-redEnd,YY,2437.24624,53211
Y-Hex5HexNAc5dHex1-redEnd,Y,2468.277206,53211
Y-Hex5HexNAc4NeuAc1dHex1-redEnd,Y,2584.32455,53211
Y-Hex4HexNAc5NeuAc1dHex1-redEnd,Y,2625.351099,53211
Y-Hex5HexNAc5NeuAc1-redEnd,Y,2655.361663,53211
Hex5HexNAc5NeuAc1dHex1-redEnd,NA,2843.466522,53211
dHex1-B,B,188.104859,53212
Y-Hex1-B,BY,204.0997736,53212
Y-Hex1-B,BY,204.0997736,53212
Y-HexNAc1-B,BY,245.1263227,53212
Y-HexNAc1-B,BY,245.1263227,53212
HexNAc1-B,B,259.1419728,53212
YY-HexNAc1-redEnd,YY,279.1681875,53212
NeuAc1-B,B,375.1893169,53212
Y-Hex1HexNAc1-B,BY,449.2260963,53212
Y-Hex1HexNAc1-B,BY,449.2260963,53212
Y-Hex1HexNAc1-B,BY,449.2260963,53212
Y-HexNAc1dHex1-redEnd,Y,467.2730465,53212
YY-HexNAc2-redEnd,YY,524.2945103,53212
Hex1NeuAc1-B,B,579.2890905,53212
Y-Hex2HexNAc1-B,BY,653.32587,53212
Y-Hex1HexNAc2-B,BY,694.3524191,53212
Y-HexNAc2dHex1-redEnd,Y,712.3993693,53212
Hex1HexNAc1NeuAc1-B,B,824.4154133,53212
Y-Hex2HexNAc2-B,BY,898.4521927,53212
YY-Hex1HexNAc2dHex1-redEnd,YY,902.4834928,53212
Y-Hex2HexNAc1NeuAc1-B,BY,1014.499537,53212
Hex2HexNAc1NeuAc1-B,B,1028.515187,53212
YY-Hex2HexNAc2dHex1-redEnd,YY,1106.583266,53212
Y-Hex3HexNAc1NeuAc1-B,BY,1218.59931,53212
Hex2HexNAc2NeuAc1-B,B,1273.64151,53212
YY-Hex2HexNAc3dHex1-redEnd,YY,1351.709589,53212
YY-Hex2HexNAc3dHex1-redEnd,YY,1351.709589,53212
Y-Hex3HexNAc2NeuAc1-B,BY,1463.725633,53212
Y-Hex3HexNAc2NeuAc1-B,BY,1463.725633,53212
YY-Hex3HexNAc3dHex1-redEnd,YY,1555.809363,53212
YY-Hex3HexNAc3dHex1-redEnd,YY,1555.809363,53212
YY-Hex2HexNAc4dHex1-redEnd,YY,1596.835912,53212
Y-Hex4HexNAc2NeuAc1-B,BY,1667.825407,53212
Y-Hex4HexNAc2NeuAc1-B,BY,1667.825407,53212
Y-Hex3HexNAc3NeuAc1-B,BY,1708.851956,53212
YY-Hex3HexNAc3NeuAc1-redEnd,YY,1742.893821,53212
YY-Hex3HexNAc4dHex1-redEnd,YY,1800.935686,53212
YY-Hex3HexNAc4dHex1-redEnd,YY,1800.935686,53212
YY-Hex3HexNAc4dHex1-redEnd,YY,1800.935686,53212
Y-Hex4HexNAc3NeuAc1-B,BY,1912.95173,53212
Y-Hex4HexNAc3NeuAc1-B,BY,1912.95173,53212
Y-Hex4HexNAc3NeuAc1-B,BY,1912.95173,53212
Y-Hex4HexNAc3NeuAc1-B,BY,1912.95173,53212
YY-Hex3HexNAc3NeuAc1dHex1-redEnd,YY,1916.98303,53212
Y-Hex3HexNAc3NeuAc1dHex1-redEnd,Y,1930.99868,53212
YY-Hex3HexNAc4NeuAc1-redEnd,YY,1988.020143,53212
YY-Hex4HexNAc4dHex1-redEnd,YY,2005.035459,53212
YY-Hex4HexNAc4dHex1-redEnd,YY,2005.035459,53212
YY-Hex3HexNAc5dHex1-redEnd,YY,2046.062008,53212
Y-Hex5HexNAc3NeuAc1-B,BY,2117.051503,53212
Y-Hex5HexNAc3NeuAc1-B,BY,2117.051503,53212
YY-Hex4HexNAc3NeuAc1dHex1-redEnd,YY,2121.082803,53212
YY-Hex4HexNAc3NeuAc1dHex1-redEnd,YY,2121.082803,53212
Y-Hex4HexNAc4NeuAc1-B,BY,2158.078052,53212
Y-Hex4HexNAc4NeuAc1-B,BY,2158.078052,53212
Y-Hex3HexNAc4NeuAc1dHex1-redEnd,Y,2176.125002,53212
YY-Hex4HexNAc4NeuAc1-redEnd,YY,2192.119917,53212
YY-Hex4HexNAc4NeuAc1-redEnd,YY,2192.119917,53212
Y-Hex5HexNAc2NeuAc2-B,BY,2233.098847,53212
YY-Hex4HexNAc5dHex1-redEnd,YY,2250.161782,53212
YY-Hex4HexNAc5dHex1-redEnd,YY,2250.161782,53212
Y-Hex5HexNAc4NeuAc1-B,BY,2362.177826,53212
Y-Hex5HexNAc4NeuAc1-B,BY,2362.177826,53212
YY-Hex4HexNAc4NeuAc1dHex1-redEnd,YY,2366.209126,53212
YY-Hex4HexNAc4NeuAc1dHex1-redEnd,YY,2366.209126,53212
Y-Hex4HexNAc4NeuAc1dHex1-redEnd,Y,2380.224776,53212
Y-Hex4HexNAc4NeuAc1dHex1-redEnd,Y,2380.224776,53212
YY-Hex4HexNAc5NeuAc1-redEnd,YY,2437.24624,53212
YY-Hex4HexNAc5NeuAc1-redEnd,YY,2437.24624,53212
YY-Hex5HexNAc5dHex1-redEnd,YY,2454.261555,53212
Y-Hex5HexNAc3NeuAc2-B,BY,2478.22517,53212
Hex5HexNAc3NeuAc2-B,B,2492.24082,53212
YY-Hex5HexNAc4NeuAc1dHex1-redEnd,YY,2570.3089,53212
YY-Hex5HexNAc4NeuAc1dHex1-redEnd,YY,2570.3089,53212
Y-Hex4HexNAc5NeuAc1dHex1-redEnd,Y,2625.351099,53212
Y-Hex4HexNAc5NeuAc1dHex1-redEnd,Y,2625.351099,53212
YY-Hex5HexNAc5NeuAc1-redEnd,YY,2641.346013,53212
YY-Hex5HexNAc5NeuAc1-redEnd,YY,2641.346013,53212
Hex5HexNAc4NeuAc2-B,B,2737.367143,53212
YY-Hex5HexNAc4NeuAc2-redEnd,YY,2757.393358,53212
Y-Hex5HexNAc5NeuAc1dHex1-redEnd,Y,2829.450872,53212
Y-Hex5HexNAc5NeuAc1dHex1-redEnd,Y,2829.450872,53212
Y-Hex5HexNAc4NeuAc2dHex1-redEnd,Y,2945.498217,53212
Y-Hex5HexNAc5NeuAc2-redEnd,Y,3016.53533,53212
Hex5HexNAc5NeuAc2dHex1-redEnd,NA,3204.640189,53212
dHex1-B,B,188.104859,53220
Y-Hex1-B,BY,204.0997736,53220
Hex1-B,B,218.1154237,53220
Y-HexNAc1-B,BY,245.1263227,53220
Y-HexNAc1-B,BY,245.1263227,53220
Y-HexNAc1-B,BY,245.1263227,53220
YY-HexNAc1-redEnd,YY,279.1681875,53220
HexNAc1dHex1-B,B,433.2311817,53220
Y-Hex1HexNAc1-B,BY,449.2260963,53220
Hex1HexNAc1-B,B,463.2417464,53220
Y-HexNAc1dHex1-redEnd,Y,467.2730465,53220
YY-HexNAc2-redEnd,YY,524.2945103,53220
Y-Hex1HexNAc1dHex1-B,BY,623.3153053,53220
Y-Hex2HexNAc1-B,BY,653.32587,53220
Hex2HexNAc1-B,B,667.34152,53220
Y-HexNAc2dHex1-redEnd,Y,712.3993693,53220
Y-Hex3HexNAc1-B,BY,857.4256436,53220
Y-Hex1HexNAc2dHex1-B,BY,868.441628,53220
Y-Hex2HexNAc2-B,BY,898.4521927,53220
YY-Hex1HexNAc2dHex1-redEnd,YY,902.4834928,53220
Hex2HexNAc2dHex1-B,B,1086.557052,53220
Y-Hex3HexNAc2-B,BY,1102.551966,53220
YY-Hex2HexNAc2dHex1-redEnd,YY,1106.583266,53220
Y-Hex3HexNAc2dHex1-B,BY,1276.641175,53220
YY-Hex2HexNAc3dHex1-redEnd,YY,1351.709589,53220
YY-Hex3HexNAc3-redEnd,YY,1381.720154,53220
Y-Hex4HexNAc2dHex1-B,BY,1480.740949,53220
Y-Hex4HexNAc2dHex1-B,BY,1480.740949,53220
Y-Hex5HexNAc2-B,BY,1510.751514,53220
Y-Hex3HexNAc3dHex1-B,BY,1521.767498,53220
YY-Hex2HexNAc3dHex2-redEnd,YY,1525.798798,53220
YY-Hex3HexNAc3dHex1-redEnd,YY,1555.809363,53220
Y-Hex3HexNAc3dHex1-redEnd,Y,1569.825013,53220
Y-Hex4HexNAc3dHex1-B,BY,1725.867272,53220
Y-Hex4HexNAc3dHex1-B,BY,1725.867272,53220
Y-Hex4HexNAc3dHex1-B,BY,1725.867272,53220
Y-Hex4HexNAc3dHex1-B,BY,1725.867272,53220
YY-Hex3HexNAc3dHex2-redEnd,YY,1729.898572,53220
Y-Hex5HexNAc3-B,BY,1755.877836,53220
Y-Hex5HexNAc3-B,BY,1755.877836,53220
YY-Hex4HexNAc3dHex1-redEnd,YY,1759.909136,53220
YY-Hex4HexNAc3dHex1-redEnd,YY,1759.909136,53220
YY-Hex2HexNAc4dHex2-redEnd,YY,1770.925121,53220
YY-Hex3HexNAc4dHex1-redEnd,YY,1800.935686,53220
YY-Hex3HexNAc4dHex1-redEnd,YY,1800.935686,53220
Hex5HexNAc3dHex1-B,B,1943.982695,53220
Y-Hex4HexNAc4dHex1-B,BY,1970.993594,53220
Y-Hex4HexNAc4dHex1-B,BY,1970.993594,53220
YY-Hex3HexNAc4dHex2-redEnd,YY,1975.024894,53220
YY-Hex3HexNAc4dHex2-redEnd,YY,1975.024894,53220
Y-Hex3HexNAc4dHex2-redEnd,Y,1989.040545,53220
Y-Hex5HexNAc4-B,BY,2001.004159,53220
YY-Hex4HexNAc4dHex1-redEnd,YY,2005.035459,53220
YY-Hex4HexNAc4dHex1-redEnd,YY,2005.035459,53220
YY-Hex4HexNAc4dHex1-redEnd,YY,2005.035459,53220
YY-Hex4HexNAc4dHex1-redEnd,YY,2005.035459,53220
YY-Hex4HexNAc4dHex1-redEnd,YY,2005.035459,53220
YY-Hex4HexNAc4dHex1-redEnd,YY,2005.035459,53220
YY-Hex5HexNAc4-redEnd,YY,2035.046024,53220
Hex5HexNAc4dHex1-B,B,2189.109018,53220
Y-Hex4HexNAc4dHex2-redEnd,Y,2193.140318,53220
Y-Hex4HexNAc4dHex2-redEnd,Y,2193.140318,53220
YY-Hex3HexNAc5dHex2-redEnd,YY,2220.151217,53220
Y-Hex5HexNAc4dHex1-redEnd,Y,2223.150883,53220
YY-Hex4HexNAc5dHex1-redEnd,YY,2250.161782,53220
YY-Hex4HexNAc5dHex1-redEnd,YY,2250.161782,53220
YY-Hex4HexNAc5dHex1-redEnd,YY,2250.161782,53220
YY-Hex4HexNAc5dHex1-redEnd,YY,2250.161782,53220
YY-Hex5HexNAc5-redEnd,YY,2280.172347,53220
Y-Hex4HexNAc5dHex2-redEnd,Y,2438.266641,53220
Y-Hex4HexNAc5dHex2-redEnd,Y,2438.266641,53220
Y-Hex5HexNAc5dHex1-redEnd,Y,2468.277206,53220
Y-Hex5HexNAc5dHex1-redEnd,Y,2468.277206,53220
Hex5HexNAc5dHex2-redEnd,NA,2656.382065,53220
dHex1-B,B,188.104859,53221
Y-Hex1-B,BY,204.0997736,53221
Y-Hex1-B,BY,204.0997736,53221
Hex1-B,B,218.1154237,53221
Y-HexNAc1-B,BY,245.1263227,53221
Y-HexNAc1-B,BY,245.1263227,53221
Y-HexNAc1-B,BY,245.1263227,53221
YY-HexNAc1-redEnd,YY,279.1681875,53221
NeuAc1-B,B,375.1893169,53221
HexNAc1dHex1-B,B,433.2311817,53221
Y-Hex1HexNAc1-B,BY,449.2260963,53221
Y-Hex1HexNAc1-B,BY,449.2260963,53221
Hex1HexNAc1-B,B,463.2417464,53221
Y-HexNAc1dHex1-redEnd,Y,467.2730465,53221
YY-HexNAc2-redEnd,YY,524.2945103,53221
Hex1NeuAc1-B,B,579.2890905,53221
Y-Hex1HexNAc1dHex1-B,BY,623.3153053,53221
Y-Hex2HexNAc1-B,BY,653.32587,53221
Y-Hex2HexNAc1-B,BY,653.32587,53221
Y-HexNAc2dHex1-redEnd,Y,712.3993693,53221
Hex1HexNAc1NeuAc1-B,B,824.4154133,53221
Y-Hex1HexNAc2dHex1-B,BY,868.441628,53221
Y-Hex2HexNAc2-B,BY,898.4521927,53221
YY-Hex1HexNAc2dHex1-redEnd,YY,902.4834928,53221
Hex2HexNAc1NeuAc1-B,B,1028.515187,53221
Hex2HexNAc2dHex1-B,B,1086.557052,53221
YY-Hex2HexNAc2dHex1-redEnd,YY,1106.583266,53221
Y-Hex3HexNAc1NeuAc1-B,BY,1218.59931,53221
Y-Hex3HexNAc2dHex1-B,BY,1276.641175,53221
YY-Hex2HexNAc3dHex1-redEnd,YY,1351.709589,53221
Y-Hex3HexNAc2NeuAc1-B,BY,1463.725633,53221
Y-Hex4HexNAc2dHex1-B,BY,1480.740949,53221
Y-Hex3HexNAc3dHex1-B,BY,1521.767498,53221
YY-Hex2HexNAc3dHex2-redEnd,YY,1525.798798,53221
YY-Hex3HexNAc3dHex1-redEnd,YY,1555.809363,53221
YY-Hex3HexNAc3dHex1-redEnd,YY,1555.809363,53221
Y-Hex4HexNAc3dHex1-B,BY,1725.867272,53221
Y-Hex4HexNAc3dHex1-B,BY,1725.867272,53221
YY-Hex3HexNAc3dHex2-redEnd,YY,1729.898572,53221
YY-Hex3HexNAc3NeuAc1-redEnd,YY,1742.893821,53221
YY-Hex4HexNAc3dHex1-redEnd,YY,1759.909136,53221
YY-Hex2HexNAc4dHex2-redEnd,YY,1770.925121,53221
YY-Hex3HexNAc4dHex1-redEnd,YY,1800.935686,53221
YY-Hex3HexNAc4dHex1-redEnd,YY,1800.935686,53221
Y-Hex4HexNAc2NeuAc1dHex1-B,BY,1841.914616,53221
Y-Hex5HexNAc2NeuAc1-B,BY,1871.92518,53221
Y-Hex5HexNAc3dHex1-B,BY,1929.967045,53221
Y-Hex3HexNAc3NeuAc1dHex1-redEnd,Y,1930.99868,53221
Y-Hex4HexNAc4dHex1-B,BY,1970.993594,53221
YY-Hex3HexNAc4dHex2-redEnd,YY,1975.024894,53221
YY-Hex3HexNAc4dHex2-redEnd,YY,1975.024894,53221
Y-Hex3HexNAc4dHex2-redEnd,Y,1989.040545,53221
YY-Hex4HexNAc4dHex1-redEnd,YY,2005.035459,53221
YY-Hex4HexNAc4dHex1-redEnd,YY,2005.035459,53221
YY-Hex4HexNAc4dHex1-redEnd,YY,2005.035459,53221
Y-Hex4HexNAc3NeuAc1dHex1-B,BY,2087.040938,53221
Y-Hex4HexNAc3NeuAc1dHex1-B,BY,2087.040938,53221
Y-Hex5HexNAc3NeuAc1-B,BY,2117.051503,53221
Y-Hex5HexNAc3NeuAc1-B,BY,2117.051503,53221
YY-Hex4HexNAc3NeuAc1dHex1-redEnd,YY,2121.082803,53221
Y-Hex5HexNAc4dHex1-B,BY,2175.093368,53221
YY-Hex4HexNAc4dHex2-redEnd,YY,2179.124668,53221
Y-Hex4HexNAc4dHex2-redEnd,Y,2193.140318,53221
YY-Hex5HexNAc4dHex1-redEnd,YY,2209.135233,53221
YY-Hex3HexNAc5dHex2-redEnd,YY,2220.151217,53221
YY-Hex4HexNAc5dHex1-redEnd,YY,2250.161782,53221
YY-Hex4HexNAc5dHex1-redEnd,YY,2250.161782,53221
Hex5HexNAc3NeuAc1dHex1-B,B,2305.156362,53221
Y-Hex4HexNAc4NeuAc1dHex1-B,BY,2332.167261,53221
Y-Hex5HexNAc4NeuAc1-B,BY,2362.177826,53221
YY-Hex4HexNAc4NeuAc1dHex1-redEnd,YY,2366.209126,53221
YY-Hex4HexNAc4NeuAc1dHex1-redEnd,YY,2366.209126,53221
YY-Hex4HexNAc4NeuAc1dHex1-redEnd,YY,2366.209126,53221
YY-Hex5HexNAc4NeuAc1-redEnd,YY,2396.219691,53221
YY-Hex4HexNAc5dHex2-redEnd,YY,2424.250991,53221
Y-Hex4HexNAc5dHex2-redEnd,Y,2438.266641,53221
YY-Hex5HexNAc5dHex1-redEnd,YY,2454.261555,53221
YY-Hex5HexNAc5dHex1-redEnd,YY,2454.261555,53221
Hex5HexNAc4NeuAc1dHex1-B,B,2550.282685,53221
Y-Hex4HexNAc4NeuAc1dHex2-redEnd,Y,2554.313985,53221
Y-Hex5HexNAc4NeuAc1dHex1-redEnd,Y,2584.32455,53221
YY-Hex4HexNAc5NeuAc1dHex1-redEnd,YY,2611.335449,53221
YY-Hex4HexNAc5NeuAc1dHex1-redEnd,YY,2611.335449,53221
YY-Hex5HexNAc5NeuAc1-redEnd,YY,2641.346013,53221
Y-Hex5HexNAc5dHex2-redEnd,Y,2642.366414,53221
Y-Hex4HexNAc5NeuAc1dHex2-redEnd,Y,2799.440308,53221
Y-Hex5HexNAc5NeuAc1dHex1-redEnd,Y,2829.450872,53221
Y-Hex5HexNAc5NeuAc1dHex1-redEnd,Y,2829.450872,53221
Hex5HexNAc5NeuAc1dHex2-redEnd,NA,3017.555731,53221
dHex1-B,B,188.104859,53230
Y-Hex1-B,BY,204.0997736,53230
Hex1-B,B,218.1154237,53230
Y-HexNAc1-B,BY,245.1263227,53230
Y-HexNAc1-B,BY,245.1263227,53230
Y-HexNAc1-B,BY,245.1263227,53230
YY-HexNAc1-redEnd,YY,279.1681875,53230
Y-HexNAc1dHex1-B,BY,419.2155317,53230
HexNAc1dHex1-B,B,433.2311817,53230
Y-Hex1HexNAc1-B,BY,449.2260963,53230
Hex1HexNAc1-B,B,463.2417464,53230
Y-HexNAc1dHex1-redEnd,Y,467.2730465,53230
YY-HexNAc2-redEnd,YY,524.2945103,53230
Y-Hex1HexNAc1dHex1-B,BY,623.3153053,53230
Y-Hex1HexNAc1dHex1-B,BY,623.3153053,53230
Hex1HexNAc1dHex1-B,B,637.3309553,53230
Y-Hex2HexNAc1-B,BY,653.32587,53230
Y-Hex2HexNAc1-B,BY,653.32587,53230
Y-HexNAc2dHex1-redEnd,Y,712.3993693,53230
Hex2HexNAc1dHex1-B,B,841.430729,53230
Y-Hex1HexNAc2dHex1-B,BY,868.441628,53230
Y-Hex2HexNAc2-B,BY,898.4521927,53230
YY-Hex1HexNAc2dHex1-redEnd,YY,902.4834928,53230
Y-Hex3HexNAc1dHex1-B,BY,1031.514853,53230
Hex2HexNAc2dHex1-B,B,1086.557052,53230
YY-Hex2HexNAc2dHex1-redEnd,YY,1106.583266,53230
Y-Hex3HexNAc2dHex1-B,BY,1276.641175,53230
Y-Hex3HexNAc2dHex1-B,BY,1276.641175,53230
Y-Hex4HexNAc2dHex1-B,BY,1480.740949,53230
Y-Hex3HexNAc3dHex1-B,BY,1521.767498,53230
YY-Hex2HexNAc3dHex2-redEnd,YY,1525.798798,53230
YY-Hex2HexNAc3dHex2-redEnd,YY,1525.798798,53230
YY-Hex3HexNAc3dHex1-redEnd,YY,1555.809363,53230
YY-Hex3HexNAc3dHex1-redEnd,YY,1555.809363,53230
YY-Hex3HexNAc3dHex1-redEnd,YY,1555.809363,53230
Y-Hex4HexNAc2dHex2-B,BY,1654.830158,53230
Y-Hex5HexNAc2dHex1-B,BY,1684.840722,53230
Y-Hex4HexNAc3dHex1-B,BY,1725.867272,53230
YY-Hex3HexNAc3dHex2-redEnd,YY,1729.898572,53230
Y-Hex3HexNAc3dHex2-redEnd,Y,1743.914222,53230
YY-Hex4HexNAc3dHex1-redEnd,YY,1759.909136,53230
YY-Hex2HexNAc4dHex2-redEnd,YY,1770.925121,53230
YY-Hex3HexNAc4dHex1-redEnd,YY,1800.935686,53230
YY-Hex3HexNAc4dHex1-redEnd,YY,1800.935686,53230
Y-Hex4HexNAc3dHex2-B,BY,1899.956481,53230
Y-Hex4HexNAc3dHex2-B,BY,1899.956481,53230
Y-Hex4HexNAc3dHex2-B,BY,1899.956481,53230
Y-Hex5HexNAc3dHex1-B,BY,1929.967045,53230
Y-Hex5HexNAc3dHex1-B,BY,1929.967045,53230
Y-Hex5HexNAc3dHex1-B,BY,1929.967045,53230
YY-Hex4HexNAc3dHex2-redEnd,YY,1933.998345,53230
YY-Hex3HexNAc4dHex2-redEnd,YY,1975.024894,53230
Y-Hex3HexNAc4dHex2-redEnd,Y,1989.040545,53230
YY-Hex4HexNAc4dHex1-redEnd,YY,2005.035459,53230
YY-Hex4HexNAc4dHex1-redEnd,YY,2005.035459,53230
Hex5HexNAc3dHex2-B,B,2118.071904,53230
Y-Hex4HexNAc4dHex2-B,BY,2145.082803,53230
Y-Hex4HexNAc4dHex2-B,BY,2145.082803,53230
YY-Hex3HexNAc4dHex3-redEnd,YY,2149.114103,53230
Y-Hex5HexNAc4dHex1-B,BY,2175.093368,53230
Y-Hex5HexNAc4dHex1-B,BY,2175.093368,53230
YY-Hex4HexNAc4dHex2-redEnd,YY,2179.124668,53230
YY-Hex4HexNAc4dHex2-redEnd,YY,2179.124668,53230
YY-Hex4HexNAc4dHex2-redEnd,YY,2179.124668,53230
YY-Hex4HexNAc4dHex2-redEnd,YY,2179.124668,53230
YY-Hex4HexNAc4dHex2-redEnd,YY,2179.124668,53230
Y-Hex4HexNAc4dHex2-redEnd,Y,2193.140318,53230
YY-Hex5HexNAc4dHex1-redEnd,YY,2209.135233,53230
YY-Hex5HexNAc4dHex1-redEnd,YY,2209.135233,53230
Hex5HexNAc4dHex2-B,B,2363.198227,53230
Y-Hex4HexNAc4dHex3-redEnd,Y,2367.229527,53230
YY-Hex3HexNAc5dHex3-redEnd,YY,2394.240426,53230
Y-Hex5HexNAc4dHex2-redEnd,Y,2397.240092,53230
YY-Hex4HexNAc5dHex2-redEnd,YY,2424.250991,53230
YY-Hex4HexNAc5dHex2-redEnd,YY,2424.250991,53230
YY-Hex4HexNAc5dHex2-redEnd,YY,2424.250991,53230
YY-Hex4HexNAc5dHex2-redEnd,YY,2424.250991,53230
YY-Hex4HexNAc5dHex2-redEnd,YY,2424.250991,53230
YY-Hex4HexNAc5dHex2-redEnd,YY,2424.250991,53230
YY-Hex5HexNAc5dHex1-redEnd,YY,2454.261555,53230
YY-Hex5HexNAc5dHex1-redEnd,YY,2454.261555,53230
YY-Hex5HexNAc5dHex1-redEnd,YY,2454.261555,53230
Y-Hex4HexNAc5dHex3-redEnd,Y,2612.35585,53230
Y-Hex4HexNAc5dHex3-redEnd,Y,2612.35585,53230
Y-Hex5HexNAc5dHex2-redEnd,Y,2642.366414,53230
Y-Hex5HexNAc5dHex2-redEnd,Y,2642.366414,53230
Y-Hex5HexNAc5dHex2-redEnd,Y,2642.366414,53230
Hex5HexNAc5dHex3-redEnd,NA,2830.471273,53230
Y-Hex1-B,BY,204.0997736,53300
Hex1-B,B,218.1154237,53300
Y-HexNAc1-B,BY,245.1263227,53300
Y-HexNAc1-B,BY,245.1263227,53300
Y-HexNAc1-redEnd,Y,293.1838376,53300
Y-Hex1HexNAc1-B,BY,449.2260963,53300
Hex1HexNAc1-B,B,463.2417464,53300
Y-HexNAc2-redEnd,Y,538.3101603,53300
Y-Hex2HexNAc1-B,BY,653.32587,53300
Hex2HexNAc1-B,B,667.34152,53300
YY-Hex1HexNAc2-redEnd,YY,728.3942839,53300
Y-Hex3HexNAc1-B,BY,857.4256436,53300
Y-Hex2HexNAc2-B,BY,898.4521927,53300
YY-Hex2HexNAc2-redEnd,YY,932.4940575,53300
Y-Hex3HexNAc2-B,BY,1102.551966,53300
Hex3HexNAc2-B,B,1116.567616,53300
YY-Hex2HexNAc3-redEnd,YY,1177.62038,53300
Y-Hex4HexNAc2-B,BY,1306.65174,53300
YY-Hex3HexNAc3-redEnd,YY,1381.720154,53300
Y-Hex3HexNAc3-redEnd,Y,1395.735804,53300
Y-Hex5HexNAc2-B,BY,1510.751514,53300
Y-Hex5HexNAc2-B,BY,1510.751514,53300
Y-Hex4HexNAc3-B,BY,1551.778063,53300
YY-Hex4HexNAc3-redEnd,YY,1585.819927,53300
YY-Hex4HexNAc3-redEnd,YY,1585.819927,53300
YY-Hex3HexNAc4-redEnd,YY,1626.846477,53300
Y-Hex5HexNAc3-B,BY,1755.877836,53300
Y-Hex5HexNAc3-B,BY,1755.877836,53300
Y-Hex5HexNAc3-B,BY,1755.877836,53300
Y-Hex5HexNAc3-B,BY,1755.877836,53300
YY-Hex4HexNAc4-redEnd,YY,1830.94625,53300
YY-Hex4HexNAc4-redEnd,YY,1830.94625,53300
YY-Hex4HexNAc4-redEnd,YY,1830.94625,53300
Y-Hex4HexNAc4-redEnd,Y,1844.9619,53300
Hex6HexNAc3-B,B,1973.99326,53300
Y-Hex5HexNAc4-B,BY,2001.004159,53300
Y-Hex5HexNAc4-B,BY,2001.004159,53300
Y-Hex5HexNAc4-redEnd,Y,2049.061674,53300
Y-Hex5HexNAc4-redEnd,Y,2049.061674,53300
YY-Hex4HexNAc5-redEnd,YY,2076.072573,53300
YY-Hex4HexNAc5-redEnd,YY,2076.072573,53300
Hex6HexNAc4-B,B,2219.119583,53300
Y-Hex5HexNAc5-redEnd,Y,2294.187997,53300
Y-Hex5HexNAc5-redEnd,Y,2294.187997,53300
Hex6HexNAc5-redEnd,NA,2512.30342,53300
Y-Hex1-B,BY,204.0997736,53301
Y-Hex1-B,BY,204.0997736,53301
Hex1-B,B,218.1154237,53301
Y-HexNAc1-B,BY,245.1263227,53301
Y-HexNAc1-B,BY,245.1263227,53301
Y-HexNAc1-redEnd,Y,293.1838376,53301
NeuAc1-B,B,375.1893169,53301
Y-Hex1HexNAc1-B,BY,449.2260963,53301
Y-Hex1HexNAc1-B,BY,449.2260963,53301
Hex1HexNAc1-B,B,463.2417464,53301
Y-HexNAc2-redEnd,Y,538.3101603,53301
Hex1NeuAc1-B,B,579.2890905,53301
Y-Hex2HexNAc1-B,BY,653.32587,53301
Y-Hex2HexNAc1-B,BY,653.32587,53301
YY-Hex1HexNAc2-redEnd,YY,728.3942839,53301
Hex1HexNAc1NeuAc1-B,B,824.4154133,53301
Y-Hex2HexNAc2-B,BY,898.4521927,53301
YY-Hex2HexNAc2-redEnd,YY,932.4940575,53301
Hex2HexNAc1NeuAc1-B,B,1028.515187,53301
Hex3HexNAc2-B,B,1116.567616,53301
YY-Hex2HexNAc3-redEnd,YY,1177.62038,53301
Y-Hex3HexNAc1NeuAc1-B,BY,1218.59931,53301
Y-Hex4HexNAc2-B,BY,1306.65174,53301
YY-Hex3HexNAc3-redEnd,YY,1381.720154,53301
YY-Hex3HexNAc3-redEnd,YY,1381.720154,53301
Y-Hex3HexNAc2NeuAc1-B,BY,1463.725633,53301
Y-Hex5HexNAc2-B,BY,1510.751514,53301
Y-Hex4HexNAc3-B,BY,1551.778063,53301
YY-Hex4HexNAc3-redEnd,YY,1585.819927,53301
YY-Hex3HexNAc4-redEnd,YY,1626.846477,53301
Y-Hex5HexNAc3-B,BY,1755.877836,53301
Y-Hex5HexNAc3-B,BY,1755.877836,53301
Y-Hex3HexNAc3NeuAc1-redEnd,Y,1756.909471,53301
YY-Hex4HexNAc4-redEnd,YY,1830.94625,53301
YY-Hex4HexNAc4-redEnd,YY,1830.94625,53301
Y-Hex4HexNAc4-redEnd,Y,1844.9619,53301
Y-Hex5HexNAc2NeuAc1-B,BY,1871.92518,53301
YY-Hex4HexNAc3NeuAc1-redEnd,YY,1946.993594,53301
Y-Hex6HexNAc3-B,BY,1959.97761,53301
Y-Hex5HexNAc4-B,BY,2001.004159,53301
YY-Hex5HexNAc4-redEnd,YY,2035.046024,53301
Y-Hex5HexNAc4-redEnd,Y,2049.061674,53301
YY-Hex4HexNAc5-redEnd,YY,2076.072573,53301
Y-Hex5HexNAc3NeuAc1-B,BY,2117.051503,53301
Y-Hex5HexNAc3NeuAc1-B,BY,2117.051503,53301
YY-Hex4HexNAc4NeuAc1-redEnd,YY,2192.119917,53301
Y-Hex6HexNAc4-B,BY,2205.103933,53301
YY-Hex5HexNAc5-redEnd,YY,2280.172347,53301
Y-Hex5HexNAc5-redEnd,Y,2294.187997,53301
Hex6HexNAc3NeuAc1-B,B,2335.166927,53301
Y-Hex5HexNAc4NeuAc1-B,BY,2362.177826,53301
Y-Hex5HexNAc4NeuAc1-redEnd,Y,2410.235341,53301
YY-Hex4HexNAc5NeuAc1-redEnd,YY,2437.24624,53301
Y-Hex6HexNAc5-redEnd,Y,2498.28777,53301
Hex6HexNAc4NeuAc1-B,B,2580.29325,53301
Y-Hex5HexNAc5NeuAc1-redEnd,Y,2655.361663,53301
Hex6HexNAc5NeuAc1-redEnd,NA,2873.477087,53301
Y-Hex1-B,BY,204.0997736,53302
Y-Hex1-B,BY,204.0997736,53302
Hex1-B,B,218.1154237,53302
Y-HexNAc1-B,BY,245.1263227,53302
Y-HexNAc1-B,BY,245.1263227,53302
Y-HexNAc1-redEnd,Y,293.1838376,53302
NeuAc1-B,B,375.1893169,53302
Y-Hex1HexNAc1-B,BY,449.2260963,53302
Y-Hex1HexNAc1-B,BY,449.2260963,53302
Hex1HexNAc1-B,B,463.2417464,53302
Y-HexNAc2-redEnd,Y,538.3101603,53302
Hex1NeuAc1-B,B,579.2890905,53302
Y-Hex2HexNAc1-B,BY,653.32587,53302
Y-Hex2HexNAc1-B,BY,653.32587,53302
YY-Hex1HexNAc2-redEnd,YY,728.3942839,53302
Hex1HexNAc1NeuAc1-B,B,824.4154133,53302
Y-Hex2HexNAc2-B,BY,898.4521927,53302
YY-Hex2HexNAc2-redEnd,YY,932.4940575,53302
Y-Hex2HexNAc1NeuAc1-B,BY,1014.499537,53302
Hex2HexNAc1NeuAc1-B,B,1028.515187,53302
Y-Hex3HexNAc2-B,BY,1102.551966,53302
YY-Hex2HexNAc3-redEnd,YY,1177.62038,53302
Y-Hex3HexNAc1NeuAc1-B,BY,1218.59931,53302
Y-Hex2HexNAc2NeuAc1-B,BY,1259.62586,53302
YY-Hex3HexNAc3-redEnd,YY,1381.720154,53302
YY-Hex3HexNAc3-redEnd,YY,1381.720154,53302
Y-Hex3HexNAc2NeuAc1-B,BY,1463.725633,53302
Hex3HexNAc2NeuAc1-B,B,1477.741283,53302
YY-Hex4HexNAc3-redEnd,YY,1585.819927,53302
YY-Hex3HexNAc4-redEnd,YY,1626.846477,53302
Y-Hex4HexNAc2NeuAc1-B,BY,1667.825407,53302
YY-Hex3HexNAc3NeuAc1-redEnd,YY,1742.893821,53302
Y-Hex3HexNAc3NeuAc1-redEnd,Y,1756.909471,53302
YY-Hex4HexNAc4-redEnd,YY,1830.94625,53302
YY-Hex4HexNAc4-redEnd,YY,1830.94625,53302
YY-Hex4HexNAc4-redEnd,YY,1830.94625,53302
Y-Hex5HexNAc2NeuAc1-B,BY,1871.92518,53302
Y-Hex5HexNAc2NeuAc1-B,BY,1871.92518,53302
Y-Hex4HexNAc3NeuAc1-B,BY,1912.95173,53302
YY-Hex4HexNAc3NeuAc1-redEnd,YY,1946.993594,53302
YY-Hex4HexNAc3NeuAc1-redEnd,YY,1946.993594,53302
YY-Hex3HexNAc4NeuAc1-redEnd,YY,1988.020143,53302
YY-Hex5HexNAc4-redEnd,YY,2035.046024,53302
YY-Hex5HexNAc4-redEnd,YY,2035.046024,53302
YY-Hex4HexNAc5-redEnd,YY,2076.072573,53302
Y-Hex5HexNAc3NeuAc1-B,BY,2117.051503,53302
Y-Hex5HexNAc3NeuAc1-B,BY,2117.051503,53302
Y-Hex5HexNAc3NeuAc1-B,BY,2117.051503,53302
Y-Hex5HexNAc3NeuAc1-B,BY,2117.051503,53302
YY-Hex4HexNAc4NeuAc1-redEnd,YY,2192.119917,53302
YY-Hex4HexNAc4NeuAc1-redEnd,YY,2192.119917,53302
YY-Hex4HexNAc4NeuAc1-redEnd,YY,2192.119917,53302
Y-Hex4HexNAc4NeuAc1-redEnd,Y,2206.135567,53302
Y-Hex5HexNAc2NeuAc2-B,BY,2233.098847,53302
YY-Hex5HexNAc5-redEnd,YY,2280.172347,53302
YY-Hex5HexNAc5-redEnd,YY,2280.172347,53302
Y-Hex6HexNAc3NeuAc1-B,BY,2321.151277,53302
Y-Hex6HexNAc3NeuAc1-B,BY,2321.151277,53302
Y-Hex5HexNAc4NeuAc1-B,BY,2362.177826,53302
Y-Hex5HexNAc4NeuAc1-B,BY,2362.177826,53302
YY-Hex5HexNAc4NeuAc1-redEnd,YY,2396.219691,53302
YY-Hex5HexNAc4NeuAc1-redEnd,YY,2396.219691,53302
Y-Hex5HexNAc4NeuAc1-redEnd,Y,2410.235341,53302
Y-Hex5HexNAc4NeuAc1-redEnd,Y,2410.235341,53302
YY-Hex4HexNAc5NeuAc1-redEnd,YY,2437.24624,53302
YY-Hex4HexNAc5NeuAc1-redEnd,YY,2437.24624,53302
Y-Hex5HexNAc3NeuAc2-B,BY,2478.22517,53302
Y-Hex5HexNAc3NeuAc2-B,BY,2478.22517,53302
YY-Hex6HexNAc5-redEnd,YY,2484.27212,53302
Y-Hex6HexNAc4NeuAc1-B,BY,2566.277599,53302
Y-Hex6HexNAc4NeuAc1-B,BY,2566.277599,53302
YY-Hex5HexNAc5NeuAc1-redEnd,YY,2641.346013,53302
YY-Hex5HexNAc5NeuAc1-redEnd,YY,2641.346013,53302
Y-Hex5HexNAc5NeuAc1-redEnd,Y,2655.361663,53302
Y-Hex5HexNAc5NeuAc1-redEnd,Y,2655.361663,53302
Hex6HexNAc3NeuAc2-B,B,2696.340594,53302
Y-Hex5HexNAc4NeuAc2-B,BY,2723.351493,53302
Y-Hex5HexNAc4NeuAc2-redEnd,Y,2771.409008,53302
Y-Hex6HexNAc5NeuAc1-redEnd,Y,2859.461437,53302
Y-Hex6HexNAc5NeuAc1-redEnd,Y,2859.461437,53302
Hex6HexNAc4NeuAc2-B,B,2941.466916,53302
Y-Hex5HexNAc5NeuAc2-redEnd,Y,3016.53533,53302
Hex6HexNAc5NeuAc2-redEnd,NA,3234.650754,53302
Y-Hex1-B,BY,204.0997736,53303
Y-Hex1-B,BY,204.0997736,53303
Y-HexNAc1-B,BY,245.1263227,53303
Y-HexNAc1-B,BY,245.1263227,53303
Y-HexNAc1-redEnd,Y,293.1838376,53303
NeuAc1-B,B,375.1893169,53303
Y-Hex1HexNAc1-B,BY,449.2260963,53303
Y-Hex1HexNAc1-B,BY,449.2260963,53303
Y-HexNAc2-redEnd,Y,538.3101603,53303
Hex1NeuAc1-B,B,579.2890905,53303
Y-Hex2HexNAc1-B,BY,653.32587,53303
YY-Hex1HexNAc2-redEnd,YY,728.3942839,53303
Hex1HexNAc1NeuAc1-B,B,824.4154133,53303
YY-Hex2HexNAc2-redEnd,YY,932.4940575,53303
Y-Hex2HexNAc1NeuAc1-B,BY,1014.499537,53303
Hex2HexNAc1NeuAc1-B,B,1028.515187,53303
YY-Hex2HexNAc3-redEnd,YY,1177.62038,53303
Y-Hex3HexNAc1NeuAc1-B,BY,1218.59931,53303
Y-Hex2HexNAc2NeuAc1-B,BY,1259.62586,53303
Y-Hex2HexNAc2NeuAc1-B,BY,1259.62586,53303
YY-Hex3HexNAc3-redEnd,YY,1381.720154,53303
Y-Hex3HexNAc2NeuAc1-B,BY,1463.725633,53303
Y-Hex3HexNAc2NeuAc1-B,BY,1463.725633,53303
YY-Hex3HexNAc3NeuAc1-redEnd,YY,1742.893821,53303
Y-Hex3HexNAc3NeuAc1-redEnd,Y,1756.909471,53303
Hex3HexNAc2NeuAc2-B,B,1838.91495,53303
YY-Hex4HexNAc3NeuAc1-redEnd,YY,1946.993594,53303
YY-Hex4HexNAc3NeuAc1-redEnd,YY,1946.993594,53303
YY-Hex3HexNAc4NeuAc1-redEnd,YY,1988.020143,53303
YY-Hex3HexNAc4NeuAc1-redEnd,YY,1988.020143,53303
Y-Hex4HexNAc2NeuAc2-B,BY,2028.999074,53303
YY-Hex4HexNAc4NeuAc1-redEnd,YY,2192.119917,53303
YY-Hex4HexNAc4NeuAc1-redEnd,YY,2192.119917,53303
YY-Hex4HexNAc4NeuAc1-redEnd,YY,2192.119917,53303
YY-Hex4HexNAc4NeuAc1-redEnd,YY,2192.119917,53303
YY-Hex4HexNAc4NeuAc1-redEnd,YY,2192.119917,53303
Y-Hex5HexNAc2NeuAc2-B,BY,2233.098847,53303
Y-Hex5HexNAc2NeuAc2-B,BY,2233.098847,53303
Y-Hex4HexNAc3NeuAc2-B,BY,2274.125396,53303
YY-Hex5HexNAc4NeuAc1-redEnd,YY,2396.219691,53303
YY-Hex5HexNAc4NeuAc1-redEnd,YY,2396.219691,53303
YY-Hex5HexNAc4NeuAc1-redEnd,YY,2396.219691,53303
YY-Hex4HexNAc5NeuAc1-redEnd,YY,2437.24624,53303
YY-Hex4HexNAc5NeuAc1-redEnd,YY,2437.24624,53303
YY-Hex4HexNAc5NeuAc1-redEnd,YY,2437.24624,53303
Y-Hex5HexNAc3NeuAc2-B,BY,2478.22517,53303
Y-Hex5HexNAc3NeuAc2-B,BY,2478.22517,53303
Y-Hex5HexNAc3NeuAc2-B,BY,2478.22517,53303
Y-Hex5HexNAc3NeuAc2-B,BY,2478.22517,53303
Y-Hex5HexNAc3NeuAc2-B,BY,2478.22517,53303
Y-Hex4HexNAc4NeuAc2-redEnd,Y,2567.309234,53303
YY-Hex5HexNAc5NeuAc1-redEnd,YY,2641.346013,53303
YY-Hex5HexNAc5NeuAc1-redEnd,YY,2641.346013,53303
YY-Hex5HexNAc5NeuAc1-redEnd,YY,2641.346013,53303
YY-Hex5HexNAc5NeuAc1-redEnd,YY,2641.346013,53303
Y-Hex6HexNAc3NeuAc2-B,BY,2682.324944,53303
Y-Hex6HexNAc3NeuAc2-B,BY,2682.324944,53303
Y-Hex5HexNAc4NeuAc2-B,BY,2723.351493,53303
Y-Hex5HexNAc4NeuAc2-B,BY,2723.351493,53303
Y-Hex5HexNAc4NeuAc2-B,BY,2723.351493,53303
Y-Hex5HexNAc4NeuAc2-redEnd,Y,2771.409008,53303
Y-Hex5HexNAc4NeuAc2-redEnd,Y,2771.409008,53303
YY-Hex6HexNAc5NeuAc1-redEnd,YY,2845.445787,53303
YY-Hex6HexNAc5NeuAc1-redEnd,YY,2845.445787,53303
Y-Hex6HexNAc4NeuAc2-B,BY,2927.451266,53303
Y-Hex6HexNAc4NeuAc2-B,BY,2927.451266,53303
Y-Hex5HexNAc5NeuAc2-redEnd,Y,3016.53533,53303
Y-Hex5HexNAc5NeuAc2-redEnd,Y,3016.53533,53303
Y-Hex5HexNAc5NeuAc2-redEnd,Y,3016.53533,53303
Hex6HexNAc3NeuAc3-B,B,3057.51426,53303
Y-Hex6HexNAc5NeuAc2-redEnd,Y,3220.635104,53303
Y-Hex6HexNAc5NeuAc2-redEnd,Y,3220.635104,53303
Hex6HexNAc4NeuAc3-B,B,3302.640583,53303
Hex6HexNAc5NeuAc3-redEnd,NA,3595.824421,53303
Y-Hex1-B,BY,204.0997736,53304
Y-Hex1-B,BY,204.0997736,53304
Y-HexNAc1-B,BY,245.1263227,53304
Y-HexNAc1-B,BY,245.1263227,53304
Y-HexNAc1-redEnd,Y,293.1838376,53304
NeuAc1-B,B,375.1893169,53304
NeuAc1-B,B,375.1893169,53304
Y-Hex1HexNAc1-B,BY,449.2260963,53304
Y-Hex1HexNAc1-B,BY,449.2260963,53304
Y-HexNAc2-redEnd,Y,538.3101603,53304
Hex1NeuAc1-B,B,579.2890905,53304
Y-HexNAc1NeuAc1-B,BY,606.2999896,53304
Y-Hex2HexNAc1-B,BY,653.32587,53304
YY-Hex1HexNAc2-redEnd,YY,728.3942839,53304
Y-Hex1HexNAc1NeuAc1-B,BY,810.3997632,53304
Y-Hex1HexNAc1NeuAc1-B,BY,810.3997632,53304
Hex1HexNAc1NeuAc1-B,B,824.4154133,53304
YY-Hex2HexNAc2-redEnd,YY,932.4940575,53304
Y-Hex2HexNAc1NeuAc1-B,BY,1014.499537,53304
Hex2HexNAc1NeuAc1-B,B,1028.515187,53304
YY-Hex2HexNAc3-redEnd,YY,1177.62038,53304
Hex1HexNAc1NeuAc2-B,B,1185.58908,53304
Y-Hex3HexNAc1NeuAc1-B,BY,1218.59931,53304
Y-Hex2HexNAc1NeuAc2-B,BY,1375.673204,53304
YY-Hex3HexNAc3-redEnd,YY,1381.720154,53304
Y-Hex3HexNAc2NeuAc1-B,BY,1463.725633,53304
Y-Hex2HexNAc2NeuAc2-B,BY,1620.799526,53304
Y-Hex2HexNAc2NeuAc2-B,BY,1620.799526,53304
YY-Hex3HexNAc3NeuAc1-redEnd,YY,1742.893821,53304
Y-Hex3HexNAc3NeuAc1-redEnd,Y,1756.909471,53304
Y-Hex3HexNAc2NeuAc2-B,BY,1824.8993,53304
Y-Hex3HexNAc2NeuAc2-B,BY,1824.8993,53304
Y-Hex3HexNAc2NeuAc2-B,BY,1824.8993,53304
YY-Hex4HexNAc3NeuAc1-redEnd,YY,1946.993594,53304
YY-Hex4HexNAc3NeuAc1-redEnd,YY,1946.993594,53304
YY-Hex3HexNAc3NeuAc2-redEnd,YY,2104.067488,53304
YY-Hex4HexNAc4NeuAc1-redEnd,YY,2192.119917,53304
YY-Hex4HexNAc4NeuAc1-redEnd,YY,2192.119917,53304
Hex3HexNAc2NeuAc3-B,B,2200.088617,53304
Y-Hex5HexNAc2NeuAc2-B,BY,2233.098847,53304
YY-Hex4HexNAc3NeuAc2-redEnd,YY,2308.167261,53304
YY-Hex3HexNAc4NeuAc2-redEnd,YY,2349.19381,53304
YY-Hex3HexNAc4NeuAc2-redEnd,YY,2349.19381,53304
Y-Hex4HexNAc2NeuAc3-B,BY,2390.17274,53304
YY-Hex5HexNAc4NeuAc1-redEnd,YY,2396.219691,53304
YY-Hex5HexNAc4NeuAc1-redEnd,YY,2396.219691,53304
Y-Hex5HexNAc3NeuAc2-B,BY,2478.22517,53304
YY-Hex4HexNAc4NeuAc2-redEnd,YY,2553.293584,53304
YY-Hex4HexNAc4NeuAc2-redEnd,YY,2553.293584,53304
YY-Hex4HexNAc4NeuAc2-redEnd,YY,2553.293584,53304
YY-Hex4HexNAc4NeuAc2-redEnd,YY,2553.293584,53304
YY-Hex4HexNAc4NeuAc2-redEnd,YY,2553.293584,53304
YY-Hex4HexNAc4NeuAc2-redEnd,YY,2553.293584,53304
YY-Hex4HexNAc4NeuAc2-redEnd,YY,2553.293584,53304
Y-Hex5HexNAc2NeuAc3-B,BY,2594.272514,53304
Y-Hex5HexNAc2NeuAc3-B,BY,2594.272514,53304
Y-Hex4HexNAc3NeuAc3-B,BY,2635.299063,53304
YY-Hex5HexNAc4NeuAc2-redEnd,YY,2757.393358,53304
YY-Hex5HexNAc4NeuAc2-redEnd,YY,2757.393358,53304
YY-Hex5HexNAc4NeuAc2-redEnd,YY,2757.393358,53304
YY-Hex5HexNAc4NeuAc2-redEnd,YY,2757.393358,53304
YY-Hex5HexNAc4NeuAc2-redEnd,YY,2757.393358,53304
YY-Hex5HexNAc4NeuAc2-redEnd,YY,2757.393358,53304
Y-Hex5HexNAc4NeuAc2-redEnd,Y,2771.409008,53304
YY-Hex4HexNAc5NeuAc2-redEnd,YY,2798.419907,53304
YY-Hex4HexNAc5NeuAc2-redEnd,YY,2798.419907,53304
YY-Hex4HexNAc5NeuAc2-redEnd,YY,2798.419907,53304
Y-Hex5HexNAc3NeuAc3-B,BY,2839.398837,53304
Y-Hex5HexNAc3NeuAc3-B,BY,2839.398837,53304
Y-Hex5HexNAc3NeuAc3-B,BY,2839.398837,53304
Y-Hex5HexNAc3NeuAc3-B,BY,2839.398837,53304
Y-Hex5HexNAc3NeuAc3-B,BY,2839.398837,53304
Y-Hex4HexNAc4NeuAc3-redEnd,Y,2928.482901,53304
YY-Hex5HexNAc5NeuAc2-redEnd,YY,3002.51968,53304
YY-Hex5HexNAc5NeuAc2-redEnd,YY,3002.51968,53304
YY-Hex5HexNAc5NeuAc2-redEnd,YY,3002.51968,53304
YY-Hex5HexNAc5NeuAc2-redEnd,YY,3002.51968,53304
YY-Hex5HexNAc5NeuAc2-redEnd,YY,3002.51968,53304
YY-Hex5HexNAc5NeuAc2-redEnd,YY,3002.51968,53304
YY-Hex5HexNAc5NeuAc2-redEnd,YY,3002.51968,53304
YY-Hex5HexNAc5NeuAc2-redEnd,YY,3002.51968,53304
YY-Hex5HexNAc5NeuAc2-redEnd,YY,3002.51968,53304
Y-Hex6HexNAc3NeuAc3-B,BY,3043.49861,53304
Y-Hex6HexNAc3NeuAc3-B,BY,3043.49861,53304
Y-Hex6HexNAc3NeuAc3-B,BY,3043.49861,53304
Y-Hex6HexNAc3NeuAc3-B,BY,3043.49861,53304
Y-Hex5HexNAc4NeuAc3-B,BY,3084.52516,53304
Y-Hex5HexNAc4NeuAc3-B,BY,3084.52516,53304
Y-Hex5HexNAc4NeuAc3-B,BY,3084.52516,53304
Y-Hex5HexNAc4NeuAc3-redEnd,Y,3132.582674,53304
Y-Hex5HexNAc4NeuAc3-redEnd,Y,3132.582674,53304
YY-Hex6HexNAc5NeuAc2-redEnd,YY,3206.619454,53304
YY-Hex6HexNAc5NeuAc2-redEnd,YY,3206.619454,53304
YY-Hex6HexNAc5NeuAc2-redEnd,YY,3206.619454,53304
YY-Hex6HexNAc5NeuAc2-redEnd,YY,3206.619454,53304
YY-Hex6HexNAc5NeuAc2-redEnd,YY,3206.619454,53304
YY-Hex6HexNAc5NeuAc2-redEnd,YY,3206.619454,53304
Y-Hex6HexNAc4NeuAc3-B,BY,3288.624933,53304
Y-Hex6HexNAc4NeuAc3-B,BY,3288.624933,53304
Y-Hex6HexNAc4NeuAc3-B,BY,3288.624933,53304
Y-Hex6HexNAc4NeuAc3-B,BY,3288.624933,53304
Y-Hex5HexNAc5NeuAc3-redEnd,Y,3377.708997,53304
Y-Hex5HexNAc5NeuAc3-redEnd,Y,3377.708997,53304
Y-Hex5HexNAc5NeuAc3-redEnd,Y,3377.708997,53304
Hex6HexNAc3NeuAc4-B,B,3418.687927,53304
Y-Hex6HexNAc5NeuAc3-redEnd,Y,3581.808771,53304
Y-Hex6HexNAc5NeuAc3-redEnd,Y,3581.808771,53304
Y-Hex6HexNAc5NeuAc3-redEnd,Y,3581.808771,53304
Y-Hex6HexNAc5NeuAc3-redEnd,Y,3581.808771,53304
Hex6HexNAc4NeuAc4-B,B,3663.81425,53304
Hex6HexNAc5NeuAc4-redEnd,NA,3956.998088,53304
dHex1-B,B,188.104859,53310
Y-Hex1-B,BY,204.0997736,53310
Hex1-B,B,218.1154237,53310
Y-HexNAc1-B,BY,245.1263227,53310
Y-HexNAc1-B,BY,245.1263227,53310
YY-HexNAc1-redEnd,YY,279.1681875,53310
Y-Hex1HexNAc1-B,BY,449.2260963,53310
Hex1HexNAc1-B,B,463.2417464,53310
Y-HexNAc1dHex1-redEnd,Y,467.2730465,53310
YY-HexNAc2-redEnd,YY,524.2945103,53310
Y-Hex2HexNAc1-B,BY,653.32587,53310
Hex2HexNAc1-B,B,667.34152,53310
Y-HexNAc2dHex1-redEnd,Y,712.3993693,53310
Y-Hex3HexNAc1-B,BY,857.4256436,53310
Y-Hex2HexNAc2-B,BY,898.4521927,53310
YY-Hex1HexNAc2dHex1-redEnd,YY,902.4834928,53310
Y-Hex3HexNAc2-B,BY,1102.551966,53310
YY-Hex2HexNAc2dHex1-redEnd,YY,1106.583266,53310
Hex3HexNAc2-B,B,1116.567616,53310
Y-Hex4HexNAc2-B,BY,1306.65174,53310
YY-Hex2HexNAc3dHex1-redEnd,YY,1351.709589,53310
YY-Hex3HexNAc3-redEnd,YY,1381.720154,53310
Y-Hex5HexNAc2-B,BY,1510.751514,53310
Y-Hex5HexNAc2-B,BY,1510.751514,53310
Y-Hex4HexNAc3-B,BY,1551.778063,53310
YY-Hex3HexNAc3dHex1-redEnd,YY,1555.809363,53310
Y-Hex3HexNAc3dHex1-redEnd,Y,1569.825013,53310
Y-Hex5HexNAc3-B,BY,1755.877836,53310
Y-Hex5HexNAc3-B,BY,1755.877836,53310
Y-Hex5HexNAc3-B,BY,1755.877836,53310
Y-Hex5HexNAc3-B,BY,1755.877836,53310
YY-Hex4HexNAc3dHex1-redEnd,YY,1759.909136,53310
YY-Hex4HexNAc3dHex1-redEnd,YY,1759.909136,53310
YY-Hex3HexNAc4dHex1-redEnd,YY,1800.935686,53310
YY-Hex4HexNAc4-redEnd,YY,1830.94625,53310
Hex6HexNAc3-B,B,1973.99326,53310
Y-Hex5HexNAc4-B,BY,2001.004159,53310
Y-Hex5HexNAc4-B,BY,2001.004159,53310
YY-Hex4HexNAc4dHex1-redEnd,YY,2005.035459,53310
YY-Hex4HexNAc4dHex1-redEnd,YY,2005.035459,53310
YY-Hex4HexNAc4dHex1-redEnd,YY,2005.035459,53310
Y-Hex4HexNAc4dHex1-redEnd,Y,2019.051109,53310
YY-Hex5HexNAc4-redEnd,YY,2035.046024,53310
YY-Hex5HexNAc4-redEnd,YY,2035.046024,53310
Hex6HexNAc4-B,B,2219.119583,53310
Y-Hex5HexNAc4dHex1-redEnd,Y,2223.150883,53310
Y-Hex5HexNAc4dHex1-redEnd,Y,2223.150883,53310
YY-Hex4HexNAc5dHex1-redEnd,YY,2250.161782,53310
YY-Hex4HexNAc5dHex1-redEnd,YY,2250.161782,53310
YY-Hex5HexNAc5-redEnd,YY,2280.172347,53310
YY-Hex5HexNAc5-redEnd,YY,2280.172347,53310
Y-Hex5HexNAc5dHex1-redEnd,Y,2468.277206,53310
Y-Hex5HexNAc5dHex1-redEnd,Y,2468.277206,53310
Y-Hex6HexNAc5-redEnd,Y,2498.28777,53310
Hex6HexNAc5dHex1-redEnd,NA,2686.392629,53310
dHex1-B,B,188.104859,53311
Y-Hex1-B,BY,204.0997736,53311
Y-Hex1-B,BY,204.0997736,53311
Hex1-B,B,218.1154237,53311
Y-HexNAc1-B,BY,245.1263227,53311
Y-HexNAc1-B,BY,245.1263227,53311
YY-HexNAc1-redEnd,YY,279.1681875,53311
NeuAc1-B,B,375.1893169,53311
Y-Hex1HexNAc1-B,BY,449.2260963,53311
Y-Hex1HexNAc1-B,BY,449.2260963,53311
Hex1HexNAc1-B,B,463.2417464,53311
Y-HexNAc1dHex1-redEnd,Y,467.2730465,53311
YY-HexNAc2-redEnd,YY,524.2945103,53311
Hex1NeuAc1-B,B,579.2890905,53311
Y-Hex2HexNAc1-B,BY,653.32587,53311
Y-Hex2HexNAc1-B,BY,653.32587,53311
Y-HexNAc2dHex1-redEnd,Y,712.3993693,53311
Hex1HexNAc1NeuAc1-B,B,824.4154133,53311
Y-Hex2HexNAc2-B,BY,898.4521927,53311
YY-Hex1HexNAc2dHex1-redEnd,YY,902.4834928,53311
Hex2HexNAc1NeuAc1-B,B,1028.515187,53311
YY-Hex2HexNAc2dHex1-redEnd,YY,1106.583266,53311
Hex3HexNAc2-B,B,1116.567616,53311
Y-Hex3HexNAc1NeuAc1-B,BY,1218.59931,53311
Y-Hex4HexNAc2-B,BY,1306.65174,53311
YY-Hex2HexNAc3dHex1-redEnd,YY,1351.709589,53311
Y-Hex3HexNAc2NeuAc1-B,BY,1463.725633,53311
Y-Hex5HexNAc2-B,BY,1510.751514,53311
Y-Hex4HexNAc3-B,BY,1551.778063,53311
YY-Hex3HexNAc3dHex1-redEnd,YY,1555.809363,53311
YY-Hex3HexNAc3dHex1-redEnd,YY,1555.809363,53311
YY-Hex3HexNAc3NeuAc1-redEnd,YY,1742.893821,53311
Y-Hex5HexNAc3-B,BY,1755.877836,53311
Y-Hex5HexNAc3-B,BY,1755.877836,53311
YY-Hex4HexNAc3dHex1-redEnd,YY,1759.909136,53311
YY-Hex3HexNAc4dHex1-redEnd,YY,1800.935686,53311
YY-Hex4HexNAc4-redEnd,YY,1830.94625,53311
Y-Hex5HexNAc2NeuAc1-B,BY,1871.92518,53311
Y-Hex3HexNAc3NeuAc1dHex1-redEnd,Y,1930.99868,53311
Y-Hex6HexNAc3-B,BY,1959.97761,53311
Y-Hex5HexNAc4-B,BY,2001.004159,53311
YY-Hex4HexNAc4dHex1-redEnd,YY,2005.035459,53311
YY-Hex4HexNAc4dHex1-redEnd,YY,2005.035459,53311
Y-Hex4HexNAc4dHex1-redEnd,Y,2019.051109,53311
YY-Hex5HexNAc4-redEnd,YY,2035.046024,53311
Y-Hex5HexNAc3NeuAc1-B,BY,2117.051503,53311
Y-Hex5HexNAc3NeuAc1-B,BY,2117.051503,53311
YY-Hex4HexNAc3NeuAc1dHex1-redEnd,YY,2121.082803,53311
Y-Hex6HexNAc4-B,BY,2205.103933,53311
YY-Hex5HexNAc4dHex1-redEnd,YY,2209.135233,53311
Y-Hex5HexNAc4dHex1-redEnd,Y,2223.150883,53311
YY-Hex4HexNAc5dHex1-redEnd,YY,2250.161782,53311
YY-Hex5HexNAc5-redEnd,YY,2280.172347,53311
Hex6HexNAc3NeuAc1-B,B,2335.166927,53311
Y-Hex5HexNAc4NeuAc1-B,BY,2362.177826,53311
YY-Hex4HexNAc4NeuAc1dHex1-redEnd,YY,2366.209126,53311
YY-Hex5HexNAc4NeuAc1-redEnd,YY,2396.219691,53311
YY-Hex5HexNAc5dHex1-redEnd,YY,2454.261555,53311
Y-Hex5HexNAc5dHex1-redEnd,Y,2468.277206,53311
YY-Hex6HexNAc5-redEnd,YY,2484.27212,53311
Hex6HexNAc4NeuAc1-B,B,2580.29325,53311
Y-Hex5HexNAc4NeuAc1dHex1-redEnd,Y,2584.32455,53311
YY-Hex4HexNAc5NeuAc1dHex1-redEnd,YY,2611.335449,53311
YY-Hex5HexNAc5NeuAc1-redEnd,YY,2641.346013,53311
Y-Hex6HexNAc5dHex1-redEnd,Y,2672.376979,53311
Y-Hex5HexNAc5NeuAc1dHex1-redEnd,Y,2829.450872,53311
Y-Hex6HexNAc5NeuAc1-redEnd,Y,2859.461437,53311
Hex6HexNAc5NeuAc1dHex1-redEnd,NA,3047.566296,53311
dHex1-B,B,188.104859,53312
Y-Hex1-B,BY,204.0997736,53312
Y-Hex1-B,BY,204.0997736,53312
Hex1-B,B,218.1154237,53312
Y-HexNAc1-B,BY,245.1263227,53312
Y-HexNAc1-B,BY,245.1263227,53312
YY-HexNAc1-redEnd,YY,279.1681875,53312
NeuAc1-B,B,375.1893169,53312
Y-Hex1HexNAc1-B,BY,449.2260963,53312
Y-Hex1HexNAc1-B,BY,449.2260963,53312
Hex1HexNAc1-B,B,463.2417464,53312
Y-HexNAc1dHex1-redEnd,Y,467.2730465,53312
YY-HexNAc2-redEnd,YY,524.2945103,53312
Hex1NeuAc1-B,B,579.2890905,53312
Y-Hex2HexNAc1-B,BY,653.32587,53312
Y-Hex2HexNAc1-B,BY,653.32587,53312
Y-HexNAc2dHex1-redEnd,Y,712.3993693,53312
Hex1HexNAc1NeuAc1-B,B,824.4154133,53312
Y-Hex2HexNAc2-B,BY,898.4521927,53312
YY-Hex1HexNAc2dHex1-redEnd,YY,902.4834928,53312
Y-Hex2HexNAc1NeuAc1-B,BY,1014.499537,53312
Hex2HexNAc1NeuAc1-B,B,1028.515187,53312
Y-Hex3HexNAc2-B,BY,1102.551966,53312
YY-Hex2HexNAc2dHex1-redEnd,YY,1106.583266,53312
Y-Hex3HexNAc1NeuAc1-B,BY,1218.59931,53312
Y-Hex2HexNAc2NeuAc1-B,BY,1259.62586,53312
YY-Hex2HexNAc3dHex1-redEnd,YY,1351.709589,53312
Y-Hex3HexNAc2NeuAc1-B,BY,1463.725633,53312
Hex3HexNAc2NeuAc1-B,B,1477.741283,53312
YY-Hex3HexNAc3dHex1-redEnd,YY,1555.809363,53312
YY-Hex3HexNAc3dHex1-redEnd,YY,1555.809363,53312
Y-Hex4HexNAc2NeuAc1-B,BY,1667.825407,53312
YY-Hex3HexNAc3NeuAc1-redEnd,YY,1742.893821,53312
YY-Hex4HexNAc3dHex1-redEnd,YY,1759.909136,53312
YY-Hex3HexNAc4dHex1-redEnd,YY,1800.935686,53312
Y-Hex5HexNAc2NeuAc1-B,BY,1871.92518,53312
Y-Hex5HexNAc2NeuAc1-B,BY,1871.92518,53312
Y-Hex4HexNAc3NeuAc1-B,BY,1912.95173,53312
YY-Hex3HexNAc3NeuAc1dHex1-redEnd,YY,1916.98303,53312
Y-Hex3HexNAc3NeuAc1dHex1-redEnd,Y,1930.99868,53312
YY-Hex4HexNAc4dHex1-redEnd,YY,2005.035459,53312
YY-Hex4HexNAc4dHex1-redEnd,YY,2005.035459,53312
YY-Hex4HexNAc4dHex1-redEnd,YY,2005.035459,53312
Y-Hex5HexNAc3NeuAc1-B,BY,2117.051503,53312
Y-Hex5HexNAc3NeuAc1-B,BY,2117.051503,53312
Y-Hex5HexNAc3NeuAc1-B,BY,2117.051503,53312
Y-Hex5HexNAc3NeuAc1-B,BY,2117.051503,53312
YY-Hex4HexNAc3NeuAc1dHex1-redEnd,YY,2121.082803,53312
YY-Hex4HexNAc3NeuAc1dHex1-redEnd,YY,2121.082803,53312
YY-Hex3HexNAc4NeuAc1dHex1-redEnd,YY,2162.109352,53312
YY-Hex4HexNAc4NeuAc1-redEnd,YY,2192.119917,53312
YY-Hex5HexNAc4dHex1-redEnd,YY,2209.135233,53312
YY-Hex5HexNAc4dHex1-redEnd,YY,2209.135233,53312
Y-Hex5HexNAc2NeuAc2-B,BY,2233.098847,53312
YY-Hex4HexNAc5dHex1-redEnd,YY,2250.161782,53312
Y-Hex6HexNAc3NeuAc1-B,BY,2321.151277,53312
Y-Hex6HexNAc3NeuAc1-B,BY,2321.151277,53312
Y-Hex5HexNAc4NeuAc1-B,BY,2362.177826,53312
Y-Hex5HexNAc4NeuAc1-B,BY,2362.177826,53312
YY-Hex4HexNAc4NeuAc1dHex1-redEnd,YY,2366.209126,53312
YY-Hex4HexNAc4NeuAc1dHex1-redEnd,YY,2366.209126,53312
YY-Hex4HexNAc4NeuAc1dHex1-redEnd,YY,2366.209126,53312
Y-Hex4HexNAc4NeuAc1dHex1-redEnd,Y,2380.224776,53312
YY-Hex5HexNAc4NeuAc1-redEnd,YY,2396.219691,53312
YY-Hex5HexNAc4NeuAc1-redEnd,YY,2396.219691,53312
YY-Hex5HexNAc5dHex1-redEnd,YY,2454.261555,53312
YY-Hex5HexNAc5dHex1-redEnd,YY,2454.261555,53312
Y-Hex5HexNAc3NeuAc2-B,BY,2478.22517,53312
Y-Hex5HexNAc3NeuAc2-B,BY,2478.22517,53312
Y-Hex6HexNAc4NeuAc1-B,BY,2566.277599,53312
Y-Hex6HexNAc4NeuAc1-B,BY,2566.277599,53312
YY-Hex5HexNAc4NeuAc1dHex1-redEnd,YY,2570.3089,53312
YY-Hex5HexNAc4NeuAc1dHex1-redEnd,YY,2570.3089,53312
Y-Hex5HexNAc4NeuAc1dHex1-redEnd,Y,2584.32455,53312
Y-Hex5HexNAc4NeuAc1dHex1-redEnd,Y,2584.32455,53312
YY-Hex4HexNAc5NeuAc1dHex1-redEnd,YY,2611.335449,53312
YY-Hex4HexNAc5NeuAc1dHex1-redEnd,YY,2611.335449,53312
YY-Hex5HexNAc5NeuAc1-redEnd,YY,2641.346013,53312
YY-Hex5HexNAc5NeuAc1-redEnd,YY,2641.346013,53312
YY-Hex6HexNAc5dHex1-redEnd,YY,2658.361329,53312
Hex6HexNAc3NeuAc2-B,B,2696.340594,53312
Y-Hex5HexNAc4NeuAc2-B,BY,2723.351493,53312
YY-Hex5HexNAc4NeuAc2-redEnd,YY,2757.393358,53312
YY-Hex5HexNAc5NeuAc1dHex1-redEnd,YY,2815.435222,53312
YY-Hex5HexNAc5NeuAc1dHex1-redEnd,YY,2815.435222,53312
Y-Hex5HexNAc5NeuAc1dHex1-redEnd,Y,2829.450872,53312
Y-Hex5HexNAc5NeuAc1dHex1-redEnd,Y,2829.450872,53312
YY-Hex6HexNAc5NeuAc1-redEnd,YY,2845.445787,53312
YY-Hex6HexNAc5NeuAc1-redEnd,YY,2845.445787,53312
Hex6HexNAc4NeuAc2-B,B,2941.466916,53312
Y-Hex5HexNAc4NeuAc2dHex1-redEnd,Y,2945.498217,53312
YY-Hex5HexNAc5NeuAc2-redEnd,YY,3002.51968,53312
Y-Hex6HexNAc5NeuAc1dHex1-redEnd,Y,3033.550646,53312
Y-Hex6HexNAc5NeuAc1dHex1-redEnd,Y,3033.550646,53312
Y-Hex5HexNAc5NeuAc2dHex1-redEnd,Y,3190.624539,53312
Y-Hex6HexNAc5NeuAc2-redEnd,Y,3220.635104,53312
Hex6HexNAc5NeuAc2dHex1-redEnd,NA,3408.739963,53312
dHex1-B,B,188.104859,53313
Y-Hex1-B,BY,204.0997736,53313
Y-Hex1-B,BY,204.0997736,53313
Y-HexNAc1-B,BY,245.1263227,53313
Y-HexNAc1-B,BY,245.1263227,53313
YY-HexNAc1-redEnd,YY,279.1681875,53313
NeuAc1-B,B,375.1893169,53313
Y-Hex1HexNAc1-B,BY,449.2260963,53313
Y-Hex1HexNAc1-B,BY,449.2260963,53313
Y-HexNAc1dHex1-redEnd,Y,467.2730465,53313
YY-HexNAc2-redEnd,YY,524.2945103,53313
Hex1NeuAc1-B,B,579.2890905,53313
Y-Hex2HexNAc1-B,BY,653.32587,53313
Y-HexNAc2dHex1-redEnd,Y,712.3993693,53313
Hex1HexNAc1NeuAc1-B,B,824.4154133,53313
YY-Hex1HexNAc2dHex1-redEnd,YY,902.4834928,53313
Y-Hex2HexNAc1NeuAc1-B,BY,1014.499537,53313
Hex2HexNAc1NeuAc1-B,B,1028.515187,53313
YY-Hex2HexNAc2dHex1-redEnd,YY,1106.583266,53313
Y-Hex3HexNAc1NeuAc1-B,BY,1218.59931,53313
Y-Hex2HexNAc2NeuAc1-B,BY,1259.62586,53313
Y-Hex2HexNAc2NeuAc1-B,BY,1259.62586,53313
YY-Hex2HexNAc3dHex1-redEnd,YY,1351.709589,53313
Y-Hex3HexNAc2NeuAc1-B,BY,1463.725633,53313
Y-Hex3HexNAc2NeuAc1-B,BY,1463.725633,53313
YY-Hex3HexNAc3dHex1-redEnd,YY,1555.809363,53313
YY-Hex3HexNAc3NeuAc1-redEnd,YY,1742.893821,53313
Hex3HexNAc2NeuAc2-B,B,1838.91495,53313
YY-Hex3HexNAc3NeuAc1dHex1-redEnd,YY,1916.98303,53313
Y-Hex3HexNAc3NeuAc1dHex1-redEnd,Y,1930.99868,53313
Y-Hex4HexNAc2NeuAc2-B,BY,2028.999074,53313
YY-Hex4HexNAc3NeuAc1dHex1-redEnd,YY,2121.082803,53313
YY-Hex4HexNAc3NeuAc1dHex1-redEnd,YY,2121.082803,53313
YY-Hex3HexNAc4NeuAc1dHex1-redEnd,YY,2162.109352,53313
YY-Hex3HexNAc4NeuAc1dHex1-redEnd,YY,2162.109352,53313
Y-Hex5HexNAc2NeuAc2-B,BY,2233.098847,53313
Y-Hex5HexNAc2NeuAc2-B,BY,2233.098847,53313
Y-Hex4HexNAc3NeuAc2-B,BY,2274.125396,53313
YY-Hex4HexNAc4NeuAc1dHex1-redEnd,YY,2366.209126,53313
YY-Hex4HexNAc4NeuAc1dHex1-redEnd,YY,2366.209126,53313
YY-Hex4HexNAc4NeuAc1dHex1-redEnd,YY,2366.209126,53313
YY-Hex4HexNAc4NeuAc1dHex1-redEnd,YY,2366.209126,53313
Y-Hex5HexNAc3NeuAc2-B,BY,2478.22517,53313
Y-Hex5HexNAc3NeuAc2-B,BY,2478.22517,53313
Y-Hex5HexNAc3NeuAc2-B,BY,2478.22517,53313
Y-Hex5HexNAc3NeuAc2-B,BY,2478.22517,53313
Y-Hex5HexNAc3NeuAc2-B,BY,2478.22517,53313
YY-Hex4HexNAc4NeuAc2-redEnd,YY,2553.293584,53313
YY-Hex5HexNAc4NeuAc1dHex1-redEnd,YY,2570.3089,53313
YY-Hex5HexNAc4NeuAc1dHex1-redEnd,YY,2570.3089,53313
YY-Hex5HexNAc4NeuAc1dHex1-redEnd,YY,2570.3089,53313
YY-Hex4HexNAc5NeuAc1dHex1-redEnd,YY,2611.335449,53313
YY-Hex4HexNAc5NeuAc1dHex1-redEnd,YY,2611.335449,53313
Y-Hex6HexNAc3NeuAc2-B,BY,2682.324944,53313
Y-Hex6HexNAc3NeuAc2-B,BY,2682.324944,53313
Y-Hex5HexNAc4NeuAc2-B,BY,2723.351493,53313
Y-Hex5HexNAc4NeuAc2-B,BY,2723.351493,53313
Y-Hex5HexNAc4NeuAc2-B,BY,2723.351493,53313
Y-Hex4HexNAc4NeuAc2dHex1-redEnd,Y,2741.398443,53313
YY-Hex5HexNAc4NeuAc2-redEnd,YY,2757.393358,53313
YY-Hex5HexNAc4NeuAc2-redEnd,YY,2757.393358,53313
YY-Hex5HexNAc5NeuAc1dHex1-redEnd,YY,2815.435222,53313
YY-Hex5HexNAc5NeuAc1dHex1-redEnd,YY,2815.435222,53313
YY-Hex5HexNAc5NeuAc1dHex1-redEnd,YY,2815.435222,53313
YY-Hex5HexNAc5NeuAc1dHex1-redEnd,YY,2815.435222,53313
Y-Hex6HexNAc4NeuAc2-B,BY,2927.451266,53313
Y-Hex6HexNAc4NeuAc2-B,BY,2927.451266,53313
Y-Hex5HexNAc4NeuAc2dHex1-redEnd,Y,2945.498217,53313
Y-Hex5HexNAc4NeuAc2dHex1-redEnd,Y,2945.498217,53313
YY-Hex5HexNAc5NeuAc2-redEnd,YY,3002.51968,53313
YY-Hex5HexNAc5NeuAc2-redEnd,YY,3002.51968,53313
YY-Hex5HexNAc5NeuAc2-redEnd,YY,3002.51968,53313
YY-Hex6HexNAc5NeuAc1dHex1-redEnd,YY,3019.534996,53313
YY-Hex6HexNAc5NeuAc1dHex1-redEnd,YY,3019.534996,53313
Hex6HexNAc3NeuAc3-B,B,3057.51426,53313
Y-Hex5HexNAc5NeuAc2dHex1-redEnd,Y,3190.624539,53313
Y-Hex5HexNAc5NeuAc2dHex1-redEnd,Y,3190.624539,53313
Y-Hex5HexNAc5NeuAc2dHex1-redEnd,Y,3190.624539,53313
YY-Hex6HexNAc5NeuAc2-redEnd,YY,3206.619454,53313
YY-Hex6HexNAc5NeuAc2-redEnd,YY,3206.619454,53313
Hex6HexNAc4NeuAc3-B,B,3302.640583,53313
Y-Hex6HexNAc5NeuAc2dHex1-redEnd,Y,3394.724313,53313
Y-Hex6HexNAc5NeuAc2dHex1-redEnd,Y,3394.724313,53313
Y-Hex6HexNAc5NeuAc3-redEnd,Y,3581.808771,53313
Hex6HexNAc5NeuAc3dHex1-redEnd,NA,3769.91363,53313
dHex1-B,B,188.104859,53320
Y-Hex1-B,BY,204.0997736,53320
Hex1-B,B,218.1154237,53320
Y-HexNAc1-B,BY,245.1263227,53320
Y-HexNAc1-B,BY,245.1263227,53320
YY-HexNAc1-redEnd,YY,279.1681875,53320
Y-HexNAc1dHex1-B,BY,419.2155317,53320
Y-Hex1HexNAc1-B,BY,449.2260963,53320
Y-Hex1HexNAc1-B,BY,449.2260963,53320
Hex1HexNAc1-B,B,463.2417464,53320
Y-HexNAc1dHex1-redEnd,Y,467.2730465,53320
YY-HexNAc2-redEnd,YY,524.2945103,53320
Hex1HexNAc1dHex1-B,B,637.3309553,53320
Y-Hex2HexNAc1-B,BY,653.32587,53320
Hex2HexNAc1-B,B,667.34152,53320
Y-HexNAc2dHex1-redEnd,Y,712.3993693,53320
Y-Hex2HexNAc1dHex1-B,BY,827.4150789,53320
Y-Hex3HexNAc1-B,BY,857.4256436,53320
YY-Hex1HexNAc2dHex1-redEnd,YY,902.4834928,53320
Y-Hex2HexNAc2dHex1-B,BY,1072.541402,53320
Y-Hex2HexNAc2dHex1-B,BY,1072.541402,53320
Y-Hex3HexNAc2-B,BY,1102.551966,53320
Y-Hex3HexNAc2-B,BY,1102.551966,53320
YY-Hex2HexNAc2dHex1-redEnd,YY,1106.583266,53320
Hex3HexNAc2dHex1-B,B,1290.656825,53320
YY-Hex2HexNAc3dHex1-redEnd,YY,1351.709589,53320
YY-Hex3HexNAc3-redEnd,YY,1381.720154,53320
Y-Hex4HexNAc2dHex1-B,BY,1480.740949,53320
Y-Hex5HexNAc2-B,BY,1510.751514,53320
YY-Hex3HexNAc3dHex1-redEnd,YY,1555.809363,53320
Y-Hex3HexNAc3dHex1-redEnd,Y,1569.825013,53320
Y-Hex5HexNAc2dHex1-B,BY,1684.840722,53320
Y-Hex5HexNAc2dHex1-B,BY,1684.840722,53320
Y-Hex4HexNAc3dHex1-B,BY,1725.867272,53320
YY-Hex3HexNAc3dHex2-redEnd,YY,1729.898572,53320
Y-Hex5HexNAc3-B,BY,1755.877836,53320
YY-Hex4HexNAc3dHex1-redEnd,YY,1759.909136,53320
YY-Hex4HexNAc3dHex1-redEnd,YY,1759.909136,53320
Y-Hex5HexNAc3dHex1-B,BY,1929.967045,53320
Y-Hex5HexNAc3dHex1-B,BY,1929.967045,53320
Y-Hex5HexNAc3dHex1-B,BY,1929.967045,53320
Y-Hex5HexNAc3dHex1-B,BY,1929.967045,53320
Y-Hex5HexNAc3dHex1-B,BY,1929.967045,53320
YY-Hex4HexNAc3dHex2-redEnd,YY,1933.998345,53320
Y-Hex6HexNAc3-B,BY,1959.97761,53320
YY-Hex3HexNAc4dHex2-redEnd,YY,1975.024894,53320
YY-Hex3HexNAc4dHex2-redEnd,YY,1975.024894,53320
YY-Hex4HexNAc4dHex1-redEnd,YY,2005.035459,53320
YY-Hex4HexNAc4dHex1-redEnd,YY,2005.035459,53320
YY-Hex4HexNAc4dHex1-redEnd,YY,2005.035459,53320
YY-Hex4HexNAc4dHex1-redEnd,YY,2005.035459,53320
YY-Hex5HexNAc4-redEnd,YY,2035.046024,53320
Hex6HexNAc3dHex1-B,B,2148.082469,53320
Y-Hex5HexNAc4dHex1-B,BY,2175.093368,53320
Y-Hex5HexNAc4dHex1-B,BY,2175.093368,53320
Y-Hex5HexNAc4dHex1-B,BY,2175.093368,53320
YY-Hex4HexNAc4dHex2-redEnd,YY,2179.124668,53320
YY-Hex4HexNAc4dHex2-redEnd,YY,2179.124668,53320
YY-Hex4HexNAc4dHex2-redEnd,YY,2179.124668,53320
YY-Hex4HexNAc4dHex2-redEnd,YY,2179.124668,53320
Y-Hex4HexNAc4dHex2-redEnd,Y,2193.140318,53320
Y-Hex6HexNAc4-B,BY,2205.103933,53320
YY-Hex5HexNAc4dHex1-redEnd,YY,2209.135233,53320
YY-Hex5HexNAc4dHex1-redEnd,YY,2209.135233,53320
YY-Hex5HexNAc4dHex1-redEnd,YY,2209.135233,53320
YY-Hex5HexNAc4dHex1-redEnd,YY,2209.135233,53320
Y-Hex5HexNAc4dHex1-redEnd,Y,2223.150883,53320
Hex6HexNAc4dHex1-B,B,2393.208792,53320
Y-Hex5HexNAc4dHex2-redEnd,Y,2397.240092,53320
Y-Hex5HexNAc4dHex2-redEnd,Y,2397.240092,53320
YY-Hex4HexNAc5dHex2-redEnd,YY,2424.250991,53320
YY-Hex4HexNAc5dHex2-redEnd,YY,2424.250991,53320
YY-Hex4HexNAc5dHex2-redEnd,YY,2424.250991,53320
YY-Hex5HexNAc5dHex1-redEnd,YY,2454.261555,53320
YY-Hex5HexNAc5dHex1-redEnd,YY,2454.261555,53320
YY-Hex5HexNAc5dHex1-redEnd,YY,2454.261555,53320
YY-Hex5HexNAc5dHex1-redEnd,YY,2454.261555,53320
YY-Hex5HexNAc5dHex1-redEnd,YY,2454.261555,53320
YY-Hex5HexNAc5dHex1-redEnd,YY,2454.261555,53320
YY-Hex6HexNAc5-redEnd,YY,2484.27212,53320
Y-Hex5HexNAc5dHex2-redEnd,Y,2642.366414,53320
Y-Hex5HexNAc5dHex2-redEnd,Y,2642.366414,53320
Y-Hex5HexNAc5dHex2-redEnd,Y,2642.366414,53320
Y-Hex6HexNAc5dHex1-redEnd,Y,2672.376979,53320
Y-Hex6HexNAc5dHex1-redEnd,Y,2672.376979,53320
Hex6HexNAc5dHex2-redEnd,NA,2860.481838,53320
dHex1-B,B,188.104859,53321
Y-Hex1-B,BY,204.0997736,53321
Y-Hex1-B,BY,204.0997736,53321
Hex1-B,B,218.1154237,53321
Y-HexNAc1-B,BY,245.1263227,53321
Y-HexNAc1-B,BY,245.1263227,53321
YY-HexNAc1,YY,263.1368874,53321
NeuAc1-B,B,375.1893169,53321
Y-HexNAc1dHex1-B,BY,419.2155317,53321
Y-Hex1HexNAc1-B,BY,449.2260963,53321
Y-Hex1HexNAc1-B,BY,449.2260963,53321
Y-HexNAc1dHex1,Y,451.2417464,53321
Hex1HexNAc1-B,B,463.2417464,53321
YY-HexNAc2,YY,508.2632101,53321
Hex1NeuAc1-B,B,579.2890905,53321
Y-Hex1HexNAc1dHex1-B,BY,623.3153053,53321
Hex1HexNAc1dHex1-B,B,637.3309553,53321
Y-Hex2HexNAc1-B,BY,653.32587,53321
Y-Hex2HexNAc1-B,BY,653.32587,53321
Y-HexNAc2dHex1,Y,696.3680691,53321
Hex1HexNAc1NeuAc1-B,B,824.4154133,53321
Hex2HexNAc1dHex1-B,B,841.430729,53321
YY-Hex1HexNAc2dHex1,YY,886.4521927,53321
Y-Hex2HexNAc2-B,BY,898.4521927,53321
Y-Hex2HexNAc1NeuAc1-B,BY,1014.499537,53321
Y-Hex3HexNAc1dHex1-B,BY,1031.514853,53321
YY-Hex2HexNAc2dHex1,YY,1090.551966,53321
Y-Hex3HexNAc2-B,BY,1102.551966,53321
Y-Hex2HexNAc2NeuAc1-B,BY,1259.62586,53321
Y-Hex3HexNAc2dHex1-B,BY,1276.641175,53321
Hex3HexNAc2NeuAc1-B,B,1477.741283,53321
YY-Hex2HexNAc3dHex2,YY,1509.767498,53321
YY-Hex3HexNAc3dHex1,YY,1539.778063,53321
YY-Hex3HexNAc3dHex1,YY,1539.778063,53321
YY-Hex3HexNAc3dHex1,YY,1539.778063,53321
Y-Hex4HexNAc2NeuAc1-B,BY,1667.825407,53321
Y-Hex5HexNAc2dHex1-B,BY,1684.840722,53321
Y-Hex3HexNAc3dHex2,Y,1727.882922,53321
YY-Hex4HexNAc3dHex1,YY,1743.877836,53321
YY-Hex3HexNAc4dHex1,YY,1784.904385,53321
Y-Hex5HexNAc2NeuAc1-B,BY,1871.92518,53321
YY-Hex3HexNAc3NeuAc1dHex1,YY,1900.95173,53321
Y-Hex4HexNAc3NeuAc1-B,BY,1912.95173,53321
YY-Hex4HexNAc3dHex2,YY,1917.967045,53321
Y-Hex5HexNAc3dHex1-B,BY,1929.967045,53321
Y-Hex5HexNAc3dHex1-B,BY,1929.967045,53321
YY-Hex4HexNAc4dHex1,YY,1989.004159,53321
YY-Hex4HexNAc4dHex1,YY,1989.004159,53321
Y-Hex5HexNAc2NeuAc1dHex1-B,BY,2046.014389,53321
YY-Hex4HexNAc3NeuAc1dHex1,YY,2105.051503,53321
Y-Hex5HexNAc3NeuAc1-B,BY,2117.051503,53321
Y-Hex6HexNAc3dHex1-B,BY,2134.066819,53321
YY-Hex3HexNAc4NeuAc1dHex1,YY,2146.078052,53321
YY-Hex4HexNAc4dHex2,YY,2163.093368,53321
YY-Hex4HexNAc4dHex2,YY,2163.093368,53321
Y-Hex5HexNAc4dHex1-B,BY,2175.093368,53321
YY-Hex4HexNAc4NeuAc1,YY,2176.088617,53321
YY-Hex5HexNAc4dHex1,YY,2193.103933,53321
YY-Hex5HexNAc4dHex1,YY,2193.103933,53321
YY-Hex5HexNAc4dHex1,YY,2193.103933,53321
Y-Hex5HexNAc3NeuAc1dHex1-B,BY,2291.140712,53321
Y-Hex5HexNAc3NeuAc1dHex1-B,BY,2291.140712,53321
Y-Hex5HexNAc3NeuAc1dHex1-B,BY,2291.140712,53321
Y-Hex6HexNAc3NeuAc1-B,BY,2321.151277,53321
YY-Hex4HexNAc4NeuAc1dHex1,YY,2350.177826,53321
Y-Hex4HexNAc4NeuAc1dHex1,Y,2364.193476,53321
YY-Hex5HexNAc4dHex2,YY,2367.193142,53321
Y-Hex6HexNAc4dHex1-B,BY,2379.193142,53321
YY-Hex5HexNAc4NeuAc1,YY,2380.188391,53321
Y-Hex5HexNAc4dHex2,Y,2381.208792,53321
YY-Hex4HexNAc5dHex2,YY,2408.219691,53321
YY-Hex4HexNAc5dHex2,YY,2408.219691,53321
YY-Hex5HexNAc5dHex1,YY,2438.230255,53321
YY-Hex5HexNAc5dHex1,YY,2438.230255,53321
Hex6HexNAc3NeuAc1dHex1-B,B,2509.256136,53321
YY-Hex4HexNAc4NeuAc1dHex2,YY,2524.267035,53321
Y-Hex5HexNAc4NeuAc1dHex1-B,BY,2536.267035,53321
Y-Hex5HexNAc4NeuAc1dHex1-B,BY,2536.267035,53321
YY-Hex5HexNAc4NeuAc1dHex1,YY,2554.277599,53321
YY-Hex5HexNAc4NeuAc1dHex1,YY,2554.277599,53321
Y-Hex6HexNAc4NeuAc1-B,BY,2566.277599,53321
Y-Hex5HexNAc4NeuAc1dHex1,Y,2568.29325,53321
YY-Hex5HexNAc5dHex2,YY,2612.319464,53321
YY-Hex5HexNAc5dHex2,YY,2612.319464,53321
Y-Hex5HexNAc5dHex2,Y,2626.335114,53321
YY-Hex6HexNAc5dHex1,YY,2642.330029,53321
YY-Hex6HexNAc5dHex1,YY,2642.330029,53321
Y-Hex5HexNAc4NeuAc1dHex2,Y,2742.382458,53321
Hex6HexNAc4NeuAc1dHex1-B,B,2754.382458,53321
YY-Hex4HexNAc5NeuAc1dHex2,YY,2769.393358,53321
YY-Hex5HexNAc5NeuAc1dHex1,YY,2799.403922,53321
YY-Hex5HexNAc5NeuAc1dHex1,YY,2799.403922,53321
YY-Hex5HexNAc5NeuAc1dHex1,YY,2799.403922,53321
YY-Hex5HexNAc5NeuAc1dHex1,YY,2799.403922,53321
YY-Hex6HexNAc5NeuAc1,YY,2829.414487,53321
Y-Hex6HexNAc5dHex2,Y,2830.434888,53321
Y-Hex5HexNAc5NeuAc1dHex2,Y,2987.508781,53321
Y-Hex5HexNAc5NeuAc1dHex2,Y,2987.508781,53321
Y-Hex6HexNAc5NeuAc1dHex1,Y,3017.519346,53321
Y-Hex6HexNAc5NeuAc1dHex1,Y,3017.519346,53321
Hex6HexNAc5NeuAc1dHex2,NA,3205.624205,53321
dHex1-B,B,188.104859,53322
Y-Hex1-B,BY,204.0997736,53322
Y-Hex1-B,BY,204.0997736,53322
Hex1-B,B,218.1154237,53322
Y-HexNAc1-B,BY,245.1263227,53322
Y-HexNAc1-B,BY,245.1263227,53322
YY-HexNAc1,YY,263.1368874,53322
NeuAc1-B,B,375.1893169,53322
Y-HexNAc1dHex1-B,BY,419.2155317,53322
Y-Hex1HexNAc1-B,BY,449.2260963,53322
Y-Hex1HexNAc1-B,BY,449.2260963,53322
Y-HexNAc1dHex1,Y,451.2417464,53322
YY-HexNAc2,YY,508.2632101,53322
Hex1NeuAc1-B,B,579.2890905,53322
Y-Hex1HexNAc1dHex1-B,BY,623.3153053,53322
Hex1HexNAc1dHex1-B,B,637.3309553,53322
Y-Hex2HexNAc1-B,BY,653.32587,53322
Y-HexNAc2dHex1,Y,696.3680691,53322
Hex1HexNAc1NeuAc1-B,B,824.4154133,53322
Hex2HexNAc1dHex1-B,B,841.430729,53322
YY-Hex1HexNAc2dHex1,YY,886.4521927,53322
Y-Hex2HexNAc1NeuAc1-B,BY,1014.499537,53322
Y-Hex3HexNAc1dHex1-B,BY,1031.514853,53322
YY-Hex2HexNAc2dHex1,YY,1090.551966,53322
Y-Hex2HexNAc2NeuAc1-B,BY,1259.62586,53322
Y-Hex3HexNAc2dHex1-B,BY,1276.641175,53322
Y-Hex3HexNAc2NeuAc1-B,BY,1463.725633,53322
Y-Hex3HexNAc2NeuAc1-B,BY,1463.725633,53322
YY-Hex2HexNAc3dHex2,YY,1509.767498,53322
YY-Hex3HexNAc3dHex1,YY,1539.778063,53322
YY-Hex3HexNAc3dHex1,YY,1539.778063,53322
Y-Hex3HexNAc3dHex2,Y,1727.882922,53322
Hex3HexNAc2NeuAc2-B,B,1838.91495,53322
YY-Hex3HexNAc3NeuAc1dHex1,YY,1900.95173,53322
YY-Hex4HexNAc3dHex2,YY,1917.967045,53322
Y-Hex4HexNAc2NeuAc2-B,BY,2028.999074,53322
Y-Hex5HexNAc2NeuAc1dHex1-B,BY,2046.014389,53322
YY-Hex4HexNAc3NeuAc1dHex1,YY,2105.051503,53322
YY-Hex3HexNAc4NeuAc1dHex1,YY,2146.078052,53322
YY-Hex3HexNAc4NeuAc1dHex1,YY,2146.078052,53322
YY-Hex4HexNAc4dHex2,YY,2163.093368,53322
Y-Hex5HexNAc2NeuAc2-B,BY,2233.098847,53322
Y-Hex4HexNAc3NeuAc2-B,BY,2274.125396,53322
Y-Hex5HexNAc3NeuAc1dHex1-B,BY,2291.140712,53322
Y-Hex5HexNAc3NeuAc1dHex1-B,BY,2291.140712,53322
YY-Hex4HexNAc4NeuAc1dHex1,YY,2350.177826,53322
YY-Hex4HexNAc4NeuAc1dHex1,YY,2350.177826,53322
YY-Hex5HexNAc4dHex2,YY,2367.193142,53322
YY-Hex4HexNAc5dHex2,YY,2408.219691,53322
Y-Hex5HexNAc3NeuAc2-B,BY,2478.22517,53322
Y-Hex6HexNAc3NeuAc1dHex1-B,BY,2495.240486,53322
Y-Hex6HexNAc3NeuAc1dHex1-B,BY,2495.240486,53322
YY-Hex4HexNAc4NeuAc1dHex2,YY,2524.267035,53322
Y-Hex5HexNAc4NeuAc1dHex1-B,BY,2536.267035,53322
YY-Hex4HexNAc4NeuAc2,YY,2537.262284,53322
YY-Hex5HexNAc4NeuAc1dHex1,YY,2554.277599,53322
YY-Hex5HexNAc4NeuAc1dHex1,YY,2554.277599,53322
YY-Hex5HexNAc4NeuAc1dHex1,YY,2554.277599,53322
YY-Hex5HexNAc4NeuAc1dHex1,YY,2554.277599,53322
YY-Hex5HexNAc5dHex2,YY,2612.319464,53322
Y-Hex5HexNAc3NeuAc2dHex1-B,BY,2652.314379,53322
Y-Hex6HexNAc3NeuAc2-B,BY,2682.324944,53322
Y-Hex4HexNAc4NeuAc2dHex1,Y,2725.367143,53322
Y-Hex6HexNAc4NeuAc1dHex1-B,BY,2740.366808,53322
Y-Hex6HexNAc4NeuAc1dHex1-B,BY,2740.366808,53322
YY-Hex5HexNAc4NeuAc2,YY,2741.362057,53322
Y-Hex5HexNAc4NeuAc1dHex2,Y,2742.382458,53322
YY-Hex4HexNAc5NeuAc1dHex2,YY,2769.393358,53322
YY-Hex5HexNAc5NeuAc1dHex1,YY,2799.403922,53322
YY-Hex5HexNAc5NeuAc1dHex1,YY,2799.403922,53322
YY-Hex5HexNAc5NeuAc1dHex1,YY,2799.403922,53322
YY-Hex6HexNAc5dHex2,YY,2816.419238,53322
Hex6HexNAc3NeuAc2dHex1-B,B,2870.429803,53322
Y-Hex5HexNAc4NeuAc2dHex1-B,BY,2897.440702,53322
Y-Hex6HexNAc4NeuAc2-B,BY,2927.451266,53322
Y-Hex5HexNAc4NeuAc2dHex1,Y,2929.466916,53322
YY-Hex5HexNAc5NeuAc1dHex2,YY,2973.493131,53322
Y-Hex5HexNAc5NeuAc1dHex2,Y,2987.508781,53322
YY-Hex6HexNAc5NeuAc1dHex1,YY,3003.503696,53322
YY-Hex6HexNAc5NeuAc1dHex1,YY,3003.503696,53322
YY-Hex6HexNAc5NeuAc1dHex1,YY,3003.503696,53322
Hex6HexNAc4NeuAc2dHex1-B,B,3115.556125,53322
YY-Hex5HexNAc5NeuAc2dHex1,YY,3160.577589,53322
YY-Hex5HexNAc5NeuAc2dHex1,YY,3160.577589,53322
YY-Hex6HexNAc5NeuAc2,YY,3190.588154,53322
Y-Hex6HexNAc5NeuAc1dHex2,Y,3191.608555,53322
Y-Hex6HexNAc5NeuAc1dHex2,Y,3191.608555,53322
Y-Hex5HexNAc5NeuAc2dHex2,Y,3348.682448,53322
Y-Hex6HexNAc5NeuAc2dHex1,Y,3378.693013,53322
Y-Hex6HexNAc5NeuAc2dHex1,Y,3378.693013,53322
Hex6HexNAc5NeuAc2dHex2,NA,3566.797872,53322
dHex1-B,B,188.104859,53323
Y-Hex1-B,BY,204.0997736,53323
Y-Hex1-B,BY,204.0997736,53323
Y-HexNAc1-B,BY,245.1263227,53323
Y-HexNAc1-B,BY,245.1263227,53323
YY-HexNAc1,YY,263.1368874,53323
NeuAc1-B,B,375.1893169,53323
Y-HexNAc1dHex1-B,BY,419.2155317,53323
Y-Hex1HexNAc1-B,BY,449.2260963,53323
Y-HexNAc1dHex1,Y,451.2417464,53323
YY-HexNAc2,YY,508.2632101,53323
Hex1NeuAc1-B,B,579.2890905,53323
Y-Hex1HexNAc1dHex1-B,BY,623.3153053,53323
Y-Hex1HexNAc1dHex1-B,BY,623.3153053,53323
Y-HexNAc2dHex1,Y,696.3680691,53323
Y-Hex1HexNAc1NeuAc1-B,BY,810.3997632,53323
Hex1HexNAc1NeuAc1-B,B,824.4154133,53323
Y-Hex2HexNAc1dHex1-B,BY,827.4150789,53323
YY-Hex1HexNAc2dHex1,YY,886.4521927,53323
Hex1HexNAc1NeuAc1dHex1-B,B,998.5046222,53323
Y-Hex2HexNAc1NeuAc1-B,BY,1014.499537,53323
Y-Hex2HexNAc1NeuAc1-B,BY,1014.499537,53323
YY-Hex2HexNAc2dHex1,YY,1090.551966,53323
Hex2HexNAc1NeuAc1dHex1-B,B,1202.604396,53323
Y-Hex2HexNAc2NeuAc1-B,BY,1259.62586,53323
Y-Hex3HexNAc1NeuAc1dHex1-B,BY,1392.688519,53323
Y-Hex3HexNAc2NeuAc1-B,BY,1463.725633,53323
Y-Hex3HexNAc2NeuAc1-B,BY,1463.725633,53323
YY-Hex2HexNAc3dHex2,YY,1509.767498,53323
Y-Hex3HexNAc2NeuAc1dHex1-B,BY,1637.814842,53323
YY-Hex3HexNAc3dHex2,YY,1713.867272,53323
Hex3HexNAc2NeuAc2-B,B,1838.91495,53323
YY-Hex3HexNAc3NeuAc1dHex1,YY,1900.95173,53323
YY-Hex3HexNAc3NeuAc1dHex1,YY,1900.95173,53323
YY-Hex3HexNAc3NeuAc1dHex1,YY,1900.95173,53323
Y-Hex4HexNAc2NeuAc2-B,BY,2028.999074,53323
Y-Hex3HexNAc3NeuAc1dHex2,Y,2089.056589,53323
YY-Hex4HexNAc3NeuAc1dHex1,YY,2105.051503,53323
YY-Hex3HexNAc4NeuAc1dHex1,YY,2146.078052,53323
YY-Hex3HexNAc4NeuAc1dHex1,YY,2146.078052,53323
Y-Hex5HexNAc2NeuAc2-B,BY,2233.098847,53323
Y-Hex4HexNAc3NeuAc2-B,BY,2274.125396,53323
YY-Hex4HexNAc3NeuAc1dHex2,YY,2279.140712,53323
YY-Hex4HexNAc4NeuAc1dHex1,YY,2350.177826,53323
YY-Hex4HexNAc4NeuAc1dHex1,YY,2350.177826,53323
Y-Hex5HexNAc2NeuAc2dHex1-B,BY,2407.188056,53323
Y-Hex5HexNAc3NeuAc2-B,BY,2478.22517,53323
YY-Hex4HexNAc4NeuAc1dHex2,YY,2524.267035,53323
YY-Hex4HexNAc4NeuAc1dHex2,YY,2524.267035,53323
YY-Hex4HexNAc4NeuAc2,YY,2537.262284,53323
YY-Hex5HexNAc4NeuAc1dHex1,YY,2554.277599,53323
YY-Hex5HexNAc4NeuAc1dHex1,YY,2554.277599,53323
Y-Hex5HexNAc3NeuAc2dHex1-B,BY,2652.314379,53323
Y-Hex5HexNAc3NeuAc2dHex1-B,BY,2652.314379,53323
Y-Hex5HexNAc3NeuAc2dHex1-B,BY,2652.314379,53323
Y-Hex4HexNAc4NeuAc2dHex1,Y,2725.367143,53323
YY-Hex5HexNAc4NeuAc1dHex2,YY,2728.366808,53323
YY-Hex5HexNAc4NeuAc1dHex2,YY,2728.366808,53323
YY-Hex5HexNAc4NeuAc2,YY,2741.362057,53323
YY-Hex4HexNAc5NeuAc1dHex2,YY,2769.393358,53323
YY-Hex4HexNAc5NeuAc1dHex2,YY,2769.393358,53323
Y-Hex6HexNAc3NeuAc2dHex1-B,BY,2856.414153,53323
Y-Hex6HexNAc3NeuAc2dHex1-B,BY,2856.414153,53323
Y-Hex6HexNAc3NeuAc2dHex1-B,BY,2856.414153,53323
Y-Hex5HexNAc4NeuAc2dHex1-B,BY,2897.440702,53323
Y-Hex5HexNAc4NeuAc2dHex1-B,BY,2897.440702,53323
YY-Hex5HexNAc4NeuAc2dHex1,YY,2915.451266,53323
YY-Hex5HexNAc4NeuAc2dHex1,YY,2915.451266,53323
Y-Hex5HexNAc4NeuAc2dHex1,Y,2929.466916,53323
YY-Hex5HexNAc5NeuAc1dHex2,YY,2973.493131,53323
YY-Hex5HexNAc5NeuAc1dHex2,YY,2973.493131,53323
YY-Hex5HexNAc5NeuAc1dHex2,YY,2973.493131,53323
Y-Hex6HexNAc3NeuAc3-B,BY,3043.49861,53323
Y-Hex6HexNAc4NeuAc2dHex1-B,BY,3101.540475,53323
Y-Hex6HexNAc4NeuAc2dHex1-B,BY,3101.540475,53323
Y-Hex6HexNAc4NeuAc2dHex1-B,BY,3101.540475,53323
Y-Hex5HexNAc4NeuAc2dHex2,Y,3103.556125,53323
YY-Hex5HexNAc5NeuAc2dHex1,YY,3160.577589,53323
YY-Hex5HexNAc5NeuAc2dHex1,YY,3160.577589,53323
YY-Hex5HexNAc5NeuAc2dHex1,YY,3160.577589,53323
YY-Hex5HexNAc5NeuAc2dHex1,YY,3160.577589,53323
YY-Hex6HexNAc5NeuAc1dHex2,YY,3177.592905,53323
YY-Hex6HexNAc5NeuAc1dHex2,YY,3177.592905,53323
Hex6HexNAc3NeuAc3dHex1-B,B,3231.603469,53323
Y-Hex6HexNAc4NeuAc3-B,BY,3288.624933,53323
Y-Hex5HexNAc5NeuAc2dHex2,Y,3348.682448,53323
Y-Hex5HexNAc5NeuAc2dHex2,Y,3348.682448,53323
YY-Hex6HexNAc5NeuAc2dHex1,YY,3364.677363,53323
YY-Hex6HexNAc5NeuAc2dHex1,YY,3364.677363,53323
YY-Hex6HexNAc5NeuAc2dHex1,YY,3364.677363,53323
YY-Hex6HexNAc5NeuAc2dHex1,YY,3364.677363,53323
YY-Hex6HexNAc5NeuAc2dHex1,YY,3364.677363,53323
YY-Hex6HexNAc5NeuAc2dHex1,YY,3364.677363,53323
Hex6HexNAc4NeuAc3dHex1-B,B,3476.729792,53323
YY-Hex6HexNAc5NeuAc3,YY,3551.761821,53323
Y-Hex6HexNAc5NeuAc2dHex2,Y,3552.782222,53323
Y-Hex6HexNAc5NeuAc2dHex2,Y,3552.782222,53323
Y-Hex6HexNAc5NeuAc2dHex2,Y,3552.782222,53323
Y-Hex6HexNAc5NeuAc3dHex1,Y,3739.86668,53323
Y-Hex6HexNAc5NeuAc3dHex1,Y,3739.86668,53323
Hex6HexNAc5NeuAc3dHex2,NA,3927.971539,53323
dHex1-B,B,188.104859,53331
Y-Hex1-B,BY,204.0997736,53331
Y-Hex1-B,BY,204.0997736,53331
Hex1-B,B,218.1154237,53331
Y-HexNAc1-B,BY,245.1263227,53331
Y-HexNAc1-B,BY,245.1263227,53331
YY-HexNAc1,YY,263.1368874,53331
NeuAc1-B,B,375.1893169,53331
Y-Hex1HexNAc1-B,BY,449.2260963,53331
Y-HexNAc1dHex1,Y,451.2417464,53331
Hex1HexNAc1-B,B,463.2417464,53331
YY-HexNAc2,YY,508.2632101,53331
Hex1NeuAc1-B,B,579.2890905,53331
Y-HexNAc1dHex2-B,BY,593.3047406,53331
Y-Hex1HexNAc1dHex1-B,BY,623.3153053,53331
Y-Hex2HexNAc1-B,BY,653.32587,53331
Y-HexNAc2dHex1,Y,696.3680691,53331
Y-Hex1HexNAc1dHex2-B,BY,797.4045142,53331
Hex1HexNAc1dHex2-B,B,811.4201643,53331
Hex1HexNAc1NeuAc1-B,B,824.4154133,53331
Y-Hex2HexNAc1dHex1-B,BY,827.4150789,53331
YY-Hex1HexNAc2dHex1,YY,886.4521927,53331
Y-Hex2HexNAc2-B,BY,898.4521927,53331
Y-Hex2HexNAc1NeuAc1-B,BY,1014.499537,53331
Hex2HexNAc1dHex2-B,B,1015.519938,53331
YY-Hex2HexNAc2dHex1,YY,1090.551966,53331
Y-Hex3HexNAc2-B,BY,1102.551966,53331
Y-Hex3HexNAc1dHex2-B,BY,1205.604061,53331
Y-Hex2HexNAc2NeuAc1-B,BY,1259.62586,53331
Y-Hex3HexNAc2dHex2-B,BY,1450.730384,53331
Hex3HexNAc2NeuAc1-B,B,1477.741283,53331
YY-Hex3HexNAc3dHex1,YY,1539.778063,53331
Y-Hex4HexNAc2NeuAc1-B,BY,1667.825407,53331
YY-Hex2HexNAc3dHex3,YY,1683.856707,53331
YY-Hex3HexNAc3dHex2,YY,1713.867272,53331
YY-Hex3HexNAc3dHex2,YY,1713.867272,53331
YY-Hex4HexNAc3dHex1,YY,1743.877836,53331
YY-Hex3HexNAc4dHex1,YY,1784.904385,53331
Y-Hex5HexNAc2dHex2-B,BY,1858.929931,53331
Y-Hex5HexNAc2NeuAc1-B,BY,1871.92518,53331
YY-Hex3HexNAc3NeuAc1dHex1,YY,1900.95173,53331
Y-Hex3HexNAc3dHex3,Y,1901.972131,53331
Y-Hex4HexNAc3NeuAc1-B,BY,1912.95173,53331
YY-Hex4HexNAc4dHex1,YY,1989.004159,53331
YY-Hex4HexNAc4dHex1,YY,1989.004159,53331
YY-Hex4HexNAc3dHex3,YY,2092.056254,53331
Y-Hex5HexNAc3dHex2-B,BY,2104.056254,53331
Y-Hex5HexNAc3dHex2-B,BY,2104.056254,53331
YY-Hex4HexNAc3NeuAc1dHex1,YY,2105.051503,53331
Y-Hex5HexNAc3NeuAc1-B,BY,2117.051503,53331
YY-Hex3HexNAc4NeuAc1dHex1,YY,2146.078052,53331
YY-Hex4HexNAc4NeuAc1,YY,2176.088617,53331
YY-Hex5HexNAc4dHex1,YY,2193.103933,53331
Y-Hex5HexNAc2NeuAc1dHex2-B,BY,2220.103598,53331
Y-Hex6HexNAc3dHex2-B,BY,2308.156028,53331
YY-Hex4HexNAc4dHex3,YY,2337.182577,53331
YY-Hex4HexNAc4dHex3,YY,2337.182577,53331
Y-Hex5HexNAc4dHex2-B,BY,2349.182577,53331
YY-Hex4HexNAc4NeuAc1dHex1,YY,2350.177826,53331
Y-Hex4HexNAc4NeuAc1dHex1,Y,2364.193476,53331
YY-Hex5HexNAc4dHex2,YY,2367.193142,53331
YY-Hex5HexNAc4dHex2,YY,2367.193142,53331
YY-Hex5HexNAc4NeuAc1,YY,2380.188391,53331
Y-Hex5HexNAc3NeuAc1dHex2-B,BY,2465.229921,53331
Y-Hex5HexNAc3NeuAc1dHex2-B,BY,2465.229921,53331
Y-Hex5HexNAc3NeuAc1dHex2-B,BY,2465.229921,53331
Y-Hex6HexNAc3NeuAc1dHex1-B,BY,2495.240486,53331
YY-Hex5HexNAc4dHex3,YY,2541.28235,53331
Y-Hex6HexNAc4dHex2-B,BY,2553.28235,53331
Y-Hex5HexNAc4dHex3,Y,2555.298001,53331
Y-Hex5HexNAc4NeuAc1dHex1,Y,2568.29325,53331
YY-Hex4HexNAc5dHex3,YY,2582.3089,53331
YY-Hex4HexNAc5dHex3,YY,2582.3089,53331
YY-Hex5HexNAc5dHex2,YY,2612.319464,53331
YY-Hex5HexNAc5dHex2,YY,2612.319464,53331
Hex6HexNAc3NeuAc1dHex2-B,B,2683.345345,53331
YY-Hex4HexNAc4NeuAc1dHex3,YY,2698.356244,53331
Y-Hex5HexNAc4NeuAc1dHex2-B,BY,2710.356244,53331
Y-Hex5HexNAc4NeuAc1dHex2-B,BY,2710.356244,53331
YY-Hex5HexNAc4NeuAc1dHex2,YY,2728.366808,53331
YY-Hex5HexNAc4NeuAc1dHex2,YY,2728.366808,53331
Y-Hex6HexNAc4NeuAc1dHex1-B,BY,2740.366808,53331
YY-Hex5HexNAc5dHex3,YY,2786.408673,53331
YY-Hex5HexNAc5dHex3,YY,2786.408673,53331
Y-Hex5HexNAc5dHex3,Y,2800.424323,53331
YY-Hex6HexNAc5dHex2,YY,2816.419238,53331
YY-Hex6HexNAc5dHex2,YY,2816.419238,53331
Y-Hex5HexNAc4NeuAc1dHex3,Y,2916.471667,53331
Hex6HexNAc4NeuAc1dHex2-B,B,2928.471667,53331
YY-Hex4HexNAc5NeuAc1dHex3,YY,2943.482566,53331
YY-Hex5HexNAc5NeuAc1dHex2,YY,2973.493131,53331
YY-Hex5HexNAc5NeuAc1dHex2,YY,2973.493131,53331
YY-Hex5HexNAc5NeuAc1dHex2,YY,2973.493131,53331
YY-Hex5HexNAc5NeuAc1dHex2,YY,2973.493131,53331
YY-Hex6HexNAc5NeuAc1dHex1,YY,3003.503696,53331
YY-Hex6HexNAc5NeuAc1dHex1,YY,3003.503696,53331
Y-Hex6HexNAc5dHex3,Y,3004.524097,53331
Y-Hex5HexNAc5NeuAc1dHex3,Y,3161.59799,53331
Y-Hex5HexNAc5NeuAc1dHex3,Y,3161.59799,53331
Y-Hex6HexNAc5NeuAc1dHex2,Y,3191.608555,53331
Y-Hex6HexNAc5NeuAc1dHex2,Y,3191.608555,53331
Hex6HexNAc5NeuAc1dHex3,NA,3379.713414,53331
Hex1-B,B,218.1154237,73200
Y-HexNAc1-B,BY,245.1263227,73200
Y-HexNAc1-B,BY,245.1263227,73200
HexNAc1-B,B,259.1419728,73200
Y-HexNAc1,Y,277.1525375,73200
Y-Hex1HexNAc1-B,BY,449.2260963,73200
Hex1HexNAc1-B,B,463.2417464,73200
Y-HexNAc2,Y,522.2788602,73200
Y-Hex2HexNAc1-B,BY,653.32587,73200
Y-Hex1HexNAc2-B,BY,694.3524191,73200
Hex2HexNAc2-B,B,912.4678428,73200
YY-Hex1HexNAc3,YY,957.4893065,73200
Y-Hex3HexNAc3-B,BY,1347.678289,73200
YY-Hex2HexNAc4,YY,1406.715403,73200
Y-Hex3HexNAc4-B,BY,1592.804612,73200
YY-Hex3HexNAc4,YY,1610.815176,73200
YY-Hex3HexNAc4,YY,1610.815176,73200
YY-Hex2HexNAc5,YY,1651.841726,73200
Y-Hex4HexNAc4-B,BY,1796.904385,73200
Y-Hex4HexNAc4-B,BY,1796.904385,73200
YY-Hex3HexNAc5,YY,1855.941499,73200
Y-Hex3HexNAc5,Y,1869.957149,73200
Y-Hex5HexNAc4-B,BY,2001.004159,73200
Y-Hex5HexNAc4-B,BY,2001.004159,73200
Y-Hex4HexNAc5-B,BY,2042.030708,73200
Y-Hex4HexNAc5-B,BY,2042.030708,73200
Y-Hex4HexNAc5-B,BY,2042.030708,73200
YY-Hex4HexNAc5,YY,2060.041273,73200
YY-Hex4HexNAc5,YY,2060.041273,73200
YY-Hex4HexNAc5,YY,2060.041273,73200
YY-Hex3HexNAc6,YY,2101.067822,73200
Y-Hex5HexNAc5-B,BY,2246.130482,73200
Y-Hex5HexNAc5-B,BY,2246.130482,73200
Hex5HexNAc5-B,B,2260.146132,73200
YY-Hex5HexNAc5,YY,2264.141046,73200
YY-Hex5HexNAc5,YY,2264.141046,73200
Y-Hex4HexNAc6-B,BY,2287.157031,73200
YY-Hex4HexNAc6,YY,2305.167596,73200
YY-Hex4HexNAc6,YY,2305.167596,73200
YY-Hex4HexNAc6,YY,2305.167596,73200
Y-Hex4HexNAc6,Y,2319.183246,73200
Y-Hex4HexNAc6,Y,2319.183246,73200
YY-Hex3HexNAc7,YY,2346.194145,73200
Hex5HexNAc6-B,B,2505.272455,73200
Y-Hex5HexNAc6,Y,2523.283019,73200
Y-Hex5HexNAc6,Y,2523.283019,73200
Y-Hex4HexNAc7,Y,2564.309568,73200
Hex5HexNAc7,NA,2782.424992,73200
dHex1-B,B,188.104859,64411
Y-Hex1-B,BY,204.0997736,64411
Y-Hex1-B,BY,204.0997736,64411
Y-Hex1-B,BY,204.0997736,64411
Hex1-B,B,218.1154237,64411
Hex1-B,B,218.1154237,64411
Y-HexNAc1-B,BY,245.1263227,64411
Y-HexNAc1-B,BY,245.1263227,64411
Y-HexNAc1-B,BY,245.1263227,64411
YY-HexNAc1,YY,263.1368874,64411
NeuAc1-B,B,375.1893169,64411
Hex2-B,B,422.2151973,64411
Y-Hex1HexNAc1-B,BY,449.2260963,64411
Y-Hex1HexNAc1-B,BY,449.2260963,64411
Y-Hex1HexNAc1-B,BY,449.2260963,64411
Y-HexNAc1dHex1,Y,451.2417464,64411
Hex1HexNAc1-B,B,463.2417464,64411
YY-HexNAc2,YY,508.2632101,64411
Hex1NeuAc1-B,B,579.2890905,64411
Y-Hex3-B,BY,612.2993209,64411
Y-Hex2HexNAc1-B,BY,653.32587,64411
Hex2HexNAc1-B,B,667.34152,64411
Y-Hex1HexNAc2-B,BY,694.3524191,64411
Y-HexNAc2dHex1,Y,696.3680691,64411
Hex1HexNAc1NeuAc1-B,B,824.4154133,64411
Y-Hex3HexNAc1-B,BY,857.4256436,64411
YY-Hex1HexNAc2dHex1,YY,886.4521927,64411
Y-Hex2HexNAc2-B,BY,898.4521927,64411
Hex2HexNAc2-B,B,912.4678428,64411
Hex2HexNAc1NeuAc1-B,B,1028.515187,64411
YY-Hex2HexNAc2dHex1,YY,1090.551966,64411
Y-Hex3HexNAc2-B,BY,1102.551966,64411
YY-Hex3HexNAc2,YY,1120.562531,64411
Hex2HexNAc2NeuAc1-B,B,1273.64151,64411
Y-Hex3HexNAc2dHex1,Y,1308.66739,64411
Y-Hex3HexNAc3-B,BY,1347.678289,64411
Y-Hex3HexNAc2NeuAc1-B,BY,1463.725633,64411
YY-Hex4HexNAc2dHex1,YY,1498.751514,64411
Y-Hex4HexNAc3-B,BY,1551.778063,64411
Y-Hex3HexNAc3NeuAc1-B,BY,1708.851956,64411
Y-Hex6HexNAc2-B,BY,1714.851287,64411
YY-Hex4HexNAc3dHex1,YY,1743.877836,64411
Y-Hex4HexNAc4-B,BY,1796.904385,64411
Y-Hex4HexNAc3NeuAc1-B,BY,1912.95173,64411
YY-Hex5HexNAc3dHex1,YY,1947.97761,64411
Y-Hex6HexNAc3-B,BY,1959.97761,64411
Y-Hex6HexNAc3-B,BY,1959.97761,64411
YY-Hex4HexNAc4dHex1,YY,1989.004159,64411
YY-Hex4HexNAc4dHex1,YY,1989.004159,64411
Y-Hex5HexNAc4-B,BY,2001.004159,64411
Y-Hex6HexNAc2NeuAc1-B,BY,2076.024954,64411
Y-Hex4HexNAc4NeuAc1-B,BY,2158.078052,64411
Y-Hex7HexNAc3-B,BY,2164.077384,64411
YY-Hex5HexNAc4dHex1,YY,2193.103933,64411
YY-Hex5HexNAc4dHex1,YY,2193.103933,64411
YY-Hex5HexNAc4dHex1,YY,2193.103933,64411
Y-Hex6HexNAc4-B,BY,2205.103933,64411
YY-Hex6HexNAc4,YY,2223.114497,64411
YY-Hex4HexNAc5dHex1,YY,2234.130482,64411
Y-Hex6HexNAc3NeuAc1-B,BY,2321.151277,64411
Y-Hex6HexNAc3NeuAc1-B,BY,2321.151277,64411
YY-Hex4HexNAc4NeuAc1dHex1,YY,2350.177826,64411
Hex5HexNAc4NeuAc1-B,B,2376.193476,64411
YY-Hex6HexNAc4dHex1,YY,2397.203706,64411
YY-Hex6HexNAc4dHex1,YY,2397.203706,64411
Y-Hex7HexNAc4-B,BY,2409.203706,64411
Y-Hex7HexNAc4-B,BY,2409.203706,64411
Y-Hex6HexNAc4dHex1,Y,2411.219356,64411
YY-Hex5HexNAc5dHex1,YY,2438.230255,64411
YY-Hex5HexNAc5dHex1,YY,2438.230255,64411
YY-Hex5HexNAc5dHex1,YY,2438.230255,64411
YY-Hex6HexNAc5,YY,2468.24082,64411
Y-Hex7HexNAc3NeuAc1-B,BY,2525.25105,64411
YY-Hex5HexNAc4NeuAc1dHex1,YY,2554.277599,64411
Y-Hex6HexNAc4NeuAc1-B,BY,2566.277599,64411
Y-Hex6HexNAc4NeuAc1-B,BY,2566.277599,64411
YY-Hex6HexNAc4NeuAc1,YY,2584.288164,64411
YY-Hex4HexNAc5NeuAc1dHex1,YY,2595.304149,64411
Y-Hex8HexNAc4-B,BY,2613.30348,64411
YY-Hex6HexNAc5dHex1,YY,2642.330029,64411
YY-Hex6HexNAc5dHex1,YY,2642.330029,64411
YY-Hex6HexNAc5dHex1,YY,2642.330029,64411
Y-Hex7HexNAc5-B,BY,2654.330029,64411
Y-Hex6HexNAc5dHex1,Y,2656.345679,64411
YY-Hex7HexNAc5,YY,2672.340594,64411
YY-Hex5HexNAc6dHex1,YY,2683.356578,64411
Y-Hex7HexNAc4NeuAc1-B,BY,2770.377373,64411
Y-Hex7HexNAc4NeuAc1-B,BY,2770.377373,64411
Y-Hex7HexNAc4NeuAc1-B,BY,2770.377373,64411
Y-Hex6HexNAc4NeuAc1dHex1,Y,2772.393023,64411
YY-Hex5HexNAc5NeuAc1dHex1,YY,2799.403922,64411
YY-Hex5HexNAc5NeuAc1dHex1,YY,2799.403922,64411
Y-Hex6HexNAc5NeuAc1-B,BY,2811.403922,64411
YY-Hex6HexNAc5NeuAc1,YY,2829.414487,64411
YY-Hex7HexNAc5dHex1,YY,2846.429803,64411
Y-Hex8HexNAc5-B,BY,2858.429803,64411
Y-Hex7HexNAc5dHex1,Y,2860.445453,64411
YY-Hex6HexNAc6dHex1,YY,2887.456352,64411
YY-Hex6HexNAc6dHex1,YY,2887.456352,64411
YY-Hex6HexNAc6dHex1,YY,2887.456352,64411
YY-Hex7HexNAc6,YY,2917.466916,64411
Hex8HexNAc4NeuAc1-B,B,2988.492797,64411
YY-Hex6HexNAc5NeuAc1dHex1,YY,3003.503696,64411
Y-Hex7HexNAc5NeuAc1-B,BY,3015.503696,64411
Y-Hex7HexNAc5NeuAc1-B,BY,3015.503696,64411
Y-Hex6HexNAc5NeuAc1dHex1,Y,3017.519346,64411
YY-Hex7HexNAc5NeuAc1,YY,3033.514261,64411
YY-Hex5HexNAc6NeuAc1dHex1,YY,3044.530245,64411
YY-Hex6HexNAc6NeuAc1,YY,3074.54081,64411
YY-Hex7HexNAc6dHex1,YY,3091.556125,64411
YY-Hex7HexNAc6dHex1,YY,3091.556125,64411
Y-Hex7HexNAc6dHex1,Y,3105.571775,64411
YY-Hex8HexNAc6,YY,3121.56669,64411
Y-Hex7HexNAc5NeuAc1dHex1,Y,3221.619119,64411
Hex8HexNAc5NeuAc1-B,B,3233.61912,64411
YY-Hex6HexNAc6NeuAc1dHex1,YY,3248.630019,64411
Y-Hex6HexNAc6NeuAc1dHex1,Y,3262.645669,64411
YY-Hex7HexNAc6NeuAc1,YY,3278.640583,64411
YY-Hex7HexNAc6NeuAc1,YY,3278.640583,64411
Y-Hex8HexNAc6dHex1,Y,3309.671549,64411
Y-Hex7HexNAc6NeuAc1dHex1,Y,3466.745442,64411
Y-Hex7HexNAc6NeuAc1dHex1,Y,3466.745442,64411
Y-Hex8HexNAc6NeuAc1,Y,3496.756007,64411
Hex8HexNAc6NeuAc1dHex1,NA,3684.860866,64411
dHex1-B,B,188.104859,64410
Y-Hex1-B,BY,204.0997736,64410
Y-Hex1-B,BY,204.0997736,64410
Hex1-B,B,218.1154237,64410
Hex1-B,B,218.1154237,64410
Y-HexNAc1-B,BY,245.1263227,64410
Y-HexNAc1-B,BY,245.1263227,64410
Y-HexNAc1-B,BY,245.1263227,64410
YY-HexNAc1,YY,263.1368874,64410
Hex2-B,B,422.2151973,64410
Y-Hex1HexNAc1-B,BY,449.2260963,64410
Y-Hex1HexNAc1-B,BY,449.2260963,64410
Y-HexNAc1dHex1,Y,451.2417464,64410
Hex1HexNAc1-B,B,463.2417464,64410
YY-HexNAc2,YY,508.2632101,64410
Y-Hex3-B,BY,612.2993209,64410
Hex2HexNAc1-B,B,667.34152,64410
Y-Hex1HexNAc2-B,BY,694.3524191,64410
Y-HexNAc2dHex1,Y,696.3680691,64410
Y-Hex3HexNAc1-B,BY,857.4256436,64410
YY-Hex1HexNAc2dHex1,YY,886.4521927,64410
Hex2HexNAc2-B,B,912.4678428,64410
YY-Hex2HexNAc2dHex1,YY,1090.551966,64410
Y-Hex3HexNAc2-B,BY,1102.551966,64410
YY-Hex3HexNAc2,YY,1120.562531,64410
Y-Hex3HexNAc2dHex1,Y,1308.66739,64410
Y-Hex3HexNAc3-B,BY,1347.678289,64410
Y-Hex3HexNAc3-B,BY,1347.678289,64410
YY-Hex4HexNAc2dHex1,YY,1498.751514,64410
Y-Hex4HexNAc3-B,BY,1551.778063,64410
Y-Hex6HexNAc2-B,BY,1714.851287,64410
YY-Hex4HexNAc3dHex1,YY,1743.877836,64410
Y-Hex4HexNAc4-B,BY,1796.904385,64410
YY-Hex5HexNAc3dHex1,YY,1947.97761,64410
Y-Hex6HexNAc3-B,BY,1959.97761,64410
Y-Hex6HexNAc3-B,BY,1959.97761,64410
Y-Hex6HexNAc3-B,BY,1959.97761,64410
YY-Hex4HexNAc4dHex1,YY,1989.004159,64410
YY-Hex4HexNAc4dHex1,YY,1989.004159,64410
Hex5HexNAc4-B,B,2015.019809,64410
Y-Hex7HexNAc3-B,BY,2164.077384,64410
YY-Hex5HexNAc4dHex1,YY,2193.103933,64410
YY-Hex5HexNAc4dHex1,YY,2193.103933,64410
YY-Hex5HexNAc4dHex1,YY,2193.103933,64410
Y-Hex6HexNAc4-B,BY,2205.103933,64410
Y-Hex6HexNAc4-B,BY,2205.103933,64410
Y-Hex6HexNAc4-B,BY,2205.103933,64410
YY-Hex6HexNAc4,YY,2223.114497,64410
YY-Hex4HexNAc5dHex1,YY,2234.130482,64410
YY-Hex4HexNAc5dHex1,YY,2234.130482,64410
YY-Hex6HexNAc4dHex1,YY,2397.203706,64410
Y-Hex7HexNAc4-B,BY,2409.203706,64410
Y-Hex7HexNAc4-B,BY,2409.203706,64410
Y-Hex7HexNAc4-B,BY,2409.203706,64410
Y-Hex6HexNAc4dHex1,Y,2411.219356,64410
YY-Hex5HexNAc5dHex1,YY,2438.230255,64410
YY-Hex5HexNAc5dHex1,YY,2438.230255,64410
YY-Hex5HexNAc5dHex1,YY,2438.230255,64410
YY-Hex5HexNAc5dHex1,YY,2438.230255,64410
Y-Hex6HexNAc5-B,BY,2450.230255,64410
YY-Hex6HexNAc5,YY,2468.24082,64410
YY-Hex6HexNAc5,YY,2468.24082,64410
Hex8HexNAc4-B,B,2627.31913,64410
YY-Hex6HexNAc5dHex1,YY,2642.330029,64410
YY-Hex6HexNAc5dHex1,YY,2642.330029,64410
Y-Hex7HexNAc5-B,BY,2654.330029,64410
Y-Hex7HexNAc5-B,BY,2654.330029,64410
Y-Hex6HexNAc5dHex1,Y,2656.345679,64410
Y-Hex6HexNAc5dHex1,Y,2656.345679,64410
YY-Hex7HexNAc5,YY,2672.340594,64410
YY-Hex5HexNAc6dHex1,YY,2683.356578,64410
YY-Hex6HexNAc6,YY,2713.367143,64410
Y-Hex7HexNAc5dHex1,Y,2860.445453,64410
Hex8HexNAc5-B,B,2872.445453,64410
YY-Hex6HexNAc6dHex1,YY,2887.456352,64410
YY-Hex6HexNAc6dHex1,YY,2887.456352,64410
Y-Hex6HexNAc6dHex1,Y,2901.472002,64410
YY-Hex7HexNAc6,YY,2917.466916,64410
YY-Hex7HexNAc6,YY,2917.466916,64410
Y-Hex7HexNAc6dHex1,Y,3105.571775,64410
Y-Hex7HexNAc6dHex1,Y,3105.571775,64410
Y-Hex8HexNAc6,Y,3135.58234,64410
Hex8HexNAc6dHex1,NA,3323.687199,64410
dHex1-B,B,188.104859,63511
Y-Hex1-B,BY,204.0997736,63511
Y-Hex1-B,BY,204.0997736,63511
Hex1-B,B,218.1154237,63511
Y-HexNAc1-B,BY,245.1263227,63511
Y-HexNAc1-B,BY,245.1263227,63511
YY-HexNAc1,YY,263.1368874,63511
NeuAc1-B,B,375.1893169,63511
Y-Hex2-B,BY,408.1995472,63511
Y-Hex1HexNAc1-B,BY,449.2260963,63511
Y-HexNAc1dHex1,Y,451.2417464,63511
Hex1HexNAc1-B,B,463.2417464,63511
YY-HexNAc2,YY,508.2632101,63511
Hex1NeuAc1-B,B,579.2890905,63511
Y-Hex2HexNAc1-B,BY,653.32587,63511
Y-Hex2HexNAc1-B,BY,653.32587,63511
Y-HexNAc2dHex1,Y,696.3680691,63511
Hex2NeuAc1-B,B,783.3888642,63511
YY-Hex1HexNAc2dHex1,YY,886.4521927,63511
Y-Hex2HexNAc2-B,BY,898.4521927,63511
Hex2HexNAc1NeuAc1-B,B,1028.515187,63511
Y-Hex3HexNAc2-B,BY,1102.551966,63511
Hex3HexNAc2-B,B,1116.567616,63511
Y-Hex3HexNAc1NeuAc1-B,BY,1218.59931,63511
Y-Hex4HexNAc2-B,BY,1306.65174,63511
Y-Hex4HexNAc2-B,BY,1306.65174,63511
Y-Hex3HexNAc2NeuAc1-B,BY,1463.725633,63511
YY-Hex3HexNAc3dHex1,YY,1539.778063,63511
Y-Hex4HexNAc3-B,BY,1551.778063,63511
Hex4HexNAc2NeuAc1-B,B,1681.841057,63511
YY-Hex3HexNAc4dHex1,YY,1784.904385,63511
YY-Hex4HexNAc4,YY,1814.91495,63511
Y-Hex5HexNAc2NeuAc1-B,BY,1871.92518,63511
Y-Hex6HexNAc3-B,BY,1959.97761,63511
YY-Hex4HexNAc4dHex1,YY,1989.004159,63511
Y-Hex4HexNAc4dHex1,Y,2003.019809,63511
YY-Hex4HexNAc3NeuAc1dHex1,YY,2105.051503,63511
Y-Hex5HexNAc3NeuAc1-B,BY,2117.051503,63511
YY-Hex5HexNAc4dHex1,YY,2193.103933,63511
YY-Hex5HexNAc4dHex1,YY,2193.103933,63511
YY-Hex5HexNAc4dHex1,YY,2193.103933,63511
Y-Hex6HexNAc4-B,BY,2205.103933,63511
Y-Hex6HexNAc4-B,BY,2205.103933,63511
YY-Hex4HexNAc4NeuAc1dHex1,YY,2350.177826,63511
YY-Hex5HexNAc4NeuAc1,YY,2380.188391,63511
Y-Hex7HexNAc4-B,BY,2409.203706,63511
YY-Hex5HexNAc5dHex1,YY,2438.230255,63511
YY-Hex5HexNAc5dHex1,YY,2438.230255,63511
Y-Hex6HexNAc5-B,BY,2450.230255,63511
YY-Hex6HexNAc5,YY,2468.24082,63511
Y-Hex7HexNAc3NeuAc1-B,BY,2525.25105,63511
Y-Hex7HexNAc3NeuAc1-B,BY,2525.25105,63511
Y-Hex5HexNAc4NeuAc1dHex1,Y,2568.29325,63511
Y-Hex8HexNAc4-B,BY,2613.30348,63511
YY-Hex6HexNAc5dHex1,YY,2642.330029,63511
YY-Hex6HexNAc5dHex1,YY,2642.330029,63511
Y-Hex7HexNAc5-B,BY,2654.330029,63511
Y-Hex6HexNAc5dHex1,Y,2656.345679,63511
YY-Hex5HexNAc6dHex1,YY,2683.356578,63511
YY-Hex5HexNAc6dHex1,YY,2683.356578,63511
YY-Hex5HexNAc6dHex1,YY,2683.356578,63511
YY-Hex6HexNAc6,YY,2713.367143,63511
YY-Hex6HexNAc4NeuAc1dHex1,YY,2758.377373,63511
YY-Hex6HexNAc4NeuAc1dHex1,YY,2758.377373,63511
Y-Hex7HexNAc4NeuAc1-B,BY,2770.377373,63511
Y-Hex7HexNAc4NeuAc1-B,BY,2770.377373,63511
Y-Hex7HexNAc4NeuAc1-B,BY,2770.377373,63511
Y-Hex7HexNAc4NeuAc1-B,BY,2770.377373,63511
YY-Hex7HexNAc5dHex1,YY,2846.429803,63511
YY-Hex7HexNAc5dHex1,YY,2846.429803,63511
Y-Hex8HexNAc5-B,BY,2858.429803,63511
YY-Hex6HexNAc6dHex1,YY,2887.456352,63511
YY-Hex6HexNAc6dHex1,YY,2887.456352,63511
Y-Hex6HexNAc6dHex1,Y,2901.472002,63511
YY-Hex7HexNAc6,YY,2917.466916,63511
Hex8HexNAc4NeuAc1-B,B,2988.492797,63511
YY-Hex6HexNAc5NeuAc1dHex1,YY,3003.503696,63511
YY-Hex6HexNAc5NeuAc1dHex1,YY,3003.503696,63511
YY-Hex6HexNAc5NeuAc1dHex1,YY,3003.503696,63511
YY-Hex6HexNAc5NeuAc1dHex1,YY,3003.503696,63511
Y-Hex7HexNAc5NeuAc1-B,BY,3015.503696,63511
Y-Hex7HexNAc5NeuAc1-B,BY,3015.503696,63511
YY-Hex7HexNAc5NeuAc1,YY,3033.514261,63511
YY-Hex7HexNAc5NeuAc1,YY,3033.514261,63511
YY-Hex7HexNAc6dHex1,YY,3091.556125,63511
YY-Hex7HexNAc6dHex1,YY,3091.556125,63511
Y-Hex7HexNAc6dHex1,Y,3105.571775,63511
YY-Hex8HexNAc6,YY,3121.56669,63511
Y-Hex7HexNAc5NeuAc1dHex1,Y,3221.619119,63511
Y-Hex7HexNAc5NeuAc1dHex1,Y,3221.619119,63511
Hex8HexNAc5NeuAc1-B,B,3233.61912,63511
YY-Hex6HexNAc6NeuAc1dHex1,YY,3248.630019,63511
YY-Hex6HexNAc6NeuAc1dHex1,YY,3248.630019,63511
YY-Hex6HexNAc6NeuAc1dHex1,YY,3248.630019,63511
YY-Hex7HexNAc6NeuAc1,YY,3278.640583,63511
YY-Hex7HexNAc6NeuAc1,YY,3278.640583,63511
Y-Hex8HexNAc6dHex1,Y,3309.671549,63511
Y-Hex7HexNAc6NeuAc1dHex1,Y,3466.745442,63511
Y-Hex7HexNAc6NeuAc1dHex1,Y,3466.745442,63511
Y-Hex8HexNAc6NeuAc1,Y,3496.756007,63511
Hex8HexNAc6NeuAc1dHex1,NA,3684.860866,63511
dHex1-B,B,188.104859,63441
Y-Hex1-B,BY,204.0997736,63441
Hex1-B,B,218.1154237,63441
Y-HexNAc1-B,BY,245.1263227,63441
Y-HexNAc1-B,BY,245.1263227,63441
YY-HexNAc1,YY,263.1368874,63441
NeuAc1-B,B,375.1893169,63441
Y-HexNAc1dHex1-B,BY,419.2155317,63441
Y-Hex1HexNAc1-B,BY,449.2260963,63441
Y-HexNAc1dHex1,Y,451.2417464,63441
Hex1HexNAc1-B,B,463.2417464,63441
YY-HexNAc2,YY,508.2632101,63441
Hex1NeuAc1-B,B,579.2890905,63441
Y-Hex1HexNAc1dHex1-B,BY,623.3153053,63441
Hex1HexNAc1dHex1-B,B,637.3309553,63441
Y-Hex2HexNAc1-B,BY,653.32587,63441
Y-HexNAc2dHex1,Y,696.3680691,63441
Y-Hex1HexNAc1NeuAc1-B,BY,810.3997632,63441
Y-Hex2HexNAc1dHex1-B,BY,827.4150789,63441
YY-Hex1HexNAc2dHex1,YY,886.4521927,63441
Hex1HexNAc1NeuAc1dHex1-B,B,998.5046222,63441
Y-Hex2HexNAc2dHex1-B,BY,1072.541402,63441
Y-Hex2HexNAc2dHex1-B,BY,1072.541402,63441
Y-Hex3HexNAc2-B,BY,1102.551966,63441
Y-Hex2HexNAc1NeuAc1dHex1-B,BY,1188.588746,63441
Y-Hex2HexNAc2dHex2-B,BY,1246.630611,63441
Hex3HexNAc2dHex1-B,B,1290.656825,63441
Y-Hex3HexNAc2dHex2-B,BY,1450.730384,63441
Y-Hex4HexNAc2dHex1-B,BY,1480.740949,63441
YY-Hex3HexNAc3dHex1,YY,1539.778063,63441
Y-Hex2HexNAc2NeuAc1dHex2-B,BY,1607.804277,63441
Y-Hex3HexNAc2NeuAc1dHex1-B,BY,1637.814842,63441
Y-Hex3HexNAc2NeuAc1dHex1-B,BY,1637.814842,63441
YY-Hex3HexNAc3dHex2,YY,1713.867272,63441
Y-Hex4HexNAc3dHex1-B,BY,1725.867272,63441
Hex3HexNAc2NeuAc1dHex2-B,B,1825.919701,63441
YY-Hex3HexNAc4dHex2,YY,1958.993594,63441
YY-Hex3HexNAc4dHex2,YY,1958.993594,63441
YY-Hex4HexNAc4dHex1,YY,1989.004159,63441
YY-Hex4HexNAc4dHex1,YY,1989.004159,63441
Y-Hex4HexNAc2NeuAc1dHex2-B,BY,2016.003825,63441
YY-Hex3HexNAc3NeuAc1dHex2,YY,2075.040938,63441
YY-Hex3HexNAc4dHex3,YY,2133.082803,63441
Y-Hex4HexNAc4dHex2,Y,2177.109018,63441
Y-Hex4HexNAc3NeuAc1dHex2-B,BY,2261.130147,63441
Y-Hex6HexNAc3dHex2-B,BY,2308.156028,63441
YY-Hex4HexNAc4dHex3,YY,2337.182577,63441
YY-Hex5HexNAc4dHex2,YY,2367.193142,63441
YY-Hex5HexNAc4dHex2,YY,2367.193142,63441
YY-Hex3HexNAc4NeuAc1dHex3,YY,2494.25647,63441
YY-Hex4HexNAc4NeuAc1dHex2,YY,2524.267035,63441
YY-Hex4HexNAc4NeuAc1dHex2,YY,2524.267035,63441
YY-Hex4HexNAc4NeuAc1dHex2,YY,2524.267035,63441
YY-Hex5HexNAc4dHex3,YY,2541.28235,63441
Y-Hex6HexNAc4dHex2-B,BY,2553.28235,63441
Y-Hex6HexNAc3NeuAc1dHex2-B,BY,2669.329695,63441
Y-Hex6HexNAc3NeuAc1dHex2-B,BY,2669.329695,63441
Y-Hex4HexNAc4NeuAc1dHex3,Y,2712.371894,63441
Y-Hex6HexNAc4dHex3-B,BY,2727.371559,63441
YY-Hex5HexNAc4NeuAc1dHex2,YY,2728.366808,63441
YY-Hex5HexNAc5dHex3,YY,2786.408673,63441
YY-Hex5HexNAc5dHex3,YY,2786.408673,63441
YY-Hex5HexNAc5dHex3,YY,2786.408673,63441
YY-Hex5HexNAc5dHex3,YY,2786.408673,63441
YY-Hex6HexNAc5dHex2,YY,2816.419238,63441
YY-Hex6HexNAc5dHex2,YY,2816.419238,63441
YY-Hex6HexNAc5dHex2,YY,2816.419238,63441
Y-Hex6HexNAc3NeuAc1dHex3-B,BY,2843.418904,63441
YY-Hex5HexNAc4NeuAc1dHex3,YY,2902.456017,63441
YY-Hex5HexNAc4NeuAc1dHex3,YY,2902.456017,63441
Y-Hex6HexNAc4NeuAc1dHex2-B,BY,2914.456017,63441
Y-Hex6HexNAc4NeuAc1dHex2-B,BY,2914.456017,63441
Y-Hex7HexNAc4dHex3-B,BY,2931.471333,63441
YY-Hex5HexNAc5dHex4,YY,2960.497882,63441
Y-Hex6HexNAc5dHex3-B,BY,2972.497882,63441
YY-Hex6HexNAc5dHex3,YY,2990.508447,63441
YY-Hex6HexNAc5dHex3,YY,2990.508447,63441
Y-Hex6HexNAc5dHex3,Y,3004.524097,63441
Y-Hex6HexNAc4NeuAc1dHex3-B,BY,3088.545226,63441
Y-Hex6HexNAc4NeuAc1dHex3-B,BY,3088.545226,63441
Y-Hex6HexNAc4NeuAc1dHex3-B,BY,3088.545226,63441
Y-Hex6HexNAc4NeuAc1dHex3-B,BY,3088.545226,63441
Y-Hex7HexNAc4NeuAc1dHex2-B,BY,3118.555791,63441
Y-Hex7HexNAc4NeuAc1dHex2-B,BY,3118.555791,63441
Y-Hex7HexNAc4NeuAc1dHex2-B,BY,3118.555791,63441
YY-Hex5HexNAc5NeuAc1dHex3,YY,3147.58234,63441
YY-Hex5HexNAc5NeuAc1dHex3,YY,3147.58234,63441
YY-Hex5HexNAc5NeuAc1dHex3,YY,3147.58234,63441
YY-Hex5HexNAc5NeuAc1dHex3,YY,3147.58234,63441
YY-Hex6HexNAc5dHex4,YY,3164.597656,63441
Y-Hex7HexNAc5dHex3-B,BY,3176.597656,63441
YY-Hex6HexNAc5NeuAc1dHex2,YY,3177.592905,63441
YY-Hex6HexNAc5NeuAc1dHex2,YY,3177.592905,63441
YY-Hex6HexNAc5NeuAc1dHex2,YY,3177.592905,63441
YY-Hex6HexNAc5NeuAc1dHex2,YY,3177.592905,63441
YY-Hex6HexNAc5NeuAc1dHex2,YY,3177.592905,63441
YY-Hex6HexNAc5NeuAc1dHex2,YY,3177.592905,63441
YY-Hex5HexNAc6dHex4,YY,3205.624205,63441
YY-Hex5HexNAc6dHex4,YY,3205.624205,63441
YY-Hex5HexNAc6dHex4,YY,3205.624205,63441
YY-Hex6HexNAc6dHex3,YY,3235.63477,63441
YY-Hex6HexNAc6dHex3,YY,3235.63477,63441
YY-Hex6HexNAc6dHex3,YY,3235.63477,63441
YY-Hex6HexNAc6dHex3,YY,3235.63477,63441
Hex7HexNAc4NeuAc1dHex3-B,B,3306.66065,63441
YY-Hex5HexNAc5NeuAc1dHex4,YY,3321.671549,63441
YY-Hex5HexNAc5NeuAc1dHex4,YY,3321.671549,63441
Y-Hex6HexNAc5NeuAc1dHex3-B,BY,3333.671549,63441
Y-Hex6HexNAc5NeuAc1dHex3-B,BY,3333.671549,63441
Y-Hex6HexNAc5NeuAc1dHex3-B,BY,3333.671549,63441
YY-Hex6HexNAc5NeuAc1dHex3,YY,3351.682114,63441
YY-Hex6HexNAc5NeuAc1dHex3,YY,3351.682114,63441
YY-Hex6HexNAc5NeuAc1dHex3,YY,3351.682114,63441
YY-Hex6HexNAc5NeuAc1dHex3,YY,3351.682114,63441
Y-Hex7HexNAc5NeuAc1dHex2-B,BY,3363.682114,63441
Y-Hex7HexNAc5NeuAc1dHex2-B,BY,3363.682114,63441
Y-Hex7HexNAc5NeuAc1dHex2-B,BY,3363.682114,63441
Y-Hex6HexNAc5NeuAc1dHex3,Y,3365.697764,63441
Y-Hex6HexNAc5NeuAc1dHex3,Y,3365.697764,63441
YY-Hex6HexNAc6dHex4,YY,3409.723978,63441
YY-Hex6HexNAc6dHex4,YY,3409.723978,63441
YY-Hex6HexNAc6dHex4,YY,3409.723978,63441
Y-Hex6HexNAc6dHex4,Y,3423.739629,63441
YY-Hex7HexNAc6dHex3,YY,3439.734543,63441
YY-Hex7HexNAc6dHex3,YY,3439.734543,63441
YY-Hex7HexNAc6dHex3,YY,3439.734543,63441
YY-Hex7HexNAc6dHex3,YY,3439.734543,63441
Y-Hex6HexNAc5NeuAc1dHex4,Y,3539.786973,63441
Hex7HexNAc5NeuAc1dHex3-B,B,3551.786973,63441
YY-Hex5HexNAc6NeuAc1dHex4,YY,3566.797872,63441
YY-Hex5HexNAc6NeuAc1dHex4,YY,3566.797872,63441
YY-Hex5HexNAc6NeuAc1dHex4,YY,3566.797872,63441
YY-Hex6HexNAc6NeuAc1dHex3,YY,3596.808436,63441
YY-Hex6HexNAc6NeuAc1dHex3,YY,3596.808436,63441
YY-Hex6HexNAc6NeuAc1dHex3,YY,3596.808436,63441
YY-Hex6HexNAc6NeuAc1dHex3,YY,3596.808436,63441
YY-Hex6HexNAc6NeuAc1dHex3,YY,3596.808436,63441
YY-Hex6HexNAc6NeuAc1dHex3,YY,3596.808436,63441
YY-Hex6HexNAc6NeuAc1dHex3,YY,3596.808436,63441
YY-Hex6HexNAc6NeuAc1dHex3,YY,3596.808436,63441
YY-Hex6HexNAc6NeuAc1dHex3,YY,3596.808436,63441
YY-Hex6HexNAc6NeuAc1dHex3,YY,3596.808436,63441
YY-Hex6HexNAc6NeuAc1dHex3,YY,3596.808436,63441
YY-Hex6HexNAc6NeuAc1dHex3,YY,3596.808436,63441
YY-Hex7HexNAc6NeuAc1dHex2,YY,3626.819001,63441
YY-Hex7HexNAc6NeuAc1dHex2,YY,3626.819001,63441
YY-Hex7HexNAc6NeuAc1dHex2,YY,3626.819001,63441
YY-Hex7HexNAc6NeuAc1dHex2,YY,3626.819001,63441
YY-Hex7HexNAc6NeuAc1dHex2,YY,3626.819001,63441
YY-Hex7HexNAc6NeuAc1dHex2,YY,3626.819001,63441
Y-Hex7HexNAc6dHex4,Y,3627.839402,63441
Y-Hex6HexNAc6NeuAc1dHex4,Y,3784.913295,63441
Y-Hex6HexNAc6NeuAc1dHex4,Y,3784.913295,63441
Y-Hex6HexNAc6NeuAc1dHex4,Y,3784.913295,63441
Y-Hex7HexNAc6NeuAc1dHex3,Y,3814.92386,63441
Y-Hex7HexNAc6NeuAc1dHex3,Y,3814.92386,63441
Y-Hex7HexNAc6NeuAc1dHex3,Y,3814.92386,63441
Y-Hex7HexNAc6NeuAc1dHex3,Y,3814.92386,63441
Hex7HexNAc6NeuAc1dHex4,NA,4003.028719,63441
dHex1-B,B,188.104859,63434
Y-Hex1-B,BY,204.0997736,63434
Y-HexNAc1-B,BY,245.1263227,63434
Y-HexNAc1-B,BY,245.1263227,63434
YY-HexNAc1,YY,263.1368874,63434
NeuAc1-B,B,375.1893169,63434
Y-HexNAc1dHex1-B,BY,419.2155317,63434
Y-Hex1HexNAc1-B,BY,449.2260963,63434
Y-HexNAc1dHex1,Y,451.2417464,63434
YY-HexNAc2,YY,508.2632101,63434
Hex1NeuAc1-B,B,579.2890905,63434
Y-Hex1HexNAc1dHex1-B,BY,623.3153053,63434
Y-HexNAc2dHex1,Y,696.3680691,63434
Y-Hex1HexNAc1NeuAc1-B,BY,810.3997632,63434
Hex1HexNAc1NeuAc1-B,B,824.4154133,63434
YY-Hex1HexNAc2dHex1,YY,886.4521927,63434
Hex1HexNAc1NeuAc1dHex1-B,B,998.5046222,63434
Y-Hex2HexNAc1NeuAc1-B,BY,1014.499537,63434
Y-Hex2HexNAc1NeuAc1dHex1-B,BY,1188.588746,63434
Y-Hex2HexNAc2NeuAc1dHex1-B,BY,1433.715068,63434
Y-Hex2HexNAc2NeuAc1dHex1-B,BY,1433.715068,63434
Y-Hex2HexNAc2NeuAc1dHex1-B,BY,1433.715068,63434
Y-Hex3HexNAc2NeuAc1dHex1-B,BY,1637.814842,63434
Y-Hex3HexNAc2NeuAc1dHex1-B,BY,1637.814842,63434
Y-Hex3HexNAc2NeuAc1dHex1-B,BY,1637.814842,63434
Y-Hex3HexNAc2NeuAc1dHex1-B,BY,1637.814842,63434
Y-Hex3HexNAc2NeuAc2-B,BY,1824.8993,63434
Y-Hex3HexNAc2NeuAc2-B,BY,1824.8993,63434
YY-Hex3HexNAc3NeuAc1dHex1,YY,1900.95173,63434
Hex3HexNAc2NeuAc2dHex1-B,B,2013.004159,63434
Hex3HexNAc2NeuAc2dHex1-B,B,2013.004159,63434
YY-Hex3HexNAc3NeuAc1dHex2,YY,2075.040938,63434
Y-Hex4HexNAc2NeuAc2dHex1-B,BY,2203.088283,63434
YY-Hex3HexNAc4NeuAc1dHex2,YY,2320.167261,63434
YY-Hex3HexNAc4NeuAc1dHex2,YY,2320.167261,63434
Y-Hex4HexNAc3NeuAc2dHex1-B,BY,2448.214605,63434
Y-Hex4HexNAc3NeuAc2dHex1-B,BY,2448.214605,63434
YY-Hex4HexNAc4NeuAc1dHex2,YY,2524.267035,63434
YY-Hex4HexNAc4NeuAc1dHex2,YY,2524.267035,63434
YY-Hex4HexNAc4NeuAc2dHex1,YY,2711.351493,63434
YY-Hex4HexNAc4NeuAc2dHex1,YY,2711.351493,63434
YY-Hex4HexNAc4NeuAc2dHex1,YY,2711.351493,63434
Y-Hex4HexNAc4NeuAc2dHex2,Y,2899.456352,63434
YY-Hex5HexNAc4NeuAc2dHex1,YY,2915.451266,63434
YY-Hex5HexNAc4NeuAc2dHex2,YY,3089.540475,63434
YY-Hex5HexNAc4NeuAc2dHex2,YY,3089.540475,63434
YY-Hex5HexNAc4NeuAc2dHex2,YY,3089.540475,63434
Y-Hex6HexNAc3NeuAc3dHex1-B,BY,3217.587819,63434
YY-Hex5HexNAc4NeuAc2dHex3,YY,3263.629684,63434
YY-Hex5HexNAc5NeuAc2dHex2,YY,3334.666798,63434
YY-Hex5HexNAc5NeuAc2dHex2,YY,3334.666798,63434
YY-Hex5HexNAc5NeuAc2dHex2,YY,3334.666798,63434
YY-Hex5HexNAc5NeuAc2dHex2,YY,3334.666798,63434
YY-Hex5HexNAc5NeuAc2dHex2,YY,3334.666798,63434
Y-Hex6HexNAc3NeuAc3dHex2-B,BY,3391.677028,63434
Y-Hex6HexNAc3NeuAc3dHex2-B,BY,3391.677028,63434
Y-Hex6HexNAc4NeuAc3dHex1-B,BY,3462.714142,63434
Y-Hex6HexNAc4NeuAc3dHex1-B,BY,3462.714142,63434
YY-Hex5HexNAc5NeuAc2dHex3,YY,3508.756007,63434
YY-Hex5HexNAc5NeuAc2dHex3,YY,3508.756007,63434
YY-Hex5HexNAc5NeuAc2dHex3,YY,3508.756007,63434
YY-Hex6HexNAc5NeuAc2dHex2,YY,3538.766572,63434
YY-Hex6HexNAc5NeuAc2dHex2,YY,3538.766572,63434
YY-Hex6HexNAc5NeuAc2dHex2,YY,3538.766572,63434
YY-Hex6HexNAc5NeuAc2dHex2,YY,3538.766572,63434
Y-Hex6HexNAc4NeuAc3dHex2-B,BY,3636.803351,63434
Y-Hex6HexNAc4NeuAc3dHex2-B,BY,3636.803351,63434
Y-Hex6HexNAc4NeuAc3dHex2-B,BY,3636.803351,63434
Y-Hex6HexNAc4NeuAc3dHex2-B,BY,3636.803351,63434
Y-Hex6HexNAc4NeuAc3dHex2-B,BY,3636.803351,63434
YY-Hex6HexNAc5NeuAc2dHex3,YY,3712.855781,63434
YY-Hex6HexNAc5NeuAc2dHex3,YY,3712.855781,63434
YY-Hex6HexNAc5NeuAc2dHex3,YY,3712.855781,63434
YY-Hex6HexNAc5NeuAc2dHex3,YY,3712.855781,63434
YY-Hex6HexNAc5NeuAc2dHex3,YY,3712.855781,63434
YY-Hex6HexNAc5NeuAc3dHex1,YY,3725.85103,63434
YY-Hex6HexNAc5NeuAc3dHex1,YY,3725.85103,63434
YY-Hex6HexNAc5NeuAc3dHex1,YY,3725.85103,63434
YY-Hex5HexNAc6NeuAc2dHex3,YY,3753.88233,63434
YY-Hex5HexNAc6NeuAc2dHex3,YY,3753.88233,63434
YY-Hex5HexNAc6NeuAc2dHex3,YY,3753.88233,63434
YY-Hex5HexNAc6NeuAc2dHex3,YY,3753.88233,63434
YY-Hex5HexNAc6NeuAc2dHex3,YY,3753.88233,63434
Y-Hex7HexNAc4NeuAc3dHex2-B,BY,3840.903125,63434
Y-Hex7HexNAc4NeuAc3dHex2-B,BY,3840.903125,63434
Y-Hex7HexNAc4NeuAc3dHex2-B,BY,3840.903125,63434
Y-Hex7HexNAc4NeuAc3dHex2-B,BY,3840.903125,63434
Y-Hex6HexNAc5NeuAc3dHex2-B,BY,3881.929674,63434
Y-Hex6HexNAc5NeuAc3dHex2-B,BY,3881.929674,63434
Y-Hex6HexNAc5NeuAc3dHex2-B,BY,3881.929674,63434
YY-Hex6HexNAc5NeuAc3dHex2,YY,3899.940238,63434
YY-Hex6HexNAc5NeuAc3dHex2,YY,3899.940238,63434
YY-Hex6HexNAc5NeuAc3dHex2,YY,3899.940238,63434
YY-Hex6HexNAc5NeuAc3dHex2,YY,3899.940238,63434
YY-Hex6HexNAc5NeuAc3dHex2,YY,3899.940238,63434
YY-Hex6HexNAc5NeuAc3dHex2,YY,3899.940238,63434
Y-Hex6HexNAc5NeuAc3dHex2,Y,3913.955889,63434
YY-Hex6HexNAc6NeuAc2dHex3,YY,3957.982103,63434
YY-Hex6HexNAc6NeuAc2dHex3,YY,3957.982103,63434
YY-Hex6HexNAc6NeuAc2dHex3,YY,3957.982103,63434
YY-Hex6HexNAc6NeuAc2dHex3,YY,3957.982103,63434
YY-Hex6HexNAc6NeuAc2dHex3,YY,3957.982103,63434
YY-Hex6HexNAc6NeuAc2dHex3,YY,3957.982103,63434
YY-Hex6HexNAc6NeuAc2dHex3,YY,3957.982103,63434
Y-Hex7HexNAc4NeuAc4dHex1-B,BY,4027.987583,63434
Y-Hex7HexNAc4NeuAc4dHex1-B,BY,4027.987583,63434
Y-Hex7HexNAc5NeuAc3dHex2-B,BY,4086.029447,63434
Y-Hex7HexNAc5NeuAc3dHex2-B,BY,4086.029447,63434
Y-Hex7HexNAc5NeuAc3dHex2-B,BY,4086.029447,63434
Y-Hex7HexNAc5NeuAc3dHex2-B,BY,4086.029447,63434
Y-Hex6HexNAc5NeuAc3dHex3,Y,4088.045097,63434
Y-Hex6HexNAc5NeuAc3dHex3,Y,4088.045097,63434
YY-Hex6HexNAc6NeuAc3dHex2,YY,4145.066561,63434
YY-Hex6HexNAc6NeuAc3dHex2,YY,4145.066561,63434
YY-Hex6HexNAc6NeuAc3dHex2,YY,4145.066561,63434
YY-Hex6HexNAc6NeuAc3dHex2,YY,4145.066561,63434
YY-Hex6HexNAc6NeuAc3dHex2,YY,4145.066561,63434
YY-Hex6HexNAc6NeuAc3dHex2,YY,4145.066561,63434
YY-Hex6HexNAc6NeuAc3dHex2,YY,4145.066561,63434
YY-Hex6HexNAc6NeuAc3dHex2,YY,4145.066561,63434
YY-Hex6HexNAc6NeuAc3dHex2,YY,4145.066561,63434
YY-Hex7HexNAc6NeuAc2dHex3,YY,4162.081877,63434
YY-Hex7HexNAc6NeuAc2dHex3,YY,4162.081877,63434
YY-Hex7HexNAc6NeuAc2dHex3,YY,4162.081877,63434
YY-Hex7HexNAc6NeuAc2dHex3,YY,4162.081877,63434
YY-Hex7HexNAc6NeuAc2dHex3,YY,4162.081877,63434
YY-Hex7HexNAc6NeuAc2dHex3,YY,4162.081877,63434
Hex7HexNAc4NeuAc4dHex2-B,B,4216.092442,63434
Y-Hex7HexNAc5NeuAc4dHex1-B,BY,4273.113905,63434
Y-Hex7HexNAc5NeuAc4dHex1-B,BY,4273.113905,63434
Y-Hex6HexNAc6NeuAc3dHex3,Y,4333.17142,63434
Y-Hex6HexNAc6NeuAc3dHex3,Y,4333.17142,63434
Y-Hex6HexNAc6NeuAc3dHex3,Y,4333.17142,63434
YY-Hex7HexNAc6NeuAc3dHex2,YY,4349.166335,63434
YY-Hex7HexNAc6NeuAc3dHex2,YY,4349.166335,63434
YY-Hex7HexNAc6NeuAc3dHex2,YY,4349.166335,63434
YY-Hex7HexNAc6NeuAc3dHex2,YY,4349.166335,63434
YY-Hex7HexNAc6NeuAc3dHex2,YY,4349.166335,63434
YY-Hex7HexNAc6NeuAc3dHex2,YY,4349.166335,63434
YY-Hex7HexNAc6NeuAc3dHex2,YY,4349.166335,63434
YY-Hex7HexNAc6NeuAc3dHex2,YY,4349.166335,63434
YY-Hex7HexNAc6NeuAc3dHex2,YY,4349.166335,63434
YY-Hex7HexNAc6NeuAc3dHex2,YY,4349.166335,63434
YY-Hex7HexNAc6NeuAc3dHex2,YY,4349.166335,63434
Hex7HexNAc5NeuAc4dHex2-B,B,4461.218764,63434
YY-Hex7HexNAc6NeuAc4dHex1,YY,4536.250793,63434
YY-Hex7HexNAc6NeuAc4dHex1,YY,4536.250793,63434
YY-Hex7HexNAc6NeuAc4dHex1,YY,4536.250793,63434
Y-Hex7HexNAc6NeuAc3dHex3,Y,4537.271194,63434
Y-Hex7HexNAc6NeuAc3dHex3,Y,4537.271194,63434
Y-Hex7HexNAc6NeuAc3dHex3,Y,4537.271194,63434
Y-Hex7HexNAc6NeuAc3dHex3,Y,4537.271194,63434
Y-Hex7HexNAc6NeuAc4dHex2,Y,4724.355652,63434
Y-Hex7HexNAc6NeuAc4dHex2,Y,4724.355652,63434
Y-Hex7HexNAc6NeuAc4dHex2,Y,4724.355652,63434
Hex7HexNAc6NeuAc4dHex3,NA,4912.460511,63434
dHex1-B,B,188.104859,63433
Y-Hex1-B,BY,204.0997736,63433
Hex1-B,B,218.1154237,63433
Y-HexNAc1-B,BY,245.1263227,63433
Y-HexNAc1-B,BY,245.1263227,63433
YY-HexNAc1,YY,263.1368874,63433
NeuAc1-B,B,375.1893169,63433
Y-HexNAc1dHex1-B,BY,419.2155317,63433
Y-Hex1HexNAc1-B,BY,449.2260963,63433
Y-Hex1HexNAc1-B,BY,449.2260963,63433
Y-HexNAc1dHex1,Y,451.2417464,63433
YY-HexNAc2,YY,508.2632101,63433
Hex1NeuAc1-B,B,579.2890905,63433
Y-Hex1HexNAc1dHex1-B,BY,623.3153053,63433
Hex1HexNAc1dHex1-B,B,637.3309553,63433
Y-HexNAc2dHex1,Y,696.3680691,63433
Y-Hex1HexNAc1NeuAc1-B,BY,810.3997632,63433
Hex1HexNAc1NeuAc1-B,B,824.4154133,63433
Y-Hex2HexNAc1dHex1-B,BY,827.4150789,63433
YY-Hex1HexNAc2dHex1,YY,886.4521927,63433
Hex1HexNAc1NeuAc1dHex1-B,B,998.5046222,63433
Y-Hex2HexNAc1NeuAc1-B,BY,1014.499537,63433
Y-Hex2HexNAc2dHex1-B,BY,1072.541402,63433
Y-Hex2HexNAc1NeuAc1dHex1-B,BY,1188.588746,63433
Y-Hex3HexNAc2dHex1-B,BY,1276.641175,63433
Y-Hex2HexNAc2NeuAc1dHex1-B,BY,1433.715068,63433
Y-Hex2HexNAc2NeuAc1dHex1-B,BY,1433.715068,63433
Y-Hex2HexNAc2NeuAc1dHex1-B,BY,1433.715068,63433
Y-Hex3HexNAc2NeuAc1-B,BY,1463.725633,63433
Y-Hex3HexNAc2NeuAc1dHex1-B,BY,1637.814842,63433
Y-Hex3HexNAc2NeuAc1dHex1-B,BY,1637.814842,63433
Hex3HexNAc2NeuAc1dHex1-B,B,1651.830492,63433
YY-Hex3HexNAc3dHex2,YY,1713.867272,63433
Y-Hex3HexNAc2NeuAc2-B,BY,1824.8993,63433
Y-Hex4HexNAc2NeuAc1dHex1-B,BY,1841.914616,63433
YY-Hex3HexNAc3NeuAc1dHex1,YY,1900.95173,63433
YY-Hex3HexNAc4dHex2,YY,1958.993594,63433
Hex3HexNAc2NeuAc2dHex1-B,B,2013.004159,63433
YY-Hex3HexNAc3NeuAc1dHex2,YY,2075.040938,63433
Y-Hex4HexNAc3NeuAc1dHex1-B,BY,2087.040938,63433
YY-Hex4HexNAc4dHex2,YY,2163.093368,63433
Y-Hex4HexNAc2NeuAc2dHex1-B,BY,2203.088283,63433
YY-Hex3HexNAc4NeuAc1dHex2,YY,2320.167261,63433
YY-Hex3HexNAc4NeuAc1dHex2,YY,2320.167261,63433
YY-Hex4HexNAc4NeuAc1dHex1,YY,2350.177826,63433
YY-Hex4HexNAc4NeuAc1dHex1,YY,2350.177826,63433
Y-Hex4HexNAc3NeuAc2dHex1-B,BY,2448.214605,63433
YY-Hex4HexNAc4NeuAc1dHex2,YY,2524.267035,63433
YY-Hex4HexNAc4NeuAc1dHex2,YY,2524.267035,63433
Y-Hex4HexNAc4NeuAc1dHex2,Y,2538.282685,63433
YY-Hex4HexNAc4NeuAc2dHex1,YY,2711.351493,63433
YY-Hex4HexNAc4NeuAc2dHex1,YY,2711.351493,63433
YY-Hex5HexNAc4NeuAc1dHex2,YY,2728.366808,63433
YY-Hex5HexNAc4NeuAc1dHex2,YY,2728.366808,63433
Y-Hex6HexNAc3NeuAc2dHex1-B,BY,2856.414153,63433
Y-Hex4HexNAc4NeuAc2dHex2,Y,2899.456352,63433
YY-Hex5HexNAc4NeuAc1dHex3,YY,2902.456017,63433
YY-Hex5HexNAc4NeuAc2dHex1,YY,2915.451266,63433
YY-Hex5HexNAc5NeuAc1dHex2,YY,2973.493131,63433
YY-Hex5HexNAc5NeuAc1dHex2,YY,2973.493131,63433
Y-Hex6HexNAc3NeuAc2dHex2-B,BY,3030.503361,63433
Y-Hex6HexNAc3NeuAc2dHex2-B,BY,3030.503361,63433
YY-Hex5HexNAc4NeuAc2dHex2,YY,3089.540475,63433
YY-Hex5HexNAc4NeuAc2dHex2,YY,3089.540475,63433
Y-Hex6HexNAc4NeuAc2dHex1-B,BY,3101.540475,63433
YY-Hex5HexNAc5NeuAc1dHex3,YY,3147.58234,63433
YY-Hex5HexNAc5NeuAc1dHex3,YY,3147.58234,63433
YY-Hex5HexNAc5NeuAc1dHex3,YY,3147.58234,63433
YY-Hex5HexNAc5NeuAc1dHex3,YY,3147.58234,63433
YY-Hex6HexNAc5NeuAc1dHex2,YY,3177.592905,63433
YY-Hex6HexNAc5NeuAc1dHex2,YY,3177.592905,63433
Y-Hex6HexNAc3NeuAc3dHex1-B,BY,3217.587819,63433
Y-Hex6HexNAc4NeuAc2dHex2-B,BY,3275.629684,63433
Y-Hex6HexNAc4NeuAc2dHex2-B,BY,3275.629684,63433
Y-Hex6HexNAc4NeuAc2dHex2-B,BY,3275.629684,63433
Y-Hex6HexNAc4NeuAc2dHex2-B,BY,3275.629684,63433
Y-Hex6HexNAc4NeuAc2dHex2-B,BY,3275.629684,63433
YY-Hex5HexNAc5NeuAc2dHex2,YY,3334.666798,63433
YY-Hex5HexNAc5NeuAc2dHex2,YY,3334.666798,63433
YY-Hex5HexNAc5NeuAc2dHex2,YY,3334.666798,63433
YY-Hex5HexNAc5NeuAc2dHex2,YY,3334.666798,63433
YY-Hex6HexNAc5NeuAc1dHex3,YY,3351.682114,63433
YY-Hex6HexNAc5NeuAc1dHex3,YY,3351.682114,63433
YY-Hex6HexNAc5NeuAc1dHex3,YY,3351.682114,63433
YY-Hex6HexNAc5NeuAc1dHex3,YY,3351.682114,63433
YY-Hex6HexNAc5NeuAc2dHex1,YY,3364.677363,63433
YY-Hex6HexNAc5NeuAc2dHex1,YY,3364.677363,63433
YY-Hex5HexNAc6NeuAc1dHex3,YY,3392.708663,63433
YY-Hex5HexNAc6NeuAc1dHex3,YY,3392.708663,63433
YY-Hex5HexNAc6NeuAc1dHex3,YY,3392.708663,63433
Y-Hex6HexNAc4NeuAc3dHex1-B,BY,3462.714142,63433
Y-Hex7HexNAc4NeuAc2dHex2-B,BY,3479.729458,63433
Y-Hex7HexNAc4NeuAc2dHex2-B,BY,3479.729458,63433
Y-Hex7HexNAc4NeuAc2dHex2-B,BY,3479.729458,63433
YY-Hex5HexNAc5NeuAc2dHex3,YY,3508.756007,63433
YY-Hex5HexNAc5NeuAc2dHex3,YY,3508.756007,63433
Y-Hex6HexNAc5NeuAc2dHex2-B,BY,3520.756007,63433
Y-Hex6HexNAc5NeuAc2dHex2-B,BY,3520.756007,63433
Y-Hex6HexNAc5NeuAc2dHex2-B,BY,3520.756007,63433
YY-Hex6HexNAc5NeuAc2dHex2,YY,3538.766572,63433
YY-Hex6HexNAc5NeuAc2dHex2,YY,3538.766572,63433
YY-Hex6HexNAc5NeuAc2dHex2,YY,3538.766572,63433
YY-Hex6HexNAc5NeuAc2dHex2,YY,3538.766572,63433
YY-Hex6HexNAc5NeuAc2dHex2,YY,3538.766572,63433
YY-Hex6HexNAc5NeuAc2dHex2,YY,3538.766572,63433
YY-Hex6HexNAc5NeuAc2dHex2,YY,3538.766572,63433
YY-Hex6HexNAc5NeuAc2dHex2,YY,3538.766572,63433
YY-Hex6HexNAc5NeuAc2dHex2,YY,3538.766572,63433
Y-Hex6HexNAc5NeuAc2dHex2,Y,3552.782222,63433
YY-Hex6HexNAc6NeuAc1dHex3,YY,3596.808436,63433
YY-Hex6HexNAc6NeuAc1dHex3,YY,3596.808436,63433
YY-Hex6HexNAc6NeuAc1dHex3,YY,3596.808436,63433
YY-Hex6HexNAc6NeuAc1dHex3,YY,3596.808436,63433
YY-Hex6HexNAc6NeuAc1dHex3,YY,3596.808436,63433
YY-Hex6HexNAc6NeuAc1dHex3,YY,3596.808436,63433
Y-Hex6HexNAc4NeuAc3dHex2-B,BY,3636.803351,63433
Y-Hex7HexNAc4NeuAc3dHex1-B,BY,3666.813916,63433
Y-Hex7HexNAc4NeuAc3dHex1-B,BY,3666.813916,63433
Y-Hex7HexNAc5NeuAc2dHex2-B,BY,3724.855781,63433
Y-Hex7HexNAc5NeuAc2dHex2-B,BY,3724.855781,63433
Y-Hex7HexNAc5NeuAc2dHex2-B,BY,3724.855781,63433
YY-Hex6HexNAc5NeuAc3dHex1,YY,3725.85103,63433
YY-Hex6HexNAc5NeuAc3dHex1,YY,3725.85103,63433
Y-Hex6HexNAc5NeuAc2dHex3,Y,3726.871431,63433
Y-Hex6HexNAc5NeuAc2dHex3,Y,3726.871431,63433
YY-Hex5HexNAc6NeuAc2dHex3,YY,3753.88233,63433
YY-Hex5HexNAc6NeuAc2dHex3,YY,3753.88233,63433
YY-Hex5HexNAc6NeuAc2dHex3,YY,3753.88233,63433
YY-Hex6HexNAc6NeuAc2dHex2,YY,3783.892894,63433
YY-Hex6HexNAc6NeuAc2dHex2,YY,3783.892894,63433
YY-Hex6HexNAc6NeuAc2dHex2,YY,3783.892894,63433
YY-Hex6HexNAc6NeuAc2dHex2,YY,3783.892894,63433
YY-Hex6HexNAc6NeuAc2dHex2,YY,3783.892894,63433
YY-Hex6HexNAc6NeuAc2dHex2,YY,3783.892894,63433
YY-Hex6HexNAc6NeuAc2dHex2,YY,3783.892894,63433
YY-Hex6HexNAc6NeuAc2dHex2,YY,3783.892894,63433
YY-Hex6HexNAc6NeuAc2dHex2,YY,3783.892894,63433
YY-Hex7HexNAc6NeuAc1dHex3,YY,3800.90821,63433
YY-Hex7HexNAc6NeuAc1dHex3,YY,3800.90821,63433
YY-Hex7HexNAc6NeuAc1dHex3,YY,3800.90821,63433
Hex7HexNAc4NeuAc3dHex2-B,B,3854.918775,63433
Y-Hex6HexNAc5NeuAc3dHex2-B,BY,3881.929674,63433
Y-Hex7HexNAc5NeuAc3dHex1-B,BY,3911.940238,63433
Y-Hex7HexNAc5NeuAc3dHex1-B,BY,3911.940238,63433
Y-Hex6HexNAc5NeuAc3dHex2,Y,3913.955889,63433
YY-Hex6HexNAc6NeuAc2dHex3,YY,3957.982103,63433
YY-Hex6HexNAc6NeuAc2dHex3,YY,3957.982103,63433
YY-Hex6HexNAc6NeuAc2dHex3,YY,3957.982103,63433
Y-Hex6HexNAc6NeuAc2dHex3,Y,3971.997753,63433
Y-Hex6HexNAc6NeuAc2dHex3,Y,3971.997753,63433
Y-Hex6HexNAc6NeuAc2dHex3,Y,3971.997753,63433
YY-Hex7HexNAc6NeuAc2dHex2,YY,3987.992668,63433
YY-Hex7HexNAc6NeuAc2dHex2,YY,3987.992668,63433
YY-Hex7HexNAc6NeuAc2dHex2,YY,3987.992668,63433
YY-Hex7HexNAc6NeuAc2dHex2,YY,3987.992668,63433
YY-Hex7HexNAc6NeuAc2dHex2,YY,3987.992668,63433
YY-Hex7HexNAc6NeuAc2dHex2,YY,3987.992668,63433
YY-Hex7HexNAc6NeuAc2dHex2,YY,3987.992668,63433
YY-Hex7HexNAc6NeuAc2dHex2,YY,3987.992668,63433
YY-Hex7HexNAc6NeuAc2dHex2,YY,3987.992668,63433
Hex7HexNAc5NeuAc3dHex2-B,B,4100.045097,63433
YY-Hex6HexNAc6NeuAc3dHex2,YY,4145.066561,63433
YY-Hex6HexNAc6NeuAc3dHex2,YY,4145.066561,63433
YY-Hex6HexNAc6NeuAc3dHex2,YY,4145.066561,63433
YY-Hex7HexNAc6NeuAc3dHex1,YY,4175.077126,63433
YY-Hex7HexNAc6NeuAc3dHex1,YY,4175.077126,63433
YY-Hex7HexNAc6NeuAc3dHex1,YY,4175.077126,63433
Y-Hex7HexNAc6NeuAc2dHex3,Y,4176.097527,63433
Y-Hex7HexNAc6NeuAc2dHex3,Y,4176.097527,63433
Y-Hex7HexNAc6NeuAc2dHex3,Y,4176.097527,63433
Y-Hex6HexNAc6NeuAc3dHex3,Y,4333.17142,63433
Y-Hex7HexNAc6NeuAc3dHex2,Y,4363.181985,63433
Y-Hex7HexNAc6NeuAc3dHex2,Y,4363.181985,63433
Y-Hex7HexNAc6NeuAc3dHex2,Y,4363.181985,63433
Hex7HexNAc6NeuAc3dHex3,NA,4551.286844,63433
dHex1-B,B,188.104859,63432
Y-Hex1-B,BY,204.0997736,63432
Hex1-B,B,218.1154237,63432
Y-HexNAc1-B,BY,245.1263227,63432
Y-HexNAc1-B,BY,245.1263227,63432
YY-HexNAc1,YY,263.1368874,63432
NeuAc1-B,B,375.1893169,63432
Y-HexNAc1dHex1-B,BY,419.2155317,63432
Y-Hex1HexNAc1-B,BY,449.2260963,63432
Y-Hex1HexNAc1-B,BY,449.2260963,63432
Y-HexNAc1dHex1,Y,451.2417464,63432
YY-HexNAc2,YY,508.2632101,63432
Hex1NeuAc1-B,B,579.2890905,63432
Hex1HexNAc1dHex1-B,B,637.3309553,63432
Y-HexNAc2dHex1,Y,696.3680691,63432
Hex1HexNAc1NeuAc1-B,B,824.4154133,63432
Y-Hex2HexNAc1dHex1-B,BY,827.4150789,63432
YY-Hex1HexNAc2dHex1,YY,886.4521927,63432
Y-Hex2HexNAc1NeuAc1-B,BY,1014.499537,63432
Y-Hex2HexNAc2dHex1-B,BY,1072.541402,63432
Y-Hex3HexNAc2dHex1-B,BY,1276.641175,63432
Y-Hex2HexNAc2NeuAc1dHex1-B,BY,1433.715068,63432
Y-Hex2HexNAc2NeuAc1dHex1-B,BY,1433.715068,63432
Y-Hex3HexNAc2NeuAc1-B,BY,1463.725633,63432
Y-Hex3HexNAc2NeuAc1-B,BY,1463.725633,63432
Hex3HexNAc2NeuAc1dHex1-B,B,1651.830492,63432
YY-Hex3HexNAc3dHex2,YY,1713.867272,63432
Y-Hex4HexNAc2NeuAc1dHex1-B,BY,1841.914616,63432
YY-Hex3HexNAc3NeuAc1dHex1,YY,1900.95173,63432
YY-Hex3HexNAc4dHex2,YY,1958.993594,63432
Y-Hex4HexNAc3NeuAc1dHex1-B,BY,2087.040938,63432
YY-Hex4HexNAc4dHex2,YY,2163.093368,63432
YY-Hex3HexNAc4NeuAc1dHex2,YY,2320.167261,63432
YY-Hex4HexNAc4NeuAc1dHex1,YY,2350.177826,63432
YY-Hex4HexNAc4NeuAc1dHex1,YY,2350.177826,63432
Y-Hex4HexNAc4NeuAc1dHex2,Y,2538.282685,63432
YY-Hex5HexNAc4dHex3,YY,2541.28235,63432
Y-Hex6HexNAc3NeuAc1dHex2-B,BY,2669.329695,63432
YY-Hex5HexNAc4NeuAc1dHex2,YY,2728.366808,63432
YY-Hex5HexNAc4NeuAc1dHex2,YY,2728.366808,63432
YY-Hex5HexNAc5dHex3,YY,2786.408673,63432
YY-Hex5HexNAc5dHex3,YY,2786.408673,63432
Y-Hex6HexNAc3NeuAc2dHex1-B,BY,2856.414153,63432
Y-Hex6HexNAc4NeuAc1dHex2-B,BY,2914.456017,63432
Y-Hex6HexNAc4NeuAc1dHex2-B,BY,2914.456017,63432
YY-Hex5HexNAc4NeuAc2dHex1,YY,2915.451266,63432
YY-Hex5HexNAc5NeuAc1dHex2,YY,2973.493131,63432
YY-Hex5HexNAc5NeuAc1dHex2,YY,2973.493131,63432
YY-Hex6HexNAc5dHex3,YY,2990.508447,63432
YY-Hex5HexNAc6dHex3,YY,3031.534996,63432
Y-Hex6HexNAc4NeuAc2dHex1-B,BY,3101.540475,63432
Y-Hex7HexNAc4NeuAc1dHex2-B,BY,3118.555791,63432
YY-Hex5HexNAc5NeuAc1dHex3,YY,3147.58234,63432
YY-Hex5HexNAc5NeuAc1dHex3,YY,3147.58234,63432
Y-Hex6HexNAc5NeuAc1dHex2-B,BY,3159.58234,63432
YY-Hex6HexNAc5NeuAc1dHex2,YY,3177.592905,63432
YY-Hex6HexNAc5NeuAc1dHex2,YY,3177.592905,63432
YY-Hex6HexNAc5NeuAc1dHex2,YY,3177.592905,63432
YY-Hex6HexNAc5NeuAc1dHex2,YY,3177.592905,63432
YY-Hex6HexNAc5NeuAc1dHex2,YY,3177.592905,63432
YY-Hex6HexNAc6dHex3,YY,3235.63477,63432
Y-Hex6HexNAc4NeuAc2dHex2-B,BY,3275.629684,63432
Y-Hex6HexNAc4NeuAc2dHex2-B,BY,3275.629684,63432
Y-Hex7HexNAc4NeuAc2dHex1-B,BY,3305.640249,63432
Y-Hex7HexNAc4NeuAc2dHex1-B,BY,3305.640249,63432
YY-Hex5HexNAc5NeuAc2dHex2,YY,3334.666798,63432
YY-Hex5HexNAc5NeuAc2dHex2,YY,3334.666798,63432
Y-Hex7HexNAc5NeuAc1dHex2-B,BY,3363.682114,63432
YY-Hex6HexNAc5NeuAc2dHex1,YY,3364.677363,63432
YY-Hex6HexNAc5NeuAc2dHex1,YY,3364.677363,63432
YY-Hex6HexNAc5NeuAc2dHex1,YY,3364.677363,63432
Y-Hex6HexNAc5NeuAc1dHex3,Y,3365.697764,63432
YY-Hex5HexNAc6NeuAc1dHex3,YY,3392.708663,63432
YY-Hex5HexNAc6NeuAc1dHex3,YY,3392.708663,63432
YY-Hex6HexNAc6NeuAc1dHex2,YY,3422.719227,63432
YY-Hex6HexNAc6NeuAc1dHex2,YY,3422.719227,63432
YY-Hex6HexNAc6NeuAc1dHex2,YY,3422.719227,63432
YY-Hex7HexNAc6dHex3,YY,3439.734543,63432
Hex7HexNAc4NeuAc2dHex2-B,B,3493.745108,63432
Y-Hex6HexNAc5NeuAc2dHex2-B,BY,3520.756007,63432
Y-Hex6HexNAc5NeuAc2dHex2-B,BY,3520.756007,63432
Y-Hex7HexNAc5NeuAc2dHex1-B,BY,3550.766572,63432
Y-Hex7HexNAc5NeuAc2dHex1-B,BY,3550.766572,63432
Y-Hex6HexNAc5NeuAc2dHex2,Y,3552.782222,63432
YY-Hex6HexNAc6NeuAc1dHex3,YY,3596.808436,63432
YY-Hex6HexNAc6NeuAc1dHex3,YY,3596.808436,63432
YY-Hex6HexNAc6NeuAc1dHex3,YY,3596.808436,63432
Y-Hex6HexNAc6NeuAc1dHex3,Y,3610.824086,63432
YY-Hex7HexNAc6NeuAc1dHex2,YY,3626.819001,63432
YY-Hex7HexNAc6NeuAc1dHex2,YY,3626.819001,63432
YY-Hex7HexNAc6NeuAc1dHex2,YY,3626.819001,63432
YY-Hex7HexNAc6NeuAc1dHex2,YY,3626.819001,63432
Hex7HexNAc5NeuAc2dHex2-B,B,3738.871431,63432
YY-Hex5HexNAc6NeuAc2dHex3,YY,3753.88233,63432
YY-Hex6HexNAc6NeuAc2dHex2,YY,3783.892894,63432
YY-Hex6HexNAc6NeuAc2dHex2,YY,3783.892894,63432
YY-Hex6HexNAc6NeuAc2dHex2,YY,3783.892894,63432
YY-Hex6HexNAc6NeuAc2dHex2,YY,3783.892894,63432
YY-Hex6HexNAc6NeuAc2dHex2,YY,3783.892894,63432
YY-Hex7HexNAc6NeuAc2dHex1,YY,3813.903459,63432
YY-Hex7HexNAc6NeuAc2dHex1,YY,3813.903459,63432
YY-Hex7HexNAc6NeuAc2dHex1,YY,3813.903459,63432
Y-Hex7HexNAc6NeuAc1dHex3,Y,3814.92386,63432
Y-Hex6HexNAc6NeuAc2dHex3,Y,3971.997753,63432
Y-Hex6HexNAc6NeuAc2dHex3,Y,3971.997753,63432
Y-Hex7HexNAc6NeuAc2dHex2,Y,4002.008318,63432
Y-Hex7HexNAc6NeuAc2dHex2,Y,4002.008318,63432
Y-Hex7HexNAc6NeuAc2dHex2,Y,4002.008318,63432
Hex7HexNAc6NeuAc2dHex3,NA,4190.113177,63432
dHex1-B,B,188.104859,63431
Y-Hex1-B,BY,204.0997736,63431
Hex1-B,B,218.1154237,63431
Y-HexNAc1-B,BY,245.1263227,63431
Y-HexNAc1-B,BY,245.1263227,63431
YY-HexNAc1,YY,263.1368874,63431
NeuAc1-B,B,375.1893169,63431
Y-HexNAc1dHex1-B,BY,419.2155317,63431
Y-Hex1HexNAc1-B,BY,449.2260963,63431
Y-Hex1HexNAc1-B,BY,449.2260963,63431
Y-HexNAc1dHex1,Y,451.2417464,63431
Hex1HexNAc1-B,B,463.2417464,63431
YY-HexNAc2,YY,508.2632101,63431
Hex1NeuAc1-B,B,579.2890905,63431
Hex1HexNAc1dHex1-B,B,637.3309553,63431
Y-Hex2HexNAc1-B,BY,653.32587,63431
Y-HexNAc2dHex1,Y,696.3680691,63431
Hex1HexNAc1NeuAc1-B,B,824.4154133,63431
Y-Hex2HexNAc1dHex1-B,BY,827.4150789,63431
YY-Hex1HexNAc2dHex1,YY,886.4521927,63431
Y-Hex2HexNAc1NeuAc1-B,BY,1014.499537,63431
Y-Hex2HexNAc2dHex1-B,BY,1072.541402,63431
Y-Hex2HexNAc2dHex1-B,BY,1072.541402,63431
Y-Hex3HexNAc2-B,BY,1102.551966,63431
Y-Hex3HexNAc2dHex1-B,BY,1276.641175,63431
Hex3HexNAc2dHex1-B,B,1290.656825,63431
Y-Hex2HexNAc2NeuAc1dHex1-B,BY,1433.715068,63431
Y-Hex3HexNAc2NeuAc1-B,BY,1463.725633,63431
Y-Hex4HexNAc2dHex1-B,BY,1480.740949,63431
YY-Hex3HexNAc3dHex1,YY,1539.778063,63431
Hex3HexNAc2NeuAc1dHex1-B,B,1651.830492,63431
YY-Hex3HexNAc3dHex2,YY,1713.867272,63431
Y-Hex4HexNAc3dHex1-B,BY,1725.867272,63431
Y-Hex4HexNAc2NeuAc1dHex1-B,BY,1841.914616,63431
YY-Hex3HexNAc3NeuAc1dHex1,YY,1900.95173,63431
YY-Hex3HexNAc4dHex2,YY,1958.993594,63431
YY-Hex3HexNAc4dHex2,YY,1958.993594,63431
YY-Hex4HexNAc4dHex1,YY,1989.004159,63431
YY-Hex4HexNAc4dHex1,YY,1989.004159,63431
Y-Hex4HexNAc3NeuAc1dHex1-B,BY,2087.040938,63431
YY-Hex4HexNAc4dHex2,YY,2163.093368,63431
Y-Hex4HexNAc4dHex2,Y,2177.109018,63431
Y-Hex6HexNAc3dHex2-B,BY,2308.156028,63431
YY-Hex3HexNAc4NeuAc1dHex2,YY,2320.167261,63431
YY-Hex4HexNAc4NeuAc1dHex1,YY,2350.177826,63431
YY-Hex4HexNAc4NeuAc1dHex1,YY,2350.177826,63431
YY-Hex5HexNAc4dHex2,YY,2367.193142,63431
YY-Hex5HexNAc4dHex2,YY,2367.193142,63431
Y-Hex6HexNAc3NeuAc1dHex1-B,BY,2495.240486,63431
Y-Hex6HexNAc3NeuAc1dHex1-B,BY,2495.240486,63431
Y-Hex4HexNAc4NeuAc1dHex2,Y,2538.282685,63431
YY-Hex5HexNAc4dHex3,YY,2541.28235,63431
Y-Hex6HexNAc4dHex2-B,BY,2553.28235,63431
Y-Hex6HexNAc4dHex2-B,BY,2553.28235,63431
YY-Hex5HexNAc4NeuAc1dHex1,YY,2554.277599,63431
YY-Hex5HexNAc5dHex2,YY,2612.319464,63431
YY-Hex5HexNAc5dHex2,YY,2612.319464,63431
Y-Hex6HexNAc3NeuAc1dHex2-B,BY,2669.329695,63431
YY-Hex5HexNAc4NeuAc1dHex2,YY,2728.366808,63431
YY-Hex5HexNAc4NeuAc1dHex2,YY,2728.366808,63431
Y-Hex6HexNAc4NeuAc1dHex1-B,BY,2740.366808,63431
Y-Hex6HexNAc4NeuAc1dHex1-B,BY,2740.366808,63431
Y-Hex7HexNAc4dHex2-B,BY,2757.382124,63431
YY-Hex5HexNAc5dHex3,YY,2786.408673,63431
YY-Hex5HexNAc5dHex3,YY,2786.408673,63431
YY-Hex5HexNAc5dHex3,YY,2786.408673,63431
YY-Hex5HexNAc5dHex3,YY,2786.408673,63431
Y-Hex6HexNAc5dHex2-B,BY,2798.408673,63431
YY-Hex6HexNAc5dHex2,YY,2816.419238,63431
YY-Hex6HexNAc5dHex2,YY,2816.419238,63431
YY-Hex6HexNAc5dHex2,YY,2816.419238,63431
YY-Hex6HexNAc5dHex2,YY,2816.419238,63431
YY-Hex6HexNAc5dHex2,YY,2816.419238,63431
Y-Hex6HexNAc4NeuAc1dHex2-B,BY,2914.456017,63431
Y-Hex6HexNAc4NeuAc1dHex2-B,BY,2914.456017,63431
Y-Hex6HexNAc4NeuAc1dHex2-B,BY,2914.456017,63431
Y-Hex6HexNAc4NeuAc1dHex2-B,BY,2914.456017,63431
Y-Hex7HexNAc4NeuAc1dHex1-B,BY,2944.466582,63431
Y-Hex7HexNAc4NeuAc1dHex1-B,BY,2944.466582,63431
YY-Hex5HexNAc5NeuAc1dHex2,YY,2973.493131,63431
YY-Hex5HexNAc5NeuAc1dHex2,YY,2973.493131,63431
YY-Hex5HexNAc5NeuAc1dHex2,YY,2973.493131,63431
YY-Hex5HexNAc5NeuAc1dHex2,YY,2973.493131,63431
YY-Hex6HexNAc5dHex3,YY,2990.508447,63431
Y-Hex7HexNAc5dHex2-B,BY,3002.508447,63431
YY-Hex6HexNAc5NeuAc1dHex1,YY,3003.503696,63431
YY-Hex6HexNAc5NeuAc1dHex1,YY,3003.503696,63431
YY-Hex6HexNAc5NeuAc1dHex1,YY,3003.503696,63431
YY-Hex6HexNAc5NeuAc1dHex1,YY,3003.503696,63431
Y-Hex6HexNAc5dHex3,Y,3004.524097,63431
YY-Hex5HexNAc6dHex3,YY,3031.534996,63431
YY-Hex5HexNAc6dHex3,YY,3031.534996,63431
YY-Hex5HexNAc6dHex3,YY,3031.534996,63431
YY-Hex6HexNAc6dHex2,YY,3061.545561,63431
YY-Hex6HexNAc6dHex2,YY,3061.545561,63431
YY-Hex6HexNAc6dHex2,YY,3061.545561,63431
Hex7HexNAc4NeuAc1dHex2-B,B,3132.571441,63431
YY-Hex5HexNAc5NeuAc1dHex3,YY,3147.58234,63431
YY-Hex5HexNAc5NeuAc1dHex3,YY,3147.58234,63431
Y-Hex6HexNAc5NeuAc1dHex2-B,BY,3159.58234,63431
Y-Hex6HexNAc5NeuAc1dHex2-B,BY,3159.58234,63431
Y-Hex6HexNAc5NeuAc1dHex2-B,BY,3159.58234,63431
YY-Hex6HexNAc5NeuAc1dHex2,YY,3177.592905,63431
YY-Hex6HexNAc5NeuAc1dHex2,YY,3177.592905,63431
YY-Hex6HexNAc5NeuAc1dHex2,YY,3177.592905,63431
Y-Hex7HexNAc5NeuAc1dHex1-B,BY,3189.592905,63431
Y-Hex7HexNAc5NeuAc1dHex1-B,BY,3189.592905,63431
Y-Hex6HexNAc5NeuAc1dHex2,Y,3191.608555,63431
Y-Hex6HexNAc5NeuAc1dHex2,Y,3191.608555,63431
YY-Hex6HexNAc6dHex3,YY,3235.63477,63431
YY-Hex6HexNAc6dHex3,YY,3235.63477,63431
YY-Hex6HexNAc6dHex3,YY,3235.63477,63431
Y-Hex6HexNAc6dHex3,Y,3249.65042,63431
YY-Hex7HexNAc6dHex2,YY,3265.645334,63431
YY-Hex7HexNAc6dHex2,YY,3265.645334,63431
YY-Hex7HexNAc6dHex2,YY,3265.645334,63431
Y-Hex6HexNAc5NeuAc1dHex3,Y,3365.697764,63431
Hex7HexNAc5NeuAc1dHex2-B,B,3377.697764,63431
YY-Hex5HexNAc6NeuAc1dHex3,YY,3392.708663,63431
YY-Hex5HexNAc6NeuAc1dHex3,YY,3392.708663,63431
YY-Hex5HexNAc6NeuAc1dHex3,YY,3392.708663,63431
YY-Hex6HexNAc6NeuAc1dHex2,YY,3422.719227,63431
YY-Hex6HexNAc6NeuAc1dHex2,YY,3422.719227,63431
YY-Hex6HexNAc6NeuAc1dHex2,YY,3422.719227,63431
YY-Hex6HexNAc6NeuAc1dHex2,YY,3422.719227,63431
YY-Hex6HexNAc6NeuAc1dHex2,YY,3422.719227,63431
YY-Hex6HexNAc6NeuAc1dHex2,YY,3422.719227,63431
YY-Hex6HexNAc6NeuAc1dHex2,YY,3422.719227,63431
YY-Hex6HexNAc6NeuAc1dHex2,YY,3422.719227,63431
YY-Hex6HexNAc6NeuAc1dHex2,YY,3422.719227,63431
YY-Hex7HexNAc6NeuAc1dHex1,YY,3452.729792,63431
YY-Hex7HexNAc6NeuAc1dHex1,YY,3452.729792,63431
YY-Hex7HexNAc6NeuAc1dHex1,YY,3452.729792,63431
Y-Hex7HexNAc6dHex3,Y,3453.750193,63431
Y-Hex6HexNAc6NeuAc1dHex3,Y,3610.824086,63431
Y-Hex6HexNAc6NeuAc1dHex3,Y,3610.824086,63431
Y-Hex6HexNAc6NeuAc1dHex3,Y,3610.824086,63431
Y-Hex7HexNAc6NeuAc1dHex2,Y,3640.834651,63431
Y-Hex7HexNAc6NeuAc1dHex2,Y,3640.834651,63431
Y-Hex7HexNAc6NeuAc1dHex2,Y,3640.834651,63431
Hex7HexNAc6NeuAc1dHex3,NA,3828.93951,63431
dHex1-B,B,188.104859,63430
Hex1-B,B,218.1154237,63430
Y-HexNAc1-B,BY,245.1263227,63430
Y-HexNAc1-B,BY,245.1263227,63430
YY-HexNAc1,YY,263.1368874,63430
Y-HexNAc1dHex1-B,BY,419.2155317,63430
Y-Hex1HexNAc1-B,BY,449.2260963,63430
Y-HexNAc1dHex1,Y,451.2417464,63430
Hex1HexNAc1-B,B,463.2417464,63430
YY-HexNAc2,YY,508.2632101,63430
Hex1HexNAc1dHex1-B,B,637.3309553,63430
Y-Hex2HexNAc1-B,BY,653.32587,63430
Y-HexNAc2dHex1,Y,696.3680691,63430
Y-Hex2HexNAc1dHex1-B,BY,827.4150789,63430
YY-Hex1HexNAc2dHex1,YY,886.4521927,63430
Y-Hex2HexNAc2dHex1-B,BY,1072.541402,63430
Y-Hex2HexNAc2dHex1-B,BY,1072.541402,63430
Y-Hex3HexNAc2-B,BY,1102.551966,63430
Hex3HexNAc2dHex1-B,B,1290.656825,63430
Y-Hex4HexNAc2dHex1-B,BY,1480.740949,63430
YY-Hex3HexNAc3dHex1,YY,1539.778063,63430
YY-Hex3HexNAc3dHex2,YY,1713.867272,63430
Y-Hex4HexNAc3dHex1-B,BY,1725.867272,63430
YY-Hex3HexNAc4dHex2,YY,1958.993594,63430
YY-Hex3HexNAc4dHex2,YY,1958.993594,63430
YY-Hex4HexNAc4dHex1,YY,1989.004159,63430
YY-Hex4HexNAc4dHex1,YY,1989.004159,63430
Y-Hex6HexNAc3dHex1-B,BY,2134.066819,63430
Y-Hex4HexNAc4dHex2,Y,2177.109018,63430
YY-Hex5HexNAc4dHex1,YY,2193.103933,63430
Y-Hex6HexNAc3dHex2-B,BY,2308.156028,63430
Y-Hex6HexNAc3dHex2-B,BY,2308.156028,63430
YY-Hex5HexNAc4dHex2,YY,2367.193142,63430
YY-Hex5HexNAc4dHex2,YY,2367.193142,63430
Y-Hex6HexNAc4dHex1-B,BY,2379.193142,63430
YY-Hex5HexNAc4dHex3,YY,2541.28235,63430
Y-Hex6HexNAc4dHex2-B,BY,2553.28235,63430
Y-Hex6HexNAc4dHex2-B,BY,2553.28235,63430
Y-Hex6HexNAc4dHex2-B,BY,2553.28235,63430
Y-Hex6HexNAc4dHex2-B,BY,2553.28235,63430
Y-Hex7HexNAc4dHex1-B,BY,2583.292915,63430
YY-Hex5HexNAc5dHex2,YY,2612.319464,63430
YY-Hex5HexNAc5dHex2,YY,2612.319464,63430
YY-Hex5HexNAc5dHex2,YY,2612.319464,63430
YY-Hex6HexNAc5dHex1,YY,2642.330029,63430
YY-Hex6HexNAc5dHex1,YY,2642.330029,63430
Hex7HexNAc4dHex2-B,B,2771.397774,63430
YY-Hex5HexNAc5dHex3,YY,2786.408673,63430
YY-Hex5HexNAc5dHex3,YY,2786.408673,63430
YY-Hex5HexNAc5dHex3,YY,2786.408673,63430
YY-Hex5HexNAc5dHex3,YY,2786.408673,63430
YY-Hex5HexNAc5dHex3,YY,2786.408673,63430
Y-Hex6HexNAc5dHex2-B,BY,2798.408673,63430
Y-Hex6HexNAc5dHex2-B,BY,2798.408673,63430
YY-Hex6HexNAc5dHex2,YY,2816.419238,63430
YY-Hex6HexNAc5dHex2,YY,2816.419238,63430
YY-Hex6HexNAc5dHex2,YY,2816.419238,63430
YY-Hex6HexNAc5dHex2,YY,2816.419238,63430
YY-Hex6HexNAc5dHex2,YY,2816.419238,63430
Y-Hex7HexNAc5dHex1-B,BY,2828.419238,63430
Y-Hex6HexNAc5dHex2,Y,2830.434888,63430
Y-Hex6HexNAc5dHex3,Y,3004.524097,63430
Y-Hex6HexNAc5dHex3,Y,3004.524097,63430
Hex7HexNAc5dHex2-B,B,3016.524097,63430
YY-Hex5HexNAc6dHex3,YY,3031.534996,63430
YY-Hex5HexNAc6dHex3,YY,3031.534996,63430
YY-Hex5HexNAc6dHex3,YY,3031.534996,63430
YY-Hex5HexNAc6dHex3,YY,3031.534996,63430
YY-Hex6HexNAc6dHex2,YY,3061.545561,63430
YY-Hex6HexNAc6dHex2,YY,3061.545561,63430
YY-Hex6HexNAc6dHex2,YY,3061.545561,63430
YY-Hex6HexNAc6dHex2,YY,3061.545561,63430
YY-Hex6HexNAc6dHex2,YY,3061.545561,63430
YY-Hex6HexNAc6dHex2,YY,3061.545561,63430
YY-Hex7HexNAc6dHex1,YY,3091.556125,63430
YY-Hex7HexNAc6dHex1,YY,3091.556125,63430
Y-Hex6HexNAc6dHex3,Y,3249.65042,63430
Y-Hex6HexNAc6dHex3,Y,3249.65042,63430
Y-Hex7HexNAc6dHex2,Y,3279.660984,63430
Y-Hex7HexNAc6dHex2,Y,3279.660984,63430
Hex7HexNAc6dHex3,NA,3467.765843,63430
dHex1-B,B,188.104859,63424
Y-Hex1-B,BY,204.0997736,63424
Y-HexNAc1-B,BY,245.1263227,63424
Y-HexNAc1-B,BY,245.1263227,63424
YY-HexNAc1,YY,263.1368874,63424
NeuAc1-B,B,375.1893169,63424
Y-HexNAc1dHex1-B,BY,419.2155317,63424
Y-Hex1HexNAc1-B,BY,449.2260963,63424
Y-HexNAc1dHex1,Y,451.2417464,63424
YY-HexNAc2,YY,508.2632101,63424
Hex1NeuAc1-B,B,579.2890905,63424
Y-Hex1HexNAc1dHex1-B,BY,623.3153053,63424
Y-HexNAc2dHex1,Y,696.3680691,63424
Y-Hex1HexNAc1NeuAc1-B,BY,810.3997632,63424
Hex1HexNAc1NeuAc1-B,B,824.4154133,63424
YY-Hex1HexNAc2dHex1,YY,886.4521927,63424
Hex1HexNAc1NeuAc1dHex1-B,B,998.5046222,63424
Y-Hex2HexNAc1NeuAc1-B,BY,1014.499537,63424
Y-Hex2HexNAc1NeuAc1dHex1-B,BY,1188.588746,63424
Y-Hex2HexNAc2NeuAc1-B,BY,1259.62586,63424
Y-Hex2HexNAc2NeuAc1-B,BY,1259.62586,63424
Y-Hex2HexNAc2NeuAc1dHex1-B,BY,1433.715068,63424
Y-Hex2HexNAc2NeuAc1dHex1-B,BY,1433.715068,63424
Y-Hex3HexNAc2NeuAc1-B,BY,1463.725633,63424
Y-Hex3HexNAc2NeuAc1dHex1-B,BY,1637.814842,63424
Y-Hex3HexNAc2NeuAc1dHex1-B,BY,1637.814842,63424
Y-Hex3HexNAc2NeuAc2-B,BY,1824.8993,63424
Hex3HexNAc2NeuAc2-B,B,1838.91495,63424
YY-Hex3HexNAc3NeuAc1dHex1,YY,1900.95173,63424
Hex3HexNAc2NeuAc2dHex1-B,B,2013.004159,63424
Y-Hex4HexNAc2NeuAc2-B,BY,2028.999074,63424
YY-Hex3HexNAc3NeuAc1dHex2,YY,2075.040938,63424
YY-Hex3HexNAc4NeuAc1dHex1,YY,2146.078052,63424
YY-Hex3HexNAc4NeuAc1dHex1,YY,2146.078052,63424
Y-Hex4HexNAc2NeuAc2dHex1-B,BY,2203.088283,63424
Y-Hex4HexNAc3NeuAc2-B,BY,2274.125396,63424
YY-Hex3HexNAc4NeuAc1dHex2,YY,2320.167261,63424
YY-Hex3HexNAc4NeuAc1dHex2,YY,2320.167261,63424
YY-Hex4HexNAc4NeuAc1dHex1,YY,2350.177826,63424
Y-Hex4HexNAc3NeuAc2dHex1-B,BY,2448.214605,63424
YY-Hex4HexNAc4NeuAc1dHex2,YY,2524.267035,63424
YY-Hex4HexNAc4NeuAc1dHex2,YY,2524.267035,63424
YY-Hex4HexNAc4NeuAc2,YY,2537.262284,63424
YY-Hex4HexNAc4NeuAc2dHex1,YY,2711.351493,63424
YY-Hex4HexNAc4NeuAc2dHex1,YY,2711.351493,63424
Y-Hex4HexNAc4NeuAc2dHex1,Y,2725.367143,63424
Y-Hex4HexNAc4NeuAc2dHex2,Y,2899.456352,63424
YY-Hex5HexNAc4NeuAc2dHex1,YY,2915.451266,63424
YY-Hex5HexNAc4NeuAc2dHex1,YY,2915.451266,63424
Y-Hex6HexNAc3NeuAc3-B,BY,3043.49861,63424
YY-Hex5HexNAc4NeuAc2dHex2,YY,3089.540475,63424
YY-Hex5HexNAc4NeuAc2dHex2,YY,3089.540475,63424
YY-Hex5HexNAc5NeuAc2dHex1,YY,3160.577589,63424
YY-Hex5HexNAc5NeuAc2dHex1,YY,3160.577589,63424
Y-Hex6HexNAc3NeuAc3dHex1-B,BY,3217.587819,63424
Y-Hex6HexNAc3NeuAc3dHex1-B,BY,3217.587819,63424
Y-Hex6HexNAc4NeuAc3-B,BY,3288.624933,63424
YY-Hex5HexNAc5NeuAc2dHex2,YY,3334.666798,63424
YY-Hex5HexNAc5NeuAc2dHex2,YY,3334.666798,63424
YY-Hex5HexNAc5NeuAc2dHex2,YY,3334.666798,63424
YY-Hex5HexNAc5NeuAc2dHex2,YY,3334.666798,63424
YY-Hex5HexNAc5NeuAc2dHex2,YY,3334.666798,63424
YY-Hex6HexNAc5NeuAc2dHex1,YY,3364.677363,63424
YY-Hex6HexNAc5NeuAc2dHex1,YY,3364.677363,63424
YY-Hex6HexNAc5NeuAc2dHex1,YY,3364.677363,63424
Y-Hex6HexNAc4NeuAc3dHex1-B,BY,3462.714142,63424
Y-Hex6HexNAc4NeuAc3dHex1-B,BY,3462.714142,63424
Y-Hex6HexNAc4NeuAc3dHex1-B,BY,3462.714142,63424
Y-Hex6HexNAc4NeuAc3dHex1-B,BY,3462.714142,63424
Y-Hex6HexNAc4NeuAc3dHex1-B,BY,3462.714142,63424
Y-Hex6HexNAc4NeuAc3dHex1-B,BY,3462.714142,63424
YY-Hex6HexNAc5NeuAc2dHex2,YY,3538.766572,63424
YY-Hex6HexNAc5NeuAc2dHex2,YY,3538.766572,63424
YY-Hex6HexNAc5NeuAc2dHex2,YY,3538.766572,63424
YY-Hex6HexNAc5NeuAc2dHex2,YY,3538.766572,63424
YY-Hex6HexNAc5NeuAc2dHex2,YY,3538.766572,63424
YY-Hex6HexNAc5NeuAc3,YY,3551.761821,63424
YY-Hex5HexNAc6NeuAc2dHex2,YY,3579.793121,63424
YY-Hex5HexNAc6NeuAc2dHex2,YY,3579.793121,63424
YY-Hex5HexNAc6NeuAc2dHex2,YY,3579.793121,63424
YY-Hex5HexNAc6NeuAc2dHex2,YY,3579.793121,63424
Y-Hex7HexNAc4NeuAc3dHex1-B,BY,3666.813916,63424
Y-Hex7HexNAc4NeuAc3dHex1-B,BY,3666.813916,63424
Y-Hex7HexNAc4NeuAc3dHex1-B,BY,3666.813916,63424
Y-Hex6HexNAc5NeuAc3dHex1-B,BY,3707.840465,63424
Y-Hex6HexNAc5NeuAc3dHex1-B,BY,3707.840465,63424
Y-Hex6HexNAc5NeuAc3dHex1-B,BY,3707.840465,63424
Y-Hex6HexNAc5NeuAc3dHex1-B,BY,3707.840465,63424
YY-Hex6HexNAc5NeuAc3dHex1,YY,3725.85103,63424
YY-Hex6HexNAc5NeuAc3dHex1,YY,3725.85103,63424
YY-Hex6HexNAc5NeuAc3dHex1,YY,3725.85103,63424
YY-Hex6HexNAc5NeuAc3dHex1,YY,3725.85103,63424
Y-Hex6HexNAc5NeuAc3dHex1,Y,3739.86668,63424
YY-Hex6HexNAc6NeuAc2dHex2,YY,3783.892894,63424
YY-Hex6HexNAc6NeuAc2dHex2,YY,3783.892894,63424
YY-Hex6HexNAc6NeuAc2dHex2,YY,3783.892894,63424
YY-Hex6HexNAc6NeuAc2dHex2,YY,3783.892894,63424
YY-Hex6HexNAc6NeuAc2dHex2,YY,3783.892894,63424
YY-Hex6HexNAc6NeuAc2dHex2,YY,3783.892894,63424
YY-Hex6HexNAc6NeuAc2dHex2,YY,3783.892894,63424
YY-Hex6HexNAc6NeuAc2dHex2,YY,3783.892894,63424
Y-Hex7HexNAc4NeuAc4-B,BY,3853.898374,63424
Y-Hex7HexNAc5NeuAc3dHex1-B,BY,3911.940238,63424
Y-Hex7HexNAc5NeuAc3dHex1-B,BY,3911.940238,63424
Y-Hex7HexNAc5NeuAc3dHex1-B,BY,3911.940238,63424
Y-Hex7HexNAc5NeuAc3dHex1-B,BY,3911.940238,63424
Y-Hex6HexNAc5NeuAc3dHex2,Y,3913.955889,63424
Y-Hex6HexNAc5NeuAc3dHex2,Y,3913.955889,63424
YY-Hex6HexNAc6NeuAc3dHex1,YY,3970.977352,63424
YY-Hex6HexNAc6NeuAc3dHex1,YY,3970.977352,63424
YY-Hex6HexNAc6NeuAc3dHex1,YY,3970.977352,63424
YY-Hex6HexNAc6NeuAc3dHex1,YY,3970.977352,63424
YY-Hex6HexNAc6NeuAc3dHex1,YY,3970.977352,63424
YY-Hex6HexNAc6NeuAc3dHex1,YY,3970.977352,63424
YY-Hex6HexNAc6NeuAc3dHex1,YY,3970.977352,63424
YY-Hex7HexNAc6NeuAc2dHex2,YY,3987.992668,63424
YY-Hex7HexNAc6NeuAc2dHex2,YY,3987.992668,63424
YY-Hex7HexNAc6NeuAc2dHex2,YY,3987.992668,63424
YY-Hex7HexNAc6NeuAc2dHex2,YY,3987.992668,63424
Hex7HexNAc4NeuAc4dHex1-B,B,4042.003233,63424
Y-Hex7HexNAc5NeuAc4-B,BY,4099.024696,63424
Y-Hex6HexNAc6NeuAc3dHex2,Y,4159.082211,63424
Y-Hex6HexNAc6NeuAc3dHex2,Y,4159.082211,63424
Y-Hex6HexNAc6NeuAc3dHex2,Y,4159.082211,63424
Y-Hex6HexNAc6NeuAc3dHex2,Y,4159.082211,63424
YY-Hex7HexNAc6NeuAc3dHex1,YY,4175.077126,63424
YY-Hex7HexNAc6NeuAc3dHex1,YY,4175.077126,63424
YY-Hex7HexNAc6NeuAc3dHex1,YY,4175.077126,63424
YY-Hex7HexNAc6NeuAc3dHex1,YY,4175.077126,63424
YY-Hex7HexNAc6NeuAc3dHex1,YY,4175.077126,63424
YY-Hex7HexNAc6NeuAc3dHex1,YY,4175.077126,63424
Hex7HexNAc5NeuAc4dHex1-B,B,4287.129555,63424
YY-Hex7HexNAc6NeuAc4,YY,4362.161584,63424
Y-Hex7HexNAc6NeuAc3dHex2,Y,4363.181985,63424
Y-Hex7HexNAc6NeuAc3dHex2,Y,4363.181985,63424
Y-Hex7HexNAc6NeuAc3dHex2,Y,4363.181985,63424
Y-Hex7HexNAc6NeuAc4dHex1,Y,4550.266443,63424
Y-Hex7HexNAc6NeuAc4dHex1,Y,4550.266443,63424
Hex7HexNAc6NeuAc4dHex2,NA,4738.371302,63424
dHex1-B,B,188.104859,63423
Y-Hex1-B,BY,204.0997736,63423
Hex1-B,B,218.1154237,63423
Y-HexNAc1-B,BY,245.1263227,63423
Y-HexNAc1-B,BY,245.1263227,63423
YY-HexNAc1,YY,263.1368874,63423
NeuAc1-B,B,375.1893169,63423
Y-HexNAc1dHex1-B,BY,419.2155317,63423
Y-Hex1HexNAc1-B,BY,449.2260963,63423
Y-HexNAc1dHex1,Y,451.2417464,63423
Hex1HexNAc1-B,B,463.2417464,63423
YY-HexNAc2,YY,508.2632101,63423
Hex1NeuAc1-B,B,579.2890905,63423
Y-Hex1HexNAc1dHex1-B,BY,623.3153053,63423
Y-Hex2HexNAc1-B,BY,653.32587,63423
Y-HexNAc2dHex1,Y,696.3680691,63423
Y-Hex1HexNAc1NeuAc1-B,BY,810.3997632,63423
Hex1HexNAc1NeuAc1-B,B,824.4154133,63423
YY-Hex1HexNAc2dHex1,YY,886.4521927,63423
Y-Hex2HexNAc2-B,BY,898.4521927,63423
Hex1HexNAc1NeuAc1dHex1-B,B,998.5046222,63423
Y-Hex2HexNAc1NeuAc1-B,BY,1014.499537,63423
Y-Hex3HexNAc2-B,BY,1102.551966,63423
Y-Hex2HexNAc1NeuAc1dHex1-B,BY,1188.588746,63423
Y-Hex2HexNAc2NeuAc1-B,BY,1259.62586,63423
Y-Hex2HexNAc2NeuAc1dHex1-B,BY,1433.715068,63423
Y-Hex2HexNAc2NeuAc1dHex1-B,BY,1433.715068,63423
Hex3HexNAc2NeuAc1-B,B,1477.741283,63423
YY-Hex3HexNAc3dHex1,YY,1539.778063,63423
Y-Hex3HexNAc2NeuAc1dHex1-B,BY,1637.814842,63423
Y-Hex3HexNAc2NeuAc1dHex1-B,BY,1637.814842,63423
Y-Hex4HexNAc2NeuAc1-B,BY,1667.825407,63423
YY-Hex3HexNAc4dHex1,YY,1784.904385,63423
Y-Hex3HexNAc2NeuAc2-B,BY,1824.8993,63423
YY-Hex3HexNAc3NeuAc1dHex1,YY,1900.95173,63423
Y-Hex4HexNAc3NeuAc1-B,BY,1912.95173,63423
YY-Hex4HexNAc4dHex1,YY,1989.004159,63423
Hex3HexNAc2NeuAc2dHex1-B,B,2013.004159,63423
YY-Hex3HexNAc3NeuAc1dHex2,YY,2075.040938,63423
YY-Hex3HexNAc4NeuAc1dHex1,YY,2146.078052,63423
YY-Hex4HexNAc4NeuAc1,YY,2176.088617,63423
Y-Hex4HexNAc2NeuAc2dHex1-B,BY,2203.088283,63423
YY-Hex3HexNAc4NeuAc1dHex2,YY,2320.167261,63423
YY-Hex3HexNAc4NeuAc1dHex2,YY,2320.167261,63423
Y-Hex4HexNAc4NeuAc1dHex1,Y,2364.193476,63423
Y-Hex4HexNAc3NeuAc2dHex1-B,BY,2448.214605,63423
YY-Hex4HexNAc4NeuAc1dHex2,YY,2524.267035,63423
YY-Hex4HexNAc4NeuAc1dHex2,YY,2524.267035,63423
YY-Hex5HexNAc4NeuAc1dHex1,YY,2554.277599,63423
YY-Hex5HexNAc4NeuAc1dHex1,YY,2554.277599,63423
Y-Hex6HexNAc3NeuAc2-B,BY,2682.324944,63423
YY-Hex4HexNAc4NeuAc2dHex1,YY,2711.351493,63423
YY-Hex4HexNAc4NeuAc2dHex1,YY,2711.351493,63423
YY-Hex5HexNAc4NeuAc1dHex2,YY,2728.366808,63423
YY-Hex5HexNAc5NeuAc1dHex1,YY,2799.403922,63423
YY-Hex5HexNAc5NeuAc1dHex1,YY,2799.403922,63423
Y-Hex6HexNAc3NeuAc2dHex1-B,BY,2856.414153,63423
Y-Hex6HexNAc3NeuAc2dHex1-B,BY,2856.414153,63423
Y-Hex4HexNAc4NeuAc2dHex2,Y,2899.456352,63423
YY-Hex5HexNAc4NeuAc2dHex1,YY,2915.451266,63423
Y-Hex6HexNAc4NeuAc2-B,BY,2927.451266,63423
YY-Hex5HexNAc5NeuAc1dHex2,YY,2973.493131,63423
YY-Hex5HexNAc5NeuAc1dHex2,YY,2973.493131,63423
YY-Hex5HexNAc5NeuAc1dHex2,YY,2973.493131,63423
YY-Hex5HexNAc5NeuAc1dHex2,YY,2973.493131,63423
YY-Hex6HexNAc5NeuAc1dHex1,YY,3003.503696,63423
YY-Hex6HexNAc5NeuAc1dHex1,YY,3003.503696,63423
YY-Hex5HexNAc4NeuAc2dHex2,YY,3089.540475,63423
YY-Hex5HexNAc4NeuAc2dHex2,YY,3089.540475,63423
Y-Hex6HexNAc4NeuAc2dHex1-B,BY,3101.540475,63423
Y-Hex6HexNAc4NeuAc2dHex1-B,BY,3101.540475,63423
Y-Hex6HexNAc4NeuAc2dHex1-B,BY,3101.540475,63423
Y-Hex6HexNAc4NeuAc2dHex1-B,BY,3101.540475,63423
Y-Hex6HexNAc4NeuAc2dHex1-B,BY,3101.540475,63423
YY-Hex5HexNAc5NeuAc2dHex1,YY,3160.577589,63423
YY-Hex6HexNAc5NeuAc1dHex2,YY,3177.592905,63423
YY-Hex6HexNAc5NeuAc1dHex2,YY,3177.592905,63423
YY-Hex6HexNAc5NeuAc1dHex2,YY,3177.592905,63423
YY-Hex6HexNAc5NeuAc1dHex2,YY,3177.592905,63423
YY-Hex6HexNAc5NeuAc2,YY,3190.588154,63423
Y-Hex6HexNAc3NeuAc3dHex1-B,BY,3217.587819,63423
YY-Hex5HexNAc6NeuAc1dHex2,YY,3218.619454,63423
YY-Hex5HexNAc6NeuAc1dHex2,YY,3218.619454,63423
YY-Hex5HexNAc6NeuAc1dHex2,YY,3218.619454,63423
Y-Hex7HexNAc4NeuAc2dHex1-B,BY,3305.640249,63423
Y-Hex7HexNAc4NeuAc2dHex1-B,BY,3305.640249,63423
Y-Hex7HexNAc4NeuAc2dHex1-B,BY,3305.640249,63423
YY-Hex5HexNAc5NeuAc2dHex2,YY,3334.666798,63423
YY-Hex5HexNAc5NeuAc2dHex2,YY,3334.666798,63423
YY-Hex5HexNAc5NeuAc2dHex2,YY,3334.666798,63423
YY-Hex5HexNAc5NeuAc2dHex2,YY,3334.666798,63423
Y-Hex6HexNAc5NeuAc2dHex1-B,BY,3346.666798,63423
Y-Hex6HexNAc5NeuAc2dHex1-B,BY,3346.666798,63423
Y-Hex6HexNAc5NeuAc2dHex1-B,BY,3346.666798,63423
YY-Hex6HexNAc5NeuAc2dHex1,YY,3364.677363,63423
YY-Hex6HexNAc5NeuAc2dHex1,YY,3364.677363,63423
YY-Hex6HexNAc5NeuAc2dHex1,YY,3364.677363,63423
YY-Hex6HexNAc5NeuAc2dHex1,YY,3364.677363,63423
Y-Hex6HexNAc5NeuAc2dHex1,Y,3378.693013,63423
YY-Hex6HexNAc6NeuAc1dHex2,YY,3422.719227,63423
YY-Hex6HexNAc6NeuAc1dHex2,YY,3422.719227,63423
YY-Hex6HexNAc6NeuAc1dHex2,YY,3422.719227,63423
YY-Hex6HexNAc6NeuAc1dHex2,YY,3422.719227,63423
YY-Hex6HexNAc6NeuAc1dHex2,YY,3422.719227,63423
YY-Hex6HexNAc6NeuAc1dHex2,YY,3422.719227,63423
Y-Hex6HexNAc4NeuAc3dHex1-B,BY,3462.714142,63423
Y-Hex6HexNAc4NeuAc3dHex1-B,BY,3462.714142,63423
Y-Hex7HexNAc4NeuAc3-B,BY,3492.724707,63423
YY-Hex6HexNAc5NeuAc2dHex2,YY,3538.766572,63423
YY-Hex6HexNAc5NeuAc2dHex2,YY,3538.766572,63423
YY-Hex6HexNAc5NeuAc2dHex2,YY,3538.766572,63423
Y-Hex7HexNAc5NeuAc2dHex1-B,BY,3550.766572,63423
Y-Hex7HexNAc5NeuAc2dHex1-B,BY,3550.766572,63423
Y-Hex7HexNAc5NeuAc2dHex1-B,BY,3550.766572,63423
Y-Hex6HexNAc5NeuAc2dHex2,Y,3552.782222,63423
Y-Hex6HexNAc5NeuAc2dHex2,Y,3552.782222,63423
YY-Hex5HexNAc6NeuAc2dHex2,YY,3579.793121,63423
YY-Hex5HexNAc6NeuAc2dHex2,YY,3579.793121,63423
YY-Hex5HexNAc6NeuAc2dHex2,YY,3579.793121,63423
YY-Hex6HexNAc6NeuAc2dHex1,YY,3609.803685,63423
YY-Hex6HexNAc6NeuAc2dHex1,YY,3609.803685,63423
YY-Hex6HexNAc6NeuAc2dHex1,YY,3609.803685,63423
YY-Hex6HexNAc6NeuAc2dHex1,YY,3609.803685,63423
YY-Hex6HexNAc6NeuAc2dHex1,YY,3609.803685,63423
YY-Hex6HexNAc6NeuAc2dHex1,YY,3609.803685,63423
YY-Hex7HexNAc6NeuAc1dHex2,YY,3626.819001,63423
YY-Hex7HexNAc6NeuAc1dHex2,YY,3626.819001,63423
YY-Hex7HexNAc6NeuAc1dHex2,YY,3626.819001,63423
Hex7HexNAc4NeuAc3dHex1-B,B,3680.829566,63423
Y-Hex6HexNAc5NeuAc3dHex1-B,BY,3707.840465,63423
YY-Hex6HexNAc5NeuAc3dHex1,YY,3725.85103,63423
YY-Hex6HexNAc5NeuAc3dHex1,YY,3725.85103,63423
Y-Hex7HexNAc5NeuAc3-B,BY,3737.85103,63423
YY-Hex6HexNAc6NeuAc2dHex2,YY,3783.892894,63423
YY-Hex6HexNAc6NeuAc2dHex2,YY,3783.892894,63423
YY-Hex6HexNAc6NeuAc2dHex2,YY,3783.892894,63423
Y-Hex6HexNAc6NeuAc2dHex2,Y,3797.908544,63423
Y-Hex6HexNAc6NeuAc2dHex2,Y,3797.908544,63423
Y-Hex6HexNAc6NeuAc2dHex2,Y,3797.908544,63423
YY-Hex7HexNAc6NeuAc2dHex1,YY,3813.903459,63423
YY-Hex7HexNAc6NeuAc2dHex1,YY,3813.903459,63423
YY-Hex7HexNAc6NeuAc2dHex1,YY,3813.903459,63423
YY-Hex7HexNAc6NeuAc2dHex1,YY,3813.903459,63423
YY-Hex7HexNAc6NeuAc2dHex1,YY,3813.903459,63423
YY-Hex7HexNAc6NeuAc2dHex1,YY,3813.903459,63423
Y-Hex6HexNAc5NeuAc3dHex2,Y,3913.955889,63423
Hex7HexNAc5NeuAc3dHex1-B,B,3925.955889,63423
YY-Hex6HexNAc6NeuAc3dHex1,YY,3970.977352,63423
YY-Hex6HexNAc6NeuAc3dHex1,YY,3970.977352,63423
YY-Hex7HexNAc6NeuAc3,YY,4000.987917,63423
Y-Hex7HexNAc6NeuAc2dHex2,Y,4002.008318,63423
Y-Hex7HexNAc6NeuAc2dHex2,Y,4002.008318,63423
Y-Hex7HexNAc6NeuAc2dHex2,Y,4002.008318,63423
Y-Hex6HexNAc6NeuAc3dHex2,Y,4159.082211,63423
Y-Hex7HexNAc6NeuAc3dHex1,Y,4189.092776,63423
Y-Hex7HexNAc6NeuAc3dHex1,Y,4189.092776,63423
Hex7HexNAc6NeuAc3dHex2,NA,4377.197635,63423
dHex1-B,B,188.104859,63422
Y-Hex1-B,BY,204.0997736,63422
Hex1-B,B,218.1154237,63422
Y-HexNAc1-B,BY,245.1263227,63422
Y-HexNAc1-B,BY,245.1263227,63422
YY-HexNAc1,YY,263.1368874,63422
NeuAc1-B,B,375.1893169,63422
Y-HexNAc1dHex1-B,BY,419.2155317,63422
Y-Hex1HexNAc1-B,BY,449.2260963,63422
Y-HexNAc1dHex1,Y,451.2417464,63422
Hex1HexNAc1-B,B,463.2417464,63422
YY-HexNAc2,YY,508.2632101,63422
Hex1NeuAc1-B,B,579.2890905,63422
Y-Hex1HexNAc1dHex1-B,BY,623.3153053,63422
Y-Hex2HexNAc1-B,BY,653.32587,63422
Y-HexNAc2dHex1,Y,696.3680691,63422
Y-Hex1HexNAc1NeuAc1-B,BY,810.3997632,63422
Hex1HexNAc1NeuAc1-B,B,824.4154133,63422
YY-Hex1HexNAc2dHex1,YY,886.4521927,63422
Y-Hex2HexNAc2-B,BY,898.4521927,63422
Hex1HexNAc1NeuAc1dHex1-B,B,998.5046222,63422
Y-Hex2HexNAc1NeuAc1-B,BY,1014.499537,63422
Hex3HexNAc2-B,B,1116.567616,63422
Y-Hex2HexNAc1NeuAc1dHex1-B,BY,1188.588746,63422
Y-Hex4HexNAc2-B,BY,1306.65174,63422
Y-Hex2HexNAc2NeuAc1dHex1-B,BY,1433.715068,63422
Y-Hex2HexNAc2NeuAc1dHex1-B,BY,1433.715068,63422
YY-Hex3HexNAc3dHex1,YY,1539.778063,63422
Y-Hex4HexNAc3-B,BY,1551.778063,63422
Y-Hex3HexNAc2NeuAc1dHex1-B,BY,1637.814842,63422
Y-Hex3HexNAc2NeuAc1dHex1-B,BY,1637.814842,63422
YY-Hex3HexNAc4dHex1,YY,1784.904385,63422
YY-Hex4HexNAc4,YY,1814.91495,63422
Y-Hex3HexNAc2NeuAc2-B,BY,1824.8993,63422
YY-Hex3HexNAc3NeuAc1dHex1,YY,1900.95173,63422
Y-Hex4HexNAc4dHex1,Y,2003.019809,63422
Hex3HexNAc2NeuAc2dHex1-B,B,2013.004159,63422
YY-Hex3HexNAc3NeuAc1dHex2,YY,2075.040938,63422
YY-Hex5HexNAc4dHex1,YY,2193.103933,63422
Y-Hex4HexNAc2NeuAc2dHex1-B,BY,2203.088283,63422
YY-Hex3HexNAc4NeuAc1dHex2,YY,2320.167261,63422
YY-Hex3HexNAc4NeuAc1dHex2,YY,2320.167261,63422
Y-Hex6HexNAc3NeuAc1-B,BY,2321.151277,63422
YY-Hex5HexNAc5dHex1,YY,2438.230255,63422
Y-Hex4HexNAc3NeuAc2dHex1-B,BY,2448.214605,63422
Y-Hex6HexNAc3NeuAc1dHex1-B,BY,2495.240486,63422
YY-Hex4HexNAc4NeuAc1dHex2,YY,2524.267035,63422
YY-Hex4HexNAc4NeuAc1dHex2,YY,2524.267035,63422
YY-Hex5HexNAc4NeuAc1dHex1,YY,2554.277599,63422
Y-Hex6HexNAc4NeuAc1-B,BY,2566.277599,63422
YY-Hex5HexNAc5dHex2,YY,2612.319464,63422
YY-Hex6HexNAc5dHex1,YY,2642.330029,63422
YY-Hex4HexNAc4NeuAc2dHex1,YY,2711.351493,63422
YY-Hex4HexNAc4NeuAc2dHex1,YY,2711.351493,63422
YY-Hex5HexNAc4NeuAc1dHex2,YY,2728.366808,63422
Y-Hex6HexNAc4NeuAc1dHex1-B,BY,2740.366808,63422
Y-Hex6HexNAc4NeuAc1dHex1-B,BY,2740.366808,63422
Y-Hex6HexNAc4NeuAc1dHex1-B,BY,2740.366808,63422
YY-Hex5HexNAc5NeuAc1dHex1,YY,2799.403922,63422
YY-Hex5HexNAc5NeuAc1dHex1,YY,2799.403922,63422
YY-Hex6HexNAc5dHex2,YY,2816.419238,63422
YY-Hex6HexNAc5NeuAc1,YY,2829.414487,63422
Y-Hex6HexNAc3NeuAc2dHex1-B,BY,2856.414153,63422
YY-Hex5HexNAc6dHex2,YY,2857.445787,63422
Y-Hex4HexNAc4NeuAc2dHex2,Y,2899.456352,63422
Y-Hex7HexNAc4NeuAc1dHex1-B,BY,2944.466582,63422
Y-Hex7HexNAc4NeuAc1dHex1-B,BY,2944.466582,63422
YY-Hex5HexNAc5NeuAc1dHex2,YY,2973.493131,63422
YY-Hex5HexNAc5NeuAc1dHex2,YY,2973.493131,63422
YY-Hex5HexNAc5NeuAc1dHex2,YY,2973.493131,63422
Y-Hex6HexNAc5NeuAc1dHex1-B,BY,2985.493131,63422
Y-Hex6HexNAc5NeuAc1dHex1-B,BY,2985.493131,63422
YY-Hex6HexNAc5NeuAc1dHex1,YY,3003.503696,63422
YY-Hex6HexNAc5NeuAc1dHex1,YY,3003.503696,63422
Y-Hex6HexNAc5NeuAc1dHex1,Y,3017.519346,63422
YY-Hex6HexNAc6dHex2,YY,3061.545561,63422
YY-Hex6HexNAc6dHex2,YY,3061.545561,63422
YY-Hex5HexNAc4NeuAc2dHex2,YY,3089.540475,63422
Y-Hex6HexNAc4NeuAc2dHex1-B,BY,3101.540475,63422
Y-Hex6HexNAc4NeuAc2dHex1-B,BY,3101.540475,63422
Y-Hex7HexNAc4NeuAc2-B,BY,3131.55104,63422
YY-Hex6HexNAc5NeuAc1dHex2,YY,3177.592905,63422
YY-Hex6HexNAc5NeuAc1dHex2,YY,3177.592905,63422
Y-Hex7HexNAc5NeuAc1dHex1-B,BY,3189.592905,63422
Y-Hex7HexNAc5NeuAc1dHex1-B,BY,3189.592905,63422
Y-Hex6HexNAc5NeuAc1dHex2,Y,3191.608555,63422
YY-Hex5HexNAc6NeuAc1dHex2,YY,3218.619454,63422
YY-Hex5HexNAc6NeuAc1dHex2,YY,3218.619454,63422
YY-Hex5HexNAc6NeuAc1dHex2,YY,3218.619454,63422
YY-Hex6HexNAc6NeuAc1dHex1,YY,3248.630019,63422
YY-Hex6HexNAc6NeuAc1dHex1,YY,3248.630019,63422
YY-Hex6HexNAc6NeuAc1dHex1,YY,3248.630019,63422
YY-Hex6HexNAc6NeuAc1dHex1,YY,3248.630019,63422
YY-Hex7HexNAc6dHex2,YY,3265.645334,63422
Hex7HexNAc4NeuAc2dHex1-B,B,3319.655899,63422
YY-Hex5HexNAc5NeuAc2dHex2,YY,3334.666798,63422
Y-Hex6HexNAc5NeuAc2dHex1-B,BY,3346.666798,63422
YY-Hex6HexNAc5NeuAc2dHex1,YY,3364.677363,63422
YY-Hex6HexNAc5NeuAc2dHex1,YY,3364.677363,63422
Y-Hex7HexNAc5NeuAc2-B,BY,3376.677363,63422
YY-Hex6HexNAc6NeuAc1dHex2,YY,3422.719227,63422
YY-Hex6HexNAc6NeuAc1dHex2,YY,3422.719227,63422
Y-Hex6HexNAc6NeuAc1dHex2,Y,3436.734878,63422
Y-Hex6HexNAc6NeuAc1dHex2,Y,3436.734878,63422
YY-Hex7HexNAc6NeuAc1dHex1,YY,3452.729792,63422
YY-Hex7HexNAc6NeuAc1dHex1,YY,3452.729792,63422
YY-Hex7HexNAc6NeuAc1dHex1,YY,3452.729792,63422
YY-Hex7HexNAc6NeuAc1dHex1,YY,3452.729792,63422
Y-Hex6HexNAc5NeuAc2dHex2,Y,3552.782222,63422
Hex7HexNAc5NeuAc2dHex1-B,B,3564.782222,63422
YY-Hex5HexNAc6NeuAc2dHex2,YY,3579.793121,63422
YY-Hex6HexNAc6NeuAc2dHex1,YY,3609.803685,63422
YY-Hex6HexNAc6NeuAc2dHex1,YY,3609.803685,63422
YY-Hex7HexNAc6NeuAc2,YY,3639.81425,63422
Y-Hex7HexNAc6NeuAc1dHex2,Y,3640.834651,63422
Y-Hex7HexNAc6NeuAc1dHex2,Y,3640.834651,63422
Y-Hex6HexNAc6NeuAc2dHex2,Y,3797.908544,63422
Y-Hex7HexNAc6NeuAc2dHex1,Y,3827.919109,63422
Y-Hex7HexNAc6NeuAc2dHex1,Y,3827.919109,63422
Hex7HexNAc6NeuAc2dHex2,NA,4016.023968,63422
dHex1-B,B,188.104859,63414
Y-Hex1-B,BY,204.0997736,63414
Y-HexNAc1-B,BY,245.1263227,63414
Y-HexNAc1-B,BY,245.1263227,63414
YY-HexNAc1,YY,263.1368874,63414
NeuAc1-B,B,375.1893169,63414
Y-Hex1HexNAc1-B,BY,449.2260963,63414
Y-HexNAc1dHex1,Y,451.2417464,63414
YY-HexNAc2,YY,508.2632101,63414
Hex1NeuAc1-B,B,579.2890905,63414
Y-HexNAc2dHex1,Y,696.3680691,63414
Hex1HexNAc1NeuAc1-B,B,824.4154133,63414
YY-Hex1HexNAc2dHex1,YY,886.4521927,63414
Y-Hex2HexNAc1NeuAc1-B,BY,1014.499537,63414
Y-Hex2HexNAc2NeuAc1-B,BY,1259.62586,63414
Y-Hex2HexNAc2NeuAc1-B,BY,1259.62586,63414
Y-Hex3HexNAc2NeuAc1-B,BY,1463.725633,63414
Hex3HexNAc2NeuAc2-B,B,1838.91495,63414
YY-Hex3HexNAc3NeuAc1dHex1,YY,1900.95173,63414
Y-Hex4HexNAc2NeuAc2-B,BY,2028.999074,63414
YY-Hex3HexNAc4NeuAc1dHex1,YY,2146.078052,63414
YY-Hex3HexNAc4NeuAc1dHex1,YY,2146.078052,63414
Y-Hex4HexNAc3NeuAc2-B,BY,2274.125396,63414
YY-Hex4HexNAc4NeuAc1dHex1,YY,2350.177826,63414
YY-Hex4HexNAc4NeuAc2,YY,2537.262284,63414
Y-Hex4HexNAc4NeuAc2dHex1,Y,2725.367143,63414
YY-Hex5HexNAc4NeuAc2dHex1,YY,2915.451266,63414
YY-Hex5HexNAc4NeuAc2dHex1,YY,2915.451266,63414
Y-Hex6HexNAc3NeuAc3-B,BY,3043.49861,63414
Y-Hex6HexNAc3NeuAc3-B,BY,3043.49861,63414
YY-Hex5HexNAc5NeuAc2dHex1,YY,3160.577589,63414
YY-Hex5HexNAc5NeuAc2dHex1,YY,3160.577589,63414
Y-Hex6HexNAc4NeuAc3-B,BY,3288.624933,63414
Y-Hex6HexNAc4NeuAc3-B,BY,3288.624933,63414
Y-Hex6HexNAc4NeuAc3-B,BY,3288.624933,63414
Y-Hex6HexNAc4NeuAc3-B,BY,3288.624933,63414
YY-Hex6HexNAc5NeuAc2dHex1,YY,3364.677363,63414
YY-Hex6HexNAc5NeuAc2dHex1,YY,3364.677363,63414
YY-Hex6HexNAc5NeuAc2dHex1,YY,3364.677363,63414
YY-Hex5HexNAc6NeuAc2dHex1,YY,3405.703912,63414
YY-Hex5HexNAc6NeuAc2dHex1,YY,3405.703912,63414
Y-Hex7HexNAc4NeuAc3-B,BY,3492.724707,63414
Y-Hex7HexNAc4NeuAc3-B,BY,3492.724707,63414
Y-Hex6HexNAc5NeuAc3-B,BY,3533.751256,63414
Y-Hex6HexNAc5NeuAc3-B,BY,3533.751256,63414
YY-Hex6HexNAc5NeuAc3,YY,3551.761821,63414
YY-Hex6HexNAc5NeuAc3,YY,3551.761821,63414
YY-Hex6HexNAc6NeuAc2dHex1,YY,3609.803685,63414
YY-Hex6HexNAc6NeuAc2dHex1,YY,3609.803685,63414
YY-Hex6HexNAc6NeuAc2dHex1,YY,3609.803685,63414
Y-Hex7HexNAc5NeuAc3-B,BY,3737.85103,63414
Y-Hex7HexNAc5NeuAc3-B,BY,3737.85103,63414
Y-Hex6HexNAc5NeuAc3dHex1,Y,3739.86668,63414
Y-Hex6HexNAc5NeuAc3dHex1,Y,3739.86668,63414
YY-Hex6HexNAc6NeuAc3,YY,3796.888143,63414
YY-Hex6HexNAc6NeuAc3,YY,3796.888143,63414
YY-Hex7HexNAc6NeuAc2dHex1,YY,3813.903459,63414
YY-Hex7HexNAc6NeuAc2dHex1,YY,3813.903459,63414
YY-Hex7HexNAc6NeuAc2dHex1,YY,3813.903459,63414
YY-Hex7HexNAc6NeuAc2dHex1,YY,3813.903459,63414
Hex7HexNAc4NeuAc4-B,B,3867.914024,63414
Y-Hex6HexNAc6NeuAc3dHex1,Y,3984.993002,63414
Y-Hex6HexNAc6NeuAc3dHex1,Y,3984.993002,63414
YY-Hex7HexNAc6NeuAc3,YY,4000.987917,63414
YY-Hex7HexNAc6NeuAc3,YY,4000.987917,63414
Hex7HexNAc5NeuAc4-B,B,4113.040346,63414
Y-Hex7HexNAc6NeuAc3dHex1,Y,4189.092776,63414
Y-Hex7HexNAc6NeuAc3dHex1,Y,4189.092776,63414
Y-Hex7HexNAc6NeuAc4,Y,4376.177234,63414
Hex7HexNAc6NeuAc4dHex1,NA,4564.282093,63414
dHex1-B,B,188.104859,63413
Y-Hex1-B,BY,204.0997736,63413
Hex1-B,B,218.1154237,63413
Y-HexNAc1-B,BY,245.1263227,63413
Y-HexNAc1-B,BY,245.1263227,63413
YY-HexNAc1,YY,263.1368874,63413
NeuAc1-B,B,375.1893169,63413
Y-Hex1HexNAc1-B,BY,449.2260963,63413
Y-HexNAc1dHex1,Y,451.2417464,63413
Hex1HexNAc1-B,B,463.2417464,63413
YY-HexNAc2,YY,508.2632101,63413
Hex1NeuAc1-B,B,579.2890905,63413
Y-Hex2HexNAc1-B,BY,653.32587,63413
Y-HexNAc2dHex1,Y,696.3680691,63413
Hex1HexNAc1NeuAc1-B,B,824.4154133,63413
YY-Hex1HexNAc2dHex1,YY,886.4521927,63413
Y-Hex2HexNAc2-B,BY,898.4521927,63413
Y-Hex2HexNAc1NeuAc1-B,BY,1014.499537,63413
Y-Hex3HexNAc2-B,BY,1102.551966,63413
Y-Hex2HexNAc2NeuAc1-B,BY,1259.62586,63413
Y-Hex2HexNAc2NeuAc1-B,BY,1259.62586,63413
Y-Hex3HexNAc2NeuAc1-B,BY,1463.725633,63413
Hex3HexNAc2NeuAc1-B,B,1477.741283,63413
YY-Hex3HexNAc3dHex1,YY,1539.778063,63413
Y-Hex4HexNAc2NeuAc1-B,BY,1667.825407,63413
YY-Hex3HexNAc4dHex1,YY,1784.904385,63413
Hex3HexNAc2NeuAc2-B,B,1838.91495,63413
YY-Hex3HexNAc3NeuAc1dHex1,YY,1900.95173,63413
Y-Hex4HexNAc3NeuAc1-B,BY,1912.95173,63413
YY-Hex4HexNAc4dHex1,YY,1989.004159,63413
Y-Hex4HexNAc2NeuAc2-B,BY,2028.999074,63413
YY-Hex3HexNAc4NeuAc1dHex1,YY,2146.078052,63413
YY-Hex3HexNAc4NeuAc1dHex1,YY,2146.078052,63413
YY-Hex4HexNAc4NeuAc1,YY,2176.088617,63413
Y-Hex4HexNAc3NeuAc2-B,BY,2274.125396,63413
YY-Hex4HexNAc4NeuAc1dHex1,YY,2350.177826,63413
Y-Hex4HexNAc4NeuAc1dHex1,Y,2364.193476,63413
YY-Hex4HexNAc4NeuAc2,YY,2537.262284,63413
YY-Hex5HexNAc4NeuAc1dHex1,YY,2554.277599,63413
YY-Hex5HexNAc4NeuAc1dHex1,YY,2554.277599,63413
Y-Hex6HexNAc3NeuAc2-B,BY,2682.324944,63413
Y-Hex6HexNAc3NeuAc2-B,BY,2682.324944,63413
Y-Hex4HexNAc4NeuAc2dHex1,Y,2725.367143,63413
YY-Hex5HexNAc5NeuAc1dHex1,YY,2799.403922,63413
YY-Hex5HexNAc5NeuAc1dHex1,YY,2799.403922,63413
YY-Hex5HexNAc5NeuAc1dHex1,YY,2799.403922,63413
YY-Hex5HexNAc5NeuAc1dHex1,YY,2799.403922,63413
YY-Hex5HexNAc4NeuAc2dHex1,YY,2915.451266,63413
YY-Hex5HexNAc4NeuAc2dHex1,YY,2915.451266,63413
Y-Hex6HexNAc4NeuAc2-B,BY,2927.451266,63413
Y-Hex6HexNAc4NeuAc2-B,BY,2927.451266,63413
Y-Hex6HexNAc4NeuAc2-B,BY,2927.451266,63413
Y-Hex6HexNAc4NeuAc2-B,BY,2927.451266,63413
Y-Hex6HexNAc4NeuAc2-B,BY,2927.451266,63413
YY-Hex6HexNAc5NeuAc1dHex1,YY,3003.503696,63413
YY-Hex6HexNAc5NeuAc1dHex1,YY,3003.503696,63413
YY-Hex6HexNAc5NeuAc1dHex1,YY,3003.503696,63413
Y-Hex6HexNAc3NeuAc3-B,BY,3043.49861,63413
YY-Hex5HexNAc6NeuAc1dHex1,YY,3044.530245,63413
YY-Hex5HexNAc6NeuAc1dHex1,YY,3044.530245,63413
Y-Hex7HexNAc4NeuAc2-B,BY,3131.55104,63413
Y-Hex7HexNAc4NeuAc2-B,BY,3131.55104,63413
YY-Hex5HexNAc5NeuAc2dHex1,YY,3160.577589,63413
YY-Hex5HexNAc5NeuAc2dHex1,YY,3160.577589,63413
Y-Hex6HexNAc5NeuAc2-B,BY,3172.577589,63413
Y-Hex6HexNAc5NeuAc2-B,BY,3172.577589,63413
Y-Hex6HexNAc5NeuAc2-B,BY,3172.577589,63413
YY-Hex6HexNAc5NeuAc2,YY,3190.588154,63413
YY-Hex6HexNAc5NeuAc2,YY,3190.588154,63413
YY-Hex6HexNAc6NeuAc1dHex1,YY,3248.630019,63413
YY-Hex6HexNAc6NeuAc1dHex1,YY,3248.630019,63413
YY-Hex6HexNAc6NeuAc1dHex1,YY,3248.630019,63413
YY-Hex6HexNAc6NeuAc1dHex1,YY,3248.630019,63413
Y-Hex6HexNAc4NeuAc3-B,BY,3288.624933,63413
Y-Hex6HexNAc4NeuAc3-B,BY,3288.624933,63413
YY-Hex6HexNAc5NeuAc2dHex1,YY,3364.677363,63413
YY-Hex6HexNAc5NeuAc2dHex1,YY,3364.677363,63413
Y-Hex7HexNAc5NeuAc2-B,BY,3376.677363,63413
Y-Hex7HexNAc5NeuAc2-B,BY,3376.677363,63413
Y-Hex6HexNAc5NeuAc2dHex1,Y,3378.693013,63413
Y-Hex6HexNAc5NeuAc2dHex1,Y,3378.693013,63413
YY-Hex5HexNAc6NeuAc2dHex1,YY,3405.703912,63413
YY-Hex5HexNAc6NeuAc2dHex1,YY,3405.703912,63413
YY-Hex6HexNAc6NeuAc2,YY,3435.714476,63413
YY-Hex6HexNAc6NeuAc2,YY,3435.714476,63413
YY-Hex6HexNAc6NeuAc2,YY,3435.714476,63413
YY-Hex7HexNAc6NeuAc1dHex1,YY,3452.729792,63413
YY-Hex7HexNAc6NeuAc1dHex1,YY,3452.729792,63413
Hex7HexNAc4NeuAc3-B,B,3506.740357,63413
Y-Hex6HexNAc5NeuAc3-B,BY,3533.751256,63413
YY-Hex6HexNAc5NeuAc3,YY,3551.761821,63413
YY-Hex6HexNAc6NeuAc2dHex1,YY,3609.803685,63413
YY-Hex6HexNAc6NeuAc2dHex1,YY,3609.803685,63413
Y-Hex6HexNAc6NeuAc2dHex1,Y,3623.819335,63413
Y-Hex6HexNAc6NeuAc2dHex1,Y,3623.819335,63413
Y-Hex6HexNAc6NeuAc2dHex1,Y,3623.819335,63413
YY-Hex7HexNAc6NeuAc2,YY,3639.81425,63413
YY-Hex7HexNAc6NeuAc2,YY,3639.81425,63413
Y-Hex6HexNAc5NeuAc3dHex1,Y,3739.86668,63413
Hex7HexNAc5NeuAc3-B,B,3751.86668,63413
YY-Hex6HexNAc6NeuAc3,YY,3796.888143,63413
Y-Hex7HexNAc6NeuAc2dHex1,Y,3827.919109,63413
Y-Hex7HexNAc6NeuAc2dHex1,Y,3827.919109,63413
Y-Hex6HexNAc6NeuAc3dHex1,Y,3984.993002,63413
Y-Hex7HexNAc6NeuAc3,Y,4015.003567,63413
Hex7HexNAc6NeuAc3dHex1,NA,4203.108426,63413
dHex1-B,B,188.104859,63412
Y-Hex1-B,BY,204.0997736,63412
Hex1-B,B,218.1154237,63412
Y-HexNAc1-B,BY,245.1263227,63412
Y-HexNAc1-B,BY,245.1263227,63412
YY-HexNAc1,YY,263.1368874,63412
NeuAc1-B,B,375.1893169,63412
Y-Hex1HexNAc1-B,BY,449.2260963,63412
Y-HexNAc1dHex1,Y,451.2417464,63412
Hex1HexNAc1-B,B,463.2417464,63412
YY-HexNAc2,YY,508.2632101,63412
Hex1NeuAc1-B,B,579.2890905,63412
Y-Hex2HexNAc1-B,BY,653.32587,63412
Y-HexNAc2dHex1,Y,696.3680691,63412
Hex1HexNAc1NeuAc1-B,B,824.4154133,63412
YY-Hex1HexNAc2dHex1,YY,886.4521927,63412
Y-Hex2HexNAc2-B,BY,898.4521927,63412
Y-Hex2HexNAc1NeuAc1-B,BY,1014.499537,63412
Y-Hex3HexNAc2-B,BY,1102.551966,63412
Y-Hex2HexNAc2NeuAc1-B,BY,1259.62586,63412
Y-Hex2HexNAc2NeuAc1-B,BY,1259.62586,63412
Hex3HexNAc2NeuAc1-B,B,1477.741283,63412
YY-Hex3HexNAc3dHex1,YY,1539.778063,63412
Y-Hex4HexNAc2NeuAc1-B,BY,1667.825407,63412
YY-Hex3HexNAc4dHex1,YY,1784.904385,63412
YY-Hex3HexNAc3NeuAc1dHex1,YY,1900.95173,63412
Y-Hex4HexNAc3NeuAc1-B,BY,1912.95173,63412
YY-Hex4HexNAc4dHex1,YY,1989.004159,63412
YY-Hex3HexNAc4NeuAc1dHex1,YY,2146.078052,63412
YY-Hex3HexNAc4NeuAc1dHex1,YY,2146.078052,63412
YY-Hex4HexNAc4NeuAc1,YY,2176.088617,63412
YY-Hex5HexNAc4dHex1,YY,2193.103933,63412
Y-Hex6HexNAc3NeuAc1-B,BY,2321.151277,63412
Y-Hex4HexNAc4NeuAc1dHex1,Y,2364.193476,63412
YY-Hex5HexNAc5dHex1,YY,2438.230255,63412
YY-Hex5HexNAc4NeuAc1dHex1,YY,2554.277599,63412
YY-Hex5HexNAc4NeuAc1dHex1,YY,2554.277599,63412
Y-Hex6HexNAc4NeuAc1-B,BY,2566.277599,63412
Y-Hex6HexNAc4NeuAc1-B,BY,2566.277599,63412
YY-Hex6HexNAc5dHex1,YY,2642.330029,63412
Y-Hex6HexNAc3NeuAc2-B,BY,2682.324944,63412
YY-Hex5HexNAc6dHex1,YY,2683.356578,63412
Y-Hex7HexNAc4NeuAc1-B,BY,2770.377373,63412
YY-Hex5HexNAc5NeuAc1dHex1,YY,2799.403922,63412
YY-Hex5HexNAc5NeuAc1dHex1,YY,2799.403922,63412
YY-Hex5HexNAc5NeuAc1dHex1,YY,2799.403922,63412
YY-Hex5HexNAc5NeuAc1dHex1,YY,2799.403922,63412
Y-Hex6HexNAc5NeuAc1-B,BY,2811.403922,63412
YY-Hex6HexNAc5NeuAc1,YY,2829.414487,63412
YY-Hex6HexNAc6dHex1,YY,2887.456352,63412
YY-Hex5HexNAc4NeuAc2dHex1,YY,2915.451266,63412
Y-Hex6HexNAc4NeuAc2-B,BY,2927.451266,63412
Y-Hex6HexNAc4NeuAc2-B,BY,2927.451266,63412
Y-Hex6HexNAc4NeuAc2-B,BY,2927.451266,63412
YY-Hex6HexNAc5NeuAc1dHex1,YY,3003.503696,63412
YY-Hex6HexNAc5NeuAc1dHex1,YY,3003.503696,63412
Y-Hex7HexNAc5NeuAc1-B,BY,3015.503696,63412
Y-Hex6HexNAc5NeuAc1dHex1,Y,3017.519346,63412
YY-Hex5HexNAc6NeuAc1dHex1,YY,3044.530245,63412
YY-Hex5HexNAc6NeuAc1dHex1,YY,3044.530245,63412
YY-Hex6HexNAc6NeuAc1,YY,3074.54081,63412
YY-Hex7HexNAc6dHex1,YY,3091.556125,63412
Hex7HexNAc4NeuAc2-B,B,3145.56669,63412
YY-Hex5HexNAc5NeuAc2dHex1,YY,3160.577589,63412
Y-Hex6HexNAc5NeuAc2-B,BY,3172.577589,63412
Y-Hex6HexNAc5NeuAc2-B,BY,3172.577589,63412
YY-Hex6HexNAc5NeuAc2,YY,3190.588154,63412
YY-Hex6HexNAc6NeuAc1dHex1,YY,3248.630019,63412
YY-Hex6HexNAc6NeuAc1dHex1,YY,3248.630019,63412
YY-Hex6HexNAc6NeuAc1dHex1,YY,3248.630019,63412
YY-Hex6HexNAc6NeuAc1dHex1,YY,3248.630019,63412
Y-Hex6HexNAc6NeuAc1dHex1,Y,3262.645669,63412
YY-Hex7HexNAc6NeuAc1,YY,3278.640583,63412
Y-Hex6HexNAc5NeuAc2dHex1,Y,3378.693013,63412
Hex7HexNAc5NeuAc2-B,B,3390.693013,63412
YY-Hex5HexNAc6NeuAc2dHex1,YY,3405.703912,63412
YY-Hex6HexNAc6NeuAc2,YY,3435.714476,63412
YY-Hex6HexNAc6NeuAc2,YY,3435.714476,63412
Y-Hex7HexNAc6NeuAc1dHex1,Y,3466.745442,63412
Y-Hex6HexNAc6NeuAc2dHex1,Y,3623.819335,63412
Y-Hex6HexNAc6NeuAc2dHex1,Y,3623.819335,63412
Y-Hex7HexNAc6NeuAc2,Y,3653.8299,63412
Hex7HexNAc6NeuAc2dHex1,NA,3841.934759,63412
dHex1-B,B,188.104859,63411
Y-Hex1-B,BY,204.0997736,63411
Hex1-B,B,218.1154237,63411
Y-HexNAc1-B,BY,245.1263227,63411
Y-HexNAc1-B,BY,245.1263227,63411
YY-HexNAc1,YY,263.1368874,63411
NeuAc1-B,B,375.1893169,63411
Y-Hex1HexNAc1-B,BY,449.2260963,63411
Y-HexNAc1dHex1,Y,451.2417464,63411
Hex1HexNAc1-B,B,463.2417464,63411
YY-HexNAc2,YY,508.2632101,63411
Hex1NeuAc1-B,B,579.2890905,63411
Y-Hex2HexNAc1-B,BY,653.32587,63411
Y-HexNAc2dHex1,Y,696.3680691,63411
Hex1HexNAc1NeuAc1-B,B,824.4154133,63411
YY-Hex1HexNAc2dHex1,YY,886.4521927,63411
Y-Hex2HexNAc2-B,BY,898.4521927,63411
Y-Hex2HexNAc1NeuAc1-B,BY,1014.499537,63411
Y-Hex3HexNAc2-B,BY,1102.551966,63411
Hex3HexNAc2-B,B,1116.567616,63411
Y-Hex2HexNAc2NeuAc1-B,BY,1259.62586,63411
Y-Hex4HexNAc2-B,BY,1306.65174,63411
Hex3HexNAc2NeuAc1-B,B,1477.741283,63411
YY-Hex3HexNAc3dHex1,YY,1539.778063,63411
Y-Hex4HexNAc3-B,BY,1551.778063,63411
Y-Hex4HexNAc2NeuAc1-B,BY,1667.825407,63411
YY-Hex3HexNAc4dHex1,YY,1784.904385,63411
YY-Hex4HexNAc4,YY,1814.91495,63411
YY-Hex3HexNAc3NeuAc1dHex1,YY,1900.95173,63411
Y-Hex4HexNAc3NeuAc1-B,BY,1912.95173,63411
Y-Hex6HexNAc3-B,BY,1959.97761,63411
YY-Hex4HexNAc4dHex1,YY,1989.004159,63411
Y-Hex4HexNAc4dHex1,Y,2003.019809,63411
YY-Hex3HexNAc4NeuAc1dHex1,YY,2146.078052,63411
YY-Hex4HexNAc4NeuAc1,YY,2176.088617,63411
YY-Hex5HexNAc4dHex1,YY,2193.103933,63411
YY-Hex5HexNAc4dHex1,YY,2193.103933,63411
Y-Hex6HexNAc4-B,BY,2205.103933,63411
Y-Hex6HexNAc4-B,BY,2205.103933,63411
Y-Hex6HexNAc3NeuAc1-B,BY,2321.151277,63411
Y-Hex6HexNAc3NeuAc1-B,BY,2321.151277,63411
Y-Hex4HexNAc4NeuAc1dHex1,Y,2364.193476,63411
Y-Hex7HexNAc4-B,BY,2409.203706,63411
YY-Hex5HexNAc5dHex1,YY,2438.230255,63411
YY-Hex5HexNAc5dHex1,YY,2438.230255,63411
Y-Hex6HexNAc5-B,BY,2450.230255,63411
YY-Hex6HexNAc5,YY,2468.24082,63411
YY-Hex5HexNAc4NeuAc1dHex1,YY,2554.277599,63411
YY-Hex5HexNAc4NeuAc1dHex1,YY,2554.277599,63411
Y-Hex6HexNAc4NeuAc1-B,BY,2566.277599,63411
Y-Hex6HexNAc4NeuAc1-B,BY,2566.277599,63411
Y-Hex6HexNAc4NeuAc1-B,BY,2566.277599,63411
Y-Hex6HexNAc4NeuAc1-B,BY,2566.277599,63411
YY-Hex6HexNAc5dHex1,YY,2642.330029,63411
YY-Hex6HexNAc5dHex1,YY,2642.330029,63411
Y-Hex7HexNAc5-B,BY,2654.330029,63411
Y-Hex6HexNAc5dHex1,Y,2656.345679,63411
YY-Hex5HexNAc6dHex1,YY,2683.356578,63411
YY-Hex5HexNAc6dHex1,YY,2683.356578,63411
YY-Hex6HexNAc6,YY,2713.367143,63411
Hex7HexNAc4NeuAc1-B,B,2784.393023,63411
YY-Hex5HexNAc5NeuAc1dHex1,YY,2799.403922,63411
YY-Hex5HexNAc5NeuAc1dHex1,YY,2799.403922,63411
YY-Hex5HexNAc5NeuAc1dHex1,YY,2799.403922,63411
Y-Hex6HexNAc5NeuAc1-B,BY,2811.403922,63411
Y-Hex6HexNAc5NeuAc1-B,BY,2811.403922,63411
YY-Hex6HexNAc5NeuAc1,YY,2829.414487,63411
YY-Hex6HexNAc5NeuAc1,YY,2829.414487,63411
YY-Hex6HexNAc6dHex1,YY,2887.456352,63411
YY-Hex6HexNAc6dHex1,YY,2887.456352,63411
Y-Hex6HexNAc6dHex1,Y,2901.472002,63411
YY-Hex7HexNAc6,YY,2917.466916,63411
Y-Hex6HexNAc5NeuAc1dHex1,Y,3017.519346,63411
Y-Hex6HexNAc5NeuAc1dHex1,Y,3017.519346,63411
Hex7HexNAc5NeuAc1-B,B,3029.519346,63411
YY-Hex5HexNAc6NeuAc1dHex1,YY,3044.530245,63411
YY-Hex5HexNAc6NeuAc1dHex1,YY,3044.530245,63411
YY-Hex6HexNAc6NeuAc1,YY,3074.54081,63411
YY-Hex6HexNAc6NeuAc1,YY,3074.54081,63411
Y-Hex7HexNAc6dHex1,Y,3105.571775,63411
Y-Hex6HexNAc6NeuAc1dHex1,Y,3262.645669,63411
Y-Hex6HexNAc6NeuAc1dHex1,Y,3262.645669,63411
Y-Hex7HexNAc6NeuAc1,Y,3292.656233,63411
Hex7HexNAc6NeuAc1dHex1,NA,3480.761092,63411
dHex1-B,B,188.104859,63410
Hex1-B,B,218.1154237,63410
Y-HexNAc1-B,BY,245.1263227,63410
Y-HexNAc1-B,BY,245.1263227,63410
YY-HexNAc1,YY,263.1368874,63410
Y-HexNAc1dHex1,Y,451.2417464,63410
Hex1HexNAc1-B,B,463.2417464,63410
YY-HexNAc2,YY,508.2632101,63410
Y-Hex2HexNAc1-B,BY,653.32587,63410
Y-HexNAc2dHex1,Y,696.3680691,63410
YY-Hex1HexNAc2dHex1,YY,886.4521927,63410
Y-Hex2HexNAc2-B,BY,898.4521927,63410
Y-Hex2HexNAc2-B,BY,898.4521927,63410
Hex3HexNAc2-B,B,1116.567616,63410
Y-Hex4HexNAc2-B,BY,1306.65174,63410
YY-Hex3HexNAc3dHex1,YY,1539.778063,63410
Y-Hex4HexNAc3-B,BY,1551.778063,63410
YY-Hex3HexNAc4dHex1,YY,1784.904385,63410
YY-Hex4HexNAc4,YY,1814.91495,63410
Y-Hex6HexNAc3-B,BY,1959.97761,63410
Y-Hex4HexNAc4dHex1,Y,2003.019809,63410
YY-Hex5HexNAc4dHex1,YY,2193.103933,63410
YY-Hex5HexNAc4dHex1,YY,2193.103933,63410
Y-Hex6HexNAc4-B,BY,2205.103933,63410
Y-Hex6HexNAc4-B,BY,2205.103933,63410
Y-Hex6HexNAc4-B,BY,2205.103933,63410
Hex7HexNAc4-B,B,2423.219356,63410
YY-Hex5HexNAc5dHex1,YY,2438.230255,63410
YY-Hex5HexNAc5dHex1,YY,2438.230255,63410
YY-Hex5HexNAc5dHex1,YY,2438.230255,63410
Y-Hex6HexNAc5-B,BY,2450.230255,63410
Y-Hex6HexNAc5-B,BY,2450.230255,63410
YY-Hex6HexNAc5,YY,2468.24082,63410
Y-Hex6HexNAc5dHex1,Y,2656.345679,63410
Hex7HexNAc5-B,B,2668.345679,63410
YY-Hex5HexNAc6dHex1,YY,2683.356578,63410
YY-Hex5HexNAc6dHex1,YY,2683.356578,63410
YY-Hex5HexNAc6dHex1,YY,2683.356578,63410
YY-Hex6HexNAc6,YY,2713.367143,63410
YY-Hex6HexNAc6,YY,2713.367143,63410
Y-Hex6HexNAc6dHex1,Y,2901.472002,63410
Y-Hex6HexNAc6dHex1,Y,2901.472002,63410
Y-Hex7HexNAc6,Y,2931.482566,63410
Hex7HexNAc6dHex1,NA,3119.587425,63410
Y-Hex1-B,BY,204.0997736,63404
Y-HexNAc1-B,BY,245.1263227,63404
Y-HexNAc1-B,BY,245.1263227,63404
Y-HexNAc1,Y,277.1525375,63404
NeuAc1-B,B,375.1893169,63404
Y-Hex1HexNAc1-B,BY,449.2260963,63404
Y-HexNAc2,Y,522.2788602,63404
Hex1NeuAc1-B,B,579.2890905,63404
YY-Hex1HexNAc2,YY,712.3629838,63404
Hex1HexNAc1NeuAc1-B,B,824.4154133,63404
Y-Hex2HexNAc1NeuAc1-B,BY,1014.499537,63404
Y-Hex2HexNAc2NeuAc1-B,BY,1259.62586,63404
Y-Hex2HexNAc2NeuAc1-B,BY,1259.62586,63404
Y-Hex3HexNAc2NeuAc1-B,BY,1463.725633,63404
YY-Hex3HexNAc3NeuAc1,YY,1726.862521,63404
Hex3HexNAc2NeuAc2-B,B,1838.91495,63404
YY-Hex3HexNAc4NeuAc1,YY,1971.988843,63404
YY-Hex3HexNAc4NeuAc1,YY,1971.988843,63404
Y-Hex4HexNAc2NeuAc2-B,BY,2028.999074,63404
YY-Hex4HexNAc4NeuAc1,YY,2176.088617,63404
Y-Hex4HexNAc3NeuAc2-B,BY,2274.125396,63404
Y-Hex4HexNAc4NeuAc2,Y,2551.277934,63404
YY-Hex5HexNAc4NeuAc2,YY,2741.362057,63404
YY-Hex5HexNAc4NeuAc2,YY,2741.362057,63404
YY-Hex5HexNAc5NeuAc2,YY,2986.48838,63404
YY-Hex5HexNAc5NeuAc2,YY,2986.48838,63404
Y-Hex6HexNAc3NeuAc3-B,BY,3043.49861,63404
Y-Hex6HexNAc3NeuAc3-B,BY,3043.49861,63404
YY-Hex6HexNAc5NeuAc2,YY,3190.588154,63404
YY-Hex6HexNAc5NeuAc2,YY,3190.588154,63404
YY-Hex6HexNAc5NeuAc2,YY,3190.588154,63404
YY-Hex5HexNAc6NeuAc2,YY,3231.614703,63404
YY-Hex5HexNAc6NeuAc2,YY,3231.614703,63404
YY-Hex5HexNAc6NeuAc2,YY,3231.614703,63404
Y-Hex6HexNAc4NeuAc3-B,BY,3288.624933,63404
Y-Hex6HexNAc4NeuAc3-B,BY,3288.624933,63404
Y-Hex6HexNAc4NeuAc3-B,BY,3288.624933,63404
Y-Hex6HexNAc4NeuAc3-B,BY,3288.624933,63404
YY-Hex6HexNAc6NeuAc2,YY,3435.714476,63404
YY-Hex6HexNAc6NeuAc2,YY,3435.714476,63404
YY-Hex6HexNAc6NeuAc2,YY,3435.714476,63404
Y-Hex7HexNAc4NeuAc3-B,BY,3492.724707,63404
Y-Hex7HexNAc4NeuAc3-B,BY,3492.724707,63404
Y-Hex6HexNAc5NeuAc3-B,BY,3533.751256,63404
Y-Hex6HexNAc5NeuAc3-B,BY,3533.751256,63404
Y-Hex6HexNAc5NeuAc3,Y,3565.777471,63404
Y-Hex6HexNAc5NeuAc3,Y,3565.777471,63404
YY-Hex7HexNAc6NeuAc2,YY,3639.81425,63404
YY-Hex7HexNAc6NeuAc2,YY,3639.81425,63404
YY-Hex7HexNAc6NeuAc2,YY,3639.81425,63404
YY-Hex7HexNAc6NeuAc2,YY,3639.81425,63404
Y-Hex7HexNAc5NeuAc3-B,BY,3737.85103,63404
Y-Hex7HexNAc5NeuAc3-B,BY,3737.85103,63404
Y-Hex6HexNAc6NeuAc3,Y,3810.903793,63404
Y-Hex6HexNAc6NeuAc3,Y,3810.903793,63404
Hex7HexNAc4NeuAc4-B,B,3867.914024,63404
Y-Hex7HexNAc6NeuAc3,Y,4015.003567,63404
Y-Hex7HexNAc6NeuAc3,Y,4015.003567,63404
Hex7HexNAc5NeuAc4-B,B,4113.040346,63404
Hex7HexNAc6NeuAc4,NA,4390.192884,63404
Y-Hex1-B,BY,204.0997736,63403
Hex1-B,B,218.1154237,63403
Y-HexNAc1-B,BY,245.1263227,63403
Y-HexNAc1-B,BY,245.1263227,63403
Y-HexNAc1,Y,277.1525375,63403
NeuAc1-B,B,375.1893169,63403
Y-Hex1HexNAc1-B,BY,449.2260963,63403
Hex1HexNAc1-B,B,463.2417464,63403
Y-HexNAc2,Y,522.2788602,63403
Hex1NeuAc1-B,B,579.2890905,63403
Y-Hex2HexNAc1-B,BY,653.32587,63403
YY-Hex1HexNAc2,YY,712.3629838,63403
Hex1HexNAc1NeuAc1-B,B,824.4154133,63403
Y-Hex2HexNAc2-B,BY,898.4521927,63403
Y-Hex2HexNAc1NeuAc1-B,BY,1014.499537,63403
Y-Hex3HexNAc2-B,BY,1102.551966,63403
Y-Hex2HexNAc2NeuAc1-B,BY,1259.62586,63403
Y-Hex2HexNAc2NeuAc1-B,BY,1259.62586,63403
YY-Hex3HexNAc3,YY,1365.688854,63403
Y-Hex3HexNAc2NeuAc1-B,BY,1463.725633,63403
Hex3HexNAc2NeuAc1-B,B,1477.741283,63403
YY-Hex3HexNAc4,YY,1610.815176,63403
Y-Hex4HexNAc2NeuAc1-B,BY,1667.825407,63403
YY-Hex3HexNAc3NeuAc1,YY,1726.862521,63403
YY-Hex4HexNAc4,YY,1814.91495,63403
Hex3HexNAc2NeuAc2-B,B,1838.91495,63403
Y-Hex4HexNAc3NeuAc1-B,BY,1912.95173,63403
YY-Hex3HexNAc4NeuAc1,YY,1971.988843,63403
YY-Hex3HexNAc4NeuAc1,YY,1971.988843,63403
Y-Hex4HexNAc2NeuAc2-B,BY,2028.999074,63403
YY-Hex4HexNAc4NeuAc1,YY,2176.088617,63403
Y-Hex4HexNAc4NeuAc1,Y,2190.104267,63403
Y-Hex4HexNAc3NeuAc2-B,BY,2274.125396,63403
YY-Hex5HexNAc4NeuAc1,YY,2380.188391,63403
YY-Hex5HexNAc4NeuAc1,YY,2380.188391,63403
Y-Hex4HexNAc4NeuAc2,Y,2551.277934,63403
YY-Hex5HexNAc5NeuAc1,YY,2625.314713,63403
YY-Hex5HexNAc5NeuAc1,YY,2625.314713,63403
YY-Hex5HexNAc5NeuAc1,YY,2625.314713,63403
YY-Hex5HexNAc5NeuAc1,YY,2625.314713,63403
Y-Hex6HexNAc3NeuAc2-B,BY,2682.324944,63403
Y-Hex6HexNAc3NeuAc2-B,BY,2682.324944,63403
YY-Hex5HexNAc4NeuAc2,YY,2741.362057,63403
YY-Hex5HexNAc4NeuAc2,YY,2741.362057,63403
YY-Hex6HexNAc5NeuAc1,YY,2829.414487,63403
YY-Hex6HexNAc5NeuAc1,YY,2829.414487,63403
YY-Hex6HexNAc5NeuAc1,YY,2829.414487,63403
YY-Hex5HexNAc6NeuAc1,YY,2870.441036,63403
YY-Hex5HexNAc6NeuAc1,YY,2870.441036,63403
Y-Hex6HexNAc4NeuAc2-B,BY,2927.451266,63403
Y-Hex6HexNAc4NeuAc2-B,BY,2927.451266,63403
Y-Hex6HexNAc4NeuAc2-B,BY,2927.451266,63403
Y-Hex6HexNAc4NeuAc2-B,BY,2927.451266,63403
Y-Hex6HexNAc4NeuAc2-B,BY,2927.451266,63403
YY-Hex5HexNAc5NeuAc2,YY,2986.48838,63403
YY-Hex5HexNAc5NeuAc2,YY,2986.48838,63403
Y-Hex6HexNAc3NeuAc3-B,BY,3043.49861,63403
YY-Hex6HexNAc6NeuAc1,YY,3074.54081,63403
YY-Hex6HexNAc6NeuAc1,YY,3074.54081,63403
YY-Hex6HexNAc6NeuAc1,YY,3074.54081,63403
YY-Hex6HexNAc6NeuAc1,YY,3074.54081,63403
YY-Hex6HexNAc6NeuAc1,YY,3074.54081,63403
Y-Hex7HexNAc4NeuAc2-B,BY,3131.55104,63403
Y-Hex7HexNAc4NeuAc2-B,BY,3131.55104,63403
Y-Hex6HexNAc5NeuAc2-B,BY,3172.577589,63403
Y-Hex6HexNAc5NeuAc2-B,BY,3172.577589,63403
Y-Hex6HexNAc5NeuAc2-B,BY,3172.577589,63403
YY-Hex6HexNAc5NeuAc2,YY,3190.588154,63403
YY-Hex6HexNAc5NeuAc2,YY,3190.588154,63403
YY-Hex6HexNAc5NeuAc2,YY,3190.588154,63403
Y-Hex6HexNAc5NeuAc2,Y,3204.603804,63403
Y-Hex6HexNAc5NeuAc2,Y,3204.603804,63403
YY-Hex5HexNAc6NeuAc2,YY,3231.614703,63403
YY-Hex5HexNAc6NeuAc2,YY,3231.614703,63403
YY-Hex5HexNAc6NeuAc2,YY,3231.614703,63403
YY-Hex7HexNAc6NeuAc1,YY,3278.640583,63403
YY-Hex7HexNAc6NeuAc1,YY,3278.640583,63403
Y-Hex6HexNAc4NeuAc3-B,BY,3288.624933,63403
Y-Hex6HexNAc4NeuAc3-B,BY,3288.624933,63403
Y-Hex7HexNAc5NeuAc2-B,BY,3376.677363,63403
Y-Hex7HexNAc5NeuAc2-B,BY,3376.677363,63403
YY-Hex6HexNAc6NeuAc2,YY,3435.714476,63403
YY-Hex6HexNAc6NeuAc2,YY,3435.714476,63403
Y-Hex6HexNAc6NeuAc2,Y,3449.730127,63403
Y-Hex6HexNAc6NeuAc2,Y,3449.730127,63403
Y-Hex6HexNAc6NeuAc2,Y,3449.730127,63403
Hex7HexNAc4NeuAc3-B,B,3506.740357,63403
Y-Hex6HexNAc5NeuAc3-B,BY,3533.751256,63403
Y-Hex6HexNAc5NeuAc3,Y,3565.777471,63403
Y-Hex7HexNAc6NeuAc2,Y,3653.8299,63403
Y-Hex7HexNAc6NeuAc2,Y,3653.8299,63403
Hex7HexNAc5NeuAc3-B,B,3751.86668,63403
Y-Hex6HexNAc6NeuAc3,Y,3810.903793,63403
Hex7HexNAc6NeuAc3,NA,4029.019217,63403
Y-Hex1-B,BY,204.0997736,63402
Hex1-B,B,218.1154237,63402
Y-HexNAc1-B,BY,245.1263227,63402
Y-HexNAc1-B,BY,245.1263227,63402
Y-HexNAc1,Y,277.1525375,63402
NeuAc1-B,B,375.1893169,63402
Y-Hex1HexNAc1-B,BY,449.2260963,63402
Hex1HexNAc1-B,B,463.2417464,63402
Y-HexNAc2,Y,522.2788602,63402
Hex1NeuAc1-B,B,579.2890905,63402
Y-Hex2HexNAc1-B,BY,653.32587,63402
YY-Hex1HexNAc2,YY,712.3629838,63402
Hex1HexNAc1NeuAc1-B,B,824.4154133,63402
Y-Hex2HexNAc2-B,BY,898.4521927,63402
Y-Hex2HexNAc1NeuAc1-B,BY,1014.499537,63402
Hex3HexNAc2-B,B,1116.567616,63402
Y-Hex2HexNAc2NeuAc1-B,BY,1259.62586,63402
Y-Hex4HexNAc2-B,BY,1306.65174,63402
YY-Hex3HexNAc3,YY,1365.688854,63402
Y-Hex3HexNAc2NeuAc1-B,BY,1463.725633,63402
Y-Hex3HexNAc2NeuAc1-B,BY,1463.725633,63402
Y-Hex4HexNAc3-B,BY,1551.778063,63402
YY-Hex3HexNAc4,YY,1610.815176,63402
YY-Hex3HexNAc3NeuAc1,YY,1726.862521,63402
Y-Hex4HexNAc4,Y,1828.9306,63402
Hex3HexNAc2NeuAc2-B,B,1838.91495,63402
YY-Hex3HexNAc4NeuAc1,YY,1971.988843,63402
YY-Hex3HexNAc4NeuAc1,YY,1971.988843,63402
YY-Hex5HexNAc4,YY,2019.014724,63402
Y-Hex4HexNAc2NeuAc2-B,BY,2028.999074,63402
YY-Hex4HexNAc4NeuAc1,YY,2176.088617,63402
YY-Hex5HexNAc5,YY,2264.141046,63402
Y-Hex4HexNAc3NeuAc2-B,BY,2274.125396,63402
Y-Hex6HexNAc3NeuAc1-B,BY,2321.151277,63402
YY-Hex5HexNAc4NeuAc1,YY,2380.188391,63402
YY-Hex6HexNAc5,YY,2468.24082,63402
YY-Hex5HexNAc6,YY,2509.267369,63402
Y-Hex4HexNAc4NeuAc2,Y,2551.277934,63402
Y-Hex6HexNAc4NeuAc1-B,BY,2566.277599,63402
Y-Hex6HexNAc4NeuAc1-B,BY,2566.277599,63402
YY-Hex5HexNAc5NeuAc1,YY,2625.314713,63402
YY-Hex5HexNAc5NeuAc1,YY,2625.314713,63402
YY-Hex5HexNAc5NeuAc1,YY,2625.314713,63402
Y-Hex6HexNAc3NeuAc2-B,BY,2682.324944,63402
YY-Hex6HexNAc6,YY,2713.367143,63402
YY-Hex5HexNAc4NeuAc2,YY,2741.362057,63402
Y-Hex7HexNAc4NeuAc1-B,BY,2770.377373,63402
Y-Hex7HexNAc4NeuAc1-B,BY,2770.377373,63402
Y-Hex6HexNAc5NeuAc1-B,BY,2811.403922,63402
YY-Hex6HexNAc5NeuAc1,YY,2829.414487,63402
Y-Hex6HexNAc5NeuAc1,Y,2843.430137,63402
YY-Hex5HexNAc6NeuAc1,YY,2870.441036,63402
YY-Hex7HexNAc6,YY,2917.466916,63402
Y-Hex6HexNAc4NeuAc2-B,BY,2927.451266,63402
Y-Hex6HexNAc4NeuAc2-B,BY,2927.451266,63402
YY-Hex5HexNAc5NeuAc2,YY,2986.48838,63402
Y-Hex7HexNAc5NeuAc1-B,BY,3015.503696,63402
Y-Hex7HexNAc5NeuAc1-B,BY,3015.503696,63402
YY-Hex6HexNAc6NeuAc1,YY,3074.54081,63402
YY-Hex6HexNAc6NeuAc1,YY,3074.54081,63402
Y-Hex6HexNAc6NeuAc1,Y,3088.55646,63402
Hex7HexNAc4NeuAc2-B,B,3145.56669,63402
Y-Hex6HexNAc5NeuAc2-B,BY,3172.577589,63402
Y-Hex6HexNAc5NeuAc2,Y,3204.603804,63402
YY-Hex5HexNAc6NeuAc2,YY,3231.614703,63402
Y-Hex7HexNAc6NeuAc1,Y,3292.656233,63402
Y-Hex7HexNAc6NeuAc1,Y,3292.656233,63402
Hex7HexNAc5NeuAc2-B,B,3390.693013,63402
Y-Hex6HexNAc6NeuAc2,Y,3449.730127,63402
Hex7HexNAc6NeuAc2,NA,3667.84555,63402
Y-Hex1-B,BY,204.0997736,63401
Hex1-B,B,218.1154237,63401
Y-HexNAc1-B,BY,245.1263227,63401
Y-HexNAc1-B,BY,245.1263227,63401
Y-HexNAc1,Y,277.1525375,63401
NeuAc1-B,B,375.1893169,63401
Y-Hex1HexNAc1-B,BY,449.2260963,63401
Hex1HexNAc1-B,B,463.2417464,63401
Y-HexNAc2,Y,522.2788602,63401
Hex1NeuAc1-B,B,579.2890905,63401
Y-Hex2HexNAc1-B,BY,653.32587,63401
YY-Hex1HexNAc2,YY,712.3629838,63401
Hex1HexNAc1NeuAc1-B,B,824.4154133,63401
Y-Hex2HexNAc2-B,BY,898.4521927,63401
Y-Hex2HexNAc2-B,BY,898.4521927,63401
Y-Hex2HexNAc1NeuAc1-B,BY,1014.499537,63401
Y-Hex3HexNAc2-B,BY,1102.551966,63401
Hex3HexNAc2-B,B,1116.567616,63401
Y-Hex2HexNAc2NeuAc1-B,BY,1259.62586,63401
Y-Hex4HexNAc2-B,BY,1306.65174,63401
YY-Hex3HexNAc3,YY,1365.688854,63401
Hex3HexNAc2NeuAc1-B,B,1477.741283,63401
Y-Hex4HexNAc3-B,BY,1551.778063,63401
YY-Hex3HexNAc4,YY,1610.815176,63401
Y-Hex4HexNAc2NeuAc1-B,BY,1667.825407,63401
YY-Hex3HexNAc3NeuAc1,YY,1726.862521,63401
YY-Hex4HexNAc4,YY,1814.91495,63401
Y-Hex4HexNAc4,Y,1828.9306,63401
Y-Hex4HexNAc3NeuAc1-B,BY,1912.95173,63401
Y-Hex6HexNAc3-B,BY,1959.97761,63401
YY-Hex3HexNAc4NeuAc1,YY,1971.988843,63401
YY-Hex5HexNAc4,YY,2019.014724,63401
YY-Hex5HexNAc4,YY,2019.014724,63401
Y-Hex4HexNAc4NeuAc1,Y,2190.104267,63401
Y-Hex6HexNAc4-B,BY,2205.103933,63401
Y-Hex6HexNAc4-B,BY,2205.103933,63401
YY-Hex5HexNAc5,YY,2264.141046,63401
YY-Hex5HexNAc5,YY,2264.141046,63401
Y-Hex6HexNAc3NeuAc1-B,BY,2321.151277,63401
Y-Hex6HexNAc3NeuAc1-B,BY,2321.151277,63401
YY-Hex5HexNAc4NeuAc1,YY,2380.188391,63401
YY-Hex5HexNAc4NeuAc1,YY,2380.188391,63401
Y-Hex7HexNAc4-B,BY,2409.203706,63401
Y-Hex6HexNAc5-B,BY,2450.230255,63401
YY-Hex6HexNAc5,YY,2468.24082,63401
YY-Hex6HexNAc5,YY,2468.24082,63401
Y-Hex6HexNAc5,Y,2482.25647,63401
YY-Hex5HexNAc6,YY,2509.267369,63401
YY-Hex5HexNAc6,YY,2509.267369,63401
Y-Hex6HexNAc4NeuAc1-B,BY,2566.277599,63401
Y-Hex6HexNAc4NeuAc1-B,BY,2566.277599,63401
Y-Hex6HexNAc4NeuAc1-B,BY,2566.277599,63401
Y-Hex6HexNAc4NeuAc1-B,BY,2566.277599,63401
YY-Hex5HexNAc5NeuAc1,YY,2625.314713,63401
YY-Hex5HexNAc5NeuAc1,YY,2625.314713,63401
YY-Hex5HexNAc5NeuAc1,YY,2625.314713,63401
Y-Hex7HexNAc5-B,BY,2654.330029,63401
YY-Hex6HexNAc6,YY,2713.367143,63401
YY-Hex6HexNAc6,YY,2713.367143,63401
Y-Hex6HexNAc6,Y,2727.382793,63401
Hex7HexNAc4NeuAc1-B,B,2784.393023,63401
Y-Hex6HexNAc5NeuAc1-B,BY,2811.403922,63401
Y-Hex6HexNAc5NeuAc1-B,BY,2811.403922,63401
Y-Hex6HexNAc5NeuAc1,Y,2843.430137,63401
Y-Hex6HexNAc5NeuAc1,Y,2843.430137,63401
YY-Hex5HexNAc6NeuAc1,YY,2870.441036,63401
YY-Hex5HexNAc6NeuAc1,YY,2870.441036,63401
Y-Hex7HexNAc6,Y,2931.482566,63401
Hex7HexNAc5NeuAc1-B,B,3029.519346,63401
Y-Hex6HexNAc6NeuAc1,Y,3088.55646,63401
Y-Hex6HexNAc6NeuAc1,Y,3088.55646,63401
Hex7HexNAc6NeuAc1,NA,3306.671883,63401
Hex1-B,B,218.1154237,63400
Y-HexNAc1-B,BY,245.1263227,63400
Y-HexNAc1-B,BY,245.1263227,63400
Y-HexNAc1,Y,277.1525375,63400
Hex1HexNAc1-B,B,463.2417464,63400
Y-HexNAc2,Y,522.2788602,63400
Y-Hex2HexNAc1-B,BY,653.32587,63400
YY-Hex1HexNAc2,YY,712.3629838,63400
Y-Hex2HexNAc2-B,BY,898.4521927,63400
Y-Hex2HexNAc2-B,BY,898.4521927,63400
Hex3HexNAc2-B,B,1116.567616,63400
Y-Hex4HexNAc2-B,BY,1306.65174,63400
YY-Hex3HexNAc3,YY,1365.688854,63400
Y-Hex4HexNAc3-B,BY,1551.778063,63400
YY-Hex3HexNAc4,YY,1610.815176,63400
Y-Hex4HexNAc4,Y,1828.9306,63400
Y-Hex6HexNAc3-B,BY,1959.97761,63400
YY-Hex5HexNAc4,YY,2019.014724,63400
YY-Hex5HexNAc4,YY,2019.014724,63400
Y-Hex6HexNAc4-B,BY,2205.103933,63400
Y-Hex6HexNAc4-B,BY,2205.103933,63400
Y-Hex6HexNAc4-B,BY,2205.103933,63400
YY-Hex5HexNAc5,YY,2264.141046,63400
YY-Hex5HexNAc5,YY,2264.141046,63400
YY-Hex5HexNAc5,YY,2264.141046,63400
Hex7HexNAc4-B,B,2423.219356,63400
Y-Hex6HexNAc5-B,BY,2450.230255,63400
Y-Hex6HexNAc5-B,BY,2450.230255,63400
Y-Hex6HexNAc5,Y,2482.25647,63400
YY-Hex5HexNAc6,YY,2509.267369,63400
YY-Hex5HexNAc6,YY,2509.267369,63400
YY-Hex5HexNAc6,YY,2509.267369,63400
Hex7HexNAc5-B,B,2668.345679,63400
Y-Hex6HexNAc6,Y,2727.382793,63400
Y-Hex6HexNAc6,Y,2727.382793,63400
Hex7HexNAc6,NA,2945.498217,63400
dHex1-B,B,188.104859,63340
Hex1-B,B,218.1154237,63340
Y-HexNAc1-B,BY,245.1263227,63340
Y-HexNAc1-B,BY,245.1263227,63340
Y-HexNAc1-B,BY,245.1263227,63340
YY-HexNAc1,YY,263.1368874,63340
Y-HexNAc1dHex1-B,BY,419.2155317,63340
HexNAc1dHex1-B,B,433.2311817,63340
Y-Hex1HexNAc1-B,BY,449.2260963,63340
Y-HexNAc1dHex1,Y,451.2417464,63340
Hex1HexNAc1-B,B,463.2417464,63340
YY-HexNAc2,YY,508.2632101,63340
Y-Hex1HexNAc1dHex1-B,BY,623.3153053,63340
Hex1HexNAc1dHex1-B,B,637.3309553,63340
Y-Hex2HexNAc1-B,BY,653.32587,63340
Y-HexNAc2dHex1,Y,696.3680691,63340
Y-Hex2HexNAc1dHex1-B,BY,827.4150789,63340
YY-Hex1HexNAc2dHex1,YY,886.4521927,63340
Y-Hex1HexNAc2dHex2-B,BY,1042.530837,63340
Y-Hex2HexNAc2dHex1-B,BY,1072.541402,63340
Y-Hex2HexNAc2dHex1-B,BY,1072.541402,63340
Y-Hex2HexNAc2dHex1-B,BY,1072.541402,63340
Y-Hex2HexNAc2dHex1-B,BY,1072.541402,63340
Y-Hex3HexNAc2-B,BY,1102.551966,63340
Hex2HexNAc2dHex2-B,B,1260.646261,63340
Hex3HexNAc2dHex1-B,B,1290.656825,63340
Y-Hex3HexNAc2dHex2-B,BY,1450.730384,63340
Y-Hex4HexNAc2dHex1-B,BY,1480.740949,63340
YY-Hex2HexNAc3dHex2,YY,1509.767498,63340
YY-Hex3HexNAc3dHex1,YY,1539.778063,63340
Y-Hex3HexNAc3dHex2-B,BY,1695.856707,63340
YY-Hex3HexNAc3dHex2,YY,1713.867272,63340
Y-Hex4HexNAc3dHex1-B,BY,1725.867272,63340
YY-Hex2HexNAc4dHex3,YY,1928.98303,63340
YY-Hex3HexNAc4dHex2,YY,1958.993594,63340
YY-Hex3HexNAc4dHex2,YY,1958.993594,63340
YY-Hex3HexNAc4dHex2,YY,1958.993594,63340
YY-Hex3HexNAc4dHex2,YY,1958.993594,63340
YY-Hex3HexNAc4dHex2,YY,1958.993594,63340
YY-Hex4HexNAc4dHex1,YY,1989.004159,63340
YY-Hex4HexNAc4dHex1,YY,1989.004159,63340
Y-Hex5HexNAc3dHex2-B,BY,2104.056254,63340
Y-Hex5HexNAc3dHex2-B,BY,2104.056254,63340
Y-Hex3HexNAc4dHex3,Y,2147.098453,63340
YY-Hex4HexNAc4dHex2,YY,2163.093368,63340
Y-Hex4HexNAc4dHex2,Y,2177.109018,63340
Y-Hex5HexNAc3dHex3-B,BY,2278.145463,63340
Y-Hex6HexNAc3dHex2-B,BY,2308.156028,63340
YY-Hex4HexNAc4dHex3,YY,2337.182577,63340
YY-Hex4HexNAc4dHex3,YY,2337.182577,63340
Y-Hex5HexNAc4dHex2-B,BY,2349.182577,63340
Y-Hex5HexNAc4dHex2-B,BY,2349.182577,63340
YY-Hex5HexNAc4dHex2,YY,2367.193142,63340
YY-Hex5HexNAc4dHex2,YY,2367.193142,63340
Y-Hex5HexNAc4dHex3-B,BY,2523.271786,63340
Y-Hex5HexNAc4dHex3-B,BY,2523.271786,63340
Y-Hex5HexNAc4dHex3-B,BY,2523.271786,63340
Y-Hex5HexNAc4dHex3-B,BY,2523.271786,63340
YY-Hex5HexNAc4dHex3,YY,2541.28235,63340
Y-Hex6HexNAc4dHex2-B,BY,2553.28235,63340
Y-Hex6HexNAc4dHex2-B,BY,2553.28235,63340
Y-Hex6HexNAc4dHex2-B,BY,2553.28235,63340
Y-Hex6HexNAc4dHex2-B,BY,2553.28235,63340
YY-Hex4HexNAc5dHex3,YY,2582.3089,63340
YY-Hex4HexNAc5dHex3,YY,2582.3089,63340
YY-Hex4HexNAc5dHex3,YY,2582.3089,63340
YY-Hex4HexNAc5dHex3,YY,2582.3089,63340
YY-Hex5HexNAc5dHex2,YY,2612.319464,63340
YY-Hex5HexNAc5dHex2,YY,2612.319464,63340
YY-Hex5HexNAc5dHex2,YY,2612.319464,63340
YY-Hex5HexNAc5dHex2,YY,2612.319464,63340
YY-Hex5HexNAc5dHex2,YY,2612.319464,63340
YY-Hex5HexNAc5dHex2,YY,2612.319464,63340
Hex6HexNAc4dHex3-B,B,2741.387209,63340
YY-Hex4HexNAc5dHex4,YY,2756.398109,63340
YY-Hex4HexNAc5dHex4,YY,2756.398109,63340
Y-Hex5HexNAc5dHex3-B,BY,2768.398109,63340
Y-Hex5HexNAc5dHex3-B,BY,2768.398109,63340
Y-Hex5HexNAc5dHex3-B,BY,2768.398109,63340
YY-Hex5HexNAc5dHex3,YY,2786.408673,63340
YY-Hex5HexNAc5dHex3,YY,2786.408673,63340
YY-Hex5HexNAc5dHex3,YY,2786.408673,63340
YY-Hex5HexNAc5dHex3,YY,2786.408673,63340
YY-Hex5HexNAc5dHex3,YY,2786.408673,63340
YY-Hex5HexNAc5dHex3,YY,2786.408673,63340
YY-Hex5HexNAc5dHex3,YY,2786.408673,63340
Y-Hex6HexNAc5dHex2-B,BY,2798.408673,63340
Y-Hex6HexNAc5dHex2-B,BY,2798.408673,63340
Y-Hex6HexNAc5dHex2-B,BY,2798.408673,63340
Y-Hex5HexNAc5dHex3,Y,2800.424323,63340
Y-Hex5HexNAc5dHex3,Y,2800.424323,63340
YY-Hex6HexNAc5dHex2,YY,2816.419238,63340
YY-Hex6HexNAc5dHex2,YY,2816.419238,63340
YY-Hex6HexNAc5dHex2,YY,2816.419238,63340
Y-Hex5HexNAc5dHex4,Y,2974.513532,63340
Hex6HexNAc5dHex3-B,B,2986.513532,63340
YY-Hex4HexNAc6dHex4,YY,3001.524431,63340
YY-Hex4HexNAc6dHex4,YY,3001.524431,63340
YY-Hex4HexNAc6dHex4,YY,3001.524431,63340
Y-Hex6HexNAc5dHex3,Y,3004.524097,63340
YY-Hex5HexNAc6dHex3,YY,3031.534996,63340
YY-Hex5HexNAc6dHex3,YY,3031.534996,63340
YY-Hex5HexNAc6dHex3,YY,3031.534996,63340
YY-Hex5HexNAc6dHex3,YY,3031.534996,63340
YY-Hex5HexNAc6dHex3,YY,3031.534996,63340
YY-Hex5HexNAc6dHex3,YY,3031.534996,63340
YY-Hex5HexNAc6dHex3,YY,3031.534996,63340
YY-Hex5HexNAc6dHex3,YY,3031.534996,63340
YY-Hex5HexNAc6dHex3,YY,3031.534996,63340
YY-Hex5HexNAc6dHex3,YY,3031.534996,63340
YY-Hex5HexNAc6dHex3,YY,3031.534996,63340
YY-Hex5HexNAc6dHex3,YY,3031.534996,63340
YY-Hex6HexNAc6dHex2,YY,3061.545561,63340
YY-Hex6HexNAc6dHex2,YY,3061.545561,63340
YY-Hex6HexNAc6dHex2,YY,3061.545561,63340
YY-Hex6HexNAc6dHex2,YY,3061.545561,63340
YY-Hex6HexNAc6dHex2,YY,3061.545561,63340
YY-Hex6HexNAc6dHex2,YY,3061.545561,63340
Y-Hex5HexNAc6dHex4,Y,3219.639855,63340
Y-Hex5HexNAc6dHex4,Y,3219.639855,63340
Y-Hex5HexNAc6dHex4,Y,3219.639855,63340
Y-Hex6HexNAc6dHex3,Y,3249.65042,63340
Y-Hex6HexNAc6dHex3,Y,3249.65042,63340
Y-Hex6HexNAc6dHex3,Y,3249.65042,63340
Y-Hex6HexNAc6dHex3,Y,3249.65042,63340
Hex6HexNAc6dHex4,NA,3437.755279,63340
dHex1-B,B,188.104859,63331
Y-Hex1-B,BY,204.0997736,63331
Y-Hex1-B,BY,204.0997736,63331
Hex1-B,B,218.1154237,63331
Y-HexNAc1-B,BY,245.1263227,63331
Y-HexNAc1-B,BY,245.1263227,63331
HexNAc1-B,B,259.1419728,63331
YY-HexNAc1,YY,263.1368874,63331
NeuAc1-B,B,375.1893169,63331
Y-HexNAc1dHex1-B,BY,419.2155317,63331
Y-Hex1HexNAc1-B,BY,449.2260963,63331
Y-Hex1HexNAc1-B,BY,449.2260963,63331
Y-HexNAc1dHex1,Y,451.2417464,63331
YY-HexNAc2,YY,508.2632101,63331
Hex1NeuAc1-B,B,579.2890905,63331
Y-Hex1HexNAc1dHex1-B,BY,623.3153053,63331
Hex1HexNAc1dHex1-B,B,637.3309553,63331
Y-Hex2HexNAc1-B,BY,653.32587,63331
Y-HexNAc2dHex1,Y,696.3680691,63331
Hex1HexNAc1NeuAc1-B,B,824.4154133,63331
Y-Hex2HexNAc1dHex1-B,BY,827.4150789,63331
Hex2HexNAc1dHex1-B,B,841.430729,63331
Y-Hex2HexNAc1NeuAc1-B,BY,1014.499537,63331
Y-Hex2HexNAc2dHex1-B,BY,1072.541402,63331
YY-Hex1HexNAc3dHex1,YY,1131.578515,63331
Y-Hex3HexNAc2dHex1-B,BY,1276.641175,63331
Y-Hex3HexNAc2dHex1-B,BY,1276.641175,63331
YY-Hex2HexNAc3dHex1,YY,1335.678289,63331
Y-Hex2HexNAc2NeuAc1dHex1-B,BY,1433.715068,63331
Y-Hex3HexNAc2NeuAc1-B,BY,1463.725633,63331
Y-Hex3HexNAc3dHex1-B,BY,1521.767498,63331
Hex3HexNAc2NeuAc1dHex1-B,B,1651.830492,63331
YY-Hex3HexNAc3dHex2,YY,1713.867272,63331
YY-Hex2HexNAc4dHex2,YY,1754.893821,63331
YY-Hex3HexNAc4dHex1,YY,1784.904385,63331
YY-Hex3HexNAc4dHex1,YY,1784.904385,63331
YY-Hex3HexNAc4dHex2,YY,1958.993594,63331
Y-Hex3HexNAc4dHex2,Y,1973.009244,63331
Y-Hex4HexNAc3NeuAc1dHex1-B,BY,2087.040938,63331
Y-Hex5HexNAc3dHex2-B,BY,2104.056254,63331
YY-Hex3HexNAc4NeuAc1dHex1,YY,2146.078052,63331
YY-Hex4HexNAc4dHex2,YY,2163.093368,63331
YY-Hex4HexNAc4dHex2,YY,2163.093368,63331
YY-Hex3HexNAc5dHex2,YY,2204.119917,63331
Y-Hex5HexNAc3NeuAc1dHex1-B,BY,2291.140712,63331
Y-Hex5HexNAc3NeuAc1dHex1-B,BY,2291.140712,63331
Y-Hex4HexNAc4NeuAc1dHex1-B,BY,2332.167261,63331
Y-Hex5HexNAc4dHex2-B,BY,2349.182577,63331
Y-Hex5HexNAc4dHex2-B,BY,2349.182577,63331
YY-Hex4HexNAc4NeuAc1dHex1,YY,2350.177826,63331
YY-Hex4HexNAc5dHex2,YY,2408.219691,63331
YY-Hex4HexNAc5dHex2,YY,2408.219691,63331
YY-Hex4HexNAc5dHex2,YY,2408.219691,63331
YY-Hex4HexNAc4NeuAc1dHex2,YY,2524.267035,63331
Y-Hex5HexNAc4NeuAc1dHex1-B,BY,2536.267035,63331
Y-Hex5HexNAc4NeuAc1dHex1-B,BY,2536.267035,63331
YY-Hex5HexNAc4dHex3,YY,2541.28235,63331
Y-Hex6HexNAc4dHex2-B,BY,2553.28235,63331
YY-Hex3HexNAc5NeuAc1dHex2,YY,2565.293584,63331
YY-Hex4HexNAc5dHex3,YY,2582.3089,63331
YY-Hex4HexNAc5dHex3,YY,2582.3089,63331
Y-Hex5HexNAc5dHex2-B,BY,2594.3089,63331
YY-Hex4HexNAc5NeuAc1dHex1,YY,2595.304149,63331
YY-Hex4HexNAc5NeuAc1dHex1,YY,2595.304149,63331
YY-Hex5HexNAc5dHex2,YY,2612.319464,63331
YY-Hex5HexNAc5dHex2,YY,2612.319464,63331
YY-Hex5HexNAc5dHex2,YY,2612.319464,63331
YY-Hex5HexNAc5dHex2,YY,2612.319464,63331
YY-Hex5HexNAc5dHex2,YY,2612.319464,63331
Y-Hex6HexNAc3NeuAc1dHex2-B,BY,2669.329695,63331
Y-Hex5HexNAc4NeuAc1dHex2-B,BY,2710.356244,63331
Y-Hex5HexNAc4NeuAc1dHex2-B,BY,2710.356244,63331
YY-Hex5HexNAc4NeuAc1dHex2,YY,2728.366808,63331
YY-Hex5HexNAc4NeuAc1dHex2,YY,2728.366808,63331
Y-Hex6HexNAc4NeuAc1dHex1-B,BY,2740.366808,63331
Y-Hex6HexNAc4NeuAc1dHex1-B,BY,2740.366808,63331
YY-Hex4HexNAc5NeuAc1dHex2,YY,2769.393358,63331
YY-Hex4HexNAc5NeuAc1dHex2,YY,2769.393358,63331
Y-Hex4HexNAc5NeuAc1dHex2,Y,2783.409008,63331
YY-Hex5HexNAc5dHex3,YY,2786.408673,63331
Y-Hex6HexNAc5dHex2-B,BY,2798.408673,63331
YY-Hex5HexNAc5NeuAc1dHex1,YY,2799.403922,63331
YY-Hex5HexNAc5NeuAc1dHex1,YY,2799.403922,63331
YY-Hex5HexNAc5NeuAc1dHex1,YY,2799.403922,63331
YY-Hex5HexNAc5NeuAc1dHex1,YY,2799.403922,63331
Y-Hex5HexNAc5dHex3,Y,2800.424323,63331
YY-Hex4HexNAc6dHex3,YY,2827.435222,63331
YY-Hex4HexNAc6dHex3,YY,2827.435222,63331
YY-Hex5HexNAc6dHex2,YY,2857.445787,63331
YY-Hex5HexNAc6dHex2,YY,2857.445787,63331
YY-Hex5HexNAc6dHex2,YY,2857.445787,63331
Y-Hex6HexNAc4NeuAc1dHex2-B,BY,2914.456017,63331
Hex6HexNAc4NeuAc1dHex2-B,B,2928.471667,63331
Y-Hex5HexNAc5NeuAc1dHex2-B,BY,2955.482566,63331
Y-Hex5HexNAc5NeuAc1dHex2-B,BY,2955.482566,63331
Y-Hex6HexNAc5NeuAc1dHex1-B,BY,2985.493131,63331
Y-Hex6HexNAc5NeuAc1dHex1-B,BY,2985.493131,63331
Y-Hex5HexNAc5NeuAc1dHex2,Y,2987.508781,63331
Y-Hex5HexNAc5NeuAc1dHex2,Y,2987.508781,63331
YY-Hex6HexNAc5dHex3,YY,2990.508447,63331
YY-Hex5HexNAc6dHex3,YY,3031.534996,63331
YY-Hex5HexNAc6dHex3,YY,3031.534996,63331
Y-Hex5HexNAc6dHex3,Y,3045.550646,63331
YY-Hex6HexNAc6dHex2,YY,3061.545561,63331
YY-Hex6HexNAc6dHex2,YY,3061.545561,63331
YY-Hex6HexNAc6dHex2,YY,3061.545561,63331
YY-Hex5HexNAc5NeuAc1dHex3,YY,3147.58234,63331
YY-Hex5HexNAc5NeuAc1dHex3,YY,3147.58234,63331
Hex6HexNAc5NeuAc1dHex2-B,B,3173.59799,63331
YY-Hex6HexNAc5NeuAc1dHex2,YY,3177.592905,63331
YY-Hex6HexNAc5NeuAc1dHex2,YY,3177.592905,63331
YY-Hex6HexNAc5NeuAc1dHex2,YY,3177.592905,63331
YY-Hex4HexNAc6NeuAc1dHex3,YY,3188.608889,63331
YY-Hex5HexNAc6NeuAc1dHex2,YY,3218.619454,63331
YY-Hex5HexNAc6NeuAc1dHex2,YY,3218.619454,63331
YY-Hex5HexNAc6NeuAc1dHex2,YY,3218.619454,63331
YY-Hex5HexNAc6NeuAc1dHex2,YY,3218.619454,63331
YY-Hex5HexNAc6NeuAc1dHex2,YY,3218.619454,63331
YY-Hex5HexNAc6NeuAc1dHex2,YY,3218.619454,63331
YY-Hex6HexNAc6NeuAc1dHex1,YY,3248.630019,63331
YY-Hex6HexNAc6NeuAc1dHex1,YY,3248.630019,63331
YY-Hex6HexNAc6NeuAc1dHex1,YY,3248.630019,63331
Y-Hex6HexNAc6dHex3,Y,3249.65042,63331
Y-Hex6HexNAc5NeuAc1dHex3,Y,3365.697764,63331
Y-Hex5HexNAc6NeuAc1dHex3,Y,3406.724313,63331
Y-Hex5HexNAc6NeuAc1dHex3,Y,3406.724313,63331
Y-Hex6HexNAc6NeuAc1dHex2,Y,3436.734878,63331
Y-Hex6HexNAc6NeuAc1dHex2,Y,3436.734878,63331
Y-Hex6HexNAc6NeuAc1dHex2,Y,3436.734878,63331
Hex6HexNAc6NeuAc1dHex3,NA,3624.839737,63331
dHex1-B,B,188.104859,63322
Y-Hex1-B,BY,204.0997736,63322
Y-Hex1-B,BY,204.0997736,63322
Hex1-B,B,218.1154237,63322
Y-HexNAc1-B,BY,245.1263227,63322
Y-HexNAc1-B,BY,245.1263227,63322
HexNAc1-B,B,259.1419728,63322
YY-HexNAc1,YY,263.1368874,63322
NeuAc1-B,B,375.1893169,63322
Y-Hex1HexNAc1-B,BY,449.2260963,63322
Y-HexNAc1dHex1,Y,451.2417464,63322
YY-HexNAc2,YY,508.2632101,63322
Hex1NeuAc1-B,B,579.2890905,63322
Y-Hex1HexNAc1dHex1-B,BY,623.3153053,63322
Y-HexNAc2dHex1-B,BY,664.3418544,63322
Y-Hex1HexNAc2-B,BY,694.3524191,63322
Y-HexNAc2dHex1,Y,696.3680691,63322
Hex1HexNAc1NeuAc1-B,B,824.4154133,63322
Y-Hex2HexNAc1dHex1-B,BY,827.4150789,63322
Y-Hex1HexNAc2dHex1-B,BY,868.441628,63322
Hex1HexNAc2dHex1-B,B,882.4572781,63322
YY-Hex1HexNAc2dHex1,YY,886.4521927,63322
Y-Hex2HexNAc2-B,BY,898.4521927,63322
Y-Hex2HexNAc1NeuAc1-B,BY,1014.499537,63322
Hex2HexNAc2dHex1-B,B,1086.557052,63322
YY-Hex2HexNAc2dHex1,YY,1090.551966,63322
Y-Hex2HexNAc2NeuAc1-B,BY,1259.62586,63322
Y-Hex3HexNAc2dHex1-B,BY,1276.641175,63322
Y-Hex3HexNAc2NeuAc1-B,BY,1463.725633,63322
Y-Hex3HexNAc2NeuAc1-B,BY,1463.725633,63322
Y-Hex3HexNAc3dHex1-B,BY,1521.767498,63322
YY-Hex3HexNAc3dHex2,YY,1713.867272,63322
YY-Hex2HexNAc4dHex2,YY,1754.893821,63322
YY-Hex3HexNAc4dHex1,YY,1784.904385,63322
YY-Hex3HexNAc4dHex1,YY,1784.904385,63322
Hex3HexNAc2NeuAc2-B,B,1838.91495,63322
YY-Hex3HexNAc3NeuAc1dHex1,YY,1900.95173,63322
Y-Hex3HexNAc4dHex2,Y,1973.009244,63322
Y-Hex4HexNAc2NeuAc2-B,BY,2028.999074,63322
YY-Hex4HexNAc3NeuAc1dHex1,YY,2105.051503,63322
YY-Hex3HexNAc4NeuAc1dHex1,YY,2146.078052,63322
YY-Hex3HexNAc4NeuAc1dHex1,YY,2146.078052,63322
YY-Hex4HexNAc4dHex2,YY,2163.093368,63322
Y-Hex5HexNAc2NeuAc2-B,BY,2233.098847,63322
Y-Hex4HexNAc3NeuAc2-B,BY,2274.125396,63322
Y-Hex5HexNAc3NeuAc1dHex1-B,BY,2291.140712,63322
YY-Hex4HexNAc4NeuAc1dHex1,YY,2350.177826,63322
YY-Hex4HexNAc4NeuAc1dHex1,YY,2350.177826,63322
YY-Hex4HexNAc5dHex2,YY,2408.219691,63322
Y-Hex5HexNAc3NeuAc2-B,BY,2478.22517,63322
Y-Hex5HexNAc4NeuAc1dHex1-B,BY,2536.267035,63322
Y-Hex5HexNAc4NeuAc1dHex1-B,BY,2536.267035,63322
YY-Hex4HexNAc4NeuAc2,YY,2537.262284,63322
YY-Hex5HexNAc4NeuAc1dHex1,YY,2554.277599,63322
YY-Hex5HexNAc4NeuAc1dHex1,YY,2554.277599,63322
YY-Hex5HexNAc5dHex2,YY,2612.319464,63322
YY-Hex4HexNAc6dHex2,YY,2653.346013,63322
Y-Hex4HexNAc4NeuAc2dHex1,Y,2725.367143,63322
YY-Hex5HexNAc4NeuAc1dHex2,YY,2728.366808,63322
Y-Hex6HexNAc4NeuAc1dHex1-B,BY,2740.366808,63322
Y-Hex6HexNAc4NeuAc1dHex1-B,BY,2740.366808,63322
YY-Hex5HexNAc4NeuAc2,YY,2741.362057,63322
YY-Hex4HexNAc5NeuAc1dHex2,YY,2769.393358,63322
Y-Hex5HexNAc5NeuAc1dHex1-B,BY,2781.393358,63322
YY-Hex5HexNAc5NeuAc1dHex1,YY,2799.403922,63322
YY-Hex5HexNAc5NeuAc1dHex1,YY,2799.403922,63322
Y-Hex6HexNAc3NeuAc2dHex1-B,BY,2856.414153,63322
YY-Hex5HexNAc6dHex2,YY,2857.445787,63322
Y-Hex5HexNAc4NeuAc2dHex1-B,BY,2897.440702,63322
Y-Hex6HexNAc4NeuAc2-B,BY,2927.451266,63322
Y-Hex5HexNAc4NeuAc2dHex1,Y,2929.466916,63322
YY-Hex5HexNAc5NeuAc1dHex2,YY,2973.493131,63322
Y-Hex6HexNAc5NeuAc1dHex1-B,BY,2985.493131,63322
Y-Hex6HexNAc5NeuAc1dHex1-B,BY,2985.493131,63322
Y-Hex5HexNAc5NeuAc1dHex2,Y,2987.508781,63322
YY-Hex4HexNAc6NeuAc1dHex2,YY,3014.51968,63322
YY-Hex5HexNAc6NeuAc1dHex1,YY,3044.530245,63322
YY-Hex5HexNAc6NeuAc1dHex1,YY,3044.530245,63322
YY-Hex6HexNAc6dHex2,YY,3061.545561,63322
Y-Hex6HexNAc4NeuAc2dHex1-B,BY,3101.540475,63322
Hex6HexNAc4NeuAc2dHex1-B,B,3115.556125,63322
Y-Hex5HexNAc5NeuAc2dHex1-B,BY,3142.567024,63322
Y-Hex6HexNAc5NeuAc2-B,BY,3172.577589,63322
YY-Hex6HexNAc5NeuAc1dHex2,YY,3177.592905,63322
YY-Hex5HexNAc6NeuAc1dHex2,YY,3218.619454,63322
YY-Hex5HexNAc6NeuAc1dHex2,YY,3218.619454,63322
Y-Hex5HexNAc6NeuAc1dHex2,Y,3232.635104,63322
YY-Hex6HexNAc6NeuAc1dHex1,YY,3248.630019,63322
YY-Hex6HexNAc6NeuAc1dHex1,YY,3248.630019,63322
YY-Hex6HexNAc6NeuAc1dHex1,YY,3248.630019,63322
YY-Hex6HexNAc6NeuAc1dHex1,YY,3248.630019,63322
YY-Hex5HexNAc5NeuAc2dHex2,YY,3334.666798,63322
Hex6HexNAc5NeuAc2dHex1-B,B,3360.682448,63322
YY-Hex6HexNAc5NeuAc2dHex1,YY,3364.677363,63322
YY-Hex6HexNAc5NeuAc2dHex1,YY,3364.677363,63322
YY-Hex5HexNAc6NeuAc2dHex1,YY,3405.703912,63322
YY-Hex5HexNAc6NeuAc2dHex1,YY,3405.703912,63322
YY-Hex6HexNAc6NeuAc2,YY,3435.714476,63322
Y-Hex6HexNAc6NeuAc1dHex2,Y,3436.734878,63322
Y-Hex6HexNAc6NeuAc1dHex2,Y,3436.734878,63322
Y-Hex6HexNAc5NeuAc2dHex2,Y,3552.782222,63322
Y-Hex5HexNAc6NeuAc2dHex2,Y,3593.808771,63322
Y-Hex6HexNAc6NeuAc2dHex1,Y,3623.819335,63322
Y-Hex6HexNAc6NeuAc2dHex1,Y,3623.819335,63322
Hex6HexNAc6NeuAc2dHex2,NA,3811.924194,63322
dHex1-B,B,188.104859,63313
Y-Hex1-B,BY,204.0997736,63313
Y-HexNAc1-B,BY,245.1263227,63313
Y-HexNAc1-B,BY,245.1263227,63313
HexNAc1-B,B,259.1419728,63313
YY-HexNAc1,YY,263.1368874,63313
NeuAc1-B,B,375.1893169,63313
Y-Hex1HexNAc1-B,BY,449.2260963,63313
Y-Hex1HexNAc1-B,BY,449.2260963,63313
Y-HexNAc1dHex1,Y,451.2417464,63313
YY-HexNAc2,YY,508.2632101,63313
Hex1NeuAc1-B,B,579.2890905,63313
Y-Hex1HexNAc2-B,BY,694.3524191,63313
Y-HexNAc2dHex1,Y,696.3680691,63313
Hex1HexNAc1NeuAc1-B,B,824.4154133,63313
YY-Hex1HexNAc2dHex1,YY,886.4521927,63313
Y-Hex2HexNAc2-B,BY,898.4521927,63313
Y-Hex2HexNAc1NeuAc1-B,BY,1014.499537,63313
Y-Hex2HexNAc2NeuAc1-B,BY,1259.62586,63313
Hex2HexNAc2NeuAc1-B,B,1273.64151,63313
YY-Hex2HexNAc3dHex1,YY,1335.678289,63313
Y-Hex3HexNAc2NeuAc1-B,BY,1463.725633,63313
Y-Hex3HexNAc2NeuAc1-B,BY,1463.725633,63313
Y-Hex3HexNAc2NeuAc1-B,BY,1463.725633,63313
YY-Hex2HexNAc4dHex1,YY,1580.804612,63313
Y-Hex3HexNAc3NeuAc1-B,BY,1708.851956,63313
YY-Hex3HexNAc4dHex1,YY,1784.904385,63313
Hex3HexNAc2NeuAc2-B,B,1838.91495,63313
YY-Hex3HexNAc3NeuAc1dHex1,YY,1900.95173,63313
YY-Hex3HexNAc4NeuAc1,YY,1971.988843,63313
Y-Hex4HexNAc2NeuAc2-B,BY,2028.999074,63313
YY-Hex3HexNAc4NeuAc1dHex1,YY,2146.078052,63313
YY-Hex3HexNAc4NeuAc1dHex1,YY,2146.078052,63313
Y-Hex3HexNAc4NeuAc1dHex1,Y,2160.093702,63313
Y-Hex4HexNAc3NeuAc2-B,BY,2274.125396,63313
YY-Hex4HexNAc4NeuAc1dHex1,YY,2350.177826,63313
YY-Hex4HexNAc4NeuAc1dHex1,YY,2350.177826,63313
YY-Hex4HexNAc4NeuAc1dHex1,YY,2350.177826,63313
Y-Hex5HexNAc3NeuAc2-B,BY,2478.22517,63313
Y-Hex5HexNAc3NeuAc2-B,BY,2478.22517,63313
YY-Hex4HexNAc4NeuAc2,YY,2537.262284,63313
YY-Hex4HexNAc5NeuAc1dHex1,YY,2595.304149,63313
YY-Hex4HexNAc5NeuAc1dHex1,YY,2595.304149,63313
YY-Hex4HexNAc5NeuAc1dHex1,YY,2595.304149,63313
Y-Hex5HexNAc4NeuAc2-B,BY,2723.351493,63313
Y-Hex5HexNAc4NeuAc2-B,BY,2723.351493,63313
Y-Hex5HexNAc4NeuAc2-B,BY,2723.351493,63313
Y-Hex5HexNAc4NeuAc2-B,BY,2723.351493,63313
Y-Hex4HexNAc4NeuAc2dHex1,Y,2725.367143,63313
YY-Hex5HexNAc5NeuAc1dHex1,YY,2799.403922,63313
YY-Hex5HexNAc5NeuAc1dHex1,YY,2799.403922,63313
YY-Hex5HexNAc5NeuAc1dHex1,YY,2799.403922,63313
YY-Hex4HexNAc6NeuAc1dHex1,YY,2840.430471,63313
YY-Hex4HexNAc6NeuAc1dHex1,YY,2840.430471,63313
YY-Hex5HexNAc4NeuAc2dHex1,YY,2915.451266,63313
YY-Hex5HexNAc4NeuAc2dHex1,YY,2915.451266,63313
Y-Hex6HexNAc4NeuAc2-B,BY,2927.451266,63313
Y-Hex6HexNAc4NeuAc2-B,BY,2927.451266,63313
Y-Hex6HexNAc4NeuAc2-B,BY,2927.451266,63313
Y-Hex5HexNAc5NeuAc2-B,BY,2968.477815,63313
Y-Hex5HexNAc5NeuAc2-B,BY,2968.477815,63313
YY-Hex5HexNAc5NeuAc2,YY,2986.48838,63313
YY-Hex5HexNAc5NeuAc2,YY,2986.48838,63313
Y-Hex6HexNAc3NeuAc3-B,BY,3043.49861,63313
YY-Hex5HexNAc6NeuAc1dHex1,YY,3044.530245,63313
YY-Hex5HexNAc6NeuAc1dHex1,YY,3044.530245,63313
YY-Hex5HexNAc6NeuAc1dHex1,YY,3044.530245,63313
YY-Hex5HexNAc5NeuAc2dHex1,YY,3160.577589,63313
YY-Hex5HexNAc5NeuAc2dHex1,YY,3160.577589,63313
Y-Hex6HexNAc5NeuAc2-B,BY,3172.577589,63313
Y-Hex6HexNAc5NeuAc2-B,BY,3172.577589,63313
Y-Hex6HexNAc5NeuAc2-B,BY,3172.577589,63313
Y-Hex5HexNAc5NeuAc2dHex1,Y,3174.593239,63313
Y-Hex5HexNAc5NeuAc2dHex1,Y,3174.593239,63313
YY-Hex5HexNAc6NeuAc2,YY,3231.614703,63313
YY-Hex5HexNAc6NeuAc2,YY,3231.614703,63313
YY-Hex6HexNAc6NeuAc1dHex1,YY,3248.630019,63313
YY-Hex6HexNAc6NeuAc1dHex1,YY,3248.630019,63313
YY-Hex6HexNAc6NeuAc1dHex1,YY,3248.630019,63313
Y-Hex6HexNAc4NeuAc3-B,BY,3288.624933,63313
Hex6HexNAc4NeuAc3-B,B,3302.640583,63313
YY-Hex6HexNAc5NeuAc2dHex1,YY,3364.677363,63313
YY-Hex6HexNAc5NeuAc2dHex1,YY,3364.677363,63313
YY-Hex6HexNAc5NeuAc2dHex1,YY,3364.677363,63313
Y-Hex5HexNAc6NeuAc2dHex1,Y,3419.719562,63313
Y-Hex5HexNAc6NeuAc2dHex1,Y,3419.719562,63313
YY-Hex6HexNAc6NeuAc2,YY,3435.714476,63313
YY-Hex6HexNAc6NeuAc2,YY,3435.714476,63313
YY-Hex6HexNAc6NeuAc2,YY,3435.714476,63313
Hex6HexNAc5NeuAc3-B,B,3547.766906,63313
YY-Hex6HexNAc5NeuAc3,YY,3551.761821,63313
Y-Hex6HexNAc6NeuAc2dHex1,Y,3623.819335,63313
Y-Hex6HexNAc6NeuAc2dHex1,Y,3623.819335,63313
Y-Hex6HexNAc6NeuAc2dHex1,Y,3623.819335,63313
Y-Hex6HexNAc5NeuAc3dHex1,Y,3739.86668,63313
Y-Hex6HexNAc6NeuAc3,Y,3810.903793,63313
Hex6HexNAc6NeuAc3dHex1,NA,3999.008652,63313
dHex1-B,B,188.104859,63312
Y-Hex1-B,BY,204.0997736,63312
Hex1-B,B,218.1154237,63312
Y-HexNAc1-B,BY,245.1263227,63312
Y-HexNAc1-B,BY,245.1263227,63312
HexNAc1-B,B,259.1419728,63312
YY-HexNAc1,YY,263.1368874,63312
NeuAc1-B,B,375.1893169,63312
Y-Hex1HexNAc1-B,BY,449.2260963,63312
Y-Hex1HexNAc1-B,BY,449.2260963,63312
Y-HexNAc1dHex1,Y,451.2417464,63312
Hex1HexNAc1-B,B,463.2417464,63312
YY-HexNAc2,YY,508.2632101,63312
Hex1NeuAc1-B,B,579.2890905,63312
Y-Hex2HexNAc1-B,BY,653.32587,63312
Y-Hex1HexNAc2-B,BY,694.3524191,63312
Y-HexNAc2dHex1,Y,696.3680691,63312
Hex1HexNAc1NeuAc1-B,B,824.4154133,63312
YY-Hex1HexNAc2dHex1,YY,886.4521927,63312
Hex2HexNAc2-B,B,912.4678428,63312
Y-Hex2HexNAc1NeuAc1-B,BY,1014.499537,63312
Y-Hex3HexNAc2-B,BY,1102.551966,63312
Y-Hex2HexNAc2NeuAc1-B,BY,1259.62586,63312
YY-Hex2HexNAc3dHex1,YY,1335.678289,63312
Y-Hex3HexNAc3-B,BY,1347.678289,63312
Y-Hex3HexNAc2NeuAc1-B,BY,1463.725633,63312
YY-Hex3HexNAc3dHex1,YY,1539.778063,63312
YY-Hex2HexNAc4dHex1,YY,1580.804612,63312
YY-Hex3HexNAc4,YY,1610.815176,63312
Y-Hex3HexNAc4dHex1,Y,1798.920035,63312
Hex3HexNAc2NeuAc2-B,B,1838.91495,63312
YY-Hex3HexNAc3NeuAc1dHex1,YY,1900.95173,63312
YY-Hex4HexNAc4dHex1,YY,1989.004159,63312
Y-Hex4HexNAc2NeuAc2-B,BY,2028.999074,63312
Y-Hex5HexNAc3NeuAc1-B,BY,2117.051503,63312
YY-Hex3HexNAc4NeuAc1dHex1,YY,2146.078052,63312
YY-Hex3HexNAc4NeuAc1dHex1,YY,2146.078052,63312
YY-Hex4HexNAc5dHex1,YY,2234.130482,63312
Y-Hex4HexNAc3NeuAc2-B,BY,2274.125396,63312
YY-Hex4HexNAc4NeuAc1dHex1,YY,2350.177826,63312
YY-Hex4HexNAc4NeuAc1dHex1,YY,2350.177826,63312
Y-Hex5HexNAc4NeuAc1-B,BY,2362.177826,63312
Y-Hex5HexNAc4NeuAc1-B,BY,2362.177826,63312
YY-Hex5HexNAc5dHex1,YY,2438.230255,63312
Y-Hex5HexNAc3NeuAc2-B,BY,2478.22517,63312
YY-Hex4HexNAc6dHex1,YY,2479.256804,63312
YY-Hex4HexNAc4NeuAc2,YY,2537.262284,63312
YY-Hex5HexNAc4NeuAc1dHex1,YY,2554.277599,63312
Y-Hex6HexNAc4NeuAc1-B,BY,2566.277599,63312
YY-Hex4HexNAc5NeuAc1dHex1,YY,2595.304149,63312
YY-Hex4HexNAc5NeuAc1dHex1,YY,2595.304149,63312
Y-Hex5HexNAc5NeuAc1-B,BY,2607.304149,63312
Y-Hex5HexNAc5NeuAc1-B,BY,2607.304149,63312
YY-Hex5HexNAc5NeuAc1,YY,2625.314713,63312
Y-Hex6HexNAc3NeuAc2-B,BY,2682.324944,63312
YY-Hex5HexNAc6dHex1,YY,2683.356578,63312
Y-Hex5HexNAc4NeuAc2-B,BY,2723.351493,63312
Y-Hex5HexNAc4NeuAc2-B,BY,2723.351493,63312
Y-Hex4HexNAc4NeuAc2dHex1,Y,2725.367143,63312
YY-Hex5HexNAc5NeuAc1dHex1,YY,2799.403922,63312
YY-Hex5HexNAc5NeuAc1dHex1,YY,2799.403922,63312
YY-Hex5HexNAc5NeuAc1dHex1,YY,2799.403922,63312
Y-Hex6HexNAc5NeuAc1-B,BY,2811.403922,63312
Y-Hex5HexNAc5NeuAc1dHex1,Y,2813.419572,63312
YY-Hex4HexNAc6NeuAc1dHex1,YY,2840.430471,63312
YY-Hex5HexNAc6NeuAc1,YY,2870.441036,63312
YY-Hex5HexNAc6NeuAc1,YY,2870.441036,63312
YY-Hex6HexNAc6dHex1,YY,2887.456352,63312
YY-Hex5HexNAc4NeuAc2dHex1,YY,2915.451266,63312
Y-Hex6HexNAc4NeuAc2-B,BY,2927.451266,63312
Hex6HexNAc4NeuAc2-B,B,2941.466916,63312
Y-Hex5HexNAc5NeuAc2-B,BY,2968.477815,63312
YY-Hex5HexNAc5NeuAc2,YY,2986.48838,63312
YY-Hex6HexNAc5NeuAc1dHex1,YY,3003.503696,63312
YY-Hex5HexNAc6NeuAc1dHex1,YY,3044.530245,63312
Y-Hex5HexNAc6NeuAc1dHex1,Y,3058.545895,63312
YY-Hex6HexNAc6NeuAc1,YY,3074.54081,63312
YY-Hex5HexNAc5NeuAc2dHex1,YY,3160.577589,63312
Y-Hex5HexNAc5NeuAc2dHex1,Y,3174.593239,63312
Hex6HexNAc5NeuAc2-B,B,3186.593239,63312
YY-Hex6HexNAc5NeuAc2,YY,3190.588154,63312
YY-Hex5HexNAc6NeuAc2,YY,3231.614703,63312
Y-Hex6HexNAc6NeuAc1dHex1,Y,3262.645669,63312
Y-Hex6HexNAc5NeuAc2dHex1,Y,3378.693013,63312
Y-Hex5HexNAc6NeuAc2dHex1,Y,3419.719562,63312
Y-Hex6HexNAc6NeuAc2,Y,3449.730127,63312
Hex6HexNAc6NeuAc2dHex1,NA,3637.834986,63312
Y-Hex1-B,BY,204.0997736,63303
Y-HexNAc1-B,BY,245.1263227,63303
Y-HexNAc1-B,BY,245.1263227,63303
HexNAc1-B,B,259.1419728,63303
Y-HexNAc1,Y,277.1525375,63303
NeuAc1-B,B,375.1893169,63303
Y-Hex1HexNAc1-B,BY,449.2260963,63303
Y-Hex1HexNAc1-B,BY,449.2260963,63303
Y-HexNAc2,Y,522.2788602,63303
Hex1NeuAc1-B,B,579.2890905,63303
Y-Hex1HexNAc2-B,BY,694.3524191,63303
YY-Hex1HexNAc2,YY,712.3629838,63303
Hex1HexNAc1NeuAc1-B,B,824.4154133,63303
Y-Hex2HexNAc2-B,BY,898.4521927,63303
Y-Hex2HexNAc1NeuAc1-B,BY,1014.499537,63303
YY-Hex2HexNAc3,YY,1161.58908,63303
Y-Hex2HexNAc2NeuAc1-B,BY,1259.62586,63303
Hex2HexNAc2NeuAc1-B,B,1273.64151,63303
YY-Hex2HexNAc4,YY,1406.715403,63303
Y-Hex3HexNAc2NeuAc1-B,BY,1463.725633,63303
Y-Hex3HexNAc2NeuAc1-B,BY,1463.725633,63303
Y-Hex3HexNAc2NeuAc1-B,BY,1463.725633,63303
YY-Hex3HexNAc4,YY,1610.815176,63303
Y-Hex3HexNAc3NeuAc1-B,BY,1708.851956,63303
YY-Hex3HexNAc3NeuAc1,YY,1726.862521,63303
Hex3HexNAc2NeuAc2-B,B,1838.91495,63303
YY-Hex3HexNAc4NeuAc1,YY,1971.988843,63303
YY-Hex3HexNAc4NeuAc1,YY,1971.988843,63303
Y-Hex3HexNAc4NeuAc1,Y,1986.004493,63303
Y-Hex4HexNAc2NeuAc2-B,BY,2028.999074,63303
YY-Hex4HexNAc4NeuAc1,YY,2176.088617,63303
YY-Hex4HexNAc4NeuAc1,YY,2176.088617,63303
YY-Hex4HexNAc4NeuAc1,YY,2176.088617,63303
Y-Hex4HexNAc3NeuAc2-B,BY,2274.125396,63303
YY-Hex4HexNAc5NeuAc1,YY,2421.21494,63303
YY-Hex4HexNAc5NeuAc1,YY,2421.21494,63303
YY-Hex4HexNAc5NeuAc1,YY,2421.21494,63303
YY-Hex4HexNAc5NeuAc1,YY,2421.21494,63303
Y-Hex5HexNAc3NeuAc2-B,BY,2478.22517,63303
Y-Hex5HexNAc3NeuAc2-B,BY,2478.22517,63303
Y-Hex4HexNAc4NeuAc2,Y,2551.277934,63303
YY-Hex5HexNAc5NeuAc1,YY,2625.314713,63303
YY-Hex5HexNAc5NeuAc1,YY,2625.314713,63303
YY-Hex5HexNAc5NeuAc1,YY,2625.314713,63303
YY-Hex4HexNAc6NeuAc1,YY,2666.341262,63303
YY-Hex4HexNAc6NeuAc1,YY,2666.341262,63303
YY-Hex4HexNAc6NeuAc1,YY,2666.341262,63303
Y-Hex5HexNAc4NeuAc2-B,BY,2723.351493,63303
Y-Hex5HexNAc4NeuAc2-B,BY,2723.351493,63303
Y-Hex5HexNAc4NeuAc2-B,BY,2723.351493,63303
Y-Hex5HexNAc4NeuAc2-B,BY,2723.351493,63303
YY-Hex5HexNAc4NeuAc2,YY,2741.362057,63303
YY-Hex5HexNAc4NeuAc2,YY,2741.362057,63303
YY-Hex5HexNAc6NeuAc1,YY,2870.441036,63303
YY-Hex5HexNAc6NeuAc1,YY,2870.441036,63303
YY-Hex5HexNAc6NeuAc1,YY,2870.441036,63303
Y-Hex6HexNAc4NeuAc2-B,BY,2927.451266,63303
Y-Hex6HexNAc4NeuAc2-B,BY,2927.451266,63303
Y-Hex6HexNAc4NeuAc2-B,BY,2927.451266,63303
Y-Hex5HexNAc5NeuAc2-B,BY,2968.477815,63303
Y-Hex5HexNAc5NeuAc2-B,BY,2968.477815,63303
YY-Hex5HexNAc5NeuAc2,YY,2986.48838,63303
YY-Hex5HexNAc5NeuAc2,YY,2986.48838,63303
Y-Hex5HexNAc5NeuAc2,Y,3000.50403,63303
Y-Hex5HexNAc5NeuAc2,Y,3000.50403,63303
Y-Hex6HexNAc3NeuAc3-B,BY,3043.49861,63303
YY-Hex6HexNAc6NeuAc1,YY,3074.54081,63303
YY-Hex6HexNAc6NeuAc1,YY,3074.54081,63303
YY-Hex6HexNAc6NeuAc1,YY,3074.54081,63303
Y-Hex6HexNAc5NeuAc2-B,BY,3172.577589,63303
Y-Hex6HexNAc5NeuAc2-B,BY,3172.577589,63303
Y-Hex6HexNAc5NeuAc2-B,BY,3172.577589,63303
YY-Hex6HexNAc5NeuAc2,YY,3190.588154,63303
YY-Hex6HexNAc5NeuAc2,YY,3190.588154,63303
YY-Hex6HexNAc5NeuAc2,YY,3190.588154,63303
Y-Hex5HexNAc6NeuAc2,Y,3245.630353,63303
Y-Hex5HexNAc6NeuAc2,Y,3245.630353,63303
Y-Hex6HexNAc4NeuAc3-B,BY,3288.624933,63303
Hex6HexNAc4NeuAc3-B,B,3302.640583,63303
Y-Hex6HexNAc6NeuAc2,Y,3449.730127,63303
Y-Hex6HexNAc6NeuAc2,Y,3449.730127,63303
Y-Hex6HexNAc6NeuAc2,Y,3449.730127,63303
Hex6HexNAc5NeuAc3-B,B,3547.766906,63303
Y-Hex6HexNAc5NeuAc3,Y,3565.777471,63303
Hex6HexNAc6NeuAc3,NA,3824.919443,63303
Y-Hex1-B,BY,204.0997736,63302
Hex1-B,B,218.1154237,63302
Y-HexNAc1-B,BY,245.1263227,63302
Y-HexNAc1-B,BY,245.1263227,63302
HexNAc1-B,B,259.1419728,63302
Y-HexNAc1,Y,277.1525375,63302
NeuAc1-B,B,375.1893169,63302
Y-Hex1HexNAc1-B,BY,449.2260963,63302
Y-Hex1HexNAc1-B,BY,449.2260963,63302
Hex1HexNAc1-B,B,463.2417464,63302
Y-HexNAc2,Y,522.2788602,63302
Hex1NeuAc1-B,B,579.2890905,63302
Y-Hex2HexNAc1-B,BY,653.32587,63302
Y-Hex1HexNAc2-B,BY,694.3524191,63302
YY-Hex1HexNAc2,YY,712.3629838,63302
Hex1HexNAc1NeuAc1-B,B,824.4154133,63302
Hex2HexNAc2-B,B,912.4678428,63302
Y-Hex2HexNAc1NeuAc1-B,BY,1014.499537,63302
Y-Hex3HexNAc2-B,BY,1102.551966,63302
YY-Hex2HexNAc3,YY,1161.58908,63302
Y-Hex2HexNAc2NeuAc1-B,BY,1259.62586,63302
Y-Hex2HexNAc2NeuAc1-B,BY,1259.62586,63302
Y-Hex3HexNAc3-B,BY,1347.678289,63302
YY-Hex3HexNAc3,YY,1365.688854,63302
YY-Hex2HexNAc4,YY,1406.715403,63302
Y-Hex3HexNAc2NeuAc1-B,BY,1463.725633,63302
Y-Hex3HexNAc4,Y,1624.830827,63302
YY-Hex3HexNAc3NeuAc1,YY,1726.862521,63302
YY-Hex4HexNAc4,YY,1814.91495,63302
Hex3HexNAc2NeuAc2-B,B,1838.91495,63302
YY-Hex3HexNAc4NeuAc1,YY,1971.988843,63302
YY-Hex3HexNAc4NeuAc1,YY,1971.988843,63302
Y-Hex4HexNAc2NeuAc2-B,BY,2028.999074,63302
YY-Hex4HexNAc5,YY,2060.041273,63302
Y-Hex5HexNAc3NeuAc1-B,BY,2117.051503,63302
YY-Hex4HexNAc4NeuAc1,YY,2176.088617,63302
YY-Hex4HexNAc4NeuAc1,YY,2176.088617,63302
YY-Hex5HexNAc5,YY,2264.141046,63302
Y-Hex4HexNAc3NeuAc2-B,BY,2274.125396,63302
YY-Hex4HexNAc6,YY,2305.167596,63302
Y-Hex5HexNAc4NeuAc1-B,BY,2362.177826,63302
Y-Hex5HexNAc4NeuAc1-B,BY,2362.177826,63302
Y-Hex5HexNAc4NeuAc1-B,BY,2362.177826,63302
YY-Hex5HexNAc4NeuAc1,YY,2380.188391,63302
YY-Hex4HexNAc5NeuAc1,YY,2421.21494,63302
YY-Hex4HexNAc5NeuAc1,YY,2421.21494,63302
YY-Hex4HexNAc5NeuAc1,YY,2421.21494,63302
Y-Hex5HexNAc3NeuAc2-B,BY,2478.22517,63302
YY-Hex5HexNAc6,YY,2509.267369,63302
Y-Hex4HexNAc4NeuAc2,Y,2551.277934,63302
Y-Hex6HexNAc4NeuAc1-B,BY,2566.277599,63302
Y-Hex5HexNAc5NeuAc1-B,BY,2607.304149,63302
Y-Hex5HexNAc5NeuAc1-B,BY,2607.304149,63302
YY-Hex5HexNAc5NeuAc1,YY,2625.314713,63302
YY-Hex5HexNAc5NeuAc1,YY,2625.314713,63302
YY-Hex5HexNAc5NeuAc1,YY,2625.314713,63302
Y-Hex5HexNAc5NeuAc1,Y,2639.330363,63302
YY-Hex4HexNAc6NeuAc1,YY,2666.341262,63302
YY-Hex4HexNAc6NeuAc1,YY,2666.341262,63302
Y-Hex6HexNAc3NeuAc2-B,BY,2682.324944,63302
YY-Hex6HexNAc6,YY,2713.367143,63302
Y-Hex5HexNAc4NeuAc2-B,BY,2723.351493,63302
Y-Hex5HexNAc4NeuAc2-B,BY,2723.351493,63302
YY-Hex5HexNAc4NeuAc2,YY,2741.362057,63302
Y-Hex6HexNAc5NeuAc1-B,BY,2811.403922,63302
YY-Hex6HexNAc5NeuAc1,YY,2829.414487,63302
YY-Hex5HexNAc6NeuAc1,YY,2870.441036,63302
Y-Hex5HexNAc6NeuAc1,Y,2884.456686,63302
Y-Hex5HexNAc6NeuAc1,Y,2884.456686,63302
Y-Hex6HexNAc4NeuAc2-B,BY,2927.451266,63302
Hex6HexNAc4NeuAc2-B,B,2941.466916,63302
Y-Hex5HexNAc5NeuAc2-B,BY,2968.477815,63302
YY-Hex5HexNAc5NeuAc2,YY,2986.48838,63302
Y-Hex5HexNAc5NeuAc2,Y,3000.50403,63302
Y-Hex6HexNAc6NeuAc1,Y,3088.55646,63302
Hex6HexNAc5NeuAc2-B,B,3186.593239,63302
Y-Hex6HexNAc5NeuAc2,Y,3204.603804,63302
Y-Hex5HexNAc6NeuAc2,Y,3245.630353,63302
Hex6HexNAc6NeuAc2,NA,3463.745777,63302
Hex1-B,B,218.1154237,63300
Y-HexNAc1-B,BY,245.1263227,63300
Y-HexNAc1-B,BY,245.1263227,63300
HexNAc1-B,B,259.1419728,63300
Y-HexNAc1,Y,277.1525375,63300
Y-Hex1HexNAc1-B,BY,449.2260963,63300
Hex1HexNAc1-B,B,463.2417464,63300
Y-HexNAc2,Y,522.2788602,63300
Y-Hex2HexNAc1-B,BY,653.32587,63300
Y-Hex1HexNAc2-B,BY,694.3524191,63300
YY-Hex1HexNAc2,YY,712.3629838,63300
Y-Hex2HexNAc2-B,BY,898.4521927,63300
Y-Hex2HexNAc2-B,BY,898.4521927,63300
Hex2HexNAc2-B,B,912.4678428,63300
Y-Hex3HexNAc2-B,BY,1102.551966,63300
Hex3HexNAc2-B,B,1116.567616,63300
YY-Hex2HexNAc3,YY,1161.58908,63300
Y-Hex4HexNAc2-B,BY,1306.65174,63300
Y-Hex3HexNAc3-B,BY,1347.678289,63300
YY-Hex3HexNAc3,YY,1365.688854,63300
YY-Hex2HexNAc4,YY,1406.715403,63300
Y-Hex4HexNAc3-B,BY,1551.778063,63300
YY-Hex3HexNAc4,YY,1610.815176,63300
Y-Hex3HexNAc4,Y,1624.830827,63300
Y-Hex5HexNAc3-B,BY,1755.877836,63300
Y-Hex5HexNAc3-B,BY,1755.877836,63300
YY-Hex4HexNAc4,YY,1814.91495,63300
YY-Hex4HexNAc4,YY,1814.91495,63300
Y-Hex4HexNAc4,Y,1828.9306,63300
Y-Hex6HexNAc3-B,BY,1959.97761,63300
Y-Hex5HexNAc4-B,BY,2001.004159,63300
Y-Hex5HexNAc4-B,BY,2001.004159,63300
Y-Hex5HexNAc4-B,BY,2001.004159,63300
Y-Hex5HexNAc4-B,BY,2001.004159,63300
Y-Hex5HexNAc4-B,BY,2001.004159,63300
YY-Hex5HexNAc4,YY,2019.014724,63300
YY-Hex5HexNAc4,YY,2019.014724,63300
YY-Hex4HexNAc5,YY,2060.041273,63300
YY-Hex4HexNAc5,YY,2060.041273,63300
YY-Hex4HexNAc5,YY,2060.041273,63300
Y-Hex6HexNAc4-B,BY,2205.103933,63300
Hex6HexNAc4-B,B,2219.119583,63300
Y-Hex5HexNAc5-B,BY,2246.130482,63300
Y-Hex5HexNAc5-B,BY,2246.130482,63300
Y-Hex5HexNAc5-B,BY,2246.130482,63300
YY-Hex5HexNAc5,YY,2264.141046,63300
YY-Hex5HexNAc5,YY,2264.141046,63300
Y-Hex5HexNAc5,Y,2278.156696,63300
Y-Hex5HexNAc5,Y,2278.156696,63300
YY-Hex4HexNAc6,YY,2305.167596,63300
YY-Hex4HexNAc6,YY,2305.167596,63300
Hex6HexNAc5-B,B,2464.245905,63300
Y-Hex6HexNAc5,Y,2482.25647,63300
Y-Hex5HexNAc6,Y,2523.283019,63300
Y-Hex5HexNAc6,Y,2523.283019,63300
Y-Hex5HexNAc6,Y,2523.283019,63300
Hex6HexNAc6,NA,2741.398443,63300
dHex1-B,B,188.104859,63240
Hex1-B,B,218.1154237,63240
Y-HexNAc1-B,BY,245.1263227,63240
Y-HexNAc1-B,BY,245.1263227,63240
Y-HexNAc1-B,BY,245.1263227,63240
YY-HexNAc1,YY,263.1368874,63240
Y-HexNAc1dHex1-B,BY,419.2155317,63240
HexNAc1dHex1-B,B,433.2311817,63240
Y-Hex1HexNAc1-B,BY,449.2260963,63240
Y-HexNAc1dHex1,Y,451.2417464,63240
Hex1HexNAc1-B,B,463.2417464,63240
YY-HexNAc2,YY,508.2632101,63240
Y-Hex1HexNAc1dHex1-B,BY,623.3153053,63240
Hex1HexNAc1dHex1-B,B,637.3309553,63240
Y-Hex2HexNAc1-B,BY,653.32587,63240
Y-HexNAc2dHex1,Y,696.3680691,63240
Y-Hex2HexNAc1dHex1-B,BY,827.4150789,63240
Y-Hex1HexNAc2dHex1-B,BY,868.441628,63240
YY-Hex1HexNAc2dHex1,YY,886.4521927,63240
Hex1HexNAc2dHex2-B,B,1056.546487,63240
Y-Hex2HexNAc2dHex1-B,BY,1072.541402,63240
Y-Hex2HexNAc2dHex1-B,BY,1072.541402,63240
Y-Hex3HexNAc2-B,BY,1102.551966,63240
Y-Hex2HexNAc2dHex2-B,BY,1246.630611,63240
Hex3HexNAc2dHex1-B,B,1290.656825,63240
Y-Hex4HexNAc2dHex1-B,BY,1480.740949,63240
Y-Hex2HexNAc3dHex2-B,BY,1491.756933,63240
YY-Hex2HexNAc3dHex2,YY,1509.767498,63240
YY-Hex3HexNAc3dHex1,YY,1539.778063,63240
YY-Hex3HexNAc3dHex2,YY,1713.867272,63240
Y-Hex4HexNAc3dHex1-B,BY,1725.867272,63240
YY-Hex2HexNAc4dHex2,YY,1754.893821,63240
YY-Hex2HexNAc4dHex2,YY,1754.893821,63240
YY-Hex2HexNAc4dHex2,YY,1754.893821,63240
Y-Hex4HexNAc3dHex2-B,BY,1899.956481,63240
Y-Hex2HexNAc4dHex3,Y,1942.99868,63240
YY-Hex3HexNAc4dHex2,YY,1958.993594,63240
YY-Hex3HexNAc4dHex2,YY,1958.993594,63240
YY-Hex4HexNAc4dHex1,YY,1989.004159,63240
YY-Hex4HexNAc4dHex1,YY,1989.004159,63240
Y-Hex4HexNAc3dHex3-B,BY,2074.045689,63240
Y-Hex5HexNAc3dHex2-B,BY,2104.056254,63240
YY-Hex3HexNAc4dHex3,YY,2133.082803,63240
Y-Hex4HexNAc4dHex2-B,BY,2145.082803,63240
YY-Hex4HexNAc4dHex2,YY,2163.093368,63240
Y-Hex4HexNAc4dHex2,Y,2177.109018,63240
Y-Hex4HexNAc4dHex3-B,BY,2319.172012,63240
Y-Hex4HexNAc4dHex3-B,BY,2319.172012,63240
Y-Hex4HexNAc4dHex3-B,BY,2319.172012,63240
YY-Hex4HexNAc4dHex3,YY,2337.182577,63240
Y-Hex5HexNAc4dHex2-B,BY,2349.182577,63240
Y-Hex5HexNAc4dHex2-B,BY,2349.182577,63240
Y-Hex5HexNAc4dHex2-B,BY,2349.182577,63240
YY-Hex5HexNAc4dHex2,YY,2367.193142,63240
YY-Hex3HexNAc5dHex3,YY,2378.209126,63240
YY-Hex4HexNAc5dHex2,YY,2408.219691,63240
YY-Hex4HexNAc5dHex2,YY,2408.219691,63240
YY-Hex4HexNAc5dHex2,YY,2408.219691,63240
Hex5HexNAc4dHex3-B,B,2537.287436,63240
YY-Hex3HexNAc5dHex4,YY,2552.298335,63240
Y-Hex4HexNAc5dHex3-B,BY,2564.298335,63240
Y-Hex4HexNAc5dHex3-B,BY,2564.298335,63240
YY-Hex4HexNAc5dHex3,YY,2582.3089,63240
YY-Hex4HexNAc5dHex3,YY,2582.3089,63240
YY-Hex4HexNAc5dHex3,YY,2582.3089,63240
YY-Hex4HexNAc5dHex3,YY,2582.3089,63240
YY-Hex4HexNAc5dHex3,YY,2582.3089,63240
Y-Hex5HexNAc5dHex2-B,BY,2594.3089,63240
Y-Hex5HexNAc5dHex2-B,BY,2594.3089,63240
Y-Hex4HexNAc5dHex3,Y,2596.32455,63240
YY-Hex5HexNAc5dHex2,YY,2612.319464,63240
YY-Hex5HexNAc5dHex2,YY,2612.319464,63240
YY-Hex5HexNAc5dHex2,YY,2612.319464,63240
Y-Hex4HexNAc5dHex4,Y,2770.413759,63240
Hex5HexNAc5dHex3-B,B,2782.413759,63240
YY-Hex3HexNAc6dHex4,YY,2797.424658,63240
Y-Hex5HexNAc5dHex3,Y,2800.424323,63240
YY-Hex4HexNAc6dHex3,YY,2827.435222,63240
YY-Hex4HexNAc6dHex3,YY,2827.435222,63240
YY-Hex4HexNAc6dHex3,YY,2827.435222,63240
YY-Hex4HexNAc6dHex3,YY,2827.435222,63240
YY-Hex4HexNAc6dHex3,YY,2827.435222,63240
YY-Hex4HexNAc6dHex3,YY,2827.435222,63240
YY-Hex5HexNAc6dHex2,YY,2857.445787,63240
YY-Hex5HexNAc6dHex2,YY,2857.445787,63240
YY-Hex5HexNAc6dHex2,YY,2857.445787,63240
YY-Hex5HexNAc6dHex2,YY,2857.445787,63240
Y-Hex4HexNAc6dHex4,Y,3015.540081,63240
Y-Hex4HexNAc6dHex4,Y,3015.540081,63240
Y-Hex5HexNAc6dHex3,Y,3045.550646,63240
Y-Hex5HexNAc6dHex3,Y,3045.550646,63240
Y-Hex5HexNAc6dHex3,Y,3045.550646,63240
Hex5HexNAc6dHex4,NA,3233.655505,63240
dHex1-B,B,188.104859,63230
Hex1-B,B,218.1154237,63230
Y-HexNAc1-B,BY,245.1263227,63230
Y-HexNAc1-B,BY,245.1263227,63230
Y-HexNAc1-B,BY,245.1263227,63230
HexNAc1-B,B,259.1419728,63230
YY-HexNAc1,YY,263.1368874,63230
Y-HexNAc1dHex1-B,BY,419.2155317,63230
HexNAc1dHex1-B,B,433.2311817,63230
Y-Hex1HexNAc1-B,BY,449.2260963,63230
Y-Hex1HexNAc1-B,BY,449.2260963,63230
Y-HexNAc1dHex1,Y,451.2417464,63230
Hex1HexNAc1-B,B,463.2417464,63230
YY-HexNAc2,YY,508.2632101,63230
Y-Hex1HexNAc1dHex1-B,BY,623.3153053,63230
Hex1HexNAc1dHex1-B,B,637.3309553,63230
Y-Hex2HexNAc1-B,BY,653.32587,63230
Y-Hex1HexNAc2-B,BY,694.3524191,63230
Y-HexNAc2dHex1,Y,696.3680691,63230
Y-Hex2HexNAc1dHex1-B,BY,827.4150789,63230
Hex1HexNAc2dHex1-B,B,882.4572781,63230
YY-Hex1HexNAc2dHex1,YY,886.4521927,63230
Y-Hex2HexNAc2dHex1-B,BY,1072.541402,63230
Y-Hex2HexNAc2dHex1-B,BY,1072.541402,63230
Y-Hex2HexNAc2dHex1-B,BY,1072.541402,63230
Y-Hex3HexNAc2-B,BY,1102.551966,63230
Hex3HexNAc2dHex1-B,B,1290.656825,63230
Y-Hex2HexNAc3dHex1-B,BY,1317.667724,63230
YY-Hex2HexNAc3dHex1,YY,1335.678289,63230
Y-Hex4HexNAc2dHex1-B,BY,1480.740949,63230
YY-Hex2HexNAc3dHex2,YY,1509.767498,63230
YY-Hex3HexNAc3dHex1,YY,1539.778063,63230
YY-Hex2HexNAc4dHex1,YY,1580.804612,63230
YY-Hex2HexNAc4dHex1,YY,1580.804612,63230
YY-Hex3HexNAc3dHex2,YY,1713.867272,63230
Y-Hex4HexNAc3dHex1-B,BY,1725.867272,63230
Y-Hex4HexNAc3dHex1-B,BY,1725.867272,63230
Y-Hex2HexNAc4dHex2,Y,1768.909471,63230
Y-Hex4HexNAc3dHex2-B,BY,1899.956481,63230
Y-Hex5HexNAc3dHex1-B,BY,1929.967045,63230
YY-Hex3HexNAc4dHex2,YY,1958.993594,63230
YY-Hex3HexNAc4dHex2,YY,1958.993594,63230
YY-Hex3HexNAc4dHex2,YY,1958.993594,63230
Y-Hex4HexNAc4dHex1-B,BY,1970.993594,63230
YY-Hex4HexNAc4dHex1,YY,1989.004159,63230
YY-Hex4HexNAc4dHex1,YY,1989.004159,63230
YY-Hex4HexNAc4dHex1,YY,1989.004159,63230
Y-Hex5HexNAc3dHex2-B,BY,2104.056254,63230
Y-Hex4HexNAc4dHex2-B,BY,2145.082803,63230
Y-Hex4HexNAc4dHex2-B,BY,2145.082803,63230
Y-Hex4HexNAc4dHex2-B,BY,2145.082803,63230
YY-Hex4HexNAc4dHex2,YY,2163.093368,63230
YY-Hex4HexNAc4dHex2,YY,2163.093368,63230
Y-Hex5HexNAc4dHex1-B,BY,2175.093368,63230
Y-Hex5HexNAc4dHex1-B,BY,2175.093368,63230
Y-Hex5HexNAc4dHex1-B,BY,2175.093368,63230
Y-Hex4HexNAc4dHex2,Y,2177.109018,63230
YY-Hex3HexNAc5dHex2,YY,2204.119917,63230
YY-Hex4HexNAc5dHex1,YY,2234.130482,63230
YY-Hex4HexNAc5dHex1,YY,2234.130482,63230
YY-Hex4HexNAc4dHex3,YY,2337.182577,63230
Y-Hex5HexNAc4dHex2-B,BY,2349.182577,63230
Hex5HexNAc4dHex2-B,B,2363.198227,63230
YY-Hex5HexNAc4dHex2,YY,2367.193142,63230
YY-Hex3HexNAc5dHex3,YY,2378.209126,63230
Y-Hex4HexNAc5dHex2-B,BY,2390.209126,63230
Y-Hex4HexNAc5dHex2-B,BY,2390.209126,63230
YY-Hex4HexNAc5dHex2,YY,2408.219691,63230
YY-Hex4HexNAc5dHex2,YY,2408.219691,63230
YY-Hex4HexNAc5dHex2,YY,2408.219691,63230
YY-Hex4HexNAc5dHex2,YY,2408.219691,63230
YY-Hex4HexNAc5dHex2,YY,2408.219691,63230
Y-Hex5HexNAc5dHex1-B,BY,2420.219691,63230
Y-Hex5HexNAc5dHex1-B,BY,2420.219691,63230
Y-Hex4HexNAc5dHex2,Y,2422.235341,63230
YY-Hex5HexNAc5dHex1,YY,2438.230255,63230
YY-Hex5HexNAc5dHex1,YY,2438.230255,63230
YY-Hex4HexNAc5dHex3,YY,2582.3089,63230
YY-Hex4HexNAc5dHex3,YY,2582.3089,63230
Y-Hex4HexNAc5dHex3,Y,2596.32455,63230
Hex5HexNAc5dHex2-B,B,2608.32455,63230
YY-Hex5HexNAc5dHex2,YY,2612.319464,63230
YY-Hex5HexNAc5dHex2,YY,2612.319464,63230
YY-Hex5HexNAc5dHex2,YY,2612.319464,63230
YY-Hex3HexNAc6dHex3,YY,2623.335449,63230
Y-Hex5HexNAc5dHex2,Y,2626.335114,63230
YY-Hex4HexNAc6dHex2,YY,2653.346013,63230
YY-Hex4HexNAc6dHex2,YY,2653.346013,63230
YY-Hex4HexNAc6dHex2,YY,2653.346013,63230
YY-Hex4HexNAc6dHex2,YY,2653.346013,63230
YY-Hex4HexNAc6dHex2,YY,2653.346013,63230
YY-Hex4HexNAc6dHex2,YY,2653.346013,63230
YY-Hex5HexNAc6dHex1,YY,2683.356578,63230
YY-Hex5HexNAc6dHex1,YY,2683.356578,63230
YY-Hex5HexNAc6dHex1,YY,2683.356578,63230
Y-Hex5HexNAc5dHex3,Y,2800.424323,63230
Y-Hex4HexNAc6dHex3,Y,2841.450872,63230
Y-Hex4HexNAc6dHex3,Y,2841.450872,63230
Y-Hex5HexNAc6dHex2,Y,2871.461437,63230
Y-Hex5HexNAc6dHex2,Y,2871.461437,63230
Y-Hex5HexNAc6dHex2,Y,2871.461437,63230
Hex5HexNAc6dHex3,NA,3059.566296,63230
dHex1-B,B,188.104859,63221
Y-Hex1-B,BY,204.0997736,63221
Hex1-B,B,218.1154237,63221
Y-HexNAc1-B,BY,245.1263227,63221
Y-HexNAc1-B,BY,245.1263227,63221
Y-HexNAc1-B,BY,245.1263227,63221
HexNAc1-B,B,259.1419728,63221
YY-HexNAc1,YY,263.1368874,63221
NeuAc1-B,B,375.1893169,63221
HexNAc1dHex1-B,B,433.2311817,63221
Y-Hex1HexNAc1-B,BY,449.2260963,63221
Y-Hex1HexNAc1-B,BY,449.2260963,63221
Y-HexNAc1dHex1,Y,451.2417464,63221
Hex1HexNAc1-B,B,463.2417464,63221
YY-HexNAc2,YY,508.2632101,63221
Hex1NeuAc1-B,B,579.2890905,63221
Y-Hex1HexNAc1dHex1-B,BY,623.3153053,63221
Y-Hex2HexNAc1-B,BY,653.32587,63221
Y-Hex1HexNAc2-B,BY,694.3524191,63221
Y-HexNAc2dHex1,Y,696.3680691,63221
Hex1HexNAc1NeuAc1-B,B,824.4154133,63221
Hex1HexNAc2dHex1-B,B,882.4572781,63221
YY-Hex1HexNAc2dHex1,YY,886.4521927,63221
Y-Hex2HexNAc2-B,BY,898.4521927,63221
Y-Hex2HexNAc1NeuAc1-B,BY,1014.499537,63221
Y-Hex2HexNAc2dHex1-B,BY,1072.541402,63221
Y-Hex3HexNAc2-B,BY,1102.551966,63221
Y-Hex2HexNAc2NeuAc1-B,BY,1259.62586,63221
Y-Hex2HexNAc3dHex1-B,BY,1317.667724,63221
YY-Hex2HexNAc3dHex1,YY,1335.678289,63221
Hex3HexNAc2NeuAc1-B,B,1477.741283,63221
YY-Hex2HexNAc3dHex2,YY,1509.767498,63221
YY-Hex3HexNAc3dHex1,YY,1539.778063,63221
YY-Hex2HexNAc4dHex1,YY,1580.804612,63221
YY-Hex2HexNAc4dHex1,YY,1580.804612,63221
Y-Hex4HexNAc2NeuAc1-B,BY,1667.825407,63221
Y-Hex4HexNAc3dHex1-B,BY,1725.867272,63221
Y-Hex2HexNAc4dHex2,Y,1768.909471,63221
YY-Hex3HexNAc4dHex1,YY,1784.904385,63221
YY-Hex3HexNAc3NeuAc1dHex1,YY,1900.95173,63221
Y-Hex4HexNAc3NeuAc1-B,BY,1912.95173,63221
YY-Hex3HexNAc4dHex2,YY,1958.993594,63221
Y-Hex4HexNAc4dHex1-B,BY,1970.993594,63221
Y-Hex4HexNAc4dHex1-B,BY,1970.993594,63221
YY-Hex4HexNAc4dHex1,YY,1989.004159,63221
YY-Hex4HexNAc4dHex1,YY,1989.004159,63221
Y-Hex4HexNAc3NeuAc1dHex1-B,BY,2087.040938,63221
Y-Hex5HexNAc3NeuAc1-B,BY,2117.051503,63221
YY-Hex3HexNAc4NeuAc1dHex1,YY,2146.078052,63221
YY-Hex4HexNAc4dHex2,YY,2163.093368,63221
Y-Hex5HexNAc4dHex1-B,BY,2175.093368,63221
YY-Hex4HexNAc4NeuAc1,YY,2176.088617,63221
YY-Hex3HexNAc5dHex2,YY,2204.119917,63221
Y-Hex4HexNAc5dHex1-B,BY,2216.119917,63221
YY-Hex4HexNAc5dHex1,YY,2234.130482,63221
YY-Hex4HexNAc5dHex1,YY,2234.130482,63221
YY-Hex4HexNAc5dHex1,YY,2234.130482,63221
Y-Hex5HexNAc3NeuAc1dHex1-B,BY,2291.140712,63221
Y-Hex4HexNAc4NeuAc1dHex1-B,BY,2332.167261,63221
Y-Hex4HexNAc4NeuAc1dHex1-B,BY,2332.167261,63221
YY-Hex4HexNAc4NeuAc1dHex1,YY,2350.177826,63221
Y-Hex5HexNAc4NeuAc1-B,BY,2362.177826,63221
Y-Hex5HexNAc4NeuAc1-B,BY,2362.177826,63221
Y-Hex4HexNAc4NeuAc1dHex1,Y,2364.193476,63221
YY-Hex4HexNAc5dHex2,YY,2408.219691,63221
YY-Hex4HexNAc5dHex2,YY,2408.219691,63221
Y-Hex5HexNAc5dHex1-B,BY,2420.219691,63221
Y-Hex4HexNAc5dHex2,Y,2422.235341,63221
YY-Hex5HexNAc5dHex1,YY,2438.230255,63221
YY-Hex3HexNAc6dHex2,YY,2449.24624,63221
YY-Hex4HexNAc6dHex1,YY,2479.256804,63221
YY-Hex4HexNAc6dHex1,YY,2479.256804,63221
YY-Hex4HexNAc4NeuAc1dHex2,YY,2524.267035,63221
Y-Hex5HexNAc4NeuAc1dHex1-B,BY,2536.267035,63221
Hex5HexNAc4NeuAc1dHex1-B,B,2550.282685,63221
YY-Hex5HexNAc4NeuAc1dHex1,YY,2554.277599,63221
Y-Hex4HexNAc5NeuAc1dHex1-B,BY,2577.293584,63221
YY-Hex4HexNAc5NeuAc1dHex1,YY,2595.304149,63221
YY-Hex4HexNAc5NeuAc1dHex1,YY,2595.304149,63221
YY-Hex4HexNAc5NeuAc1dHex1,YY,2595.304149,63221
Y-Hex5HexNAc5NeuAc1-B,BY,2607.304149,63221
YY-Hex5HexNAc5dHex2,YY,2612.319464,63221
YY-Hex5HexNAc5NeuAc1,YY,2625.314713,63221
YY-Hex4HexNAc6dHex2,YY,2653.346013,63221
Y-Hex4HexNAc6dHex2,Y,2667.361663,63221
YY-Hex5HexNAc6dHex1,YY,2683.356578,63221
YY-Hex5HexNAc6dHex1,YY,2683.356578,63221
YY-Hex4HexNAc5NeuAc1dHex2,YY,2769.393358,63221
Y-Hex4HexNAc5NeuAc1dHex2,Y,2783.409008,63221
Hex5HexNAc5NeuAc1dHex1-B,B,2795.409008,63221
YY-Hex5HexNAc5NeuAc1dHex1,YY,2799.403922,63221
YY-Hex5HexNAc5NeuAc1dHex1,YY,2799.403922,63221
Y-Hex5HexNAc5NeuAc1dHex1,Y,2813.419572,63221
YY-Hex4HexNAc6NeuAc1dHex1,YY,2840.430471,63221
YY-Hex4HexNAc6NeuAc1dHex1,YY,2840.430471,63221
YY-Hex5HexNAc6NeuAc1,YY,2870.441036,63221
Y-Hex5HexNAc6dHex2,Y,2871.461437,63221
Y-Hex5HexNAc5NeuAc1dHex2,Y,2987.508781,63221
Y-Hex4HexNAc6NeuAc1dHex2,Y,3028.53533,63221
Y-Hex5HexNAc6NeuAc1dHex1,Y,3058.545895,63221
Y-Hex5HexNAc6NeuAc1dHex1,Y,3058.545895,63221
Hex5HexNAc6NeuAc1dHex2,NA,3246.650754,63221
dHex1-B,B,188.104859,63212
Y-Hex1-B,BY,204.0997736,63212
Y-HexNAc1-B,BY,245.1263227,63212
Y-HexNAc1-B,BY,245.1263227,63212
HexNAc1-B,B,259.1419728,63212
YY-HexNAc1,YY,263.1368874,63212
NeuAc1-B,B,375.1893169,63212
Y-Hex1HexNAc1-B,BY,449.2260963,63212
Y-Hex1HexNAc1-B,BY,449.2260963,63212
Y-HexNAc1dHex1,Y,451.2417464,63212
YY-HexNAc2,YY,508.2632101,63212
Hex1NeuAc1-B,B,579.2890905,63212
Y-HexNAc2dHex1,Y,696.3680691,63212
Hex1HexNAc2-B,B,708.3680691,63212
Hex1HexNAc1NeuAc1-B,B,824.4154133,63212
YY-Hex1HexNAc2dHex1,YY,886.4521927,63212
Y-Hex2HexNAc2-B,BY,898.4521927,63212
Y-Hex2HexNAc1NeuAc1-B,BY,1014.499537,63212
Y-Hex2HexNAc3-B,BY,1143.578515,63212
Y-Hex2HexNAc2NeuAc1-B,BY,1259.62586,63212
Y-Hex2HexNAc2NeuAc1-B,BY,1259.62586,63212
YY-Hex2HexNAc3dHex1,YY,1335.678289,63212
YY-Hex2HexNAc4,YY,1406.715403,63212
Y-Hex3HexNAc2NeuAc1-B,BY,1463.725633,63212
Y-Hex2HexNAc4dHex1,Y,1594.820262,63212
YY-Hex3HexNAc4dHex1,YY,1784.904385,63212
Hex3HexNAc2NeuAc2-B,B,1838.91495,63212
YY-Hex3HexNAc3NeuAc1dHex1,YY,1900.95173,63212
Y-Hex4HexNAc3NeuAc1-B,BY,1912.95173,63212
Y-Hex4HexNAc2NeuAc2-B,BY,2028.999074,63212
YY-Hex3HexNAc5dHex1,YY,2030.030708,63212
YY-Hex3HexNAc4NeuAc1dHex1,YY,2146.078052,63212
YY-Hex3HexNAc4NeuAc1dHex1,YY,2146.078052,63212
Y-Hex4HexNAc4NeuAc1-B,BY,2158.078052,63212
Y-Hex4HexNAc4NeuAc1-B,BY,2158.078052,63212
Y-Hex4HexNAc4NeuAc1-B,BY,2158.078052,63212
YY-Hex4HexNAc5dHex1,YY,2234.130482,63212
Y-Hex4HexNAc3NeuAc2-B,BY,2274.125396,63212
YY-Hex3HexNAc6dHex1,YY,2275.157031,63212
YY-Hex4HexNAc4NeuAc1dHex1,YY,2350.177826,63212
YY-Hex4HexNAc4NeuAc1dHex1,YY,2350.177826,63212
Y-Hex5HexNAc4NeuAc1-B,BY,2362.177826,63212
Y-Hex4HexNAc5NeuAc1-B,BY,2403.204375,63212
Y-Hex4HexNAc5NeuAc1-B,BY,2403.204375,63212
YY-Hex4HexNAc5NeuAc1,YY,2421.21494,63212
Y-Hex5HexNAc3NeuAc2-B,BY,2478.22517,63212
YY-Hex4HexNAc6dHex1,YY,2479.256804,63212
YY-Hex4HexNAc4NeuAc2,YY,2537.262284,63212
YY-Hex4HexNAc5NeuAc1dHex1,YY,2595.304149,63212
Y-Hex5HexNAc5NeuAc1-B,BY,2607.304149,63212
Y-Hex4HexNAc5NeuAc1dHex1,Y,2609.319799,63212
YY-Hex4HexNAc6NeuAc1,YY,2666.341262,63212
YY-Hex4HexNAc6NeuAc1,YY,2666.341262,63212
YY-Hex5HexNAc6dHex1,YY,2683.356578,63212
Y-Hex5HexNAc4NeuAc2-B,BY,2723.351493,63212
Y-Hex4HexNAc4NeuAc2dHex1,Y,2725.367143,63212
Hex5HexNAc4NeuAc2-B,B,2737.367143,63212
YY-Hex5HexNAc5NeuAc1dHex1,YY,2799.403922,63212
Y-Hex4HexNAc6NeuAc1dHex1,Y,2854.446121,63212
Y-Hex4HexNAc6NeuAc1dHex1,Y,2854.446121,63212
YY-Hex5HexNAc6NeuAc1,YY,2870.441036,63212
YY-Hex5HexNAc4NeuAc2dHex1,YY,2915.451266,63212
Hex5HexNAc5NeuAc2-B,B,2982.493465,63212
YY-Hex5HexNAc5NeuAc2,YY,2986.48838,63212
Y-Hex5HexNAc6NeuAc1dHex1,Y,3058.545895,63212
Y-Hex5HexNAc5NeuAc2dHex1,Y,3174.593239,63212
Y-Hex5HexNAc6NeuAc2,Y,3245.630353,63212
Hex5HexNAc6NeuAc2dHex1,NA,3433.735212,63212
dHex1-B,B,188.104859,63210
Hex1-B,B,218.1154237,63210
Y-HexNAc1-B,BY,245.1263227,63210
Y-HexNAc1-B,BY,245.1263227,63210
HexNAc1-B,B,259.1419728,63210
YY-HexNAc1,YY,263.1368874,63210
Y-Hex1HexNAc1-B,BY,449.2260963,63210
Y-HexNAc1dHex1,Y,451.2417464,63210
Hex1HexNAc1-B,B,463.2417464,63210
YY-HexNAc2,YY,508.2632101,63210
Y-Hex2HexNAc1-B,BY,653.32587,63210
Y-HexNAc2dHex1,Y,696.3680691,63210
Hex1HexNAc2-B,B,708.3680691,63210
YY-Hex1HexNAc2dHex1,YY,886.4521927,63210
Y-Hex2HexNAc2-B,BY,898.4521927,63210
Y-Hex2HexNAc2-B,BY,898.4521927,63210
Hex3HexNAc2-B,B,1116.567616,63210
Y-Hex2HexNAc3-B,BY,1143.578515,63210
Y-Hex4HexNAc2-B,BY,1306.65174,63210
YY-Hex2HexNAc3dHex1,YY,1335.678289,63210
YY-Hex2HexNAc4,YY,1406.715403,63210
YY-Hex3HexNAc3dHex1,YY,1539.778063,63210
Y-Hex4HexNAc3-B,BY,1551.778063,63210
Y-Hex4HexNAc3-B,BY,1551.778063,63210
Y-Hex2HexNAc4dHex1,Y,1594.820262,63210
Y-Hex5HexNAc3-B,BY,1755.877836,63210
YY-Hex3HexNAc4dHex1,YY,1784.904385,63210
YY-Hex3HexNAc4dHex1,YY,1784.904385,63210
Y-Hex4HexNAc4-B,BY,1796.904385,63210
Y-Hex4HexNAc4-B,BY,1796.904385,63210
YY-Hex4HexNAc4,YY,1814.91495,63210
YY-Hex4HexNAc4dHex1,YY,1989.004159,63210
Y-Hex5HexNAc4-B,BY,2001.004159,63210
Y-Hex4HexNAc4dHex1,Y,2003.019809,63210
Hex5HexNAc4-B,B,2015.019809,63210
YY-Hex3HexNAc5dHex1,YY,2030.030708,63210
Y-Hex4HexNAc5-B,BY,2042.030708,63210
YY-Hex4HexNAc5,YY,2060.041273,63210
YY-Hex5HexNAc4dHex1,YY,2193.103933,63210
YY-Hex4HexNAc5dHex1,YY,2234.130482,63210
Y-Hex4HexNAc5dHex1,Y,2248.146132,63210
Hex5HexNAc5-B,B,2260.146132,63210
YY-Hex5HexNAc5,YY,2264.141046,63210
YY-Hex3HexNAc6dHex1,YY,2275.157031,63210
YY-Hex4HexNAc6,YY,2305.167596,63210
Y-Hex5HexNAc5dHex1,Y,2452.245905,63210
Y-Hex4HexNAc6dHex1,Y,2493.272455,63210
Y-Hex5HexNAc6,Y,2523.283019,63210
Hex5HexNAc6dHex1,NA,2711.387878,63210
dHex1-B,B,188.104859,63151
Y-Hex1-B,BY,204.0997736,63151
Y-HexNAc1-B,BY,245.1263227,63151
Y-HexNAc1-B,BY,245.1263227,63151
HexNAc1-B,B,259.1419728,63151
YY-HexNAc1,YY,263.1368874,63151
NeuAc1-B,B,375.1893169,63151
Y-HexNAc1dHex1-B,BY,419.2155317,63151
Y-HexNAc1dHex1-B,BY,419.2155317,63151
HexNAc1dHex1-B,B,433.2311817,63151
Y-Hex1HexNAc1-B,BY,449.2260963,63151
Y-HexNAc1dHex1,Y,451.2417464,63151
YY-HexNAc2,YY,508.2632101,63151
Hex1NeuAc1-B,B,579.2890905,63151
HexNAc1dHex2-B,B,607.3203907,63151
Y-Hex1HexNAc1dHex1-B,BY,623.3153053,63151
Y-Hex1HexNAc1dHex1-B,BY,623.3153053,63151
Y-HexNAc2dHex1,Y,696.3680691,63151
Y-Hex1HexNAc1dHex2-B,BY,797.4045142,63151
Y-Hex1HexNAc1NeuAc1-B,BY,810.3997632,63151
Y-Hex1HexNAc2dHex1-B,BY,868.441628,63151
YY-Hex1HexNAc2dHex1,YY,886.4521927,63151
Hex1HexNAc1NeuAc1dHex1-B,B,998.5046222,63151
Y-Hex1HexNAc2dHex2-B,BY,1042.530837,63151
Hex1HexNAc2dHex2-B,B,1056.546487,63151
Y-Hex2HexNAc1NeuAc1dHex1-B,BY,1188.588746,63151
Y-Hex2HexNAc2dHex2-B,BY,1246.630611,63151
Y-Hex2HexNAc2dHex2-B,BY,1246.630611,63151
YY-Hex2HexNAc3dHex1,YY,1335.678289,63151
Y-Hex2HexNAc2NeuAc1dHex1-B,BY,1433.715068,63151
Y-Hex2HexNAc2NeuAc1dHex1-B,BY,1433.715068,63151
Y-Hex2HexNAc3dHex2-B,BY,1491.756933,63151
YY-Hex2HexNAc3dHex2,YY,1509.767498,63151
Hex2HexNAc2NeuAc1dHex2-B,B,1621.819927,63151
YY-Hex2HexNAc3dHex3,YY,1683.856707,63151
YY-Hex2HexNAc4dHex2,YY,1754.893821,63151
YY-Hex2HexNAc4dHex2,YY,1754.893821,63151
Y-Hex3HexNAc2NeuAc1dHex2-B,BY,1811.904051,63151
Y-Hex3HexNAc3dHex3-B,BY,1869.945916,63151
YY-Hex2HexNAc4dHex3,YY,1928.98303,63151
Y-Hex2HexNAc4dHex3,Y,1942.99868,63151
YY-Hex3HexNAc4dHex2,YY,1958.993594,63151
Y-Hex3HexNAc3NeuAc1dHex2-B,BY,2057.030374,63151
YY-Hex3HexNAc3NeuAc1dHex2,YY,2075.040938,63151
Y-Hex3HexNAc4dHex3-B,BY,2115.072239,63151
YY-Hex3HexNAc4dHex3,YY,2133.082803,63151
YY-Hex3HexNAc4dHex3,YY,2133.082803,63151
Y-Hex4HexNAc3NeuAc1dHex2-B,BY,2261.130147,63151
Y-Hex3HexNAc4dHex4-B,BY,2289.161448,63151
YY-Hex3HexNAc4dHex4,YY,2307.172012,63151
YY-Hex3HexNAc4NeuAc1dHex2,YY,2320.167261,63151
YY-Hex3HexNAc4NeuAc1dHex2,YY,2320.167261,63151
YY-Hex3HexNAc4NeuAc1dHex2,YY,2320.167261,63151
YY-Hex3HexNAc5dHex3,YY,2378.209126,63151
YY-Hex3HexNAc5dHex3,YY,2378.209126,63151
YY-Hex3HexNAc5dHex3,YY,2378.209126,63151
YY-Hex3HexNAc5dHex3,YY,2378.209126,63151
Y-Hex4HexNAc3NeuAc1dHex3-B,BY,2435.219356,63151
Y-Hex4HexNAc4dHex4-B,BY,2493.261221,63151
Y-Hex4HexNAc4NeuAc1dHex2-B,BY,2506.25647,63151
Y-Hex3HexNAc4NeuAc1dHex3,Y,2508.27212,63151
YY-Hex4HexNAc4NeuAc1dHex2,YY,2524.267035,63151
Y-Hex3HexNAc5dHex4-B,BY,2534.28777,63151
YY-Hex3HexNAc5dHex4,YY,2552.298335,63151
Y-Hex3HexNAc5dHex4,Y,2566.313985,63151
YY-Hex4HexNAc5dHex3,YY,2582.3089,63151
Y-Hex4HexNAc3NeuAc1dHex4-B,BY,2609.308565,63151
Y-Hex4HexNAc4NeuAc1dHex3-B,BY,2680.345679,63151
Y-Hex4HexNAc4NeuAc1dHex3-B,BY,2680.345679,63151
Y-Hex4HexNAc4NeuAc1dHex3-B,BY,2680.345679,63151
Y-Hex4HexNAc4NeuAc1dHex3-B,BY,2680.345679,63151
YY-Hex4HexNAc4NeuAc1dHex3,YY,2698.356244,63151
YY-Hex3HexNAc5dHex5,YY,2726.387544,63151
Y-Hex4HexNAc5dHex4-B,BY,2738.387544,63151
YY-Hex4HexNAc5dHex4,YY,2756.398109,63151
YY-Hex4HexNAc5NeuAc1dHex2,YY,2769.393358,63151
YY-Hex4HexNAc5NeuAc1dHex2,YY,2769.393358,63151
YY-Hex4HexNAc5NeuAc1dHex2,YY,2769.393358,63151
YY-Hex3HexNAc6dHex4,YY,2797.424658,63151
YY-Hex3HexNAc6dHex4,YY,2797.424658,63151
YY-Hex3HexNAc6dHex4,YY,2797.424658,63151
YY-Hex3HexNAc6dHex4,YY,2797.424658,63151
Y-Hex4HexNAc4NeuAc1dHex4-B,BY,2854.434888,63151
Hex4HexNAc4NeuAc1dHex4-B,B,2868.450538,63151
YY-Hex4HexNAc4NeuAc1dHex4,YY,2872.445453,63151
Y-Hex4HexNAc5NeuAc1dHex3-B,BY,2925.472002,63151
Y-Hex4HexNAc5NeuAc1dHex3-B,BY,2925.472002,63151
Y-Hex4HexNAc5NeuAc1dHex3-B,BY,2925.472002,63151
YY-Hex4HexNAc5dHex5,YY,2930.487317,63151
YY-Hex4HexNAc5NeuAc1dHex3,YY,2943.482566,63151
YY-Hex4HexNAc5NeuAc1dHex3,YY,2943.482566,63151
YY-Hex4HexNAc5NeuAc1dHex3,YY,2943.482566,63151
Y-Hex4HexNAc5NeuAc1dHex3,Y,2957.498217,63151
Y-Hex3HexNAc6dHex5,Y,2985.529517,63151
YY-Hex4HexNAc6dHex4,YY,3001.524431,63151
YY-Hex4HexNAc6dHex4,YY,3001.524431,63151
YY-Hex4HexNAc6dHex4,YY,3001.524431,63151
YY-Hex4HexNAc6dHex4,YY,3001.524431,63151
Hex4HexNAc5NeuAc1dHex4-B,B,3113.576861,63151
YY-Hex4HexNAc5NeuAc1dHex4,YY,3117.571775,63151
YY-Hex4HexNAc5NeuAc1dHex4,YY,3117.571775,63151
YY-Hex4HexNAc5NeuAc1dHex4,YY,3117.571775,63151
YY-Hex4HexNAc5NeuAc1dHex4,YY,3117.571775,63151
Y-Hex4HexNAc5NeuAc1dHex4,Y,3131.587425,63151
YY-Hex4HexNAc6NeuAc1dHex3,YY,3188.608889,63151
YY-Hex4HexNAc6NeuAc1dHex3,YY,3188.608889,63151
YY-Hex4HexNAc6NeuAc1dHex3,YY,3188.608889,63151
YY-Hex4HexNAc6NeuAc1dHex3,YY,3188.608889,63151
YY-Hex4HexNAc6NeuAc1dHex3,YY,3188.608889,63151
YY-Hex4HexNAc6NeuAc1dHex3,YY,3188.608889,63151
YY-Hex4HexNAc6NeuAc1dHex3,YY,3188.608889,63151
Y-Hex4HexNAc6dHex5,Y,3189.62929,63151
Y-Hex4HexNAc5NeuAc1dHex5,Y,3305.676634,63151
Y-Hex4HexNAc6NeuAc1dHex4,Y,3376.713748,63151
Y-Hex4HexNAc6NeuAc1dHex4,Y,3376.713748,63151
Y-Hex4HexNAc6NeuAc1dHex4,Y,3376.713748,63151
Y-Hex4HexNAc6NeuAc1dHex4,Y,3376.713748,63151
Hex4HexNAc6NeuAc1dHex5,NA,3564.818607,63151
dHex1-B,B,188.104859,63120
Hex1-B,B,218.1154237,63120
Y-HexNAc1-B,BY,245.1263227,63120
Y-HexNAc1-B,BY,245.1263227,63120
Y-HexNAc1-B,BY,245.1263227,63120
HexNAc1-B,B,259.1419728,63120
YY-HexNAc1,YY,263.1368874,63120
HexNAc1dHex1-B,B,433.2311817,63120
Y-Hex1HexNAc1-B,BY,449.2260963,63120
Y-HexNAc1dHex1,Y,451.2417464,63120
Hex1HexNAc1-B,B,463.2417464,63120
YY-HexNAc2,YY,508.2632101,63120
Y-Hex1HexNAc1dHex1-B,BY,623.3153053,63120
Y-Hex2HexNAc1-B,BY,653.32587,63120
Y-Hex1HexNAc2-B,BY,694.3524191,63120
Y-Hex1HexNAc2-B,BY,694.3524191,63120
Y-HexNAc2dHex1,Y,696.3680691,63120
Hex1HexNAc2dHex1-B,B,882.4572781,63120
YY-Hex1HexNAc2dHex1,YY,886.4521927,63120
Hex2HexNAc2-B,B,912.4678428,63120
Y-Hex2HexNAc2dHex1-B,BY,1072.541402,63120
Y-Hex3HexNAc2-B,BY,1102.551966,63120
Y-Hex2HexNAc3dHex1-B,BY,1317.667724,63120
YY-Hex2HexNAc3dHex1,YY,1335.678289,63120
Y-Hex3HexNAc3-B,BY,1347.678289,63120
YY-Hex2HexNAc3dHex2,YY,1509.767498,63120
Y-Hex3HexNAc3dHex1-B,BY,1521.767498,63120
YY-Hex3HexNAc3dHex1,YY,1539.778063,63120
Y-Hex4HexNAc3-B,BY,1551.778063,63120
YY-Hex2HexNAc4dHex1,YY,1580.804612,63120
YY-Hex2HexNAc4dHex1,YY,1580.804612,63120
YY-Hex2HexNAc4dHex1,YY,1580.804612,63120
YY-Hex3HexNAc4,YY,1610.815176,63120
Y-Hex4HexNAc3dHex1-B,BY,1725.867272,63120
Y-Hex4HexNAc3dHex1-B,BY,1725.867272,63120
Y-Hex3HexNAc4dHex1-B,BY,1766.893821,63120
Y-Hex3HexNAc4dHex1-B,BY,1766.893821,63120
Y-Hex2HexNAc4dHex2,Y,1768.909471,63120
YY-Hex3HexNAc4dHex1,YY,1784.904385,63120
Y-Hex4HexNAc4-B,BY,1796.904385,63120
Y-Hex4HexNAc4-B,BY,1796.904385,63120
Y-Hex3HexNAc4dHex1,Y,1798.920035,63120
YY-Hex3HexNAc4dHex2,YY,1958.993594,63120
YY-Hex3HexNAc4dHex2,YY,1958.993594,63120
Y-Hex4HexNAc4dHex1-B,BY,1970.993594,63120
Y-Hex4HexNAc4dHex1-B,BY,1970.993594,63120
Hex4HexNAc4dHex1-B,B,1985.009244,63120
YY-Hex4HexNAc4dHex1,YY,1989.004159,63120
YY-Hex4HexNAc4dHex1,YY,1989.004159,63120
Y-Hex3HexNAc5dHex1-B,BY,2012.020143,63120
YY-Hex3HexNAc5dHex1,YY,2030.030708,63120
YY-Hex3HexNAc5dHex1,YY,2030.030708,63120
YY-Hex3HexNAc5dHex1,YY,2030.030708,63120
Y-Hex4HexNAc5-B,BY,2042.030708,63120
YY-Hex4HexNAc5,YY,2060.041273,63120
YY-Hex4HexNAc4dHex2,YY,2163.093368,63120
YY-Hex3HexNAc5dHex2,YY,2204.119917,63120
YY-Hex3HexNAc5dHex2,YY,2204.119917,63120
Y-Hex3HexNAc5dHex2,Y,2218.135567,63120
Hex4HexNAc5dHex1-B,B,2230.135567,63120
YY-Hex4HexNAc5dHex1,YY,2234.130482,63120
YY-Hex4HexNAc5dHex1,YY,2234.130482,63120
YY-Hex4HexNAc5dHex1,YY,2234.130482,63120
YY-Hex4HexNAc5dHex1,YY,2234.130482,63120
Y-Hex4HexNAc5dHex1,Y,2248.146132,63120
YY-Hex3HexNAc6dHex1,YY,2275.157031,63120
YY-Hex3HexNAc6dHex1,YY,2275.157031,63120
YY-Hex4HexNAc6,YY,2305.167596,63120
Y-Hex4HexNAc5dHex2,Y,2422.235341,63120
Y-Hex4HexNAc5dHex2,Y,2422.235341,63120
Y-Hex3HexNAc6dHex2,Y,2463.26189,63120
Y-Hex4HexNAc6dHex1,Y,2493.272455,63120
Y-Hex4HexNAc6dHex1,Y,2493.272455,63120
Hex4HexNAc6dHex2,NA,2681.377314,63120
dHex1-B,B,188.104859,63111
Y-Hex1-B,BY,204.0997736,63111
Y-HexNAc1-B,BY,245.1263227,63111
Y-HexNAc1-B,BY,245.1263227,63111
HexNAc1-B,B,259.1419728,63111
YY-HexNAc1,YY,263.1368874,63111
NeuAc1-B,B,375.1893169,63111
Y-Hex1HexNAc1-B,BY,449.2260963,63111
Y-Hex1HexNAc1-B,BY,449.2260963,63111
Y-HexNAc1dHex1,Y,451.2417464,63111
YY-HexNAc2,YY,508.2632101,63111
Hex1NeuAc1-B,B,579.2890905,63111
Y-Hex1HexNAc2-B,BY,694.3524191,63111
Y-HexNAc2dHex1,Y,696.3680691,63111
Hex1HexNAc2-B,B,708.3680691,63111
Hex1HexNAc1NeuAc1-B,B,824.4154133,63111
YY-Hex1HexNAc2dHex1,YY,886.4521927,63111
Y-Hex2HexNAc2-B,BY,898.4521927,63111
Y-Hex2HexNAc2-B,BY,898.4521927,63111
Y-Hex2HexNAc1NeuAc1-B,BY,1014.499537,63111
Y-Hex2HexNAc3-B,BY,1143.578515,63111
Hex2HexNAc2NeuAc1-B,B,1273.64151,63111
YY-Hex2HexNAc3dHex1,YY,1335.678289,63111
Y-Hex3HexNAc3-B,BY,1347.678289,63111
YY-Hex2HexNAc4,YY,1406.715403,63111
Y-Hex3HexNAc2NeuAc1-B,BY,1463.725633,63111
YY-Hex2HexNAc4dHex1,YY,1580.804612,63111
Y-Hex3HexNAc4-B,BY,1592.804612,63111
Y-Hex3HexNAc4-B,BY,1592.804612,63111
Y-Hex2HexNAc4dHex1,Y,1594.820262,63111
Y-Hex3HexNAc3NeuAc1-B,BY,1708.851956,63111
YY-Hex3HexNAc4dHex1,YY,1784.904385,63111
YY-Hex3HexNAc4dHex1,YY,1784.904385,63111
YY-Hex3HexNAc4dHex1,YY,1784.904385,63111
Y-Hex4HexNAc4-B,BY,1796.904385,63111
Y-Hex3HexNAc5-B,BY,1837.930934,63111
YY-Hex3HexNAc5,YY,1855.941499,63111
YY-Hex3HexNAc3NeuAc1dHex1,YY,1900.95173,63111
Y-Hex4HexNAc3NeuAc1-B,BY,1912.95173,63111
Y-Hex4HexNAc3NeuAc1-B,BY,1912.95173,63111
YY-Hex3HexNAc4NeuAc1,YY,1971.988843,63111
YY-Hex3HexNAc5dHex1,YY,2030.030708,63111
YY-Hex3HexNAc5dHex1,YY,2030.030708,63111
Y-Hex4HexNAc5-B,BY,2042.030708,63111
Y-Hex3HexNAc5dHex1,Y,2044.046358,63111
YY-Hex3HexNAc6,YY,2101.067822,63111
Y-Hex4HexNAc4NeuAc1-B,BY,2158.078052,63111
Y-Hex4HexNAc4NeuAc1-B,BY,2158.078052,63111
Y-Hex3HexNAc4NeuAc1dHex1,Y,2160.093702,63111
Hex4HexNAc4NeuAc1-B,B,2172.093702,63111
YY-Hex4HexNAc5dHex1,YY,2234.130482,63111
YY-Hex4HexNAc5dHex1,YY,2234.130482,63111
Y-Hex3HexNAc6dHex1,Y,2289.172681,63111
YY-Hex4HexNAc6,YY,2305.167596,63111
YY-Hex4HexNAc4NeuAc1dHex1,YY,2350.177826,63111
YY-Hex4HexNAc4NeuAc1dHex1,YY,2350.177826,63111
Hex4HexNAc5NeuAc1-B,B,2417.220025,63111
YY-Hex4HexNAc5NeuAc1,YY,2421.21494,63111
YY-Hex4HexNAc5NeuAc1,YY,2421.21494,63111
Y-Hex4HexNAc6dHex1,Y,2493.272455,63111
Y-Hex4HexNAc5NeuAc1dHex1,Y,2609.319799,63111
Y-Hex4HexNAc5NeuAc1dHex1,Y,2609.319799,63111
Y-Hex4HexNAc6NeuAc1,Y,2680.356912,63111
Hex4HexNAc6NeuAc1dHex1,NA,2868.461771,63111
dHex1-B,B,188.104859,63110
Hex1-B,B,218.1154237,63110
Y-HexNAc1-B,BY,245.1263227,63110
Y-HexNAc1-B,BY,245.1263227,63110
HexNAc1-B,B,259.1419728,63110
YY-HexNAc1,YY,263.1368874,63110
Y-Hex1HexNAc1-B,BY,449.2260963,63110
Y-HexNAc1dHex1,Y,451.2417464,63110
Hex1HexNAc1-B,B,463.2417464,63110
YY-HexNAc2,YY,508.2632101,63110
Y-Hex2HexNAc1-B,BY,653.32587,63110
Y-Hex1HexNAc2-B,BY,694.3524191,63110
Y-HexNAc2dHex1,Y,696.3680691,63110
Hex1HexNAc2-B,B,708.3680691,63110
YY-Hex1HexNAc2dHex1,YY,886.4521927,63110
Y-Hex2HexNAc2-B,BY,898.4521927,63110
Hex2HexNAc2-B,B,912.4678428,63110
Y-Hex3HexNAc2-B,BY,1102.551966,63110
Y-Hex2HexNAc3-B,BY,1143.578515,63110
YY-Hex2HexNAc3dHex1,YY,1335.678289,63110
Y-Hex3HexNAc3-B,BY,1347.678289,63110
Y-Hex3HexNAc3-B,BY,1347.678289,63110
YY-Hex2HexNAc4,YY,1406.715403,63110
YY-Hex3HexNAc3dHex1,YY,1539.778063,63110
Y-Hex4HexNAc3-B,BY,1551.778063,63110
Y-Hex4HexNAc3-B,BY,1551.778063,63110
YY-Hex2HexNAc4dHex1,YY,1580.804612,63110
Y-Hex3HexNAc4-B,BY,1592.804612,63110
Y-Hex3HexNAc4-B,BY,1592.804612,63110
Y-Hex2HexNAc4dHex1,Y,1594.820262,63110
YY-Hex3HexNAc4,YY,1610.815176,63110
YY-Hex3HexNAc4dHex1,YY,1784.904385,63110
YY-Hex3HexNAc4dHex1,YY,1784.904385,63110
Y-Hex4HexNAc4-B,BY,1796.904385,63110
Y-Hex4HexNAc4-B,BY,1796.904385,63110
Y-Hex3HexNAc4dHex1,Y,1798.920035,63110
Hex4HexNAc4-B,B,1810.920035,63110
Y-Hex3HexNAc5-B,BY,1837.930934,63110
YY-Hex3HexNAc5,YY,1855.941499,63110
YY-Hex4HexNAc4dHex1,YY,1989.004159,63110
YY-Hex4HexNAc4dHex1,YY,1989.004159,63110
YY-Hex3HexNAc5dHex1,YY,2030.030708,63110
YY-Hex3HexNAc5dHex1,YY,2030.030708,63110
Y-Hex3HexNAc5dHex1,Y,2044.046358,63110
Hex4HexNAc5-B,B,2056.046358,63110
YY-Hex4HexNAc5,YY,2060.041273,63110
YY-Hex4HexNAc5,YY,2060.041273,63110
YY-Hex3HexNAc6,YY,2101.067822,63110
Y-Hex4HexNAc5dHex1,Y,2248.146132,63110
Y-Hex4HexNAc5dHex1,Y,2248.146132,63110
Y-Hex3HexNAc6dHex1,Y,2289.172681,63110
Y-Hex4HexNAc6,Y,2319.183246,63110
Hex4HexNAc6dHex1,NA,2507.288105,63110
dHex1-B,B,188.104859,63010
Y-HexNAc1-B,BY,245.1263227,63010
HexNAc1-B,B,259.1419728,63010
YY-HexNAc1,YY,263.1368874,63010
Y-Hex1HexNAc1-B,BY,449.2260963,63010
Y-HexNAc1dHex1,Y,451.2417464,63010
YY-HexNAc2,YY,508.2632101,63010
Y-HexNAc2dHex1,Y,696.3680691,63010
Hex1HexNAc2-B,B,708.3680691,63010
YY-Hex1HexNAc2dHex1,YY,886.4521927,63010
Y-Hex2HexNAc2-B,BY,898.4521927,63010
Y-Hex2HexNAc3-B,BY,1143.578515,63010
YY-Hex2HexNAc3dHex1,YY,1335.678289,63010
Y-Hex3HexNAc3-B,BY,1347.678289,63010
YY-Hex2HexNAc4,YY,1406.715403,63010
Y-Hex3HexNAc4-B,BY,1592.804612,63010
Y-Hex2HexNAc4dHex1,Y,1594.820262,63010
Hex3HexNAc4-B,B,1606.820262,63010
YY-Hex3HexNAc4dHex1,YY,1784.904385,63010
YY-Hex3HexNAc4dHex1,YY,1784.904385,63010
Hex3HexNAc5-B,B,1851.946585,63010
YY-Hex3HexNAc5,YY,1855.941499,63010
Y-Hex3HexNAc5dHex1,Y,2044.046358,63010
Y-Hex3HexNAc6,Y,2115.083472,63010
Hex3HexNAc6dHex1,NA,2303.188331,63010
dHex1-B,B,188.104859,55212
Y-Hex1-B,BY,204.0997736,55212
Y-Hex1-B,BY,204.0997736,55212
Y-Hex1-B,BY,204.0997736,55212
Hex1-B,B,218.1154237,55212
Y-HexNAc1-B,BY,245.1263227,55212
Y-HexNAc1-B,BY,245.1263227,55212
HexNAc1-B,B,259.1419728,55212
YY-HexNAc1,YY,263.1368874,55212
NeuAc1-B,B,375.1893169,55212
NeuAc1-B,B,375.1893169,55212
Y-Hex2-B,BY,408.1995472,55212
Y-Hex2-B,BY,408.1995472,55212
Y-Hex1HexNAc1-B,BY,449.2260963,55212
Y-HexNAc1dHex1,Y,451.2417464,55212
Hex1HexNAc1-B,B,463.2417464,55212
YY-HexNAc2,YY,508.2632101,55212
Hex1NeuAc1-B,B,579.2890905,55212
Hex1NeuAc1-B,B,579.2890905,55212
Y-Hex3-B,BY,612.2993209,55212
Y-Hex2HexNAc1-B,BY,653.32587,55212
Y-HexNAc2dHex1,Y,696.3680691,55212
Hex2NeuAc1-B,B,783.3888642,55212
Hex1HexNAc1NeuAc1-B,B,824.4154133,55212
Y-Hex2HexNAc2-B,BY,898.4521927,55212
Hex3NeuAc1-B,B,987.4886378,55212
Y-Hex2HexNAc1NeuAc1-B,BY,1014.499537,55212
Y-Hex3HexNAc2-B,BY,1102.551966,55212
YY-Hex1HexNAc3dHex1,YY,1131.578515,55212
Y-Hex2HexNAc2NeuAc1-B,BY,1259.62586,55212
YY-Hex2HexNAc3dHex1,YY,1335.678289,55212
Y-Hex4HexNAc1NeuAc1-B,BY,1422.699084,55212
Hex3HexNAc2NeuAc1-B,B,1477.741283,55212
YY-Hex3HexNAc3dHex1,YY,1539.778063,55212
Y-Hex4HexNAc2NeuAc1-B,BY,1667.825407,55212
YY-Hex4HexNAc3dHex1,YY,1743.877836,55212
YY-Hex3HexNAc4dHex1,YY,1784.904385,55212
YY-Hex4HexNAc2NeuAc1dHex1,YY,1859.92518,55212
Y-Hex4HexNAc3NeuAc1-B,BY,1912.95173,55212
YY-Hex4HexNAc3NeuAc1,YY,1930.962294,55212
YY-Hex4HexNAc4dHex1,YY,1989.004159,55212
YY-Hex3HexNAc5dHex1,YY,2030.030708,55212
Y-Hex6HexNAc2NeuAc1-B,BY,2076.024954,55212
Y-Hex5HexNAc3NeuAc1-B,BY,2117.051503,55212
Y-Hex4HexNAc3NeuAc1dHex1,Y,2119.067153,55212
YY-Hex3HexNAc4NeuAc1dHex1,YY,2146.078052,55212
Y-Hex4HexNAc4NeuAc1-B,BY,2158.078052,55212
YY-Hex5HexNAc4dHex1,YY,2193.103933,55212
YY-Hex4HexNAc5dHex1,YY,2234.130482,55212
YY-Hex4HexNAc5dHex1,YY,2234.130482,55212
YY-Hex5HexNAc3NeuAc1dHex1,YY,2309.151277,55212
Y-Hex6HexNAc3NeuAc1-B,BY,2321.151277,55212
Y-Hex6HexNAc3NeuAc1-B,BY,2321.151277,55212
Y-Hex6HexNAc3NeuAc1-B,BY,2321.151277,55212
YY-Hex4HexNAc4NeuAc1dHex1,YY,2350.177826,55212
YY-Hex4HexNAc4NeuAc1dHex1,YY,2350.177826,55212
Y-Hex5HexNAc4NeuAc1-B,BY,2362.177826,55212
YY-Hex3HexNAc5NeuAc1dHex1,YY,2391.204375,55212
YY-Hex6HexNAc4dHex1,YY,2397.203706,55212
YY-Hex4HexNAc5NeuAc1,YY,2421.21494,55212
Y-Hex6HexNAc2NeuAc2-B,BY,2437.198621,55212
YY-Hex5HexNAc5dHex1,YY,2438.230255,55212
YY-Hex5HexNAc5dHex1,YY,2438.230255,55212
YY-Hex6HexNAc3NeuAc1dHex1,YY,2513.25105,55212
Y-Hex7HexNAc3NeuAc1-B,BY,2525.25105,55212
Y-Hex7HexNAc3NeuAc1-B,BY,2525.25105,55212
YY-Hex5HexNAc4NeuAc1dHex1,YY,2554.277599,55212
YY-Hex5HexNAc4NeuAc1dHex1,YY,2554.277599,55212
YY-Hex5HexNAc4NeuAc1dHex1,YY,2554.277599,55212
Y-Hex6HexNAc4NeuAc1-B,BY,2566.277599,55212
Y-Hex6HexNAc4NeuAc1-B,BY,2566.277599,55212
YY-Hex6HexNAc4NeuAc1,YY,2584.288164,55212
YY-Hex4HexNAc5NeuAc1dHex1,YY,2595.304149,55212
Y-Hex4HexNAc5NeuAc1dHex1,Y,2609.319799,55212
YY-Hex5HexNAc5NeuAc1,YY,2625.314713,55212
Y-Hex7HexNAc2NeuAc2-B,BY,2641.298394,55212
YY-Hex6HexNAc5dHex1,YY,2642.330029,55212
YY-Hex6HexNAc5dHex1,YY,2642.330029,55212
Y-Hex6HexNAc3NeuAc2-B,BY,2682.324944,55212
Y-Hex6HexNAc3NeuAc2-B,BY,2682.324944,55212
YY-Hex6HexNAc4NeuAc1dHex1,YY,2758.377373,55212
YY-Hex6HexNAc4NeuAc1dHex1,YY,2758.377373,55212
YY-Hex6HexNAc4NeuAc1dHex1,YY,2758.377373,55212
YY-Hex6HexNAc4NeuAc1dHex1,YY,2758.377373,55212
Y-Hex7HexNAc4NeuAc1-B,BY,2770.377373,55212
Y-Hex7HexNAc4NeuAc1-B,BY,2770.377373,55212
Y-Hex6HexNAc4NeuAc1dHex1,Y,2772.393023,55212
YY-Hex5HexNAc5NeuAc1dHex1,YY,2799.403922,55212
YY-Hex5HexNAc5NeuAc1dHex1,YY,2799.403922,55212
Y-Hex5HexNAc5NeuAc1dHex1,Y,2813.419572,55212
YY-Hex6HexNAc5NeuAc1,YY,2829.414487,55212
YY-Hex6HexNAc5NeuAc1,YY,2829.414487,55212
YY-Hex7HexNAc5dHex1,YY,2846.429803,55212
YY-Hex6HexNAc3NeuAc2dHex1,YY,2874.424717,55212
Y-Hex7HexNAc3NeuAc2-B,BY,2886.424717,55212
Hex7HexNAc3NeuAc2-B,B,2900.440367,55212
Y-Hex6HexNAc4NeuAc2-B,BY,2927.451266,55212
YY-Hex6HexNAc4NeuAc2,YY,2945.461831,55212
YY-Hex7HexNAc4NeuAc1dHex1,YY,2962.477147,55212
YY-Hex7HexNAc4NeuAc1dHex1,YY,2962.477147,55212
YY-Hex6HexNAc5NeuAc1dHex1,YY,3003.503696,55212
YY-Hex6HexNAc5NeuAc1dHex1,YY,3003.503696,55212
Y-Hex6HexNAc5NeuAc1dHex1,Y,3017.519346,55212
Y-Hex6HexNAc5NeuAc1dHex1,Y,3017.519346,55212
YY-Hex7HexNAc5NeuAc1,YY,3033.514261,55212
YY-Hex7HexNAc5NeuAc1,YY,3033.514261,55212
YY-Hex6HexNAc4NeuAc2dHex1,YY,3119.55104,55212
Y-Hex6HexNAc4NeuAc2dHex1,Y,3133.56669,55212
Hex7HexNAc4NeuAc2-B,B,3145.56669,55212
YY-Hex7HexNAc4NeuAc2,YY,3149.561605,55212
YY-Hex6HexNAc5NeuAc2,YY,3190.588154,55212
Y-Hex7HexNAc5NeuAc1dHex1,Y,3221.619119,55212
Y-Hex7HexNAc5NeuAc1dHex1,Y,3221.619119,55212
Y-Hex7HexNAc4NeuAc2dHex1,Y,3337.666464,55212
Y-Hex6HexNAc5NeuAc2dHex1,Y,3378.693013,55212
Y-Hex7HexNAc5NeuAc2,Y,3408.703577,55212
Hex7HexNAc5NeuAc2dHex1,NA,3596.808436,55212
dHex1-B,B,188.104859,55211
Y-Hex1-B,BY,204.0997736,55211
Y-Hex1-B,BY,204.0997736,55211
Hex1-B,B,218.1154237,55211
Y-HexNAc1-B,BY,245.1263227,55211
Y-HexNAc1-B,BY,245.1263227,55211
HexNAc1-B,B,259.1419728,55211
YY-HexNAc1,YY,263.1368874,55211
NeuAc1-B,B,375.1893169,55211
Y-Hex2-B,BY,408.1995472,55211
Y-Hex2-B,BY,408.1995472,55211
Y-HexNAc1dHex1,Y,451.2417464,55211
Hex1HexNAc1-B,B,463.2417464,55211
YY-HexNAc2,YY,508.2632101,55211
Hex1NeuAc1-B,B,579.2890905,55211
Y-Hex3-B,BY,612.2993209,55211
Y-Hex2HexNAc1-B,BY,653.32587,55211
Y-HexNAc2dHex1,Y,696.3680691,55211
Hex2NeuAc1-B,B,783.3888642,55211
Y-Hex2HexNAc2-B,BY,898.4521927,55211
Hex3NeuAc1-B,B,987.4886378,55211
Hex3HexNAc2-B,B,1116.567616,55211
YY-Hex1HexNAc3dHex1,YY,1131.578515,55211
YY-Hex2HexNAc3dHex1,YY,1335.678289,55211
Y-Hex4HexNAc1NeuAc1-B,BY,1422.699084,55211
YY-Hex3HexNAc3dHex1,YY,1539.778063,55211
Y-Hex4HexNAc3-B,BY,1551.778063,55211
Y-Hex4HexNAc2NeuAc1-B,BY,1667.825407,55211
YY-Hex4HexNAc3dHex1,YY,1743.877836,55211
Y-Hex5HexNAc3-B,BY,1755.877836,55211
YY-Hex3HexNAc4dHex1,YY,1784.904385,55211
Y-Hex4HexNAc4-B,BY,1796.904385,55211
YY-Hex4HexNAc2NeuAc1dHex1,YY,1859.92518,55211
YY-Hex4HexNAc3NeuAc1,YY,1930.962294,55211
Y-Hex6HexNAc3-B,BY,1959.97761,55211
YY-Hex4HexNAc4dHex1,YY,1989.004159,55211
YY-Hex4HexNAc4dHex1,YY,1989.004159,55211
Y-Hex5HexNAc4-B,BY,2001.004159,55211
YY-Hex3HexNAc5dHex1,YY,2030.030708,55211
YY-Hex4HexNAc5,YY,2060.041273,55211
Y-Hex6HexNAc2NeuAc1-B,BY,2076.024954,55211
Y-Hex4HexNAc3NeuAc1dHex1,Y,2119.067153,55211
Y-Hex7HexNAc3-B,BY,2164.077384,55211
YY-Hex5HexNAc4dHex1,YY,2193.103933,55211
YY-Hex5HexNAc4dHex1,YY,2193.103933,55211
Y-Hex6HexNAc4-B,BY,2205.103933,55211
YY-Hex4HexNAc5dHex1,YY,2234.130482,55211
Y-Hex4HexNAc5dHex1,Y,2248.146132,55211
YY-Hex5HexNAc5,YY,2264.141046,55211
Y-Hex7HexNAc2NeuAc1-B,BY,2280.124728,55211
YY-Hex5HexNAc3NeuAc1dHex1,YY,2309.151277,55211
Y-Hex6HexNAc3NeuAc1-B,BY,2321.151277,55211
Y-Hex6HexNAc3NeuAc1-B,BY,2321.151277,55211
YY-Hex6HexNAc4dHex1,YY,2397.203706,55211
YY-Hex6HexNAc4dHex1,YY,2397.203706,55211
Y-Hex7HexNAc4-B,BY,2409.203706,55211
YY-Hex5HexNAc5dHex1,YY,2438.230255,55211
Y-Hex5HexNAc5dHex1,Y,2452.245905,55211
YY-Hex6HexNAc5,YY,2468.24082,55211
YY-Hex6HexNAc3NeuAc1dHex1,YY,2513.25105,55211
Y-Hex7HexNAc3NeuAc1-B,BY,2525.25105,55211
Hex7HexNAc3NeuAc1-B,B,2539.2667,55211
YY-Hex5HexNAc4NeuAc1dHex1,YY,2554.277599,55211
Y-Hex6HexNAc4NeuAc1-B,BY,2566.277599,55211
YY-Hex6HexNAc4NeuAc1,YY,2584.288164,55211
YY-Hex7HexNAc4dHex1,YY,2601.30348,55211
YY-Hex6HexNAc5dHex1,YY,2642.330029,55211
Y-Hex6HexNAc5dHex1,Y,2656.345679,55211
YY-Hex7HexNAc5,YY,2672.340594,55211
YY-Hex6HexNAc4NeuAc1dHex1,YY,2758.377373,55211
Y-Hex6HexNAc4NeuAc1dHex1,Y,2772.393023,55211
Hex7HexNAc4NeuAc1-B,B,2784.393023,55211
YY-Hex7HexNAc4NeuAc1,YY,2788.387938,55211
YY-Hex5HexNAc5NeuAc1dHex1,YY,2799.403922,55211
YY-Hex6HexNAc5NeuAc1,YY,2829.414487,55211
Y-Hex7HexNAc5dHex1,Y,2860.445453,55211
Y-Hex7HexNAc4NeuAc1dHex1,Y,2976.492797,55211
Y-Hex6HexNAc5NeuAc1dHex1,Y,3017.519346,55211
Y-Hex7HexNAc5NeuAc1,Y,3047.529911,55211
Hex7HexNAc5NeuAc1dHex1,NA,3235.63477,55211
dHex1-B,B,188.104859,55210
Hex1-B,B,218.1154237,55210
Hex1-B,B,218.1154237,55210
Y-HexNAc1-B,BY,245.1263227,55210
Y-HexNAc1-B,BY,245.1263227,55210
HexNAc1-B,B,259.1419728,55210
YY-HexNAc1,YY,263.1368874,55210
Y-Hex2-B,BY,408.1995472,55210
Y-HexNAc1dHex1,Y,451.2417464,55210
Hex1HexNAc1-B,B,463.2417464,55210
YY-HexNAc2,YY,508.2632101,55210
Hex3-B,B,626.3149709,55210
Y-Hex2HexNAc1-B,BY,653.32587,55210
Y-HexNAc2dHex1,Y,696.3680691,55210
Y-Hex2HexNAc2-B,BY,898.4521927,55210
Y-Hex2HexNAc2-B,BY,898.4521927,55210
Y-Hex4HexNAc1-B,BY,1061.525417,55210
Hex3HexNAc2-B,B,1116.567616,55210
YY-Hex1HexNAc3dHex1,YY,1131.578515,55210
Y-Hex4HexNAc2-B,BY,1306.65174,55210
YY-Hex4HexNAc2dHex1,YY,1498.751514,55210
YY-Hex3HexNAc3dHex1,YY,1539.778063,55210
Y-Hex4HexNAc3-B,BY,1551.778063,55210
YY-Hex4HexNAc3,YY,1569.788627,55210
Y-Hex6HexNAc2-B,BY,1714.851287,55210
Y-Hex4HexNAc3dHex1,Y,1757.893486,55210
YY-Hex3HexNAc4dHex1,YY,1784.904385,55210
Y-Hex4HexNAc4-B,BY,1796.904385,55210
Y-Hex7HexNAc2-B,BY,1918.951061,55210
YY-Hex5HexNAc3dHex1,YY,1947.97761,55210
Y-Hex6HexNAc3-B,BY,1959.97761,55210
Y-Hex6HexNAc3-B,BY,1959.97761,55210
Y-Hex6HexNAc3-B,BY,1959.97761,55210
Y-Hex6HexNAc3-B,BY,1959.97761,55210
YY-Hex4HexNAc4dHex1,YY,1989.004159,55210
YY-Hex3HexNAc5dHex1,YY,2030.030708,55210
YY-Hex4HexNAc5,YY,2060.041273,55210
YY-Hex6HexNAc3dHex1,YY,2152.077384,55210
Y-Hex7HexNAc3-B,BY,2164.077384,55210
Hex7HexNAc3-B,B,2178.093034,55210
YY-Hex5HexNAc4dHex1,YY,2193.103933,55210
YY-Hex5HexNAc4dHex1,YY,2193.103933,55210
Y-Hex6HexNAc4-B,BY,2205.103933,55210
Y-Hex6HexNAc4-B,BY,2205.103933,55210
Y-Hex6HexNAc4-B,BY,2205.103933,55210
YY-Hex6HexNAc4,YY,2223.114497,55210
Y-Hex4HexNAc5dHex1,Y,2248.146132,55210
YY-Hex6HexNAc4dHex1,YY,2397.203706,55210
YY-Hex6HexNAc4dHex1,YY,2397.203706,55210
Y-Hex6HexNAc4dHex1,Y,2411.219356,55210
Hex7HexNAc4-B,B,2423.219356,55210
YY-Hex7HexNAc4,YY,2427.214271,55210
YY-Hex5HexNAc5dHex1,YY,2438.230255,55210
YY-Hex5HexNAc5dHex1,YY,2438.230255,55210
YY-Hex5HexNAc5dHex1,YY,2438.230255,55210
YY-Hex6HexNAc5,YY,2468.24082,55210
YY-Hex6HexNAc5,YY,2468.24082,55210
YY-Hex6HexNAc5,YY,2468.24082,55210
Y-Hex7HexNAc4dHex1,Y,2615.31913,55210
Y-Hex6HexNAc5dHex1,Y,2656.345679,55210
Y-Hex6HexNAc5dHex1,Y,2656.345679,55210
Y-Hex6HexNAc5dHex1,Y,2656.345679,55210
Y-Hex7HexNAc5,Y,2686.356244,55210
Hex7HexNAc5dHex1,NA,2874.461103,55210
dHex1-B,B,188.104859,54311
Y-Hex1-B,BY,204.0997736,54311
Y-Hex1-B,BY,204.0997736,54311
Hex1-B,B,218.1154237,54311
Hex1-B,B,218.1154237,54311
Y-HexNAc1-B,BY,245.1263227,54311
Y-HexNAc1-B,BY,245.1263227,54311
Y-HexNAc1,Y,277.1525375,54311
NeuAc1-B,B,375.1893169,54311
Y-HexNAc1dHex1-B,BY,419.2155317,54311
Hex2-B,B,422.2151973,54311
Hex1HexNAc1-B,B,463.2417464,54311
Y-HexNAc2,Y,522.2788602,54311
Hex1NeuAc1-B,B,579.2890905,54311
Y-Hex3-B,BY,612.2993209,54311
Y-Hex1HexNAc1dHex1-B,BY,623.3153053,54311
YY-Hex1HexNAc2,YY,712.3629838,54311
Y-Hex1HexNAc1NeuAc1-B,BY,810.3997632,54311
Y-Hex3HexNAc1-B,BY,857.4256436,54311
YY-Hex2HexNAc2,YY,916.4627574,54311
Hex1HexNAc1NeuAc1dHex1-B,B,998.5046222,54311
Y-Hex3HexNAc2-B,BY,1102.551966,54311
Y-Hex3HexNAc2,Y,1134.578181,54311
Y-Hex3HexNAc3dHex1-B,BY,1521.767498,54311
Y-Hex3HexNAc2NeuAc1dHex1-B,BY,1637.814842,54311
Y-Hex6HexNAc2-B,BY,1714.851287,54311
Y-Hex4HexNAc3dHex1-B,BY,1725.867272,54311
YY-Hex5HexNAc3,YY,1773.888401,54311
YY-Hex4HexNAc4,YY,1814.91495,54311
Y-Hex3HexNAc3NeuAc1dHex1-B,BY,1882.941165,54311
Y-Hex4HexNAc3NeuAc1-B,BY,1912.95173,54311
Y-Hex6HexNAc3-B,BY,1959.97761,54311
YY-Hex5HexNAc4,YY,2019.014724,54311
YY-Hex5HexNAc4,YY,2019.014724,54311
Hex4HexNAc3NeuAc1dHex1-B,B,2101.056589,54311
Y-Hex6HexNAc3dHex1-B,BY,2134.066819,54311
YY-Hex5HexNAc4dHex1,YY,2193.103933,54311
YY-Hex4HexNAc5dHex1,YY,2234.130482,54311
Y-Hex6HexNAc4,Y,2237.130147,54311
Y-Hex6HexNAc2NeuAc1dHex1-B,BY,2250.114163,54311
Y-Hex5HexNAc3NeuAc1dHex1-B,BY,2291.140712,54311
YY-Hex5HexNAc3NeuAc1dHex1,YY,2309.151277,54311
Y-Hex7HexNAc3dHex1-B,BY,2338.166592,54311
YY-Hex4HexNAc4NeuAc1dHex1,YY,2350.177826,54311
Y-Hex6HexNAc4dHex1-B,BY,2379.193142,54311
YY-Hex6HexNAc4dHex1,YY,2397.203706,54311
YY-Hex5HexNAc5dHex1,YY,2438.230255,54311
YY-Hex5HexNAc5dHex1,YY,2438.230255,54311
YY-Hex5HexNAc5dHex1,YY,2438.230255,54311
YY-Hex6HexNAc5,YY,2468.24082,54311
Y-Hex6HexNAc3NeuAc1dHex1-B,BY,2495.240486,54311
Y-Hex6HexNAc3NeuAc1dHex1-B,BY,2495.240486,54311
Y-Hex6HexNAc3NeuAc1dHex1-B,BY,2495.240486,54311
Y-Hex7HexNAc3NeuAc1-B,BY,2525.25105,54311
Y-Hex5HexNAc4NeuAc1dHex1-B,BY,2536.267035,54311
YY-Hex5HexNAc4NeuAc1dHex1,YY,2554.277599,54311
YY-Hex5HexNAc4NeuAc1dHex1,YY,2554.277599,54311
Y-Hex7HexNAc4dHex1-B,BY,2583.292915,54311
YY-Hex6HexNAc4NeuAc1,YY,2584.288164,54311
YY-Hex4HexNAc5NeuAc1dHex1,YY,2595.304149,54311
YY-Hex5HexNAc5NeuAc1,YY,2625.314713,54311
YY-Hex6HexNAc5dHex1,YY,2642.330029,54311
YY-Hex6HexNAc5dHex1,YY,2642.330029,54311
Y-Hex6HexNAc5dHex1,Y,2656.345679,54311
YY-Hex7HexNAc5,YY,2672.340594,54311
Hex7HexNAc3NeuAc1dHex1-B,B,2713.355909,54311
Y-Hex6HexNAc4NeuAc1dHex1-B,BY,2740.366808,54311
Y-Hex6HexNAc4NeuAc1dHex1-B,BY,2740.366808,54311
Y-Hex7HexNAc4NeuAc1-B,BY,2770.377373,54311
Y-Hex6HexNAc4NeuAc1dHex1,Y,2772.393023,54311
YY-Hex5HexNAc5NeuAc1dHex1,YY,2799.403922,54311
YY-Hex5HexNAc5NeuAc1dHex1,YY,2799.403922,54311
Y-Hex5HexNAc5NeuAc1dHex1,Y,2813.419572,54311
YY-Hex6HexNAc5NeuAc1,YY,2829.414487,54311
YY-Hex6HexNAc5NeuAc1,YY,2829.414487,54311
Y-Hex7HexNAc5dHex1,Y,2860.445453,54311
Hex7HexNAc4NeuAc1dHex1-B,B,2958.482232,54311
Y-Hex6HexNAc5NeuAc1dHex1,Y,3017.519346,54311
Y-Hex6HexNAc5NeuAc1dHex1,Y,3017.519346,54311
Y-Hex7HexNAc5NeuAc1,Y,3047.529911,54311
Hex7HexNAc5NeuAc1dHex1,NA,3235.63477,54311
dHex1-B,B,188.104859,54310
Y-Hex1-B,BY,204.0997736,54310
Hex1-B,B,218.1154237,54310
Hex1-B,B,218.1154237,54310
Y-HexNAc1-B,BY,245.1263227,54310
Y-HexNAc1-B,BY,245.1263227,54310
Y-HexNAc1,Y,277.1525375,54310
Y-HexNAc1dHex1-B,BY,419.2155317,54310
Hex2-B,B,422.2151973,54310
Y-Hex1HexNAc1-B,BY,449.2260963,54310
Hex1HexNAc1-B,B,463.2417464,54310
Y-HexNAc2,Y,522.2788602,54310
Y-Hex3-B,BY,612.2993209,54310
Hex1HexNAc1dHex1-B,B,637.3309553,54310
YY-Hex1HexNAc2,YY,712.3629838,54310
Y-Hex3HexNAc1-B,BY,857.4256436,54310
YY-Hex2HexNAc2,YY,916.4627574,54310
Y-Hex3HexNAc2-B,BY,1102.551966,54310
Y-Hex3HexNAc2,Y,1134.578181,54310
Y-Hex3HexNAc2dHex1-B,BY,1276.641175,54310
Y-Hex3HexNAc3dHex1-B,BY,1521.767498,54310
Y-Hex3HexNAc3dHex1-B,BY,1521.767498,54310
Y-Hex4HexNAc3-B,BY,1551.778063,54310
Y-Hex6HexNAc2-B,BY,1714.851287,54310
Hex4HexNAc3dHex1-B,B,1739.882922,54310
YY-Hex5HexNAc3,YY,1773.888401,54310
YY-Hex4HexNAc4,YY,1814.91495,54310
Y-Hex6HexNAc2dHex1-B,BY,1888.940496,54310
Y-Hex5HexNAc3dHex1-B,BY,1929.967045,54310
YY-Hex5HexNAc3dHex1,YY,1947.97761,54310
Y-Hex6HexNAc3-B,BY,1959.97761,54310
YY-Hex4HexNAc4dHex1,YY,1989.004159,54310
YY-Hex5HexNAc4,YY,2019.014724,54310
YY-Hex5HexNAc4,YY,2019.014724,54310
Y-Hex6HexNAc3dHex1-B,BY,2134.066819,54310
Y-Hex6HexNAc3dHex1-B,BY,2134.066819,54310
Y-Hex6HexNAc3dHex1-B,BY,2134.066819,54310
Y-Hex6HexNAc3dHex1-B,BY,2134.066819,54310
Y-Hex7HexNAc3-B,BY,2164.077384,54310
Y-Hex5HexNAc4dHex1-B,BY,2175.093368,54310
YY-Hex5HexNAc4dHex1,YY,2193.103933,54310
YY-Hex5HexNAc4dHex1,YY,2193.103933,54310
YY-Hex5HexNAc4dHex1,YY,2193.103933,54310
YY-Hex6HexNAc4,YY,2223.114497,54310
YY-Hex4HexNAc5dHex1,YY,2234.130482,54310
YY-Hex4HexNAc5dHex1,YY,2234.130482,54310
Y-Hex6HexNAc4,Y,2237.130147,54310
YY-Hex5HexNAc5,YY,2264.141046,54310
Hex7HexNAc3dHex1-B,B,2352.182243,54310
Y-Hex6HexNAc4dHex1-B,BY,2379.193142,54310
Y-Hex6HexNAc4dHex1-B,BY,2379.193142,54310
Y-Hex6HexNAc4dHex1-B,BY,2379.193142,54310
Y-Hex7HexNAc4-B,BY,2409.203706,54310
Y-Hex6HexNAc4dHex1,Y,2411.219356,54310
YY-Hex5HexNAc5dHex1,YY,2438.230255,54310
YY-Hex5HexNAc5dHex1,YY,2438.230255,54310
YY-Hex5HexNAc5dHex1,YY,2438.230255,54310
YY-Hex5HexNAc5dHex1,YY,2438.230255,54310
Y-Hex5HexNAc5dHex1,Y,2452.245905,54310
YY-Hex6HexNAc5,YY,2468.24082,54310
YY-Hex6HexNAc5,YY,2468.24082,54310
YY-Hex6HexNAc5,YY,2468.24082,54310
Hex7HexNAc4dHex1-B,B,2597.308565,54310
Y-Hex6HexNAc5dHex1,Y,2656.345679,54310
Y-Hex6HexNAc5dHex1,Y,2656.345679,54310
Y-Hex6HexNAc5dHex1,Y,2656.345679,54310
Y-Hex7HexNAc5,Y,2686.356244,54310
Hex7HexNAc5dHex1,NA,2874.461103,54310
Y-Hex1-B,BY,204.0997736,54303
Y-Hex1-B,BY,204.0997736,54303
Hex1-B,B,218.1154237,54303
Y-HexNAc1-B,BY,245.1263227,54303
Y-HexNAc1-B,BY,245.1263227,54303
Y-HexNAc1,Y,277.1525375,54303
NeuAc1-B,B,375.1893169,54303
Hex2-B,B,422.2151973,54303
Y-Hex1HexNAc1-B,BY,449.2260963,54303
Y-HexNAc2,Y,522.2788602,54303
Hex1NeuAc1-B,B,579.2890905,54303
Y-Hex3-B,BY,612.2993209,54303
YY-Hex1HexNAc2,YY,712.3629838,54303
Hex1HexNAc1NeuAc1-B,B,824.4154133,54303
Y-Hex3HexNAc1-B,BY,857.4256436,54303
YY-Hex2HexNAc2,YY,916.4627574,54303
Y-Hex3HexNAc2,Y,1134.578181,54303
Y-Hex3HexNAc2NeuAc2-B,BY,1824.8993,54303
Y-Hex3HexNAc3NeuAc2-B,BY,2070.025623,54303
Y-Hex3HexNAc3NeuAc2-B,BY,2070.025623,54303
YY-Hex5HexNAc3NeuAc1,YY,2135.062068,54303
Y-Hex4HexNAc3NeuAc2-B,BY,2274.125396,54303
YY-Hex5HexNAc4NeuAc1,YY,2380.188391,54303
YY-Hex5HexNAc4NeuAc1,YY,2380.188391,54303
Y-Hex6HexNAc2NeuAc2-B,BY,2437.198621,54303
YY-Hex4HexNAc4NeuAc2,YY,2537.262284,54303
YY-Hex6HexNAc4NeuAc1,YY,2584.288164,54303
YY-Hex6HexNAc4NeuAc1,YY,2584.288164,54303
YY-Hex5HexNAc5NeuAc1,YY,2625.314713,54303
YY-Hex5HexNAc5NeuAc1,YY,2625.314713,54303
Hex4HexNAc3NeuAc3-B,B,2649.314713,54303
Y-Hex6HexNAc3NeuAc2-B,BY,2682.324944,54303
Y-Hex6HexNAc3NeuAc2-B,BY,2682.324944,54303
Y-Hex6HexNAc3NeuAc2-B,BY,2682.324944,54303
YY-Hex5HexNAc4NeuAc2,YY,2741.362057,54303
YY-Hex4HexNAc5NeuAc2,YY,2782.388606,54303
YY-Hex4HexNAc5NeuAc2,YY,2782.388606,54303
YY-Hex6HexNAc5NeuAc1,YY,2829.414487,54303
YY-Hex6HexNAc5NeuAc1,YY,2829.414487,54303
Y-Hex5HexNAc3NeuAc3-B,BY,2839.398837,54303
Y-Hex7HexNAc3NeuAc2-B,BY,2886.424717,54303
Y-Hex6HexNAc4NeuAc2-B,BY,2927.451266,54303
Y-Hex6HexNAc4NeuAc2-B,BY,2927.451266,54303
Y-Hex6HexNAc4NeuAc2,Y,2959.477481,54303
YY-Hex5HexNAc5NeuAc2,YY,2986.48838,54303
YY-Hex5HexNAc5NeuAc2,YY,2986.48838,54303
YY-Hex5HexNAc5NeuAc2,YY,2986.48838,54303
YY-Hex7HexNAc5NeuAc1,YY,3033.514261,54303
Y-Hex6HexNAc3NeuAc3-B,BY,3043.49861,54303
Y-Hex5HexNAc4NeuAc3-B,BY,3084.52516,54303
Y-Hex7HexNAc4NeuAc2-B,BY,3131.55104,54303
YY-Hex6HexNAc5NeuAc2,YY,3190.588154,54303
Y-Hex6HexNAc5NeuAc2,Y,3204.603804,54303
Y-Hex6HexNAc5NeuAc2,Y,3204.603804,54303
Hex7HexNAc3NeuAc3-B,B,3261.614034,54303
Y-Hex6HexNAc4NeuAc3-B,BY,3288.624933,54303
Y-Hex5HexNAc5NeuAc3,Y,3361.677697,54303
Y-Hex7HexNAc5NeuAc2,Y,3408.703577,54303
Hex7HexNAc4NeuAc3-B,B,3506.740357,54303
Y-Hex6HexNAc5NeuAc3,Y,3565.777471,54303
Hex7HexNAc5NeuAc3,NA,3783.892894,54303
dHex1-B,B,188.104859,54301
Y-Hex1-B,BY,204.0997736,54301
Y-Hex1-B,BY,204.0997736,54301
Hex1-B,B,218.1154237,54301
Hex1-B,B,218.1154237,54301
Y-HexNAc1-B,BY,245.1263227,54301
Y-HexNAc1-B,BY,245.1263227,54301
YY-HexNAc1,YY,263.1368874,54301
Y-HexNAc1dHex1-B,BY,419.2155317,54301
Hex2-B,B,422.2151973,54301
Y-Hex1HexNAc1-B,BY,449.2260963,54301
Y-Hex1HexNAc1-B,BY,449.2260963,54301
Y-HexNAc1dHex1,Y,451.2417464,54301
Hex1HexNAc1-B,B,463.2417464,54301
YY-HexNAc2,YY,508.2632101,54301
Y-Hex1HexNAc1dHex1-B,BY,623.3153053,54301
Hex1HexNAc1dHex1-B,B,637.3309553,54301
Y-Hex2HexNAc1-B,BY,653.32587,54301
Y-Hex2HexNAc1-B,BY,653.32587,54301
Hex2HexNAc1-B,B,667.34152,54301
Y-HexNAc2dHex1,Y,696.3680691,54301
Hex2HexNAc1dHex1-B,B,841.430729,54301
Y-Hex3HexNAc1-B,BY,857.4256436,54301
YY-Hex1HexNAc2dHex1,YY,886.4521927,54301
Y-Hex2HexNAc2-B,BY,898.4521927,54301
Y-Hex3HexNAc1dHex1-B,BY,1031.514853,54301
YY-Hex2HexNAc2dHex1,YY,1090.551966,54301
Y-Hex3HexNAc2-B,BY,1102.551966,54301
Y-Hex3HexNAc2-B,BY,1102.551966,54301
Y-Hex3HexNAc2dHex1-B,BY,1276.641175,54301
Hex4HexNAc2-B,B,1320.66739,54301
YY-Hex2HexNAc3dHex2,YY,1509.767498,54301
Y-Hex5HexNAc2-B,BY,1510.751514,54301
YY-Hex3HexNAc3dHex1,YY,1539.778063,54301
YY-Hex3HexNAc3dHex1,YY,1539.778063,54301
YY-Hex3HexNAc3dHex1,YY,1539.778063,54301
Y-Hex5HexNAc2dHex1-B,BY,1684.840722,54301
Y-Hex6HexNAc2-B,BY,1714.851287,54301
Y-Hex3HexNAc3dHex2,Y,1727.882922,54301
YY-Hex4HexNAc3dHex1,YY,1743.877836,54301
YY-Hex4HexNAc3dHex1,YY,1743.877836,54301
Y-Hex5HexNAc3-B,BY,1755.877836,54301
YY-Hex3HexNAc4dHex1,YY,1784.904385,54301
Y-Hex6HexNAc2dHex1-B,BY,1888.940496,54301
YY-Hex4HexNAc3dHex2,YY,1917.967045,54301
Y-Hex5HexNAc3dHex1-B,BY,1929.967045,54301
Y-Hex5HexNAc3dHex1-B,BY,1929.967045,54301
YY-Hex5HexNAc3dHex1,YY,1947.97761,54301
Y-Hex6HexNAc3-B,BY,1959.97761,54301
YY-Hex4HexNAc4dHex1,YY,1989.004159,54301
YY-Hex4HexNAc4dHex1,YY,1989.004159,54301
YY-Hex4HexNAc4dHex1,YY,1989.004159,54301
YY-Hex5HexNAc4,YY,2019.014724,54301
Y-Hex6HexNAc3dHex1-B,BY,2134.066819,54301
Y-Hex6HexNAc3dHex1-B,BY,2134.066819,54301
Y-Hex6HexNAc3dHex1-B,BY,2134.066819,54301
Y-Hex6HexNAc3dHex1-B,BY,2134.066819,54301
YY-Hex4HexNAc4dHex2,YY,2163.093368,54301
YY-Hex4HexNAc4dHex2,YY,2163.093368,54301
Y-Hex7HexNAc3-B,BY,2164.077384,54301
Y-Hex5HexNAc4dHex1-B,BY,2175.093368,54301
YY-Hex5HexNAc4dHex1,YY,2193.103933,54301
YY-Hex5HexNAc4dHex1,YY,2193.103933,54301
YY-Hex5HexNAc4dHex1,YY,2193.103933,54301
YY-Hex5HexNAc4dHex1,YY,2193.103933,54301
Y-Hex5HexNAc4dHex1,Y,2207.119583,54301
YY-Hex6HexNAc4,YY,2223.114497,54301
Hex7HexNAc3dHex1-B,B,2352.182243,54301
YY-Hex5HexNAc4dHex2,YY,2367.193142,54301
YY-Hex5HexNAc4dHex2,YY,2367.193142,54301
Y-Hex6HexNAc4dHex1-B,BY,2379.193142,54301
Y-Hex6HexNAc4dHex1-B,BY,2379.193142,54301
Y-Hex6HexNAc4dHex1-B,BY,2379.193142,54301
Y-Hex5HexNAc4dHex2,Y,2381.208792,54301
YY-Hex6HexNAc4dHex1,YY,2397.203706,54301
YY-Hex6HexNAc4dHex1,YY,2397.203706,54301
YY-Hex4HexNAc5dHex2,YY,2408.219691,54301
YY-Hex4HexNAc5dHex2,YY,2408.219691,54301
Y-Hex7HexNAc4-B,BY,2409.203706,54301
Y-Hex6HexNAc4dHex1,Y,2411.219356,54301
YY-Hex5HexNAc5dHex1,YY,2438.230255,54301
YY-Hex5HexNAc5dHex1,YY,2438.230255,54301
Y-Hex6HexNAc4dHex2,Y,2585.308565,54301
Hex7HexNAc4dHex1-B,B,2597.308565,54301
YY-Hex5HexNAc5dHex2,YY,2612.319464,54301
YY-Hex5HexNAc5dHex2,YY,2612.319464,54301
YY-Hex5HexNAc5dHex2,YY,2612.319464,54301
Y-Hex5HexNAc5dHex2,Y,2626.335114,54301
YY-Hex6HexNAc5dHex1,YY,2642.330029,54301
YY-Hex6HexNAc5dHex1,YY,2642.330029,54301
YY-Hex6HexNAc5dHex1,YY,2642.330029,54301
YY-Hex6HexNAc5dHex1,YY,2642.330029,54301
YY-Hex6HexNAc5dHex1,YY,2642.330029,54301
YY-Hex6HexNAc5dHex1,YY,2642.330029,54301
YY-Hex7HexNAc5,YY,2672.340594,54301
Y-Hex6HexNAc5dHex2,Y,2830.434888,54301
Y-Hex6HexNAc5dHex2,Y,2830.434888,54301
Y-Hex6HexNAc5dHex2,Y,2830.434888,54301
Y-Hex7HexNAc5dHex1,Y,2860.445453,54301
Y-Hex7HexNAc5dHex1,Y,2860.445453,54301
Hex7HexNAc5dHex2,NA,3048.550312,54301
dHex1-B,B,188.104859,53420
Y-Hex1-B,BY,204.0997736,53420
Y-Hex1-B,BY,204.0997736,53420
Hex1-B,B,218.1154237,53420
Hex1-B,B,218.1154237,53420
Y-HexNAc1-B,BY,245.1263227,53420
Y-HexNAc1-B,BY,245.1263227,53420
YY-HexNAc1,YY,263.1368874,53420
Y-HexNAc1dHex1-B,BY,419.2155317,53420
Hex2-B,B,422.2151973,53420
Y-Hex1HexNAc1-B,BY,449.2260963,53420
Y-Hex1HexNAc1-B,BY,449.2260963,53420
Y-HexNAc1dHex1,Y,451.2417464,53420
Hex1HexNAc1-B,B,463.2417464,53420
YY-HexNAc2,YY,508.2632101,53420
Y-Hex1HexNAc1dHex1-B,BY,623.3153053,53420
Hex1HexNAc1dHex1-B,B,637.3309553,53420
Y-Hex2HexNAc1-B,BY,653.32587,53420
Y-Hex2HexNAc1-B,BY,653.32587,53420
Hex2HexNAc1-B,B,667.34152,53420
Y-HexNAc2dHex1,Y,696.3680691,53420
Hex2HexNAc1dHex1-B,B,841.430729,53420
Y-Hex3HexNAc1-B,BY,857.4256436,53420
YY-Hex1HexNAc2dHex1,YY,886.4521927,53420
Y-Hex2HexNAc2-B,BY,898.4521927,53420
Y-Hex3HexNAc1dHex1-B,BY,1031.514853,53420
YY-Hex2HexNAc2dHex1,YY,1090.551966,53420
Y-Hex3HexNAc2-B,BY,1102.551966,53420
Y-Hex3HexNAc2-B,BY,1102.551966,53420
Y-Hex3HexNAc2dHex1-B,BY,1276.641175,53420
Hex4HexNAc2-B,B,1320.66739,53420
YY-Hex2HexNAc3dHex2,YY,1509.767498,53420
Y-Hex5HexNAc2-B,BY,1510.751514,53420
YY-Hex3HexNAc3dHex1,YY,1539.778063,53420
YY-Hex3HexNAc3dHex1,YY,1539.778063,53420
YY-Hex3HexNAc3dHex1,YY,1539.778063,53420
Y-Hex5HexNAc2dHex1-B,BY,1684.840722,53420
Y-Hex6HexNAc2-B,BY,1714.851287,53420
Y-Hex3HexNAc3dHex2,Y,1727.882922,53420
YY-Hex4HexNAc3dHex1,YY,1743.877836,53420
YY-Hex4HexNAc3dHex1,YY,1743.877836,53420
Y-Hex5HexNAc3-B,BY,1755.877836,53420
YY-Hex3HexNAc4dHex1,YY,1784.904385,53420
Y-Hex6HexNAc2dHex1-B,BY,1888.940496,53420
YY-Hex4HexNAc3dHex2,YY,1917.967045,53420
Y-Hex5HexNAc3dHex1-B,BY,1929.967045,53420
Y-Hex5HexNAc3dHex1-B,BY,1929.967045,53420
YY-Hex5HexNAc3dHex1,YY,1947.97761,53420
Y-Hex6HexNAc3-B,BY,1959.97761,53420
YY-Hex4HexNAc4dHex1,YY,1989.004159,53420
YY-Hex4HexNAc4dHex1,YY,1989.004159,53420
YY-Hex4HexNAc4dHex1,YY,1989.004159,53420
YY-Hex5HexNAc4,YY,2019.014724,53420
Y-Hex6HexNAc3dHex1-B,BY,2134.066819,53420
Y-Hex6HexNAc3dHex1-B,BY,2134.066819,53420
Y-Hex6HexNAc3dHex1-B,BY,2134.066819,53420
Y-Hex6HexNAc3dHex1-B,BY,2134.066819,53420
YY-Hex4HexNAc4dHex2,YY,2163.093368,53420
YY-Hex4HexNAc4dHex2,YY,2163.093368,53420
Y-Hex7HexNAc3-B,BY,2164.077384,53420
Y-Hex5HexNAc4dHex1-B,BY,2175.093368,53420
YY-Hex5HexNAc4dHex1,YY,2193.103933,53420
YY-Hex5HexNAc4dHex1,YY,2193.103933,53420
YY-Hex5HexNAc4dHex1,YY,2193.103933,53420
YY-Hex5HexNAc4dHex1,YY,2193.103933,53420
Y-Hex5HexNAc4dHex1,Y,2207.119583,53420
YY-Hex6HexNAc4,YY,2223.114497,53420
Hex7HexNAc3dHex1-B,B,2352.182243,53420
YY-Hex5HexNAc4dHex2,YY,2367.193142,53420
YY-Hex5HexNAc4dHex2,YY,2367.193142,53420
Y-Hex6HexNAc4dHex1-B,BY,2379.193142,53420
Y-Hex6HexNAc4dHex1-B,BY,2379.193142,53420
Y-Hex6HexNAc4dHex1-B,BY,2379.193142,53420
Y-Hex5HexNAc4dHex2,Y,2381.208792,53420
YY-Hex6HexNAc4dHex1,YY,2397.203706,53420
YY-Hex6HexNAc4dHex1,YY,2397.203706,53420
YY-Hex4HexNAc5dHex2,YY,2408.219691,53420
YY-Hex4HexNAc5dHex2,YY,2408.219691,53420
Y-Hex7HexNAc4-B,BY,2409.203706,53420
Y-Hex6HexNAc4dHex1,Y,2411.219356,53420
YY-Hex5HexNAc5dHex1,YY,2438.230255,53420
YY-Hex5HexNAc5dHex1,YY,2438.230255,53420
Y-Hex6HexNAc4dHex2,Y,2585.308565,53420
Hex7HexNAc4dHex1-B,B,2597.308565,53420
YY-Hex5HexNAc5dHex2,YY,2612.319464,53420
YY-Hex5HexNAc5dHex2,YY,2612.319464,53420
YY-Hex5HexNAc5dHex2,YY,2612.319464,53420
Y-Hex5HexNAc5dHex2,Y,2626.335114,53420
YY-Hex6HexNAc5dHex1,YY,2642.330029,53420
YY-Hex6HexNAc5dHex1,YY,2642.330029,53420
YY-Hex6HexNAc5dHex1,YY,2642.330029,53420
YY-Hex6HexNAc5dHex1,YY,2642.330029,53420
YY-Hex6HexNAc5dHex1,YY,2642.330029,53420
YY-Hex6HexNAc5dHex1,YY,2642.330029,53420
YY-Hex7HexNAc5,YY,2672.340594,53420
Y-Hex6HexNAc5dHex2,Y,2830.434888,53420
Y-Hex6HexNAc5dHex2,Y,2830.434888,53420
Y-Hex6HexNAc5dHex2,Y,2830.434888,53420
Y-Hex7HexNAc5dHex1,Y,2860.445453,53420
Y-Hex7HexNAc5dHex1,Y,2860.445453,53420
Hex7HexNAc5dHex2,NA,3048.550312,53420
dHex1-B,B,188.104859,53340
Y-Hex1-B,BY,204.0997736,53340
Y-Hex1-B,BY,204.0997736,53340
Hex1-B,B,218.1154237,53340
Y-HexNAc1-B,BY,245.1263227,53340
Y-HexNAc1-B,BY,245.1263227,53340
YY-HexNAc1,YY,263.1368874,53340
NeuAc1-B,B,375.1893169,53340
Y-Hex1HexNAc1-B,BY,449.2260963,53340
Y-HexNAc1dHex1,Y,451.2417464,53340
Hex1HexNAc1-B,B,463.2417464,53340
YY-HexNAc2,YY,508.2632101,53340
Hex1NeuAc1-B,B,579.2890905,53340
Y-HexNAc1dHex2-B,BY,593.3047406,53340
Y-Hex1HexNAc1dHex1-B,BY,623.3153053,53340
Y-Hex2HexNAc1-B,BY,653.32587,53340
Y-HexNAc2dHex1,Y,696.3680691,53340
Y-Hex1HexNAc1dHex2-B,BY,797.4045142,53340
Hex1HexNAc1dHex2-B,B,811.4201643,53340
Hex1HexNAc1NeuAc1-B,B,824.4154133,53340
Y-Hex2HexNAc1dHex1-B,BY,827.4150789,53340
YY-Hex1HexNAc2dHex1,YY,886.4521927,53340
Y-Hex2HexNAc2-B,BY,898.4521927,53340
Y-Hex2HexNAc1NeuAc1-B,BY,1014.499537,53340
Hex2HexNAc1dHex2-B,B,1015.519938,53340
YY-Hex2HexNAc2dHex1,YY,1090.551966,53340
Y-Hex3HexNAc2-B,BY,1102.551966,53340
Y-Hex3HexNAc1dHex2-B,BY,1205.604061,53340
Y-Hex2HexNAc2NeuAc1-B,BY,1259.62586,53340
Y-Hex3HexNAc2dHex2-B,BY,1450.730384,53340
Hex3HexNAc2NeuAc1-B,B,1477.741283,53340
YY-Hex3HexNAc3dHex1,YY,1539.778063,53340
Y-Hex4HexNAc2NeuAc1-B,BY,1667.825407,53340
YY-Hex2HexNAc3dHex3,YY,1683.856707,53340
YY-Hex3HexNAc3dHex2,YY,1713.867272,53340
YY-Hex3HexNAc3dHex2,YY,1713.867272,53340
YY-Hex4HexNAc3dHex1,YY,1743.877836,53340
YY-Hex3HexNAc4dHex1,YY,1784.904385,53340
Y-Hex5HexNAc2dHex2-B,BY,1858.929931,53340
Y-Hex5HexNAc2NeuAc1-B,BY,1871.92518,53340
YY-Hex3HexNAc3NeuAc1dHex1,YY,1900.95173,53340
Y-Hex3HexNAc3dHex3,Y,1901.972131,53340
Y-Hex4HexNAc3NeuAc1-B,BY,1912.95173,53340
YY-Hex4HexNAc4dHex1,YY,1989.004159,53340
YY-Hex4HexNAc4dHex1,YY,1989.004159,53340
YY-Hex4HexNAc3dHex3,YY,2092.056254,53340
Y-Hex5HexNAc3dHex2-B,BY,2104.056254,53340
Y-Hex5HexNAc3dHex2-B,BY,2104.056254,53340
YY-Hex4HexNAc3NeuAc1dHex1,YY,2105.051503,53340
Y-Hex5HexNAc3NeuAc1-B,BY,2117.051503,53340
YY-Hex3HexNAc4NeuAc1dHex1,YY,2146.078052,53340
YY-Hex4HexNAc4NeuAc1,YY,2176.088617,53340
YY-Hex5HexNAc4dHex1,YY,2193.103933,53340
Y-Hex5HexNAc2NeuAc1dHex2-B,BY,2220.103598,53340
Y-Hex6HexNAc3dHex2-B,BY,2308.156028,53340
YY-Hex4HexNAc4dHex3,YY,2337.182577,53340
YY-Hex4HexNAc4dHex3,YY,2337.182577,53340
Y-Hex5HexNAc4dHex2-B,BY,2349.182577,53340
YY-Hex4HexNAc4NeuAc1dHex1,YY,2350.177826,53340
Y-Hex4HexNAc4NeuAc1dHex1,Y,2364.193476,53340
YY-Hex5HexNAc4dHex2,YY,2367.193142,53340
YY-Hex5HexNAc4dHex2,YY,2367.193142,53340
YY-Hex5HexNAc4NeuAc1,YY,2380.188391,53340
Y-Hex5HexNAc3NeuAc1dHex2-B,BY,2465.229921,53340
Y-Hex5HexNAc3NeuAc1dHex2-B,BY,2465.229921,53340
Y-Hex5HexNAc3NeuAc1dHex2-B,BY,2465.229921,53340
Y-Hex6HexNAc3NeuAc1dHex1-B,BY,2495.240486,53340
YY-Hex5HexNAc4dHex3,YY,2541.28235,53340
Y-Hex6HexNAc4dHex2-B,BY,2553.28235,53340
Y-Hex5HexNAc4dHex3,Y,2555.298001,53340
Y-Hex5HexNAc4NeuAc1dHex1,Y,2568.29325,53340
YY-Hex4HexNAc5dHex3,YY,2582.3089,53340
YY-Hex4HexNAc5dHex3,YY,2582.3089,53340
YY-Hex5HexNAc5dHex2,YY,2612.319464,53340
YY-Hex5HexNAc5dHex2,YY,2612.319464,53340
Hex6HexNAc3NeuAc1dHex2-B,B,2683.345345,53340
YY-Hex4HexNAc4NeuAc1dHex3,YY,2698.356244,53340
Y-Hex5HexNAc4NeuAc1dHex2-B,BY,2710.356244,53340
Y-Hex5HexNAc4NeuAc1dHex2-B,BY,2710.356244,53340
YY-Hex5HexNAc4NeuAc1dHex2,YY,2728.366808,53340
YY-Hex5HexNAc4NeuAc1dHex2,YY,2728.366808,53340
Y-Hex6HexNAc4NeuAc1dHex1-B,BY,2740.366808,53340
YY-Hex5HexNAc5dHex3,YY,2786.408673,53340
YY-Hex5HexNAc5dHex3,YY,2786.408673,53340
Y-Hex5HexNAc5dHex3,Y,2800.424323,53340
YY-Hex6HexNAc5dHex2,YY,2816.419238,53340
YY-Hex6HexNAc5dHex2,YY,2816.419238,53340
Y-Hex5HexNAc4NeuAc1dHex3,Y,2916.471667,53340
Hex6HexNAc4NeuAc1dHex2-B,B,2928.471667,53340
YY-Hex4HexNAc5NeuAc1dHex3,YY,2943.482566,53340
YY-Hex5HexNAc5NeuAc1dHex2,YY,2973.493131,53340
YY-Hex5HexNAc5NeuAc1dHex2,YY,2973.493131,53340
YY-Hex5HexNAc5NeuAc1dHex2,YY,2973.493131,53340
YY-Hex5HexNAc5NeuAc1dHex2,YY,2973.493131,53340
YY-Hex6HexNAc5NeuAc1dHex1,YY,3003.503696,53340
YY-Hex6HexNAc5NeuAc1dHex1,YY,3003.503696,53340
Y-Hex6HexNAc5dHex3,Y,3004.524097,53340
Y-Hex5HexNAc5NeuAc1dHex3,Y,3161.59799,53340
Y-Hex5HexNAc5NeuAc1dHex3,Y,3161.59799,53340
Y-Hex6HexNAc5NeuAc1dHex2,Y,3191.608555,53340
Y-Hex6HexNAc5NeuAc1dHex2,Y,3191.608555,53340
Hex6HexNAc5NeuAc1dHex3,NA,3379.713414,53340
dHex1-B,B,188.104859,73221
Y-Hex1-B,BY,204.0997736,73221
Hex1-B,B,218.1154237,73221
Y-HexNAc1-B,BY,245.1263227,73221
Y-HexNAc1-B,BY,245.1263227,73221
HexNAc1-B,B,259.1419728,73221
YY-HexNAc1,YY,263.1368874,73221
NeuAc1-B,B,375.1893169,73221
Y-HexNAc1dHex1-B,BY,419.2155317,73221
Y-Hex1HexNAc1-B,BY,449.2260963,73221
Y-HexNAc1dHex1,Y,451.2417464,73221
Hex1HexNAc1-B,B,463.2417464,73221
YY-HexNAc2,YY,508.2632101,73221
Hex1NeuAc1-B,B,579.2890905,73221
Y-Hex1HexNAc1dHex1-B,BY,623.3153053,73221
Y-Hex2HexNAc1-B,BY,653.32587,73221
Y-HexNAc2dHex1,Y,696.3680691,73221
Hex1HexNAc2-B,B,708.3680691,73221
Y-Hex1HexNAc1NeuAc1-B,BY,810.3997632,73221
Hex1HexNAc1NeuAc1dHex1-B,B,998.5046222,73221
Y-Hex2HexNAc2dHex1-B,BY,1072.541402,73221
YY-Hex1HexNAc3dHex1,YY,1131.578515,73221
Y-Hex2HexNAc3-B,BY,1143.578515,73221
Y-Hex2HexNAc1NeuAc1dHex1-B,BY,1188.588746,73221
Y-Hex3HexNAc2dHex1-B,BY,1276.641175,73221
Y-Hex2HexNAc4-B,BY,1388.704838,73221
Y-Hex2HexNAc2NeuAc1dHex1-B,BY,1433.715068,73221
Y-Hex3HexNAc2NeuAc1-B,BY,1463.725633,73221
YY-Hex2HexNAc4dHex1,YY,1580.804612,73221
YY-Hex2HexNAc4dHex1,YY,1580.804612,73221
Hex3HexNAc2NeuAc1dHex1-B,B,1651.830492,73221
YY-Hex2HexNAc5,YY,1651.841726,73221
YY-Hex3HexNAc4dHex1,YY,1784.904385,73221
Y-Hex4HexNAc4-B,BY,1796.904385,73221
Y-Hex2HexNAc5dHex1,Y,1839.946585,73221
YY-Hex3HexNAc5dHex1,YY,2030.030708,73221
Y-Hex4HexNAc5-B,BY,2042.030708,73221
Y-Hex4HexNAc3NeuAc1dHex1-B,BY,2087.040938,73221
YY-Hex3HexNAc5dHex2,YY,2204.119917,73221
Y-Hex4HexNAc5dHex1-B,BY,2216.119917,73221
YY-Hex4HexNAc5dHex1,YY,2234.130482,73221
YY-Hex4HexNAc5dHex1,YY,2234.130482,73221
YY-Hex3HexNAc6dHex1,YY,2275.157031,73221
YY-Hex4HexNAc6,YY,2305.167596,73221
YY-Hex3HexNAc4NeuAc1dHex2,YY,2320.167261,73221
Y-Hex4HexNAc4NeuAc1dHex1-B,BY,2332.167261,73221
Y-Hex4HexNAc4NeuAc1dHex1-B,BY,2332.167261,73221
YY-Hex4HexNAc5dHex2,YY,2408.219691,73221
Y-Hex5HexNAc5dHex1-B,BY,2420.219691,73221
YY-Hex3HexNAc6dHex2,YY,2449.24624,73221
Y-Hex4HexNAc6dHex1-B,BY,2461.24624,73221
Y-Hex4HexNAc6dHex1,Y,2493.272455,73221
YY-Hex4HexNAc4NeuAc1dHex2,YY,2524.267035,73221
Y-Hex5HexNAc4NeuAc1dHex1-B,BY,2536.267035,73221
Y-Hex5HexNAc4NeuAc1dHex1-B,BY,2536.267035,73221
YY-Hex3HexNAc5NeuAc1dHex2,YY,2565.293584,73221
Y-Hex4HexNAc5NeuAc1dHex1-B,BY,2577.293584,73221
Y-Hex4HexNAc5NeuAc1dHex1-B,BY,2577.293584,73221
YY-Hex4HexNAc5NeuAc1dHex1,YY,2595.304149,73221
YY-Hex4HexNAc5NeuAc1dHex1,YY,2595.304149,73221
Y-Hex5HexNAc5NeuAc1-B,BY,2607.304149,73221
YY-Hex4HexNAc6dHex2,YY,2653.346013,73221
YY-Hex4HexNAc6dHex2,YY,2653.346013,73221
YY-Hex4HexNAc6dHex2,YY,2653.346013,73221
Y-Hex5HexNAc6dHex1-B,BY,2665.346013,73221
YY-Hex3HexNAc7dHex2,YY,2694.372562,73221
YY-Hex4HexNAc7dHex1,YY,2724.383127,73221
YY-Hex4HexNAc7dHex1,YY,2724.383127,73221
YY-Hex4HexNAc5NeuAc1dHex2,YY,2769.393358,73221
YY-Hex4HexNAc5NeuAc1dHex2,YY,2769.393358,73221
Y-Hex5HexNAc5NeuAc1dHex1-B,BY,2781.393358,73221
Y-Hex5HexNAc5NeuAc1dHex1-B,BY,2781.393358,73221
Y-Hex4HexNAc5NeuAc1dHex2,Y,2783.409008,73221
Hex5HexNAc5NeuAc1dHex1-B,B,2795.409008,73221
Y-Hex4HexNAc6NeuAc1dHex1-B,BY,2822.419907,73221
YY-Hex4HexNAc6NeuAc1dHex1,YY,2840.430471,73221
YY-Hex4HexNAc6NeuAc1dHex1,YY,2840.430471,73221
Y-Hex5HexNAc6NeuAc1-B,BY,2852.430471,73221
YY-Hex5HexNAc6dHex2,YY,2857.445787,73221
YY-Hex5HexNAc6dHex2,YY,2857.445787,73221
YY-Hex4HexNAc7dHex2,YY,2898.472336,73221
Y-Hex4HexNAc7dHex2,Y,2912.487986,73221
YY-Hex5HexNAc7dHex1,YY,2928.482901,73221
YY-Hex5HexNAc7dHex1,YY,2928.482901,73221
YY-Hex5HexNAc5NeuAc1dHex2,YY,2973.493131,73221
YY-Hex5HexNAc5NeuAc1dHex2,YY,2973.493131,73221
YY-Hex4HexNAc6NeuAc1dHex2,YY,3014.51968,73221
YY-Hex4HexNAc6NeuAc1dHex2,YY,3014.51968,73221
Y-Hex4HexNAc6NeuAc1dHex2,Y,3028.53533,73221
Hex5HexNAc6NeuAc1dHex1-B,B,3040.53533,73221
YY-Hex5HexNAc6NeuAc1dHex1,YY,3044.530245,73221
YY-Hex5HexNAc6NeuAc1dHex1,YY,3044.530245,73221
YY-Hex5HexNAc6NeuAc1dHex1,YY,3044.530245,73221
YY-Hex5HexNAc6NeuAc1dHex1,YY,3044.530245,73221
YY-Hex4HexNAc7NeuAc1dHex1,YY,3085.556794,73221
YY-Hex4HexNAc7NeuAc1dHex1,YY,3085.556794,73221
YY-Hex5HexNAc7NeuAc1,YY,3115.567359,73221
Y-Hex5HexNAc7dHex2,Y,3116.58776,73221
Y-Hex5HexNAc6NeuAc1dHex2,Y,3232.635104,73221
Y-Hex5HexNAc6NeuAc1dHex2,Y,3232.635104,73221
Y-Hex4HexNAc7NeuAc1dHex2,Y,3273.661653,73221
Y-Hex5HexNAc7NeuAc1dHex1,Y,3303.672218,73221
Y-Hex5HexNAc7NeuAc1dHex1,Y,3303.672218,73221
Hex5HexNAc7NeuAc1dHex2,NA,3491.777077,73221
dHex1-B,B,188.104859,73312
Y-Hex1-B,BY,204.0997736,73312
Hex1-B,B,218.1154237,73312
Y-HexNAc1-B,BY,245.1263227,73312
Y-HexNAc1-B,BY,245.1263227,73312
HexNAc1-B,B,259.1419728,73312
YY-HexNAc1,YY,263.1368874,73312
NeuAc1-B,B,375.1893169,73312
Y-Hex1HexNAc1-B,BY,449.2260963,73312
Y-Hex1HexNAc1-B,BY,449.2260963,73312
Y-HexNAc1dHex1,Y,451.2417464,73312
Hex1HexNAc1-B,B,463.2417464,73312
YY-HexNAc2,YY,508.2632101,73312
Hex1NeuAc1-B,B,579.2890905,73312
Y-Hex2HexNAc1-B,BY,653.32587,73312
Y-Hex1HexNAc2-B,BY,694.3524191,73312
Y-HexNAc2dHex1,Y,696.3680691,73312
Hex1HexNAc1NeuAc1-B,B,824.4154133,73312
Y-Hex2HexNAc2-B,BY,898.4521927,73312
Y-Hex2HexNAc2-B,BY,898.4521927,73312
Y-Hex2HexNAc1NeuAc1-B,BY,1014.499537,73312
Y-Hex3HexNAc2-B,BY,1102.551966,73312
YY-Hex1HexNAc3dHex1,YY,1131.578515,73312
Y-Hex2HexNAc2NeuAc1-B,BY,1259.62586,73312
Hex2HexNAc2NeuAc1-B,B,1273.64151,73312
Hex3HexNAc2NeuAc1-B,B,1477.741283,73312
YY-Hex2HexNAc4dHex1,YY,1580.804612,73312
Y-Hex3HexNAc3NeuAc1-B,BY,1708.851956,73312
YY-Hex3HexNAc4dHex1,YY,1784.904385,73312
YY-Hex2HexNAc5dHex1,YY,1825.930934,73312
Y-Hex4HexNAc3NeuAc1-B,BY,1912.95173,73312
Y-Hex3HexNAc4NeuAc1-B,BY,1953.978279,73312
YY-Hex3HexNAc5dHex1,YY,2030.030708,73312
YY-Hex3HexNAc5dHex1,YY,2030.030708,73312
YY-Hex3HexNAc4NeuAc1dHex1,YY,2146.078052,73312
YY-Hex3HexNAc4NeuAc1dHex1,YY,2146.078052,73312
Y-Hex4HexNAc4NeuAc1-B,BY,2158.078052,73312
YY-Hex3HexNAc5NeuAc1,YY,2217.115166,73312
YY-Hex4HexNAc5dHex1,YY,2234.130482,73312
YY-Hex4HexNAc5dHex1,YY,2234.130482,73312
YY-Hex4HexNAc4NeuAc1dHex1,YY,2350.177826,73312
Y-Hex5HexNAc4NeuAc1-B,BY,2362.177826,73312
Y-Hex5HexNAc4NeuAc1-B,BY,2362.177826,73312
YY-Hex3HexNAc5NeuAc1dHex1,YY,2391.204375,73312
Y-Hex3HexNAc5NeuAc1dHex1,Y,2405.220025,73312
YY-Hex4HexNAc5NeuAc1,YY,2421.21494,73312
YY-Hex4HexNAc6dHex1,YY,2479.256804,73312
YY-Hex4HexNAc6dHex1,YY,2479.256804,73312
YY-Hex4HexNAc5NeuAc1dHex1,YY,2595.304149,73312
YY-Hex4HexNAc5NeuAc1dHex1,YY,2595.304149,73312
Y-Hex5HexNAc5NeuAc1-B,BY,2607.304149,73312
Y-Hex5HexNAc5NeuAc1-B,BY,2607.304149,73312
Y-Hex5HexNAc5NeuAc1-B,BY,2607.304149,73312
Y-Hex5HexNAc5NeuAc1-B,BY,2607.304149,73312
Y-Hex4HexNAc5NeuAc1dHex1,Y,2609.319799,73312
YY-Hex5HexNAc6dHex1,YY,2683.356578,73312
YY-Hex5HexNAc6dHex1,YY,2683.356578,73312
Y-Hex5HexNAc4NeuAc2-B,BY,2723.351493,73312
YY-Hex4HexNAc7dHex1,YY,2724.383127,73312
YY-Hex5HexNAc5NeuAc1dHex1,YY,2799.403922,73312
YY-Hex5HexNAc5NeuAc1dHex1,YY,2799.403922,73312
YY-Hex5HexNAc5NeuAc1dHex1,YY,2799.403922,73312
YY-Hex5HexNAc5NeuAc1dHex1,YY,2799.403922,73312
Y-Hex6HexNAc5NeuAc1-B,BY,2811.403922,73312
Y-Hex6HexNAc5NeuAc1-B,BY,2811.403922,73312
YY-Hex4HexNAc6NeuAc1dHex1,YY,2840.430471,73312
YY-Hex4HexNAc6NeuAc1dHex1,YY,2840.430471,73312
YY-Hex4HexNAc6NeuAc1dHex1,YY,2840.430471,73312
Y-Hex5HexNAc6NeuAc1-B,BY,2852.430471,73312
Y-Hex5HexNAc6NeuAc1-B,BY,2852.430471,73312
YY-Hex5HexNAc6NeuAc1,YY,2870.441036,73312
YY-Hex5HexNAc6NeuAc1,YY,2870.441036,73312
Y-Hex6HexNAc4NeuAc2-B,BY,2927.451266,73312
Y-Hex6HexNAc4NeuAc2-B,BY,2927.451266,73312
YY-Hex5HexNAc7dHex1,YY,2928.482901,73312
YY-Hex5HexNAc7dHex1,YY,2928.482901,73312
Y-Hex5HexNAc5NeuAc2-B,BY,2968.477815,73312
Y-Hex5HexNAc5NeuAc2-B,BY,2968.477815,73312
YY-Hex5HexNAc6NeuAc1dHex1,YY,3044.530245,73312
YY-Hex5HexNAc6NeuAc1dHex1,YY,3044.530245,73312
YY-Hex5HexNAc6NeuAc1dHex1,YY,3044.530245,73312
YY-Hex5HexNAc6NeuAc1dHex1,YY,3044.530245,73312
YY-Hex5HexNAc6NeuAc1dHex1,YY,3044.530245,73312
YY-Hex5HexNAc6NeuAc1dHex1,YY,3044.530245,73312
Y-Hex6HexNAc6NeuAc1-B,BY,3056.530245,73312
Y-Hex6HexNAc6NeuAc1-B,BY,3056.530245,73312
Y-Hex5HexNAc6NeuAc1dHex1,Y,3058.545895,73312
Y-Hex5HexNAc6NeuAc1dHex1,Y,3058.545895,73312
YY-Hex4HexNAc7NeuAc1dHex1,YY,3085.556794,73312
YY-Hex4HexNAc7NeuAc1dHex1,YY,3085.556794,73312
YY-Hex5HexNAc7NeuAc1,YY,3115.567359,73312
YY-Hex5HexNAc7NeuAc1,YY,3115.567359,73312
YY-Hex6HexNAc7dHex1,YY,3132.582674,73312
YY-Hex5HexNAc5NeuAc2dHex1,YY,3160.577589,73312
YY-Hex5HexNAc5NeuAc2dHex1,YY,3160.577589,73312
Y-Hex6HexNAc5NeuAc2-B,BY,3172.577589,73312
Y-Hex6HexNAc5NeuAc2-B,BY,3172.577589,73312
Hex6HexNAc5NeuAc2-B,B,3186.593239,73312
Y-Hex5HexNAc6NeuAc2-B,BY,3213.604138,73312
YY-Hex5HexNAc6NeuAc2,YY,3231.614703,73312
YY-Hex6HexNAc6NeuAc1dHex1,YY,3248.630019,73312
YY-Hex6HexNAc6NeuAc1dHex1,YY,3248.630019,73312
YY-Hex6HexNAc6NeuAc1dHex1,YY,3248.630019,73312
YY-Hex6HexNAc6NeuAc1dHex1,YY,3248.630019,73312
YY-Hex5HexNAc7NeuAc1dHex1,YY,3289.656568,73312
YY-Hex5HexNAc7NeuAc1dHex1,YY,3289.656568,73312
Y-Hex5HexNAc7NeuAc1dHex1,Y,3303.672218,73312
Y-Hex5HexNAc7NeuAc1dHex1,Y,3303.672218,73312
YY-Hex6HexNAc7NeuAc1,YY,3319.667132,73312
YY-Hex6HexNAc7NeuAc1,YY,3319.667132,73312
YY-Hex6HexNAc5NeuAc2dHex1,YY,3364.677363,73312
YY-Hex5HexNAc6NeuAc2dHex1,YY,3405.703912,73312
YY-Hex5HexNAc6NeuAc2dHex1,YY,3405.703912,73312
Y-Hex5HexNAc6NeuAc2dHex1,Y,3419.719562,73312
Hex6HexNAc6NeuAc2-B,B,3431.719562,73312
YY-Hex6HexNAc6NeuAc2,YY,3435.714476,73312
YY-Hex6HexNAc6NeuAc2,YY,3435.714476,73312
YY-Hex5HexNAc7NeuAc2,YY,3476.741026,73312
Y-Hex6HexNAc7NeuAc1dHex1,Y,3507.771991,73312
Y-Hex6HexNAc7NeuAc1dHex1,Y,3507.771991,73312
Y-Hex6HexNAc6NeuAc2dHex1,Y,3623.819335,73312
Y-Hex6HexNAc6NeuAc2dHex1,Y,3623.819335,73312
Y-Hex5HexNAc7NeuAc2dHex1,Y,3664.845885,73312
Y-Hex6HexNAc7NeuAc2,Y,3694.856449,73312
Hex6HexNAc7NeuAc2dHex1,NA,3882.961308,73312
Y-Hex1-B,BY,204.0997736,73401
Hex1-B,B,218.1154237,73401
Y-HexNAc1-B,BY,245.1263227,73401
Y-HexNAc1-B,BY,245.1263227,73401
HexNAc1-B,B,259.1419728,73401
Y-HexNAc1,Y,277.1525375,73401
NeuAc1-B,B,375.1893169,73401
Y-Hex1HexNAc1-B,BY,449.2260963,73401
Hex1HexNAc1-B,B,463.2417464,73401
Y-HexNAc2,Y,522.2788602,73401
Hex1NeuAc1-B,B,579.2890905,73401
Y-Hex2HexNAc1-B,BY,653.32587,73401
Hex1HexNAc1NeuAc1-B,B,824.4154133,73401
Y-Hex2HexNAc2-B,BY,898.4521927,73401
Y-Hex2HexNAc2-B,BY,898.4521927,73401
YY-Hex1HexNAc3,YY,957.4893065,73401
Y-Hex2HexNAc1NeuAc1-B,BY,1014.499537,73401
Y-Hex3HexNAc2-B,BY,1102.551966,73401
Hex3HexNAc2-B,B,1116.567616,73401
Y-Hex2HexNAc2NeuAc1-B,BY,1259.62586,73401
Hex3HexNAc2NeuAc1-B,B,1477.741283,73401
Y-Hex4HexNAc3-B,BY,1551.778063,73401
YY-Hex3HexNAc4,YY,1610.815176,73401
Y-Hex4HexNAc4-B,BY,1796.904385,73401
YY-Hex4HexNAc4,YY,1814.91495,73401
YY-Hex3HexNAc5,YY,1855.941499,73401
Y-Hex4HexNAc3NeuAc1-B,BY,1912.95173,73401
YY-Hex3HexNAc4NeuAc1,YY,1971.988843,73401
YY-Hex4HexNAc5,YY,2060.041273,73401
Y-Hex4HexNAc5,Y,2074.056923,73401
Y-Hex4HexNAc4NeuAc1-B,BY,2158.078052,73401
YY-Hex4HexNAc4NeuAc1,YY,2176.088617,73401
Y-Hex6HexNAc4-B,BY,2205.103933,73401
YY-Hex3HexNAc5NeuAc1,YY,2217.115166,73401
YY-Hex5HexNAc5,YY,2264.141046,73401
YY-Hex5HexNAc5,YY,2264.141046,73401
Y-Hex4HexNAc5NeuAc1,Y,2435.23059,73401
Y-Hex6HexNAc5-B,BY,2450.230255,73401
Y-Hex6HexNAc5-B,BY,2450.230255,73401
YY-Hex6HexNAc5,YY,2468.24082,73401
YY-Hex5HexNAc6,YY,2509.267369,73401
YY-Hex5HexNAc6,YY,2509.267369,73401
Y-Hex6HexNAc4NeuAc1-B,BY,2566.277599,73401
Y-Hex6HexNAc4NeuAc1-B,BY,2566.277599,73401
YY-Hex5HexNAc5NeuAc1,YY,2625.314713,73401
YY-Hex5HexNAc5NeuAc1,YY,2625.314713,73401
Y-Hex7HexNAc5-B,BY,2654.330029,73401
Y-Hex6HexNAc6-B,BY,2695.356578,73401
YY-Hex6HexNAc6,YY,2713.367143,73401
YY-Hex6HexNAc6,YY,2713.367143,73401
YY-Hex6HexNAc6,YY,2713.367143,73401
Y-Hex6HexNAc6,Y,2727.382793,73401
YY-Hex5HexNAc7,YY,2754.393692,73401
YY-Hex5HexNAc7,YY,2754.393692,73401
Y-Hex7HexNAc4NeuAc1-B,BY,2770.377373,73401
Y-Hex6HexNAc5NeuAc1-B,BY,2811.403922,73401
Y-Hex6HexNAc5NeuAc1-B,BY,2811.403922,73401
Y-Hex6HexNAc5NeuAc1-B,BY,2811.403922,73401
Y-Hex6HexNAc5NeuAc1-B,BY,2811.403922,73401
YY-Hex6HexNAc5NeuAc1,YY,2829.414487,73401
YY-Hex6HexNAc5NeuAc1,YY,2829.414487,73401
YY-Hex5HexNAc6NeuAc1,YY,2870.441036,73401
YY-Hex5HexNAc6NeuAc1,YY,2870.441036,73401
YY-Hex5HexNAc6NeuAc1,YY,2870.441036,73401
Y-Hex7HexNAc6-B,BY,2899.456352,73401
YY-Hex7HexNAc6,YY,2917.466916,73401
YY-Hex6HexNAc7,YY,2958.493465,73401
YY-Hex6HexNAc7,YY,2958.493465,73401
Y-Hex6HexNAc7,Y,2972.509116,73401
Y-Hex7HexNAc5NeuAc1-B,BY,3015.503696,73401
Hex7HexNAc5NeuAc1-B,B,3029.519346,73401
Y-Hex6HexNAc6NeuAc1-B,BY,3056.530245,73401
Y-Hex6HexNAc6NeuAc1-B,BY,3056.530245,73401
YY-Hex6HexNAc6NeuAc1,YY,3074.54081,73401
YY-Hex6HexNAc6NeuAc1,YY,3074.54081,73401
Y-Hex6HexNAc6NeuAc1,Y,3088.55646,73401
Y-Hex6HexNAc6NeuAc1,Y,3088.55646,73401
YY-Hex5HexNAc7NeuAc1,YY,3115.567359,73401
YY-Hex5HexNAc7NeuAc1,YY,3115.567359,73401
Y-Hex7HexNAc7,Y,3176.608889,73401
Hex7HexNAc6NeuAc1-B,B,3274.645669,73401
Y-Hex7HexNAc6NeuAc1,Y,3292.656233,73401
Y-Hex6HexNAc7NeuAc1,Y,3333.682782,73401
Y-Hex6HexNAc7NeuAc1,Y,3333.682782,73401
Hex7HexNAc7NeuAc1,NA,3551.798206,73401
dHex1-B,B,188.104859,73421
Y-Hex1-B,BY,204.0997736,73421
Y-Hex1-B,BY,204.0997736,73421
Hex1-B,B,218.1154237,73421
Y-HexNAc1-B,BY,245.1263227,73421
Y-HexNAc1-B,BY,245.1263227,73421
HexNAc1-B,B,259.1419728,73421
YY-HexNAc1,YY,263.1368874,73421
NeuAc1-B,B,375.1893169,73421
Y-HexNAc1dHex1-B,BY,419.2155317,73421
Y-Hex1HexNAc1-B,BY,449.2260963,73421
Y-Hex1HexNAc1-B,BY,449.2260963,73421
Y-Hex1HexNAc1-B,BY,449.2260963,73421
Y-HexNAc1dHex1,Y,451.2417464,73421
Hex1HexNAc1-B,B,463.2417464,73421
Hex1HexNAc1-B,B,463.2417464,73421
YY-HexNAc2,YY,508.2632101,73421
Hex1NeuAc1-B,B,579.2890905,73421
Hex1HexNAc1dHex1-B,B,637.3309553,73421
Y-Hex2HexNAc1-B,BY,653.32587,73421
Y-HexNAc2dHex1,Y,696.3680691,73421
Hex1HexNAc2-B,B,708.3680691,73421
Hex1HexNAc1NeuAc1-B,B,824.4154133,73421
Y-Hex2HexNAc1dHex1-B,BY,827.4150789,73421
YY-Hex1HexNAc2dHex1,YY,886.4521927,73421
Y-Hex2HexNAc2-B,BY,898.4521927,73421
Y-Hex2HexNAc1NeuAc1-B,BY,1014.499537,73421
Y-Hex2HexNAc2dHex1-B,BY,1072.541402,73421
Y-Hex2HexNAc2dHex1-B,BY,1072.541402,73421
Y-Hex3HexNAc2-B,BY,1102.551966,73421
Y-Hex2HexNAc3-B,BY,1143.578515,73421
Y-Hex2HexNAc2NeuAc1-B,BY,1259.62586,73421
Hex3HexNAc2dHex1-B,B,1290.656825,73421
Y-Hex3HexNAc3-B,BY,1347.678289,73421
Y-Hex3HexNAc2NeuAc1-B,BY,1463.725633,73421
Y-Hex4HexNAc2dHex1-B,BY,1480.740949,73421
YY-Hex3HexNAc3dHex1,YY,1539.778063,73421
YY-Hex3HexNAc3dHex2,YY,1713.867272,73421
Hex3HexNAc3NeuAc1-B,B,1722.867606,73421
Y-Hex4HexNAc3dHex1-B,BY,1725.867272,73421
YY-Hex3HexNAc4dHex1,YY,1784.904385,73421
YY-Hex3HexNAc3NeuAc1dHex1,YY,1900.95173,73421
Y-Hex4HexNAc3NeuAc1-B,BY,1912.95173,73421
YY-Hex3HexNAc4dHex2,YY,1958.993594,73421
YY-Hex3HexNAc4dHex2,YY,1958.993594,73421
YY-Hex4HexNAc4dHex1,YY,1989.004159,73421
YY-Hex4HexNAc4dHex1,YY,1989.004159,73421
YY-Hex3HexNAc5dHex1,YY,2030.030708,73421
YY-Hex3HexNAc4NeuAc1dHex1,YY,2146.078052,73421
Y-Hex4HexNAc4NeuAc1-B,BY,2158.078052,73421
Y-Hex4HexNAc4dHex2,Y,2177.109018,73421
YY-Hex4HexNAc5dHex1,YY,2234.130482,73421
YY-Hex4HexNAc4NeuAc1dHex1,YY,2350.177826,73421
YY-Hex5HexNAc4dHex2,YY,2367.193142,73421
Y-Hex6HexNAc4dHex1-B,BY,2379.193142,73421
YY-Hex4HexNAc5NeuAc1,YY,2421.21494,73421
YY-Hex5HexNAc5dHex1,YY,2438.230255,73421
Y-Hex6HexNAc3NeuAc1dHex1-B,BY,2495.240486,73421
YY-Hex5HexNAc4NeuAc1dHex1,YY,2554.277599,73421
Y-Hex6HexNAc4NeuAc1-B,BY,2566.277599,73421
Y-Hex4HexNAc5NeuAc1dHex1,Y,2609.319799,73421
YY-Hex5HexNAc5dHex2,YY,2612.319464,73421
YY-Hex5HexNAc5dHex2,YY,2612.319464,73421
Y-Hex6HexNAc5dHex1-B,BY,2624.319464,73421
Y-Hex6HexNAc5dHex1-B,BY,2624.319464,73421
YY-Hex5HexNAc6dHex1,YY,2683.356578,73421
YY-Hex5HexNAc4NeuAc1dHex2,YY,2728.366808,73421
Y-Hex6HexNAc4NeuAc1dHex1-B,BY,2740.366808,73421
Y-Hex6HexNAc4NeuAc1dHex1-B,BY,2740.366808,73421
Y-Hex6HexNAc4NeuAc1dHex1-B,BY,2740.366808,73421
YY-Hex5HexNAc5NeuAc1dHex1,YY,2799.403922,73421
YY-Hex5HexNAc5NeuAc1dHex1,YY,2799.403922,73421
Y-Hex6HexNAc5NeuAc1-B,BY,2811.403922,73421
YY-Hex6HexNAc5dHex2,YY,2816.419238,73421
YY-Hex6HexNAc5dHex2,YY,2816.419238,73421
Y-Hex7HexNAc5dHex1-B,BY,2828.419238,73421
YY-Hex5HexNAc6dHex2,YY,2857.445787,73421
YY-Hex5HexNAc6dHex2,YY,2857.445787,73421
YY-Hex5HexNAc6dHex2,YY,2857.445787,73421
YY-Hex5HexNAc6dHex2,YY,2857.445787,73421
Y-Hex6HexNAc6dHex1-B,BY,2869.445787,73421
YY-Hex6HexNAc6dHex1,YY,2887.456352,73421
YY-Hex6HexNAc6dHex1,YY,2887.456352,73421
YY-Hex6HexNAc6dHex1,YY,2887.456352,73421
Y-Hex7HexNAc4NeuAc1dHex1-B,BY,2944.466582,73421
YY-Hex5HexNAc5NeuAc1dHex2,YY,2973.493131,73421
YY-Hex5HexNAc5NeuAc1dHex2,YY,2973.493131,73421
YY-Hex5HexNAc5NeuAc1dHex2,YY,2973.493131,73421
Y-Hex6HexNAc5NeuAc1dHex1-B,BY,2985.493131,73421
Y-Hex6HexNAc5NeuAc1dHex1-B,BY,2985.493131,73421
Y-Hex6HexNAc5NeuAc1dHex1-B,BY,2985.493131,73421
Y-Hex6HexNAc5NeuAc1dHex1-B,BY,2985.493131,73421
YY-Hex6HexNAc5NeuAc1dHex1,YY,3003.503696,73421
YY-Hex6HexNAc5NeuAc1dHex1,YY,3003.503696,73421
YY-Hex6HexNAc5NeuAc1dHex1,YY,3003.503696,73421
Y-Hex7HexNAc5NeuAc1-B,BY,3015.503696,73421
YY-Hex5HexNAc6NeuAc1dHex1,YY,3044.530245,73421
YY-Hex6HexNAc6dHex2,YY,3061.545561,73421
YY-Hex6HexNAc6dHex2,YY,3061.545561,73421
YY-Hex6HexNAc6dHex2,YY,3061.545561,73421
Y-Hex7HexNAc6dHex1-B,BY,3073.545561,73421
YY-Hex6HexNAc6NeuAc1,YY,3074.54081,73421
Y-Hex6HexNAc6dHex2,Y,3075.561211,73421
YY-Hex5HexNAc7dHex2,YY,3102.57211,73421
YY-Hex5HexNAc7dHex2,YY,3102.57211,73421
YY-Hex6HexNAc7dHex1,YY,3132.582674,73421
YY-Hex6HexNAc7dHex1,YY,3132.582674,73421
YY-Hex6HexNAc5NeuAc1dHex2,YY,3177.592905,73421
Y-Hex7HexNAc5NeuAc1dHex1-B,BY,3189.592905,73421
Y-Hex6HexNAc5NeuAc1dHex2,Y,3191.608555,73421
Hex7HexNAc5NeuAc1dHex1-B,B,3203.608555,73421
YY-Hex5HexNAc6NeuAc1dHex2,YY,3218.619454,73421
YY-Hex5HexNAc6NeuAc1dHex2,YY,3218.619454,73421
YY-Hex5HexNAc6NeuAc1dHex2,YY,3218.619454,73421
Y-Hex6HexNAc6NeuAc1dHex1-B,BY,3230.619454,73421
Y-Hex6HexNAc6NeuAc1dHex1-B,BY,3230.619454,73421
YY-Hex6HexNAc6NeuAc1dHex1,YY,3248.630019,73421
YY-Hex6HexNAc6NeuAc1dHex1,YY,3248.630019,73421
YY-Hex6HexNAc6NeuAc1dHex1,YY,3248.630019,73421
YY-Hex6HexNAc6NeuAc1dHex1,YY,3248.630019,73421
Y-Hex7HexNAc6NeuAc1-B,BY,3260.630019,73421
Y-Hex6HexNAc6NeuAc1dHex1,Y,3262.645669,73421
YY-Hex7HexNAc6dHex2,YY,3265.645334,73421
YY-Hex6HexNAc7dHex2,YY,3306.671883,73421
YY-Hex6HexNAc7dHex2,YY,3306.671883,73421
Y-Hex6HexNAc7dHex2,Y,3320.687533,73421
YY-Hex7HexNAc7dHex1,YY,3336.682448,73421
YY-Hex7HexNAc7dHex1,YY,3336.682448,73421
YY-Hex6HexNAc6NeuAc1dHex2,YY,3422.719227,73421
YY-Hex6HexNAc6NeuAc1dHex2,YY,3422.719227,73421
Y-Hex6HexNAc6NeuAc1dHex2,Y,3436.734878,73421
Y-Hex6HexNAc6NeuAc1dHex2,Y,3436.734878,73421
Hex7HexNAc6NeuAc1dHex1-B,B,3448.734878,73421
YY-Hex7HexNAc6NeuAc1dHex1,YY,3452.729792,73421
YY-Hex7HexNAc6NeuAc1dHex1,YY,3452.729792,73421
YY-Hex5HexNAc7NeuAc1dHex2,YY,3463.745777,73421
YY-Hex6HexNAc7NeuAc1dHex1,YY,3493.756341,73421
YY-Hex6HexNAc7NeuAc1dHex1,YY,3493.756341,73421
YY-Hex6HexNAc7NeuAc1dHex1,YY,3493.756341,73421
YY-Hex6HexNAc7NeuAc1dHex1,YY,3493.756341,73421
YY-Hex7HexNAc7NeuAc1,YY,3523.766906,73421
Y-Hex7HexNAc7dHex2,Y,3524.787307,73421
Y-Hex7HexNAc6NeuAc1dHex2,Y,3640.834651,73421
Y-Hex6HexNAc7NeuAc1dHex2,Y,3681.8612,73421
Y-Hex6HexNAc7NeuAc1dHex2,Y,3681.8612,73421
Y-Hex7HexNAc7NeuAc1dHex1,Y,3711.871765,73421
Y-Hex7HexNAc7NeuAc1dHex1,Y,3711.871765,73421
Hex7HexNAc7NeuAc1dHex2,NA,3899.976624,73421
Hex1-B,B,218.1154237,73440
Hex7HexNAc6dHex3-B,B,3435.739629,73440
Y-Hex6HexNAc6dHex3-B,BY,3217.624205,73440
Y-Hex6HexNAc5dHex3-B,BY,2972.497882,73440
Y-Hex7HexNAc6dHex2-B,BY,3247.63477,73440
Y-Hex6HexNAc6dHex3-B,BY,3217.624205,73440
Y-Hex6HexNAc5dHex2-B,BY,2798.408673,73440
Y-Hex4HexNAc4dHex2-B,BY,2145.082803,73440
Y-Hex7HexNAc6dHex2-B,BY,3247.63477,73440
Y-Hex6HexNAc6dHex3-B,BY,3217.624205,73440
Y-Hex6HexNAc5dHex2-B,BY,2798.408673,73440
Y-Hex4HexNAc4dHex1-B,BY,1970.993594,73440
Y-Hex7HexNAc5dHex3-B,BY,3176.597656,73440
Y-HexNAc1-B,BY,245.1263227,73440
Hex7HexNAc5dHex3-B,B,3190.613306,73440
Y-Hex6HexNAc5dHex3-B,BY,2972.497882,73440
Y-Hex6HexNAc4dHex3-B,BY,2727.371559,73440
Y-Hex7HexNAc5dHex2-B,BY,3002.508447,73440
Y-Hex6HexNAc5dHex3-B,BY,2972.497882,73440
Y-Hex6HexNAc4dHex2-B,BY,2553.28235,73440
Y-Hex4HexNAc3dHex2-B,BY,1899.956481,73440
Y-Hex7HexNAc5dHex2-B,BY,3002.508447,73440
Y-Hex6HexNAc5dHex3-B,BY,2972.497882,73440
Y-Hex6HexNAc4dHex2-B,BY,2553.28235,73440
Y-Hex4HexNAc3dHex1-B,BY,1725.867272,73440
Y-Hex7HexNAc4dHex3-B,BY,2931.471333,73440
dHex1-B,B,188.104859,73440
HexNAc1-B,B,259.1419728,73440
Hex1HexNAc1dHex1-B,B,637.3309553,73440
Y-Hex1HexNAc1-B,BY,449.2260963,73440
Y-HexNAc1dHex1-B,BY,419.2155317,73440
Hex1HexNAc1-B,B,463.2417464,73440
Y-HexNAc1-B,BY,245.1263227,73440
Hex3HexNAc2dHex2-B,B,1464.746034,73440
Y-Hex3HexNAc2dHex1-B,BY,1276.641175,73440
Y-Hex2HexNAc2dHex2-B,BY,1246.630611,73440
Hex3HexNAc2dHex1-B,B,1290.656825,73440
Y-Hex2HexNAc2dHex1-B,BY,1072.541402,73440
Y-Hex2HexNAc1dHex1-B,BY,827.4150789,73440
Y-Hex3HexNAc2-B,BY,1102.551966,73440
Y-Hex2HexNAc2dHex1-B,BY,1072.541402,73440
Y-Hex2HexNAc1-B,BY,653.32587,73440
Hex7HexNAc7dHex4,NA,3886.981375,73440
Y-Hex7HexNAc7dHex3,Y,3698.876516,73440
Y-Hex6HexNAc7dHex4,Y,3668.865951,73440
YY-Hex6HexNAc7dHex3,YY,3480.761092,73440
Y-Hex6HexNAc6dHex4,Y,3423.739629,73440
YY-Hex6HexNAc6dHex3,YY,3235.63477,73440
Y-Hex7HexNAc7dHex3,Y,3698.876516,73440
YY-Hex7HexNAc7dHex2,YY,3510.771657,73440
YY-Hex6HexNAc7dHex3,YY,3480.761092,73440
YY-Hex6HexNAc6dHex3,YY,3235.63477,73440
Y-Hex6HexNAc7dHex4,Y,3668.865951,73440
YY-Hex6HexNAc7dHex3,YY,3480.761092,73440
YY-Hex5HexNAc7dHex4,YY,3450.750528,73440
YY-Hex5HexNAc6dHex4,YY,3205.624205,73440
YY-Hex6HexNAc7dHex3,YY,3480.761092,73440
Y-Hex6HexNAc6dHex3,Y,3249.65042,73440
YY-Hex6HexNAc6dHex2,YY,3061.545561,73440
YY-Hex5HexNAc6dHex3,YY,3031.534996,73440
YY-Hex5HexNAc5dHex3,YY,2786.408673,73440
Y-Hex4HexNAc5dHex3,Y,2596.32455,73440
YY-Hex4HexNAc5dHex2,YY,2408.219691,73440
Y-Hex7HexNAc7dHex3,Y,3698.876516,73440
YY-Hex7HexNAc7dHex2,YY,3510.771657,73440
YY-Hex6HexNAc7dHex3,YY,3480.761092,73440
YY-Hex6HexNAc6dHex3,YY,3235.63477,73440
YY-Hex7HexNAc7dHex2,YY,3510.771657,73440
YY-Hex6HexNAc7dHex3,YY,3480.761092,73440
YY-Hex6HexNAc6dHex2,YY,3061.545561,73440
YY-Hex4HexNAc5dHex2,YY,2408.219691,73440
Y-Hex6HexNAc7dHex4,Y,3668.865951,73440
YY-Hex6HexNAc7dHex3,YY,3480.761092,73440
YY-Hex5HexNAc7dHex4,YY,3450.750528,73440
YY-Hex5HexNAc6dHex4,YY,3205.624205,73440
YY-Hex6HexNAc7dHex3,YY,3480.761092,73440
YY-Hex5HexNAc7dHex4,YY,3450.750528,73440
YY-Hex5HexNAc6dHex3,YY,3031.534996,73440
YY-Hex3HexNAc5dHex3,YY,2378.209126,73440
YY-Hex6HexNAc7dHex3,YY,3480.761092,73440
Y-Hex6HexNAc6dHex3,Y,3249.65042,73440
YY-Hex6HexNAc6dHex2,YY,3061.545561,73440
YY-Hex7HexNAc7dHex2,YY,3510.771657,73440
YY-Hex6HexNAc7dHex3,YY,3480.761092,73440
YY-Hex6HexNAc7dHex3,YY,3480.761092,73440
YY-Hex6HexNAc6dHex2,YY,3061.545561,73440
YY-Hex5HexNAc7dHex4,YY,3450.750528,73440
YY-Hex5HexNAc6dHex3,YY,3031.534996,73440
YY-Hex5HexNAc5dHex2,YY,2612.319464,73440
Y-Hex4HexNAc5dHex2,Y,2422.235341,73440
YY-Hex4HexNAc5dHex1,YY,2234.130482,73440
YY-Hex5HexNAc6dHex3,YY,3031.534996,73440
YY-Hex3HexNAc5dHex2,YY,2204.119917,73440
YY-Hex5HexNAc5dHex3,YY,2786.408673,73440
YY-Hex6HexNAc6dHex2,YY,3061.545561,73440
YY-Hex5HexNAc6dHex3,YY,3031.534996,73440
YY-Hex5HexNAc5dHex2,YY,2612.319464,73440
YY-Hex3HexNAc4dHex2,YY,1958.993594,73440
YY-Hex4HexNAc5dHex1,YY,2234.130482,73440
YY-Hex3HexNAc5dHex2,YY,2204.119917,73440
YY-Hex3HexNAc4dHex1,YY,1784.904385,73440
YY-Hex1HexNAc3dHex1,YY,1131.578515,73440
Y-Hex7HexNAc6dHex4,Y,3627.839402,73440
YY-Hex7HexNAc6dHex3,YY,3439.734543,73440
YY-Hex6HexNAc6dHex4,YY,3409.723978,73440
YY-Hex6HexNAc5dHex4,YY,3164.597656,73440
YY-Hex7HexNAc6dHex3,YY,3439.734543,73440
YY-Hex6HexNAc6dHex4,YY,3409.723978,73440
YY-Hex6HexNAc5dHex3,YY,2990.508447,73440
YY-Hex4HexNAc4dHex3,YY,2337.182577,73440
YY-Hex7HexNAc6dHex3,YY,3439.734543,73440
YY-Hex6HexNAc6dHex4,YY,3409.723978,73440
YY-Hex6HexNAc5dHex3,YY,2990.508447,73440
YY-Hex4HexNAc4dHex2,YY,2163.093368,73440
Y-HexNAc2dHex1,Y,696.3680691,73440
YY-HexNAc2,YY,508.2632101,73440
Y-HexNAc1dHex1,Y,451.2417464,73440
YY-HexNAc1,YY,263.1368874,73440
NeuAc1-B,B,375.1893169,73453
Hex1-B,B,218.1154237,73453
Hex1NeuAc1-B,B,579.2890905,73453
Y-Hex1-B,BY,204.0997736,73453
Hex7HexNAc6NeuAc3dHex4-B,B,4693.349838,73453
Y-Hex7HexNAc6NeuAc3dHex3-B,BY,4505.244979,73453
Y-Hex7HexNAc6NeuAc2dHex4-B,BY,4318.160521,73453
Y-Hex6HexNAc6NeuAc2dHex4-B,BY,4114.060748,73453
Y-Hex6HexNAc5NeuAc2dHex3-B,BY,3694.845216,73453
Y-Hex4HexNAc4NeuAc1dHex2-B,BY,2506.25647,73453
Y-Hex7HexNAc6NeuAc3dHex3-B,BY,4505.244979,73453
Y-Hex7HexNAc6NeuAc2dHex4-B,BY,4318.160521,73453
Y-Hex6HexNAc6NeuAc2dHex4-B,BY,4114.060748,73453
Y-Hex6HexNAc5NeuAc2dHex3-B,BY,3694.845216,73453
Y-Hex7HexNAc6NeuAc3dHex3-B,BY,4505.244979,73453
Y-Hex6HexNAc6NeuAc3dHex4-B,BY,4475.234414,73453
Y-Hex6HexNAc5NeuAc3dHex3-B,BY,4056.018883,73453
Y-Hex4HexNAc4NeuAc2dHex2-B,BY,2867.430137,73453
Y-Hex7HexNAc5NeuAc3dHex4-B,BY,4434.207865,73453
Y-HexNAc1-B,BY,245.1263227,73453
Hex7HexNAc5NeuAc3dHex4-B,B,4448.223515,73453
Y-Hex7HexNAc5NeuAc3dHex3-B,BY,4260.118656,73453
Y-Hex7HexNAc5NeuAc2dHex4-B,BY,4073.034198,73453
Y-Hex6HexNAc5NeuAc2dHex4-B,BY,3868.934425,73453
Y-Hex6HexNAc4NeuAc2dHex3-B,BY,3449.718893,73453
Y-Hex4HexNAc3NeuAc1dHex2-B,BY,2261.130147,73453
Y-Hex7HexNAc5NeuAc3dHex3-B,BY,4260.118656,73453
Y-Hex7HexNAc5NeuAc2dHex4-B,BY,4073.034198,73453
Y-Hex6HexNAc5NeuAc2dHex4-B,BY,3868.934425,73453
Y-Hex6HexNAc4NeuAc2dHex3-B,BY,3449.718893,73453
Y-Hex7HexNAc5NeuAc3dHex3-B,BY,4260.118656,73453
Y-Hex6HexNAc5NeuAc3dHex4-B,BY,4230.108092,73453
Y-Hex6HexNAc4NeuAc3dHex3-B,BY,3810.89256,73453
Y-Hex4HexNAc3NeuAc2dHex2-B,BY,2622.303814,73453
Y-Hex7HexNAc4NeuAc3dHex4-B,BY,4189.081543,73453
dHex1-B,B,188.104859,73453
HexNAc1-B,B,259.1419728,73453
Hex1HexNAc1dHex1-B,B,637.3309553,73453
Y-Hex1HexNAc1-B,BY,449.2260963,73453
Hex1HexNAc1NeuAc1dHex1-B,B,998.5046222,73453
Y-Hex1HexNAc1NeuAc1-B,BY,810.3997632,73453
Y-Hex1HexNAc1dHex1-B,BY,623.3153053,73453
Y-HexNAc1dHex1-B,BY,419.2155317,73453
Hex3HexNAc2NeuAc1dHex2-B,B,1825.919701,73453
Y-Hex3HexNAc2NeuAc1dHex1-B,BY,1637.814842,73453
Y-Hex3HexNAc2dHex2-B,BY,1450.730384,73453
Y-Hex2HexNAc2dHex2-B,BY,1246.630611,73453
Y-Hex2HexNAc1dHex1-B,BY,827.4150789,73453
Y-Hex3HexNAc2NeuAc1dHex1-B,BY,1637.814842,73453
Hex3HexNAc2NeuAc2dHex2-B,B,2187.093368,73453
Y-Hex3HexNAc2NeuAc2dHex1-B,BY,1998.988509,73453
Y-Hex3HexNAc2NeuAc1dHex2-B,BY,1811.904051,73453
Y-Hex2HexNAc2NeuAc1dHex2-B,BY,1607.804277,73453
Y-Hex2HexNAc1NeuAc1dHex1-B,BY,1188.588746,73453
Hex7HexNAc7NeuAc3dHex5,NA,5144.591584,73453
Y-Hex7HexNAc7NeuAc3dHex4,Y,4956.486725,73453
Y-Hex7HexNAc7NeuAc3dHex4,Y,4956.486725,73453
YY-Hex7HexNAc7NeuAc3dHex3,YY,4768.381866,73453
Y-Hex7HexNAc7NeuAc2dHex5,Y,4769.402268,73453
YY-Hex7HexNAc7NeuAc2dHex4,YY,4581.297409,73453
YY-Hex7HexNAc7NeuAc2dHex4,YY,4581.297409,73453
Y-Hex6HexNAc7NeuAc2dHex5,Y,4565.302494,73453
YY-Hex6HexNAc7NeuAc2dHex4,YY,4377.197635,73453
YY-Hex6HexNAc7NeuAc2dHex4,YY,4377.197635,73453
Y-Hex6HexNAc6NeuAc2dHex4,Y,4146.086962,73453
YY-Hex6HexNAc6NeuAc2dHex3,YY,3957.982103,73453
YY-Hex7HexNAc7NeuAc3dHex3,YY,4768.381866,73453
YY-Hex7HexNAc7NeuAc2dHex4,YY,4581.297409,73453
YY-Hex6HexNAc7NeuAc2dHex4,YY,4377.197635,73453
YY-Hex6HexNAc6NeuAc2dHex3,YY,3957.982103,73453
YY-Hex7HexNAc7NeuAc1dHex5,YY,4394.212951,73453
YY-Hex6HexNAc7NeuAc1dHex5,YY,4190.113177,73453
YY-Hex6HexNAc6NeuAc1dHex4,YY,3770.897645,73453
YY-Hex5HexNAc7NeuAc1dHex5,YY,3986.013403,73453
YY-Hex5HexNAc6NeuAc1dHex4,YY,3566.797872,73453
YY-Hex5HexNAc5NeuAc1dHex3,YY,3147.58234,73453
Y-Hex4HexNAc5NeuAc1dHex3,Y,2957.498217,73453
YY-Hex4HexNAc5NeuAc1dHex2,YY,2769.393358,73453
Y-Hex7HexNAc7NeuAc3dHex4,Y,4956.486725,73453
YY-Hex7HexNAc7NeuAc3dHex3,YY,4768.381866,73453
YY-Hex7HexNAc7NeuAc3dHex3,YY,4768.381866,73453
YY-Hex7HexNAc7NeuAc2dHex4,YY,4581.297409,73453
YY-Hex6HexNAc7NeuAc2dHex4,YY,4377.197635,73453
YY-Hex6HexNAc6NeuAc2dHex3,YY,3957.982103,73453
YY-Hex4HexNAc5NeuAc1dHex2,YY,2769.393358,73453
Y-Hex7HexNAc7NeuAc2dHex5,Y,4769.402268,73453
YY-Hex7HexNAc7NeuAc2dHex4,YY,4581.297409,73453
YY-Hex7HexNAc7NeuAc2dHex4,YY,4581.297409,73453
YY-Hex7HexNAc7NeuAc1dHex5,YY,4394.212951,73453
YY-Hex6HexNAc7NeuAc1dHex5,YY,4190.113177,73453
YY-Hex6HexNAc6NeuAc1dHex4,YY,3770.897645,73453
YY-Hex4HexNAc5dHex3,YY,2582.3089,73453
YY-Hex7HexNAc7NeuAc2dHex4,YY,4581.297409,73453
Y-Hex6HexNAc7NeuAc2dHex5,Y,4565.302494,73453
YY-Hex6HexNAc7NeuAc2dHex4,YY,4377.197635,73453
YY-Hex6HexNAc7NeuAc2dHex4,YY,4377.197635,73453
YY-Hex6HexNAc7NeuAc1dHex5,YY,4190.113177,73453
YY-Hex5HexNAc7NeuAc1dHex5,YY,3986.013403,73453
YY-Hex5HexNAc6NeuAc1dHex4,YY,3566.797872,73453
YY-Hex3HexNAc5dHex3,YY,2378.209126,73453
YY-Hex6HexNAc7NeuAc2dHex4,YY,4377.197635,73453
Y-Hex6HexNAc6NeuAc2dHex4,Y,4146.086962,73453
YY-Hex6HexNAc6NeuAc2dHex3,YY,3957.982103,73453
YY-Hex6HexNAc6NeuAc2dHex3,YY,3957.982103,73453
YY-Hex6HexNAc6NeuAc1dHex4,YY,3770.897645,73453
YY-Hex5HexNAc6NeuAc1dHex4,YY,3566.797872,73453
YY-Hex5HexNAc5NeuAc1dHex3,YY,3147.58234,73453
YY-Hex3HexNAc4dHex2,YY,1958.993594,73453
Y-Hex7HexNAc7NeuAc3dHex4,Y,4956.486725,73453
YY-Hex7HexNAc7NeuAc3dHex3,YY,4768.381866,73453
YY-Hex7HexNAc7NeuAc3dHex3,YY,4768.381866,73453
YY-Hex7HexNAc7NeuAc2dHex4,YY,4581.297409,73453
YY-Hex6HexNAc7NeuAc2dHex4,YY,4377.197635,73453
YY-Hex6HexNAc6NeuAc2dHex3,YY,3957.982103,73453
YY-Hex4HexNAc5NeuAc1dHex2,YY,2769.393358,73453
YY-Hex7HexNAc7NeuAc3dHex3,YY,4768.381866,73453
YY-Hex7HexNAc7NeuAc2dHex4,YY,4581.297409,73453
YY-Hex6HexNAc7NeuAc2dHex4,YY,4377.197635,73453
YY-Hex6HexNAc6NeuAc2dHex3,YY,3957.982103,73453
Y-Hex6HexNAc7NeuAc3dHex5,Y,4926.476161,73453
YY-Hex6HexNAc7NeuAc3dHex4,YY,4738.371302,73453
YY-Hex6HexNAc7NeuAc3dHex4,YY,4738.371302,73453
Y-Hex6HexNAc6NeuAc3dHex4,Y,4507.260629,73453
YY-Hex6HexNAc6NeuAc3dHex3,YY,4319.15577,73453
YY-Hex6HexNAc7NeuAc3dHex4,YY,4738.371302,73453
YY-Hex6HexNAc6NeuAc3dHex3,YY,4319.15577,73453
YY-Hex6HexNAc7NeuAc2dHex5,YY,4551.286844,73453
YY-Hex6HexNAc6NeuAc2dHex4,YY,4132.071312,73453
YY-Hex5HexNAc7NeuAc2dHex5,YY,4347.18707,73453
YY-Hex5HexNAc6NeuAc2dHex4,YY,3927.971539,73453
YY-Hex5HexNAc5NeuAc2dHex3,YY,3508.756007,73453
Y-Hex4HexNAc5NeuAc2dHex3,Y,3318.671883,73453
YY-Hex4HexNAc5NeuAc2dHex2,YY,3130.567024,73453
YY-Hex6HexNAc7NeuAc3dHex4,YY,4738.371302,73453
YY-Hex6HexNAc6NeuAc3dHex3,YY,4319.15577,73453
YY-Hex4HexNAc5NeuAc2dHex2,YY,3130.567024,73453
YY-Hex6HexNAc7NeuAc2dHex5,YY,4551.286844,73453
YY-Hex6HexNAc6NeuAc2dHex4,YY,4132.071312,73453
YY-Hex4HexNAc5NeuAc1dHex3,YY,2943.482566,73453
YY-Hex5HexNAc7NeuAc2dHex5,YY,4347.18707,73453
YY-Hex5HexNAc6NeuAc2dHex4,YY,3927.971539,73453
YY-Hex3HexNAc5NeuAc1dHex3,YY,2739.382793,73453
YY-Hex5HexNAc5NeuAc2dHex3,YY,3508.756007,73453
YY-Hex3HexNAc4NeuAc1dHex2,YY,2320.167261,73453
YY-Hex1HexNAc3dHex1,YY,1131.578515,73453
Y-Hex7HexNAc6NeuAc3dHex5,Y,4885.449612,73453
YY-Hex7HexNAc6NeuAc3dHex4,YY,4697.344753,73453
YY-Hex7HexNAc6NeuAc3dHex4,YY,4697.344753,73453
YY-Hex7HexNAc6NeuAc2dHex5,YY,4510.260295,73453
YY-Hex6HexNAc6NeuAc2dHex5,YY,4306.160521,73453
YY-Hex6HexNAc5NeuAc2dHex4,YY,3886.944989,73453
YY-Hex4HexNAc4NeuAc1dHex3,YY,2698.356244,73453
YY-Hex7HexNAc6NeuAc3dHex4,YY,4697.344753,73453
YY-Hex7HexNAc6NeuAc2dHex5,YY,4510.260295,73453
YY-Hex6HexNAc6NeuAc2dHex5,YY,4306.160521,73453
YY-Hex6HexNAc5NeuAc2dHex4,YY,3886.944989,73453
YY-Hex7HexNAc6NeuAc3dHex4,YY,4697.344753,73453
YY-Hex6HexNAc6NeuAc3dHex5,YY,4667.334188,73453
YY-Hex6HexNAc5NeuAc3dHex4,YY,4248.118656,73453
YY-Hex4HexNAc4NeuAc2dHex3,YY,3059.529911,73453
Y-HexNAc2dHex1,Y,696.3680691,73453
YY-HexNAc2,YY,508.2632101,73453
Y-HexNAc1dHex1,Y,451.2417464,73453
YY-HexNAc1,YY,263.1368874,73453
Hex1-B,B,218.1154237,73500
Hex8HexNAc6-B,B,3117.571775,73500
Y-Hex7HexNAc6-B,BY,2899.456352,73500
Y-Hex7HexNAc5-B,BY,2654.330029,73500
Y-Hex5HexNAc4-B,BY,2001.004159,73500
Y-Hex7HexNAc6-B,BY,2899.456352,73500
Y-Hex7HexNAc5-B,BY,2654.330029,73500
Y-HexNAc1-B,BY,245.1263227,73500
Hex8HexNAc5-B,B,2872.445453,73500
Y-Hex7HexNAc5-B,BY,2654.330029,73500
Y-Hex7HexNAc4-B,BY,2409.203706,73500
Y-Hex5HexNAc3-B,BY,1755.877836,73500
Y-Hex7HexNAc5-B,BY,2654.330029,73500
Y-Hex7HexNAc4-B,BY,2409.203706,73500
Hex1HexNAc1-B,B,463.2417464,73500
Y-HexNAc1-B,BY,245.1263227,73500
Hex3HexNAc2-B,B,1116.567616,73500
Y-Hex2HexNAc2-B,BY,898.4521927,73500
Y-Hex2HexNAc1-B,BY,653.32587,73500
Hex8HexNAc7,NA,3394.724313,73500
Y-Hex7HexNAc7,Y,3176.608889,73500
Y-Hex7HexNAc6,Y,2931.482566,73500
YY-Hex6HexNAc7,YY,2958.493465,73500
YY-Hex6HexNAc6,YY,2713.367143,73500
YY-Hex6HexNAc5,YY,2468.24082,73500
Y-Hex5HexNAc5,Y,2278.156696,73500
YY-Hex6HexNAc7,YY,2958.493465,73500
YY-Hex6HexNAc6,YY,2713.367143,73500
YY-Hex4HexNAc5,YY,2060.041273,73500
YY-Hex6HexNAc5,YY,2468.24082,73500
YY-Hex4HexNAc4,YY,1814.91495,73500
YY-Hex2HexNAc3,YY,1161.58908,73500
Y-Hex7HexNAc7,Y,3176.608889,73500
YY-Hex6HexNAc7,YY,2958.493465,73500
YY-Hex6HexNAc6,YY,2713.367143,73500
YY-Hex4HexNAc5,YY,2060.041273,73500
Y-Hex7HexNAc6,Y,2931.482566,73500
YY-Hex6HexNAc6,YY,2713.367143,73500
YY-Hex6HexNAc5,YY,2468.24082,73500
YY-Hex4HexNAc4,YY,1814.91495,73500
Y-HexNAc2,Y,522.2788602,73500
Y-HexNAc1,Y,277.1525375,73500
NeuAc1-B,B,375.1893169,73502
Hex1-B,B,218.1154237,73502
Hex1NeuAc1-B,B,579.2890905,73502
Y-Hex1-B,BY,204.0997736,73502
Hex8HexNAc6NeuAc2-B,B,3839.919109,73502
Y-Hex8HexNAc6NeuAc1-B,BY,3464.729792,73502
Y-Hex7HexNAc6NeuAc1-B,BY,3260.630019,73502
Y-Hex7HexNAc6NeuAc1-B,BY,3260.630019,73502
Y-Hex7HexNAc5NeuAc1-B,BY,3015.503696,73502
Y-Hex5HexNAc4-B,BY,2001.004159,73502
Y-Hex7HexNAc6NeuAc2-B,BY,3621.803685,73502
Y-Hex7HexNAc5NeuAc2-B,BY,3376.677363,73502
Y-Hex5HexNAc4NeuAc2-B,BY,2723.351493,73502
Y-Hex7HexNAc6NeuAc2-B,BY,3621.803685,73502
Y-Hex7HexNAc5NeuAc2-B,BY,3376.677363,73502
Y-HexNAc1-B,BY,245.1263227,73502
Hex8HexNAc5NeuAc2-B,B,3594.792786,73502
Y-Hex8HexNAc5NeuAc1-B,BY,3219.603469,73502
Y-Hex7HexNAc5NeuAc1-B,BY,3015.503696,73502
Y-Hex7HexNAc5NeuAc1-B,BY,3015.503696,73502
Y-Hex7HexNAc4NeuAc1-B,BY,2770.377373,73502
Y-Hex5HexNAc3-B,BY,1755.877836,73502
Y-Hex7HexNAc5NeuAc2-B,BY,3376.677363,73502
Y-Hex7HexNAc4NeuAc2-B,BY,3131.55104,73502
Y-Hex5HexNAc3NeuAc2-B,BY,2478.22517,73502
Y-Hex7HexNAc5NeuAc2-B,BY,3376.677363,73502
Y-Hex7HexNAc4NeuAc2-B,BY,3131.55104,73502
Hex1HexNAc1-B,B,463.2417464,73502
Hex1HexNAc1NeuAc1-B,B,824.4154133,73502
Y-Hex1HexNAc1-B,BY,449.2260963,73502
Y-HexNAc1-B,BY,245.1263227,73502
Hex3HexNAc2-B,B,1116.567616,73502
Y-Hex2HexNAc2-B,BY,898.4521927,73502
Y-Hex2HexNAc1-B,BY,653.32587,73502
Hex3HexNAc2NeuAc2-B,B,1838.91495,73502
Y-Hex3HexNAc2NeuAc1-B,BY,1463.725633,73502
Y-Hex2HexNAc2NeuAc1-B,BY,1259.62586,73502
Y-Hex2HexNAc2NeuAc1-B,BY,1259.62586,73502
Y-Hex2HexNAc1NeuAc1-B,BY,1014.499537,73502
Hex8HexNAc7NeuAc2,NA,4117.071647,73502
Y-Hex8HexNAc7NeuAc1,Y,3741.88233,73502
Y-Hex7HexNAc7NeuAc1,Y,3537.782556,73502
Y-Hex7HexNAc7NeuAc1,Y,3537.782556,73502
Y-Hex7HexNAc6NeuAc1,Y,3292.656233,73502
YY-Hex8HexNAc7,YY,3366.693013,73502
YY-Hex7HexNAc7,YY,3162.593239,73502
YY-Hex7HexNAc6,YY,2917.466916,73502
YY-Hex6HexNAc7,YY,2958.493465,73502
YY-Hex6HexNAc6,YY,2713.367143,73502
YY-Hex6HexNAc5,YY,2468.24082,73502
Y-Hex5HexNAc5,Y,2278.156696,73502
Y-Hex7HexNAc7NeuAc2,Y,3898.956223,73502
YY-Hex7HexNAc7NeuAc1,YY,3523.766906,73502
YY-Hex6HexNAc7NeuAc1,YY,3319.667132,73502
YY-Hex6HexNAc7NeuAc1,YY,3319.667132,73502
YY-Hex6HexNAc6NeuAc1,YY,3074.54081,73502
YY-Hex4HexNAc5,YY,2060.041273,73502
Y-Hex7HexNAc6NeuAc2,Y,3653.8299,73502
YY-Hex7HexNAc6NeuAc1,YY,3278.640583,73502
YY-Hex6HexNAc6NeuAc1,YY,3074.54081,73502
YY-Hex6HexNAc5NeuAc1,YY,2829.414487,73502
YY-Hex4HexNAc4,YY,1814.91495,73502
YY-Hex6HexNAc7NeuAc2,YY,3680.840799,73502
YY-Hex6HexNAc6NeuAc2,YY,3435.714476,73502
YY-Hex6HexNAc5NeuAc2,YY,3190.588154,73502
Y-Hex5HexNAc5NeuAc2,Y,3000.50403,73502
YY-Hex5HexNAc5NeuAc1,YY,2625.314713,73502
YY-Hex5HexNAc5NeuAc1,YY,2625.314713,73502
YY-Hex4HexNAc5NeuAc1,YY,2421.21494,73502
YY-Hex4HexNAc4NeuAc1,YY,2176.088617,73502
YY-Hex2HexNAc3,YY,1161.58908,73502
Y-Hex7HexNAc7NeuAc2,Y,3898.956223,73502
YY-Hex7HexNAc7NeuAc1,YY,3523.766906,73502
YY-Hex6HexNAc7NeuAc1,YY,3319.667132,73502
YY-Hex6HexNAc7NeuAc1,YY,3319.667132,73502
YY-Hex6HexNAc6NeuAc1,YY,3074.54081,73502
YY-Hex4HexNAc5,YY,2060.041273,73502
YY-Hex6HexNAc7NeuAc2,YY,3680.840799,73502
YY-Hex6HexNAc6NeuAc2,YY,3435.714476,73502
YY-Hex4HexNAc5NeuAc2,YY,2782.388606,73502
Y-Hex7HexNAc6NeuAc2,Y,3653.8299,73502
YY-Hex7HexNAc6NeuAc1,YY,3278.640583,73502
YY-Hex6HexNAc6NeuAc1,YY,3074.54081,73502
YY-Hex6HexNAc6NeuAc1,YY,3074.54081,73502
YY-Hex6HexNAc5NeuAc1,YY,2829.414487,73502
YY-Hex4HexNAc4,YY,1814.91495,73502
YY-Hex6HexNAc6NeuAc2,YY,3435.714476,73502
YY-Hex6HexNAc5NeuAc2,YY,3190.588154,73502
YY-Hex4HexNAc4NeuAc2,YY,2537.262284,73502
Y-HexNAc2,Y,522.2788602,73502
Y-HexNAc1,Y,277.1525375,73502
NeuAc1-B,B,375.1893169,73503
Hex1-B,B,218.1154237,73503
Hex1NeuAc1-B,B,579.2890905,73503
Y-Hex1-B,BY,204.0997736,73503
Hex8HexNAc6NeuAc3-B,B,4201.092776,73503
Y-Hex8HexNAc6NeuAc2-B,BY,3825.903459,73503
Y-Hex8HexNAc6NeuAc2-B,BY,3825.903459,73503
Y-Hex7HexNAc6NeuAc2-B,BY,3621.803685,73503
Y-Hex7HexNAc5NeuAc2-B,BY,3376.677363,73503
Y-Hex5HexNAc4NeuAc1-B,BY,2362.177826,73503
Y-Hex8HexNAc6NeuAc2-B,BY,3825.903459,73503
Y-Hex7HexNAc6NeuAc2-B,BY,3621.803685,73503
Y-Hex7HexNAc5NeuAc2-B,BY,3376.677363,73503
Y-Hex7HexNAc6NeuAc3-B,BY,3982.977352,73503
Y-Hex7HexNAc5NeuAc3-B,BY,3737.85103,73503
Y-Hex5HexNAc4NeuAc2-B,BY,2723.351493,73503
Y-Hex7HexNAc6NeuAc3-B,BY,3982.977352,73503
Y-Hex7HexNAc5NeuAc3-B,BY,3737.85103,73503
Y-HexNAc1-B,BY,245.1263227,73503
Hex8HexNAc5NeuAc3-B,B,3955.966453,73503
Y-Hex8HexNAc5NeuAc2-B,BY,3580.777136,73503
Y-Hex7HexNAc5NeuAc2-B,BY,3376.677363,73503
Y-Hex7HexNAc4NeuAc2-B,BY,3131.55104,73503
Y-Hex5HexNAc3NeuAc1-B,BY,2117.051503,73503
Y-Hex8HexNAc5NeuAc2-B,BY,3580.777136,73503
Y-Hex7HexNAc5NeuAc2-B,BY,3376.677363,73503
Y-Hex7HexNAc4NeuAc2-B,BY,3131.55104,73503
Y-Hex7HexNAc5NeuAc3-B,BY,3737.85103,73503
Y-Hex7HexNAc4NeuAc3-B,BY,3492.724707,73503
Y-Hex5HexNAc3NeuAc2-B,BY,2478.22517,73503
Y-Hex7HexNAc5NeuAc3-B,BY,3737.85103,73503
Y-Hex7HexNAc4NeuAc3-B,BY,3492.724707,73503
Hex1HexNAc1-B,B,463.2417464,73503
Hex1HexNAc1NeuAc1-B,B,824.4154133,73503
Y-Hex1HexNAc1-B,BY,449.2260963,73503
Y-HexNAc1-B,BY,245.1263227,73503
Hex3HexNAc2NeuAc1-B,B,1477.741283,73503
Y-Hex3HexNAc2-B,BY,1102.551966,73503
Y-Hex2HexNAc2-B,BY,898.4521927,73503
Y-Hex2HexNAc1-B,BY,653.32587,73503
Hex3HexNAc2NeuAc2-B,B,1838.91495,73503
Y-Hex3HexNAc2NeuAc1-B,BY,1463.725633,73503
Y-Hex2HexNAc2NeuAc1-B,BY,1259.62586,73503
Y-Hex2HexNAc1NeuAc1-B,BY,1014.499537,73503
Hex8HexNAc7NeuAc3,NA,4478.245313,73503
Y-Hex8HexNAc7NeuAc2,Y,4103.055996,73503
Y-Hex7HexNAc7NeuAc2,Y,3898.956223,73503
Y-Hex7HexNAc6NeuAc2,Y,3653.8299,73503
YY-Hex8HexNAc7NeuAc1,YY,3727.86668,73503
YY-Hex7HexNAc7NeuAc1,YY,3523.766906,73503
YY-Hex7HexNAc6NeuAc1,YY,3278.640583,73503
YY-Hex6HexNAc7NeuAc1,YY,3319.667132,73503
YY-Hex6HexNAc6NeuAc1,YY,3074.54081,73503
YY-Hex6HexNAc5NeuAc1,YY,2829.414487,73503
Y-Hex5HexNAc5NeuAc1,Y,2639.330363,73503
Y-Hex8HexNAc7NeuAc2,Y,4103.055996,73503
YY-Hex8HexNAc7NeuAc1,YY,3727.86668,73503
YY-Hex8HexNAc7NeuAc1,YY,3727.86668,73503
YY-Hex7HexNAc7NeuAc1,YY,3523.766906,73503
YY-Hex7HexNAc6NeuAc1,YY,3278.640583,73503
YY-Hex5HexNAc5,YY,2264.141046,73503
Y-Hex7HexNAc7NeuAc2,Y,3898.956223,73503
YY-Hex7HexNAc7NeuAc1,YY,3523.766906,73503
YY-Hex6HexNAc7NeuAc1,YY,3319.667132,73503
YY-Hex6HexNAc7NeuAc1,YY,3319.667132,73503
YY-Hex6HexNAc6NeuAc1,YY,3074.54081,73503
YY-Hex4HexNAc5,YY,2060.041273,73503
Y-Hex7HexNAc6NeuAc2,Y,3653.8299,73503
YY-Hex7HexNAc6NeuAc1,YY,3278.640583,73503
YY-Hex6HexNAc6NeuAc1,YY,3074.54081,73503
YY-Hex6HexNAc5NeuAc1,YY,2829.414487,73503
YY-Hex4HexNAc4,YY,1814.91495,73503
Y-Hex7HexNAc7NeuAc3,Y,4260.12989,73503
Y-Hex7HexNAc6NeuAc3,Y,4015.003567,73503
YY-Hex7HexNAc7NeuAc2,YY,3884.940573,73503
YY-Hex7HexNAc6NeuAc2,YY,3639.81425,73503
YY-Hex6HexNAc7NeuAc2,YY,3680.840799,73503
YY-Hex6HexNAc6NeuAc2,YY,3435.714476,73503
YY-Hex6HexNAc5NeuAc2,YY,3190.588154,73503
Y-Hex5HexNAc5NeuAc2,Y,3000.50403,73503
YY-Hex7HexNAc7NeuAc2,YY,3884.940573,73503
YY-Hex7HexNAc7NeuAc2,YY,3884.940573,73503
YY-Hex7HexNAc6NeuAc2,YY,3639.81425,73503
YY-Hex5HexNAc5NeuAc1,YY,2625.314713,73503
YY-Hex5HexNAc5NeuAc1,YY,2625.314713,73503
YY-Hex6HexNAc7NeuAc2,YY,3680.840799,73503
YY-Hex6HexNAc7NeuAc2,YY,3680.840799,73503
YY-Hex6HexNAc6NeuAc2,YY,3435.714476,73503
YY-Hex6HexNAc6NeuAc2,YY,3435.714476,73503
YY-Hex4HexNAc5NeuAc1,YY,2421.21494,73503
YY-Hex6HexNAc5NeuAc2,YY,3190.588154,73503
YY-Hex4HexNAc4NeuAc1,YY,2176.088617,73503
YY-Hex2HexNAc3,YY,1161.58908,73503
Y-Hex7HexNAc7NeuAc3,Y,4260.12989,73503
YY-Hex7HexNAc7NeuAc2,YY,3884.940573,73503
YY-Hex7HexNAc7NeuAc2,YY,3884.940573,73503
YY-Hex6HexNAc7NeuAc2,YY,3680.840799,73503
YY-Hex6HexNAc6NeuAc2,YY,3435.714476,73503
YY-Hex4HexNAc5NeuAc1,YY,2421.21494,73503
YY-Hex7HexNAc7NeuAc2,YY,3884.940573,73503
YY-Hex6HexNAc7NeuAc2,YY,3680.840799,73503
YY-Hex6HexNAc6NeuAc2,YY,3435.714476,73503
YY-Hex6HexNAc7NeuAc3,YY,4042.014466,73503
YY-Hex6HexNAc6NeuAc3,YY,3796.888143,73503
YY-Hex4HexNAc5NeuAc2,YY,2782.388606,73503
Y-Hex7HexNAc6NeuAc3,Y,4015.003567,73503
YY-Hex7HexNAc6NeuAc2,YY,3639.81425,73503
YY-Hex7HexNAc6NeuAc2,YY,3639.81425,73503
YY-Hex6HexNAc6NeuAc2,YY,3435.714476,73503
YY-Hex6HexNAc5NeuAc2,YY,3190.588154,73503
YY-Hex4HexNAc4NeuAc1,YY,2176.088617,73503
YY-Hex7HexNAc6NeuAc2,YY,3639.81425,73503
YY-Hex6HexNAc6NeuAc2,YY,3435.714476,73503
YY-Hex6HexNAc5NeuAc2,YY,3190.588154,73503
YY-Hex6HexNAc6NeuAc3,YY,3796.888143,73503
YY-Hex6HexNAc5NeuAc3,YY,3551.761821,73503
YY-Hex4HexNAc4NeuAc2,YY,2537.262284,73503
Y-HexNAc2,Y,522.2788602,73503
Y-HexNAc1,Y,277.1525375,73503
Hex1HexNAc1NeuAc1-B,B,824.4154133,73504
Y-Hex1HexNAc1-B,BY,449.2260963,73504
Y-HexNAc1-B,BY,245.1263227,73504
NeuAc1-B,B,375.1893169,73504
Hex2HexNAc1NeuAc1-B,B,1028.515187,73504
Y-Hex2HexNAc1-B,BY,653.32587,73504
Y-Hex1HexNAc1-B,BY,449.2260963,73504
Y-Hex1-B,BY,204.0997736,73504
Hex1NeuAc1-B,B,579.2890905,73504
Y-Hex1-B,BY,204.0997736,73504
Hex8HexNAc6NeuAc4-B,B,4562.266443,73504
Y-Hex8HexNAc6NeuAc3-B,BY,4187.077126,73504
Y-Hex7HexNAc6NeuAc3-B,BY,3982.977352,73504
Y-Hex7HexNAc5NeuAc3-B,BY,3737.85103,73504
Y-Hex5HexNAc4NeuAc2-B,BY,2723.351493,73504
Y-Hex8HexNAc6NeuAc3-B,BY,4187.077126,73504
Y-Hex7HexNAc6NeuAc3-B,BY,3982.977352,73504
Y-Hex7HexNAc5NeuAc3-B,BY,3737.85103,73504
Y-Hex8HexNAc6NeuAc3-B,BY,4187.077126,73504
Y-Hex7HexNAc6NeuAc3-B,BY,3982.977352,73504
Y-Hex7HexNAc5NeuAc3-B,BY,3737.85103,73504
Y-Hex6HexNAc5NeuAc3-B,BY,3533.751256,73504
Y-Hex6HexNAc4NeuAc3-B,BY,3288.624933,73504
Y-Hex4HexNAc3NeuAc2-B,BY,2274.125396,73504
Y-HexNAc1-B,BY,245.1263227,73504
Hex8HexNAc5NeuAc4-B,B,4317.14012,73504
Y-Hex8HexNAc5NeuAc3-B,BY,3941.950803,73504
Y-Hex7HexNAc5NeuAc3-B,BY,3737.85103,73504
Y-Hex7HexNAc4NeuAc3-B,BY,3492.724707,73504
Y-Hex5HexNAc3NeuAc2-B,BY,2478.22517,73504
Y-Hex8HexNAc5NeuAc3-B,BY,3941.950803,73504
Y-Hex7HexNAc5NeuAc3-B,BY,3737.85103,73504
Y-Hex7HexNAc4NeuAc3-B,BY,3492.724707,73504
Y-Hex8HexNAc5NeuAc3-B,BY,3941.950803,73504
Y-Hex7HexNAc5NeuAc3-B,BY,3737.85103,73504
Y-Hex7HexNAc4NeuAc3-B,BY,3492.724707,73504
Y-Hex6HexNAc4NeuAc3-B,BY,3288.624933,73504
Y-Hex6HexNAc3NeuAc3-B,BY,3043.49861,73504
Y-Hex4HexNAc2NeuAc2-B,BY,2028.999074,73504
Hex2HexNAc2NeuAc1-B,B,1273.64151,73504
Y-Hex2HexNAc2-B,BY,898.4521927,73504
Y-Hex1HexNAc2-B,BY,694.3524191,73504
Y-Hex1HexNAc1-B,BY,449.2260963,73504
Hex1HexNAc1NeuAc1-B,B,824.4154133,73504
Y-Hex1HexNAc1-B,BY,449.2260963,73504
Y-HexNAc1-B,BY,245.1263227,73504
Hex4HexNAc3NeuAc2-B,B,2288.141046,73504
Y-Hex4HexNAc3NeuAc1-B,BY,1912.95173,73504
Y-Hex3HexNAc3NeuAc1-B,BY,1708.851956,73504
Y-Hex3HexNAc2NeuAc1-B,BY,1463.725633,73504
Y-Hex4HexNAc3NeuAc1-B,BY,1912.95173,73504
Y-Hex3HexNAc3NeuAc1-B,BY,1708.851956,73504
Y-Hex3HexNAc2NeuAc1-B,BY,1463.725633,73504
Hex3HexNAc2NeuAc2-B,B,1838.91495,73504
Y-Hex3HexNAc2NeuAc1-B,BY,1463.725633,73504
Y-Hex2HexNAc2NeuAc1-B,BY,1259.62586,73504
Y-Hex2HexNAc1NeuAc1-B,BY,1014.499537,73504
Hex8HexNAc7NeuAc4,NA,4839.41898,73504
Y-Hex8HexNAc7NeuAc3,Y,4464.229663,73504
Y-Hex7HexNAc7NeuAc3,Y,4260.12989,73504
Y-Hex7HexNAc6NeuAc3,Y,4015.003567,73504
YY-Hex8HexNAc7NeuAc2,YY,4089.040346,73504
YY-Hex7HexNAc7NeuAc2,YY,3884.940573,73504
YY-Hex7HexNAc6NeuAc2,YY,3639.81425,73504
YY-Hex6HexNAc7NeuAc2,YY,3680.840799,73504
YY-Hex6HexNAc6NeuAc2,YY,3435.714476,73504
YY-Hex6HexNAc5NeuAc2,YY,3190.588154,73504
Y-Hex5HexNAc5NeuAc2,Y,3000.50403,73504
Y-Hex8HexNAc7NeuAc3,Y,4464.229663,73504
YY-Hex8HexNAc7NeuAc2,YY,4089.040346,73504
YY-Hex7HexNAc7NeuAc2,YY,3884.940573,73504
YY-Hex7HexNAc6NeuAc2,YY,3639.81425,73504
YY-Hex5HexNAc5NeuAc1,YY,2625.314713,73504
Y-Hex7HexNAc7NeuAc3,Y,4260.12989,73504
YY-Hex7HexNAc7NeuAc2,YY,3884.940573,73504
YY-Hex7HexNAc7NeuAc2,YY,3884.940573,73504
YY-Hex6HexNAc7NeuAc2,YY,3680.840799,73504
YY-Hex6HexNAc6NeuAc2,YY,3435.714476,73504
YY-Hex4HexNAc5NeuAc1,YY,2421.21494,73504
Y-Hex7HexNAc6NeuAc3,Y,4015.003567,73504
YY-Hex7HexNAc6NeuAc2,YY,3639.81425,73504
YY-Hex7HexNAc6NeuAc2,YY,3639.81425,73504
YY-Hex6HexNAc6NeuAc2,YY,3435.714476,73504
YY-Hex6HexNAc5NeuAc2,YY,3190.588154,73504
YY-Hex4HexNAc4NeuAc1,YY,2176.088617,73504
Y-Hex8HexNAc7NeuAc3,Y,4464.229663,73504
YY-Hex8HexNAc7NeuAc2,YY,4089.040346,73504
YY-Hex7HexNAc7NeuAc2,YY,3884.940573,73504
YY-Hex7HexNAc6NeuAc2,YY,3639.81425,73504
YY-Hex5HexNAc5NeuAc1,YY,2625.314713,73504
YY-Hex8HexNAc7NeuAc2,YY,4089.040346,73504
YY-Hex7HexNAc7NeuAc2,YY,3884.940573,73504
YY-Hex7HexNAc6NeuAc2,YY,3639.81425,73504
Y-Hex7HexNAc7NeuAc3,Y,4260.12989,73504
YY-Hex7HexNAc7NeuAc2,YY,3884.940573,73504
YY-Hex7HexNAc7NeuAc2,YY,3884.940573,73504
YY-Hex6HexNAc7NeuAc2,YY,3680.840799,73504
YY-Hex6HexNAc6NeuAc2,YY,3435.714476,73504
YY-Hex4HexNAc5NeuAc1,YY,2421.21494,73504
YY-Hex7HexNAc7NeuAc2,YY,3884.940573,73504
YY-Hex6HexNAc7NeuAc2,YY,3680.840799,73504
YY-Hex6HexNAc6NeuAc2,YY,3435.714476,73504
Y-Hex7HexNAc6NeuAc3,Y,4015.003567,73504
YY-Hex7HexNAc6NeuAc2,YY,3639.81425,73504
YY-Hex7HexNAc6NeuAc2,YY,3639.81425,73504
YY-Hex6HexNAc6NeuAc2,YY,3435.714476,73504
YY-Hex6HexNAc5NeuAc2,YY,3190.588154,73504
YY-Hex4HexNAc4NeuAc1,YY,2176.088617,73504
YY-Hex7HexNAc6NeuAc2,YY,3639.81425,73504
YY-Hex6HexNAc6NeuAc2,YY,3435.714476,73504
YY-Hex6HexNAc5NeuAc2,YY,3190.588154,73504
Y-Hex6HexNAc6NeuAc3,Y,3810.903793,73504
Y-Hex6HexNAc5NeuAc3,Y,3565.777471,73504
YY-Hex6HexNAc6NeuAc2,YY,3435.714476,73504
YY-Hex6HexNAc5NeuAc2,YY,3190.588154,73504
YY-Hex5HexNAc6NeuAc2,YY,3231.614703,73504
YY-Hex5HexNAc5NeuAc2,YY,2986.48838,73504
YY-Hex5HexNAc4NeuAc2,YY,2741.362057,73504
Y-Hex4HexNAc4NeuAc2,Y,2551.277934,73504
YY-Hex6HexNAc6NeuAc2,YY,3435.714476,73504
YY-Hex6HexNAc5NeuAc2,YY,3190.588154,73504
YY-Hex6HexNAc5NeuAc2,YY,3190.588154,73504
YY-Hex4HexNAc4NeuAc1,YY,2176.088617,73504
YY-Hex5HexNAc6NeuAc2,YY,3231.614703,73504
YY-Hex5HexNAc6NeuAc2,YY,3231.614703,73504
YY-Hex5HexNAc5NeuAc2,YY,2986.48838,73504
YY-Hex3HexNAc4NeuAc1,YY,1971.988843,73504
YY-Hex3HexNAc4NeuAc1,YY,1971.988843,73504
YY-Hex5HexNAc4NeuAc2,YY,2741.362057,73504
YY-Hex3HexNAc3NeuAc1,YY,1726.862521,73504
YY-Hex1HexNAc2,YY,712.3629838,73504
Y-HexNAc2,Y,522.2788602,73504
Y-HexNAc1,Y,277.1525375,73504
Hex1NeuAc1-B,B,579.2890905,73511
Y-Hex1-B,BY,204.0997736,73511
NeuAc1-B,B,375.1893169,73511
Hex1-B,B,218.1154237,73511
Hex2NeuAc1-B,B,783.3888642,73511
Y-Hex2-B,BY,408.1995472,73511
Y-Hex1-B,BY,204.0997736,73511
Hex8HexNAc6NeuAc1-B,B,3478.745442,73511
Y-Hex8HexNAc6-B,BY,3103.556125,73511
Y-Hex7HexNAc6-B,BY,2899.456352,73511
Y-Hex6HexNAc6-B,BY,2695.356578,73511
Y-Hex6HexNAc5-B,BY,2450.230255,73511
Y-Hex7HexNAc6NeuAc1-B,BY,3260.630019,73511
Y-Hex7HexNAc5NeuAc1-B,BY,3015.503696,73511
Y-Hex4HexNAc4-B,BY,1796.904385,73511
Y-Hex7HexNAc6NeuAc1-B,BY,3260.630019,73511
Y-Hex7HexNAc5NeuAc1-B,BY,3015.503696,73511
Y-Hex5HexNAc4NeuAc1-B,BY,2362.177826,73511
Y-Hex8HexNAc5NeuAc1-B,BY,3219.603469,73511
Y-HexNAc1-B,BY,245.1263227,73511
Hex8HexNAc5NeuAc1-B,B,3233.619119,73511
Y-Hex8HexNAc5-B,BY,2858.429803,73511
Y-Hex7HexNAc5-B,BY,2654.330029,73511
Y-Hex6HexNAc5-B,BY,2450.230255,73511
Y-Hex6HexNAc4-B,BY,2205.103933,73511
Y-Hex7HexNAc5NeuAc1-B,BY,3015.503696,73511
Y-Hex7HexNAc4NeuAc1-B,BY,2770.377373,73511
Y-Hex4HexNAc3-B,BY,1551.778063,73511
Y-Hex7HexNAc5NeuAc1-B,BY,3015.503696,73511
Y-Hex7HexNAc4NeuAc1-B,BY,2770.377373,73511
Y-Hex5HexNAc3NeuAc1-B,BY,2117.051503,73511
Y-Hex8HexNAc4NeuAc1-B,BY,2974.477147,73511
dHex1-B,B,188.104859,73511
HexNAc1-B,B,259.1419728,73511
Hex1HexNAc1-B,B,463.2417464,73511
Hex2HexNAc1NeuAc1-B,B,1028.515187,73511
Y-Hex2HexNAc1-B,BY,653.32587,73511
Y-Hex1HexNAc1-B,BY,449.2260963,73511
Y-HexNAc1-B,BY,245.1263227,73511
Hex3HexNAc2-B,B,1116.567616,73511
Hex4HexNAc2NeuAc1-B,B,1681.841057,73511
Y-Hex4HexNAc2-B,BY,1306.65174,73511
Y-Hex3HexNAc2-B,BY,1102.551966,73511
Y-Hex2HexNAc2-B,BY,898.4521927,73511
Y-Hex2HexNAc2-B,BY,898.4521927,73511
Y-Hex2HexNAc1-B,BY,653.32587,73511
Y-Hex3HexNAc2NeuAc1-B,BY,1463.725633,73511
Y-Hex3HexNAc1NeuAc1-B,BY,1218.59931,73511
Hex8HexNAc7NeuAc1dHex1,NA,3929.987189,73511
Y-Hex8HexNAc7NeuAc1,Y,3741.88233,73511
Y-Hex8HexNAc7dHex1,Y,3554.797872,73511
YY-Hex8HexNAc7,YY,3366.693013,73511
Y-Hex7HexNAc7dHex1,Y,3350.698098,73511
YY-Hex7HexNAc7,YY,3162.593239,73511
Y-Hex6HexNAc7dHex1,Y,3146.598324,73511
YY-Hex6HexNAc7,YY,2958.493465,73511
Y-Hex6HexNAc6dHex1,Y,2901.472002,73511
YY-Hex6HexNAc6,YY,2713.367143,73511
Y-Hex7HexNAc7NeuAc1dHex1,Y,3711.871765,73511
YY-Hex7HexNAc7NeuAc1,YY,3523.766906,73511
Y-Hex7HexNAc6NeuAc1dHex1,Y,3466.745442,73511
YY-Hex7HexNAc6NeuAc1,YY,3278.640583,73511
YY-Hex7HexNAc7dHex1,YY,3336.682448,73511
YY-Hex7HexNAc6dHex1,YY,3091.556125,73511
YY-Hex6HexNAc7dHex1,YY,3132.582674,73511
YY-Hex6HexNAc6dHex1,YY,2887.456352,73511
YY-Hex5HexNAc7dHex1,YY,2928.482901,73511
YY-Hex5HexNAc6dHex1,YY,2683.356578,73511
YY-Hex5HexNAc5dHex1,YY,2438.230255,73511
Y-Hex4HexNAc5dHex1,Y,2248.146132,73511
YY-Hex4HexNAc5,YY,2060.041273,73511
Y-Hex7HexNAc7NeuAc1dHex1,Y,3711.871765,73511
YY-Hex7HexNAc7NeuAc1,YY,3523.766906,73511
Y-Hex7HexNAc6NeuAc1dHex1,Y,3466.745442,73511
YY-Hex7HexNAc6NeuAc1,YY,3278.640583,73511
YY-Hex6HexNAc7NeuAc1dHex1,YY,3493.756341,73511
YY-Hex6HexNAc6NeuAc1dHex1,YY,3248.630019,73511
YY-Hex6HexNAc5NeuAc1dHex1,YY,3003.503696,73511
Y-Hex5HexNAc5NeuAc1dHex1,Y,2813.419572,73511
YY-Hex5HexNAc5NeuAc1,YY,2625.314713,73511
YY-Hex7HexNAc7dHex1,YY,3336.682448,73511
YY-Hex7HexNAc6dHex1,YY,3091.556125,73511
YY-Hex5HexNAc5dHex1,YY,2438.230255,73511
YY-Hex6HexNAc7dHex1,YY,3132.582674,73511
YY-Hex6HexNAc6dHex1,YY,2887.456352,73511
YY-Hex4HexNAc5dHex1,YY,2234.130482,73511
YY-Hex5HexNAc7dHex1,YY,2928.482901,73511
YY-Hex5HexNAc6dHex1,YY,2683.356578,73511
YY-Hex6HexNAc7NeuAc1dHex1,YY,3493.756341,73511
YY-Hex6HexNAc6NeuAc1dHex1,YY,3248.630019,73511
YY-Hex3HexNAc5dHex1,YY,2030.030708,73511
YY-Hex5HexNAc5dHex1,YY,2438.230255,73511
YY-Hex6HexNAc6NeuAc1dHex1,YY,3248.630019,73511
YY-Hex6HexNAc5NeuAc1dHex1,YY,3003.503696,73511
YY-Hex3HexNAc4dHex1,YY,1784.904385,73511
YY-Hex4HexNAc5NeuAc1dHex1,YY,2595.304149,73511
YY-Hex4HexNAc4NeuAc1dHex1,YY,2350.177826,73511
YY-Hex1HexNAc3dHex1,YY,1131.578515,73511
Y-Hex8HexNAc6NeuAc1dHex1,Y,3670.845216,73511
YY-Hex8HexNAc6NeuAc1,YY,3482.740357,73511
YY-Hex8HexNAc6dHex1,YY,3295.655899,73511
YY-Hex7HexNAc6dHex1,YY,3091.556125,73511
YY-Hex6HexNAc6dHex1,YY,2887.456352,73511
YY-Hex6HexNAc5dHex1,YY,2642.330029,73511
YY-Hex7HexNAc6NeuAc1dHex1,YY,3452.729792,73511
YY-Hex7HexNAc5NeuAc1dHex1,YY,3207.603469,73511
YY-Hex4HexNAc4dHex1,YY,1989.004159,73511
YY-Hex7HexNAc6NeuAc1dHex1,YY,3452.729792,73511
YY-Hex7HexNAc5NeuAc1dHex1,YY,3207.603469,73511
YY-Hex5HexNAc4NeuAc1dHex1,YY,2554.277599,73511
Y-HexNAc2dHex1,Y,696.3680691,73511
YY-HexNAc2,YY,508.2632101,73511
Y-HexNAc1dHex1,Y,451.2417464,73511
YY-HexNAc1,YY,263.1368874,73511
NeuAc1-B,B,375.1893169,73513
Hex1-B,B,218.1154237,73513
Hex1NeuAc1-B,B,579.2890905,73513
Y-Hex1-B,BY,204.0997736,73513
Hex8HexNAc6NeuAc3-B,B,4201.092776,73513
Y-Hex8HexNAc6NeuAc2-B,BY,3825.903459,73513
Y-Hex8HexNAc6NeuAc2-B,BY,3825.903459,73513
Y-Hex7HexNAc6NeuAc2-B,BY,3621.803685,73513
Y-Hex7HexNAc5NeuAc2-B,BY,3376.677363,73513
Y-Hex5HexNAc4NeuAc1-B,BY,2362.177826,73513
Y-Hex8HexNAc6NeuAc2-B,BY,3825.903459,73513
Y-Hex7HexNAc6NeuAc2-B,BY,3621.803685,73513
Y-Hex7HexNAc5NeuAc2-B,BY,3376.677363,73513
Y-Hex7HexNAc6NeuAc3-B,BY,3982.977352,73513
Y-Hex7HexNAc5NeuAc3-B,BY,3737.85103,73513
Y-Hex5HexNAc4NeuAc2-B,BY,2723.351493,73513
Y-Hex7HexNAc6NeuAc3-B,BY,3982.977352,73513
Y-Hex7HexNAc5NeuAc3-B,BY,3737.85103,73513
Y-HexNAc1-B,BY,245.1263227,73513
Hex8HexNAc5NeuAc3-B,B,3955.966453,73513
Y-Hex8HexNAc5NeuAc2-B,BY,3580.777136,73513
Y-Hex7HexNAc5NeuAc2-B,BY,3376.677363,73513
Y-Hex7HexNAc4NeuAc2-B,BY,3131.55104,73513
Y-Hex5HexNAc3NeuAc1-B,BY,2117.051503,73513
Y-Hex8HexNAc5NeuAc2-B,BY,3580.777136,73513
Y-Hex7HexNAc5NeuAc2-B,BY,3376.677363,73513
Y-Hex7HexNAc4NeuAc2-B,BY,3131.55104,73513
Y-Hex7HexNAc5NeuAc3-B,BY,3737.85103,73513
Y-Hex7HexNAc4NeuAc3-B,BY,3492.724707,73513
Y-Hex5HexNAc3NeuAc2-B,BY,2478.22517,73513
Y-Hex7HexNAc5NeuAc3-B,BY,3737.85103,73513
Y-Hex7HexNAc4NeuAc3-B,BY,3492.724707,73513
dHex1-B,B,188.104859,73513
Hex1HexNAc1-B,B,463.2417464,73513
Hex1HexNAc1NeuAc1-B,B,824.4154133,73513
Y-Hex1HexNAc1-B,BY,449.2260963,73513
Y-HexNAc1-B,BY,245.1263227,73513
Hex3HexNAc2NeuAc1-B,B,1477.741283,73513
Y-Hex3HexNAc2-B,BY,1102.551966,73513
Y-Hex2HexNAc2-B,BY,898.4521927,73513
Y-Hex2HexNAc1-B,BY,653.32587,73513
Hex3HexNAc2NeuAc2-B,B,1838.91495,73513
Y-Hex3HexNAc2NeuAc1-B,BY,1463.725633,73513
Y-Hex2HexNAc2NeuAc1-B,BY,1259.62586,73513
Y-Hex2HexNAc1NeuAc1-B,BY,1014.499537,73513
Hex8HexNAc7NeuAc3dHex1,NA,4652.334522,73513
Y-Hex8HexNAc7NeuAc3,Y,4464.229663,73513
Y-Hex8HexNAc7NeuAc2dHex1,Y,4277.145205,73513
YY-Hex8HexNAc7NeuAc2,YY,4089.040346,73513
Y-Hex7HexNAc7NeuAc2dHex1,Y,4073.045432,73513
YY-Hex7HexNAc7NeuAc2,YY,3884.940573,73513
Y-Hex7HexNAc6NeuAc2dHex1,Y,3827.919109,73513
YY-Hex7HexNAc6NeuAc2,YY,3639.81425,73513
YY-Hex8HexNAc7NeuAc1dHex1,YY,3901.955889,73513
YY-Hex7HexNAc7NeuAc1dHex1,YY,3697.856115,73513
YY-Hex7HexNAc6NeuAc1dHex1,YY,3452.729792,73513
YY-Hex6HexNAc7NeuAc1dHex1,YY,3493.756341,73513
YY-Hex6HexNAc6NeuAc1dHex1,YY,3248.630019,73513
YY-Hex6HexNAc5NeuAc1dHex1,YY,3003.503696,73513
Y-Hex5HexNAc5NeuAc1dHex1,Y,2813.419572,73513
YY-Hex5HexNAc5NeuAc1,YY,2625.314713,73513
Y-Hex8HexNAc7NeuAc2dHex1,Y,4277.145205,73513
YY-Hex8HexNAc7NeuAc2,YY,4089.040346,73513
YY-Hex8HexNAc7NeuAc1dHex1,YY,3901.955889,73513
YY-Hex7HexNAc7NeuAc1dHex1,YY,3697.856115,73513
YY-Hex7HexNAc6NeuAc1dHex1,YY,3452.729792,73513
YY-Hex5HexNAc5dHex1,YY,2438.230255,73513
Y-Hex7HexNAc7NeuAc2dHex1,Y,4073.045432,73513
YY-Hex7HexNAc7NeuAc2,YY,3884.940573,73513
YY-Hex7HexNAc7NeuAc1dHex1,YY,3697.856115,73513
YY-Hex6HexNAc7NeuAc1dHex1,YY,3493.756341,73513
YY-Hex6HexNAc7NeuAc1dHex1,YY,3493.756341,73513
YY-Hex6HexNAc6NeuAc1dHex1,YY,3248.630019,73513
YY-Hex4HexNAc5dHex1,YY,2234.130482,73513
Y-Hex7HexNAc6NeuAc2dHex1,Y,3827.919109,73513
YY-Hex7HexNAc6NeuAc2,YY,3639.81425,73513
YY-Hex7HexNAc6NeuAc1dHex1,YY,3452.729792,73513
YY-Hex6HexNAc6NeuAc1dHex1,YY,3248.630019,73513
YY-Hex6HexNAc5NeuAc1dHex1,YY,3003.503696,73513
YY-Hex4HexNAc4dHex1,YY,1989.004159,73513
Y-Hex7HexNAc7NeuAc3dHex1,Y,4434.219099,73513
YY-Hex7HexNAc7NeuAc3,YY,4246.11424,73513
Y-Hex7HexNAc6NeuAc3dHex1,Y,4189.092776,73513
YY-Hex7HexNAc6NeuAc3,YY,4000.987917,73513
YY-Hex7HexNAc7NeuAc2dHex1,YY,4059.029782,73513
YY-Hex7HexNAc6NeuAc2dHex1,YY,3813.903459,73513
YY-Hex6HexNAc7NeuAc2dHex1,YY,3854.930008,73513
YY-Hex6HexNAc6NeuAc2dHex1,YY,3609.803685,73513
YY-Hex6HexNAc5NeuAc2dHex1,YY,3364.677363,73513
Y-Hex5HexNAc5NeuAc2dHex1,Y,3174.593239,73513
YY-Hex5HexNAc5NeuAc2,YY,2986.48838,73513
YY-Hex7HexNAc7NeuAc2dHex1,YY,4059.029782,73513
YY-Hex7HexNAc7NeuAc2dHex1,YY,4059.029782,73513
YY-Hex7HexNAc6NeuAc2dHex1,YY,3813.903459,73513
YY-Hex5HexNAc5NeuAc1dHex1,YY,2799.403922,73513
YY-Hex5HexNAc5NeuAc1dHex1,YY,2799.403922,73513
YY-Hex6HexNAc7NeuAc2dHex1,YY,3854.930008,73513
YY-Hex6HexNAc6NeuAc2dHex1,YY,3609.803685,73513
YY-Hex6HexNAc6NeuAc2dHex1,YY,3609.803685,73513
YY-Hex4HexNAc5NeuAc1dHex1,YY,2595.304149,73513
YY-Hex6HexNAc5NeuAc2dHex1,YY,3364.677363,73513
YY-Hex4HexNAc4NeuAc1dHex1,YY,2350.177826,73513
YY-Hex2HexNAc3dHex1,YY,1335.678289,73513
Y-Hex7HexNAc7NeuAc3dHex1,Y,4434.219099,73513
YY-Hex7HexNAc7NeuAc3,YY,4246.11424,73513
YY-Hex7HexNAc7NeuAc2dHex1,YY,4059.029782,73513
YY-Hex6HexNAc7NeuAc2dHex1,YY,3854.930008,73513
YY-Hex6HexNAc6NeuAc2dHex1,YY,3609.803685,73513
YY-Hex4HexNAc5NeuAc1dHex1,YY,2595.304149,73513
YY-Hex7HexNAc7NeuAc2dHex1,YY,4059.029782,73513
YY-Hex6HexNAc7NeuAc2dHex1,YY,3854.930008,73513
YY-Hex6HexNAc6NeuAc2dHex1,YY,3609.803685,73513
YY-Hex6HexNAc7NeuAc3dHex1,YY,4216.103675,73513
YY-Hex6HexNAc6NeuAc3dHex1,YY,3970.977352,73513
YY-Hex4HexNAc5NeuAc2dHex1,YY,2956.477815,73513
Y-Hex7HexNAc6NeuAc3dHex1,Y,4189.092776,73513
YY-Hex7HexNAc6NeuAc3,YY,4000.987917,73513
YY-Hex7HexNAc6NeuAc2dHex1,YY,3813.903459,73513
YY-Hex7HexNAc6NeuAc2dHex1,YY,3813.903459,73513
YY-Hex6HexNAc6NeuAc2dHex1,YY,3609.803685,73513
YY-Hex6HexNAc5NeuAc2dHex1,YY,3364.677363,73513
YY-Hex4HexNAc4NeuAc1dHex1,YY,2350.177826,73513
YY-Hex7HexNAc6NeuAc2dHex1,YY,3813.903459,73513
YY-Hex6HexNAc6NeuAc2dHex1,YY,3609.803685,73513
YY-Hex6HexNAc5NeuAc2dHex1,YY,3364.677363,73513
YY-Hex6HexNAc6NeuAc3dHex1,YY,3970.977352,73513
YY-Hex6HexNAc5NeuAc3dHex1,YY,3725.85103,73513
YY-Hex4HexNAc4NeuAc2dHex1,YY,2711.351493,73513
Y-HexNAc2dHex1,Y,696.3680691,73513
YY-HexNAc2,YY,508.2632101,73513
Y-HexNAc1dHex1,Y,451.2417464,73513
YY-HexNAc1,YY,263.1368874,73513
NeuAc1-B,B,375.1893169,73514
Hex1-B,B,218.1154237,73514
Hex1NeuAc1-B,B,579.2890905,73514
Y-Hex1-B,BY,204.0997736,73514
Hex8HexNAc6NeuAc4-B,B,4562.266443,73514
Y-Hex8HexNAc6NeuAc3-B,BY,4187.077126,73514
Y-Hex7HexNAc6NeuAc3-B,BY,3982.977352,73514
Y-Hex7HexNAc5NeuAc3-B,BY,3737.85103,73514
Y-Hex5HexNAc4NeuAc2-B,BY,2723.351493,73514
Y-Hex7HexNAc6NeuAc4-B,BY,4344.151019,73514
Y-Hex7HexNAc5NeuAc4-B,BY,4099.024696,73514
Y-HexNAc1-B,BY,245.1263227,73514
Hex8HexNAc5NeuAc4-B,B,4317.14012,73514
Y-Hex8HexNAc5NeuAc3-B,BY,3941.950803,73514
Y-Hex7HexNAc5NeuAc3-B,BY,3737.85103,73514
Y-Hex7HexNAc4NeuAc3-B,BY,3492.724707,73514
Y-Hex5HexNAc3NeuAc2-B,BY,2478.22517,73514
Y-Hex7HexNAc5NeuAc4-B,BY,4099.024696,73514
Y-Hex7HexNAc4NeuAc4-B,BY,3853.898374,73514
dHex1-B,B,188.104859,73514
Hex1HexNAc1-B,B,463.2417464,73514
Hex1HexNAc1NeuAc1-B,B,824.4154133,73514
Y-Hex1HexNAc1-B,BY,449.2260963,73514
Y-HexNAc1-B,BY,245.1263227,73514
Hex3HexNAc2NeuAc2-B,B,1838.91495,73514
Y-Hex3HexNAc2NeuAc1-B,BY,1463.725633,73514
Y-Hex2HexNAc2NeuAc1-B,BY,1259.62586,73514
Y-Hex2HexNAc1NeuAc1-B,BY,1014.499537,73514
Hex8HexNAc7NeuAc4dHex1,NA,5013.508189,73514
Y-Hex8HexNAc7NeuAc4,Y,4825.40333,73514
Y-Hex8HexNAc7NeuAc3dHex1,Y,4638.318872,73514
YY-Hex8HexNAc7NeuAc3,YY,4450.214013,73514
Y-Hex7HexNAc7NeuAc3dHex1,Y,4434.219099,73514
YY-Hex7HexNAc7NeuAc3,YY,4246.11424,73514
Y-Hex7HexNAc6NeuAc3dHex1,Y,4189.092776,73514
YY-Hex7HexNAc6NeuAc3,YY,4000.987917,73514
YY-Hex8HexNAc7NeuAc2dHex1,YY,4263.129555,73514
YY-Hex7HexNAc7NeuAc2dHex1,YY,4059.029782,73514
YY-Hex7HexNAc6NeuAc2dHex1,YY,3813.903459,73514
YY-Hex6HexNAc7NeuAc2dHex1,YY,3854.930008,73514
YY-Hex6HexNAc6NeuAc2dHex1,YY,3609.803685,73514
YY-Hex6HexNAc5NeuAc2dHex1,YY,3364.677363,73514
Y-Hex5HexNAc5NeuAc2dHex1,Y,3174.593239,73514
YY-Hex5HexNAc5NeuAc2,YY,2986.48838,73514
YY-Hex8HexNAc7NeuAc2dHex1,YY,4263.129555,73514
YY-Hex7HexNAc7NeuAc2dHex1,YY,4059.029782,73514
YY-Hex7HexNAc7NeuAc2dHex1,YY,4059.029782,73514
YY-Hex7HexNAc6NeuAc2dHex1,YY,3813.903459,73514
YY-Hex5HexNAc5NeuAc1dHex1,YY,2799.403922,73514
YY-Hex5HexNAc5NeuAc1dHex1,YY,2799.403922,73514
YY-Hex6HexNAc7NeuAc2dHex1,YY,3854.930008,73514
YY-Hex6HexNAc6NeuAc2dHex1,YY,3609.803685,73514
YY-Hex6HexNAc6NeuAc2dHex1,YY,3609.803685,73514
YY-Hex4HexNAc5NeuAc1dHex1,YY,2595.304149,73514
YY-Hex6HexNAc5NeuAc2dHex1,YY,3364.677363,73514
YY-Hex4HexNAc4NeuAc1dHex1,YY,2350.177826,73514
YY-Hex2HexNAc3dHex1,YY,1335.678289,73514
Y-Hex7HexNAc7NeuAc4dHex1,Y,4795.392765,73514
YY-Hex7HexNAc7NeuAc4,YY,4607.287906,73514
YY-Hex7HexNAc7NeuAc3dHex1,YY,4420.203449,73514
YY-Hex6HexNAc7NeuAc3dHex1,YY,4216.103675,73514
YY-Hex6HexNAc6NeuAc3dHex1,YY,3970.977352,73514
YY-Hex4HexNAc5NeuAc2dHex1,YY,2956.477815,73514
Y-Hex7HexNAc6NeuAc4dHex1,Y,4550.266443,73514
YY-Hex7HexNAc6NeuAc4,YY,4362.161584,73514
YY-Hex7HexNAc6NeuAc3dHex1,YY,4175.077126,73514
YY-Hex6HexNAc6NeuAc3dHex1,YY,3970.977352,73514
YY-Hex6HexNAc5NeuAc3dHex1,YY,3725.85103,73514
YY-Hex4HexNAc4NeuAc2dHex1,YY,2711.351493,73514
Y-HexNAc2dHex1,Y,696.3680691,73514
YY-HexNAc2,YY,508.2632101,73514
Y-HexNAc1dHex1,Y,451.2417464,73514
YY-HexNAc1,YY,263.1368874,73514
NeuAc1-B,B,375.1893169,73522
Hex1-B,B,218.1154237,73522
Hex1NeuAc1-B,B,579.2890905,73522
Y-Hex1-B,BY,204.0997736,73522
Hex8HexNAc6NeuAc2dHex1-B,B,4014.008318,73522
Y-Hex8HexNAc6NeuAc1dHex1-B,BY,3638.819001,73522
Y-Hex8HexNAc6NeuAc1dHex1-B,BY,3638.819001,73522
Y-Hex7HexNAc6NeuAc1dHex1-B,BY,3434.719227,73522
Y-Hex7HexNAc5NeuAc1dHex1-B,BY,3189.592905,73522
Y-Hex5HexNAc4dHex1-B,BY,2175.093368,73522
Y-Hex7HexNAc6NeuAc2dHex1-B,BY,3795.892894,73522
Y-Hex7HexNAc5NeuAc2dHex1-B,BY,3550.766572,73522
Y-Hex8HexNAc6NeuAc2-B,BY,3825.903459,73522
Y-Hex7HexNAc6NeuAc2dHex1-B,BY,3795.892894,73522
Y-Hex7HexNAc5NeuAc2-B,BY,3376.677363,73522
Y-Hex5HexNAc4NeuAc2-B,BY,2723.351493,73522
Y-Hex7HexNAc6NeuAc2dHex1-B,BY,3795.892894,73522
Y-Hex7HexNAc5NeuAc2dHex1-B,BY,3550.766572,73522
Y-HexNAc1-B,BY,245.1263227,73522
Hex8HexNAc5NeuAc2dHex1-B,B,3768.881995,73522
Y-Hex8HexNAc5NeuAc1dHex1-B,BY,3393.692678,73522
Y-Hex7HexNAc5NeuAc1dHex1-B,BY,3189.592905,73522
Y-Hex7HexNAc4NeuAc1dHex1-B,BY,2944.466582,73522
Y-Hex5HexNAc3dHex1-B,BY,1929.967045,73522
Y-Hex7HexNAc5NeuAc2dHex1-B,BY,3550.766572,73522
Y-Hex7HexNAc4NeuAc2dHex1-B,BY,3305.640249,73522
Y-Hex8HexNAc5NeuAc2-B,BY,3580.777136,73522
Y-Hex7HexNAc5NeuAc2dHex1-B,BY,3550.766572,73522
Y-Hex7HexNAc4NeuAc2-B,BY,3131.55104,73522
Y-Hex5HexNAc3NeuAc2-B,BY,2478.22517,73522
Y-Hex7HexNAc5NeuAc2dHex1-B,BY,3550.766572,73522
Y-Hex7HexNAc4NeuAc2dHex1-B,BY,3305.640249,73522
dHex1-B,B,188.104859,73522
Hex1HexNAc1dHex1-B,B,637.3309553,73522
Y-Hex1HexNAc1-B,BY,449.2260963,73522
Y-HexNAc1dHex1-B,BY,419.2155317,73522
Hex1HexNAc1-B,B,463.2417464,73522
Hex1HexNAc1NeuAc1-B,B,824.4154133,73522
Y-Hex1HexNAc1-B,BY,449.2260963,73522
Y-HexNAc1-B,BY,245.1263227,73522
Hex3HexNAc2dHex1-B,B,1290.656825,73522
Y-Hex2HexNAc2dHex1-B,BY,1072.541402,73522
Y-Hex2HexNAc1dHex1-B,BY,827.4150789,73522
Y-Hex3HexNAc2-B,BY,1102.551966,73522
Y-Hex2HexNAc2dHex1-B,BY,1072.541402,73522
Y-Hex2HexNAc1-B,BY,653.32587,73522
Hex3HexNAc2NeuAc2-B,B,1838.91495,73522
Y-Hex3HexNAc2NeuAc1-B,BY,1463.725633,73522
Y-Hex2HexNAc2NeuAc1-B,BY,1259.62586,73522
Y-Hex2HexNAc1NeuAc1-B,BY,1014.499537,73522
Hex8HexNAc7NeuAc2dHex2,NA,4465.250064,73522
Y-Hex8HexNAc7NeuAc2dHex1,Y,4277.145205,73522
Y-Hex8HexNAc7NeuAc1dHex2,Y,4090.060748,73522
YY-Hex8HexNAc7NeuAc1dHex1,YY,3901.955889,73522
YY-Hex8HexNAc7NeuAc1dHex1,YY,3901.955889,73522
Y-Hex7HexNAc7NeuAc1dHex2,Y,3885.960974,73522
YY-Hex7HexNAc7NeuAc1dHex1,YY,3697.856115,73522
Y-Hex7HexNAc6NeuAc1dHex2,Y,3640.834651,73522
YY-Hex7HexNAc6NeuAc1dHex1,YY,3452.729792,73522
YY-Hex8HexNAc7dHex2,YY,3714.871431,73522
YY-Hex7HexNAc7dHex2,YY,3510.771657,73522
YY-Hex7HexNAc6dHex2,YY,3265.645334,73522
YY-Hex6HexNAc7dHex2,YY,3306.671883,73522
YY-Hex6HexNAc6dHex2,YY,3061.545561,73522
YY-Hex6HexNAc5dHex2,YY,2816.419238,73522
Y-Hex5HexNAc5dHex2,Y,2626.335114,73522
YY-Hex5HexNAc5dHex1,YY,2438.230255,73522
Y-Hex7HexNAc7NeuAc2dHex2,Y,4247.134641,73522
YY-Hex7HexNAc7NeuAc2dHex1,YY,4059.029782,73522
YY-Hex7HexNAc7NeuAc1dHex2,YY,3871.945324,73522
YY-Hex6HexNAc7NeuAc1dHex2,YY,3667.84555,73522
YY-Hex6HexNAc6NeuAc1dHex2,YY,3422.719227,73522
YY-Hex4HexNAc5dHex2,YY,2408.219691,73522
Y-Hex7HexNAc6NeuAc2dHex2,Y,4002.008318,73522
YY-Hex7HexNAc6NeuAc2dHex1,YY,3813.903459,73522
YY-Hex7HexNAc6NeuAc1dHex2,YY,3626.819001,73522
YY-Hex7HexNAc6NeuAc1dHex2,YY,3626.819001,73522
YY-Hex6HexNAc6NeuAc1dHex2,YY,3422.719227,73522
YY-Hex6HexNAc5NeuAc1dHex2,YY,3177.592905,73522
YY-Hex4HexNAc4dHex2,YY,2163.093368,73522
Y-Hex8HexNAc7NeuAc2dHex1,Y,4277.145205,73522
YY-Hex8HexNAc7NeuAc2,YY,4089.040346,73522
YY-Hex8HexNAc7NeuAc1dHex1,YY,3901.955889,73522
YY-Hex7HexNAc7NeuAc1dHex1,YY,3697.856115,73522
YY-Hex7HexNAc6NeuAc1dHex1,YY,3452.729792,73522
YY-Hex5HexNAc5dHex1,YY,2438.230255,73522
YY-Hex7HexNAc7NeuAc2dHex1,YY,4059.029782,73522
YY-Hex7HexNAc6NeuAc2dHex1,YY,3813.903459,73522
Y-Hex7HexNAc7NeuAc2dHex2,Y,4247.134641,73522
YY-Hex7HexNAc7NeuAc2dHex1,YY,4059.029782,73522
YY-Hex7HexNAc7NeuAc1dHex2,YY,3871.945324,73522
YY-Hex6HexNAc7NeuAc1dHex2,YY,3667.84555,73522
YY-Hex6HexNAc6NeuAc1dHex2,YY,3422.719227,73522
YY-Hex4HexNAc5dHex2,YY,2408.219691,73522
YY-Hex6HexNAc7NeuAc2dHex2,YY,4029.019217,73522
YY-Hex6HexNAc6NeuAc2dHex2,YY,3783.892894,73522
YY-Hex7HexNAc7NeuAc2dHex1,YY,4059.029782,73522
Y-Hex7HexNAc6NeuAc2dHex1,Y,3827.919109,73522
YY-Hex7HexNAc6NeuAc2,YY,3639.81425,73522
YY-Hex7HexNAc6NeuAc1dHex1,YY,3452.729792,73522
YY-Hex6HexNAc6NeuAc1dHex1,YY,3248.630019,73522
YY-Hex6HexNAc5NeuAc1dHex1,YY,3003.503696,73522
YY-Hex4HexNAc4dHex1,YY,1989.004159,73522
YY-Hex6HexNAc6NeuAc2dHex1,YY,3609.803685,73522
YY-Hex6HexNAc5NeuAc2dHex1,YY,3364.677363,73522
Y-Hex5HexNAc5NeuAc2dHex1,Y,3174.593239,73522
YY-Hex5HexNAc5NeuAc2,YY,2986.48838,73522
YY-Hex5HexNAc5NeuAc1dHex1,YY,2799.403922,73522
YY-Hex5HexNAc5NeuAc1dHex1,YY,2799.403922,73522
YY-Hex4HexNAc5NeuAc1dHex1,YY,2595.304149,73522
YY-Hex4HexNAc4NeuAc1dHex1,YY,2350.177826,73522
YY-Hex2HexNAc3dHex1,YY,1335.678289,73522
Y-Hex7HexNAc7NeuAc2dHex2,Y,4247.134641,73522
YY-Hex7HexNAc7NeuAc2dHex1,YY,4059.029782,73522
YY-Hex7HexNAc7NeuAc1dHex2,YY,3871.945324,73522
YY-Hex6HexNAc7NeuAc1dHex2,YY,3667.84555,73522
YY-Hex6HexNAc6NeuAc1dHex2,YY,3422.719227,73522
YY-Hex4HexNAc5dHex2,YY,2408.219691,73522
YY-Hex6HexNAc7NeuAc2dHex2,YY,4029.019217,73522
YY-Hex6HexNAc6NeuAc2dHex2,YY,3783.892894,73522
YY-Hex7HexNAc7NeuAc2dHex1,YY,4059.029782,73522
YY-Hex6HexNAc7NeuAc2dHex2,YY,4029.019217,73522
YY-Hex6HexNAc6NeuAc2dHex1,YY,3609.803685,73522
YY-Hex4HexNAc5NeuAc2dHex1,YY,2956.477815,73522
Y-Hex7HexNAc6NeuAc2dHex2,Y,4002.008318,73522
YY-Hex7HexNAc6NeuAc2dHex1,YY,3813.903459,73522
YY-Hex7HexNAc6NeuAc1dHex2,YY,3626.819001,73522
YY-Hex7HexNAc6NeuAc1dHex2,YY,3626.819001,73522
YY-Hex6HexNAc6NeuAc1dHex2,YY,3422.719227,73522
YY-Hex6HexNAc5NeuAc1dHex2,YY,3177.592905,73522
YY-Hex4HexNAc4dHex2,YY,2163.093368,73522
YY-Hex6HexNAc6NeuAc2dHex2,YY,3783.892894,73522
YY-Hex6HexNAc5NeuAc2dHex2,YY,3538.766572,73522
YY-Hex7HexNAc6NeuAc2dHex1,YY,3813.903459,73522
YY-Hex6HexNAc6NeuAc2dHex2,YY,3783.892894,73522
YY-Hex6HexNAc5NeuAc2dHex1,YY,3364.677363,73522
YY-Hex4HexNAc4NeuAc2dHex1,YY,2711.351493,73522
Y-HexNAc2dHex1,Y,696.3680691,73522
YY-HexNAc2,YY,508.2632101,73522
Y-HexNAc1dHex1,Y,451.2417464,73522
YY-HexNAc1,YY,263.1368874,73522
Hex1HexNAc1NeuAc1-B,B,824.4154133,73524
Y-Hex1HexNAc1-B,BY,449.2260963,73524
Y-HexNAc1-B,BY,245.1263227,73524
NeuAc1-B,B,375.1893169,73524
Hex2HexNAc1NeuAc1-B,B,1028.515187,73524
Y-Hex2HexNAc1-B,BY,653.32587,73524
Y-Hex1HexNAc1-B,BY,449.2260963,73524
Y-Hex1-B,BY,204.0997736,73524
Hex1NeuAc1-B,B,579.2890905,73524
Y-Hex1-B,BY,204.0997736,73524
Hex8HexNAc6NeuAc4dHex1-B,B,4736.355652,73524
Y-Hex8HexNAc6NeuAc3dHex1-B,BY,4361.166335,73524
Y-Hex7HexNAc6NeuAc3dHex1-B,BY,4157.066561,73524
Y-Hex7HexNAc5NeuAc3dHex1-B,BY,3911.940238,73524
Y-Hex5HexNAc4NeuAc2dHex1-B,BY,2897.440702,73524
Y-Hex8HexNAc6NeuAc3dHex1-B,BY,4361.166335,73524
Y-Hex7HexNAc6NeuAc3dHex1-B,BY,4157.066561,73524
Y-Hex7HexNAc5NeuAc3dHex1-B,BY,3911.940238,73524
Y-Hex8HexNAc6NeuAc4-B,BY,4548.250793,73524
Y-Hex8HexNAc6NeuAc3dHex1-B,BY,4361.166335,73524
Y-Hex7HexNAc6NeuAc3dHex1-B,BY,4157.066561,73524
Y-Hex7HexNAc5NeuAc3dHex1-B,BY,3911.940238,73524
Y-Hex6HexNAc5NeuAc3dHex1-B,BY,3707.840465,73524
Y-Hex6HexNAc4NeuAc3-B,BY,3288.624933,73524
Y-Hex4HexNAc3NeuAc2-B,BY,2274.125396,73524
Y-HexNAc1-B,BY,245.1263227,73524
Hex8HexNAc5NeuAc4dHex1-B,B,4491.229329,73524
Y-Hex8HexNAc5NeuAc3dHex1-B,BY,4116.040012,73524
Y-Hex7HexNAc5NeuAc3dHex1-B,BY,3911.940238,73524
Y-Hex7HexNAc4NeuAc3dHex1-B,BY,3666.813916,73524
Y-Hex5HexNAc3NeuAc2dHex1-B,BY,2652.314379,73524
Y-Hex8HexNAc5NeuAc3dHex1-B,BY,4116.040012,73524
Y-Hex7HexNAc5NeuAc3dHex1-B,BY,3911.940238,73524
Y-Hex7HexNAc4NeuAc3dHex1-B,BY,3666.813916,73524
Y-Hex8HexNAc5NeuAc4-B,BY,4303.12447,73524
Y-Hex8HexNAc5NeuAc3dHex1-B,BY,4116.040012,73524
Y-Hex7HexNAc5NeuAc3dHex1-B,BY,3911.940238,73524
Y-Hex7HexNAc4NeuAc3dHex1-B,BY,3666.813916,73524
Y-Hex6HexNAc4NeuAc3dHex1-B,BY,3462.714142,73524
Y-Hex6HexNAc3NeuAc3-B,BY,3043.49861,73524
Y-Hex4HexNAc2NeuAc2-B,BY,2028.999074,73524
dHex1-B,B,188.104859,73524
Hex2HexNAc2NeuAc1dHex1-B,B,1447.730719,73524
Y-Hex2HexNAc2NeuAc1-B,BY,1259.62586,73524
Y-Hex2HexNAc2dHex1-B,BY,1072.541402,73524
Y-Hex1HexNAc2dHex1-B,BY,868.441628,73524
Y-Hex1HexNAc1dHex1-B,BY,623.3153053,73524
Y-HexNAc1dHex1-B,BY,419.2155317,73524
Hex1HexNAc1NeuAc1-B,B,824.4154133,73524
Y-Hex1HexNAc1-B,BY,449.2260963,73524
Y-HexNAc1-B,BY,245.1263227,73524
Hex4HexNAc3NeuAc2dHex1-B,B,2462.230255,73524
Y-Hex4HexNAc3NeuAc1dHex1-B,BY,2087.040938,73524
Y-Hex3HexNAc3NeuAc1dHex1-B,BY,1882.941165,73524
Y-Hex3HexNAc2NeuAc1dHex1-B,BY,1637.814842,73524
Y-Hex4HexNAc3NeuAc2-B,BY,2274.125396,73524
Y-Hex4HexNAc3NeuAc1dHex1-B,BY,2087.040938,73524
Y-Hex3HexNAc3NeuAc1dHex1-B,BY,1882.941165,73524
Y-Hex3HexNAc2NeuAc1dHex1-B,BY,1637.814842,73524
Y-Hex2HexNAc2NeuAc1dHex1-B,BY,1433.715068,73524
Hex3HexNAc2NeuAc2-B,B,1838.91495,73524
Y-Hex3HexNAc2NeuAc1-B,BY,1463.725633,73524
Y-Hex2HexNAc2NeuAc1-B,BY,1259.62586,73524
Y-Hex2HexNAc1NeuAc1-B,BY,1014.499537,73524
Hex8HexNAc7NeuAc4dHex2,NA,5187.597398,73524
Y-Hex8HexNAc7NeuAc4dHex1,Y,4999.492539,73524
Y-Hex8HexNAc7NeuAc3dHex2,Y,4812.408081,73524
YY-Hex8HexNAc7NeuAc3dHex1,YY,4624.303222,73524
Y-Hex7HexNAc7NeuAc3dHex2,Y,4608.308308,73524
YY-Hex7HexNAc7NeuAc3dHex1,YY,4420.203449,73524
Y-Hex7HexNAc6NeuAc3dHex2,Y,4363.181985,73524
YY-Hex7HexNAc6NeuAc3dHex1,YY,4175.077126,73524
YY-Hex8HexNAc7NeuAc2dHex2,YY,4437.218764,73524
YY-Hex7HexNAc7NeuAc2dHex2,YY,4233.118991,73524
YY-Hex7HexNAc6NeuAc2dHex2,YY,3987.992668,73524
YY-Hex6HexNAc7NeuAc2dHex2,YY,4029.019217,73524
YY-Hex6HexNAc6NeuAc2dHex2,YY,3783.892894,73524
YY-Hex6HexNAc5NeuAc2dHex2,YY,3538.766572,73524
Y-Hex5HexNAc5NeuAc2dHex2,Y,3348.682448,73524
YY-Hex5HexNAc5NeuAc2dHex1,YY,3160.577589,73524
Y-Hex8HexNAc7NeuAc3dHex2,Y,4812.408081,73524
YY-Hex8HexNAc7NeuAc3dHex1,YY,4624.303222,73524
YY-Hex8HexNAc7NeuAc2dHex2,YY,4437.218764,73524
YY-Hex7HexNAc7NeuAc2dHex2,YY,4233.118991,73524
YY-Hex7HexNAc7NeuAc2dHex2,YY,4233.118991,73524
YY-Hex7HexNAc6NeuAc2dHex2,YY,3987.992668,73524
YY-Hex5HexNAc5NeuAc1dHex2,YY,2973.493131,73524
Y-Hex7HexNAc7NeuAc3dHex2,Y,4608.308308,73524
YY-Hex7HexNAc7NeuAc3dHex1,YY,4420.203449,73524
YY-Hex7HexNAc7NeuAc2dHex2,YY,4233.118991,73524
YY-Hex6HexNAc7NeuAc2dHex2,YY,4029.019217,73524
YY-Hex6HexNAc7NeuAc2dHex2,YY,4029.019217,73524
YY-Hex6HexNAc6NeuAc2dHex2,YY,3783.892894,73524
YY-Hex4HexNAc5NeuAc1dHex2,YY,2769.393358,73524
Y-Hex7HexNAc6NeuAc3dHex2,Y,4363.181985,73524
YY-Hex7HexNAc6NeuAc3dHex1,YY,4175.077126,73524
YY-Hex7HexNAc6NeuAc2dHex2,YY,3987.992668,73524
YY-Hex6HexNAc6NeuAc2dHex2,YY,3783.892894,73524
YY-Hex6HexNAc5NeuAc2dHex2,YY,3538.766572,73524
YY-Hex4HexNAc4NeuAc1dHex2,YY,2524.267035,73524
Y-Hex8HexNAc7NeuAc4dHex1,Y,4999.492539,73524
YY-Hex8HexNAc7NeuAc4,YY,4811.38768,73524
YY-Hex8HexNAc7NeuAc3dHex1,YY,4624.303222,73524
YY-Hex7HexNAc7NeuAc3dHex1,YY,4420.203449,73524
YY-Hex7HexNAc6NeuAc3dHex1,YY,4175.077126,73524
YY-Hex5HexNAc5NeuAc2dHex1,YY,3160.577589,73524
YY-Hex8HexNAc7NeuAc3dHex1,YY,4624.303222,73524
YY-Hex7HexNAc7NeuAc3dHex1,YY,4420.203449,73524
YY-Hex7HexNAc6NeuAc3dHex1,YY,4175.077126,73524
Y-Hex8HexNAc7NeuAc3dHex2,Y,4812.408081,73524
YY-Hex8HexNAc7NeuAc3dHex1,YY,4624.303222,73524
YY-Hex8HexNAc7NeuAc2dHex2,YY,4437.218764,73524
YY-Hex7HexNAc7NeuAc2dHex2,YY,4233.118991,73524
YY-Hex7HexNAc6NeuAc2dHex2,YY,3987.992668,73524
YY-Hex5HexNAc5NeuAc1dHex2,YY,2973.493131,73524
YY-Hex8HexNAc7NeuAc2dHex2,YY,4437.218764,73524
YY-Hex7HexNAc7NeuAc2dHex2,YY,4233.118991,73524
YY-Hex7HexNAc6NeuAc2dHex2,YY,3987.992668,73524
YY-Hex8HexNAc7NeuAc3dHex1,YY,4624.303222,73524
Y-Hex7HexNAc7NeuAc3dHex2,Y,4608.308308,73524
YY-Hex7HexNAc7NeuAc3dHex1,YY,4420.203449,73524
YY-Hex7HexNAc7NeuAc2dHex2,YY,4233.118991,73524
YY-Hex6HexNAc7NeuAc2dHex2,YY,4029.019217,73524
YY-Hex6HexNAc6NeuAc2dHex2,YY,3783.892894,73524
YY-Hex4HexNAc5NeuAc1dHex2,YY,2769.393358,73524
YY-Hex7HexNAc7NeuAc2dHex2,YY,4233.118991,73524
YY-Hex6HexNAc7NeuAc2dHex2,YY,4029.019217,73524
YY-Hex6HexNAc6NeuAc2dHex2,YY,3783.892894,73524
YY-Hex7HexNAc7NeuAc3dHex1,YY,4420.203449,73524
Y-Hex7HexNAc6NeuAc3dHex2,Y,4363.181985,73524
YY-Hex7HexNAc6NeuAc3dHex1,YY,4175.077126,73524
YY-Hex7HexNAc6NeuAc2dHex2,YY,3987.992668,73524
YY-Hex6HexNAc6NeuAc2dHex2,YY,3783.892894,73524
YY-Hex6HexNAc5NeuAc2dHex2,YY,3538.766572,73524
YY-Hex4HexNAc4NeuAc1dHex2,YY,2524.267035,73524
YY-Hex7HexNAc6NeuAc2dHex2,YY,3987.992668,73524
YY-Hex6HexNAc6NeuAc2dHex2,YY,3783.892894,73524
YY-Hex6HexNAc5NeuAc2dHex2,YY,3538.766572,73524
YY-Hex7HexNAc6NeuAc3dHex1,YY,4175.077126,73524
Y-Hex6HexNAc6NeuAc3dHex2,Y,4159.082211,73524
YY-Hex6HexNAc6NeuAc3dHex1,YY,3970.977352,73524
YY-Hex6HexNAc6NeuAc2dHex2,YY,3783.892894,73524
YY-Hex6HexNAc6NeuAc2dHex2,YY,3783.892894,73524
YY-Hex5HexNAc6NeuAc2dHex2,YY,3579.793121,73524
YY-Hex5HexNAc5NeuAc2dHex2,YY,3334.666798,73524
YY-Hex3HexNAc4NeuAc1dHex2,YY,2320.167261,73524
YY-Hex6HexNAc6NeuAc2dHex2,YY,3783.892894,73524
YY-Hex5HexNAc6NeuAc2dHex2,YY,3579.793121,73524
YY-Hex5HexNAc5NeuAc2dHex2,YY,3334.666798,73524
YY-Hex6HexNAc6NeuAc3dHex1,YY,3970.977352,73524
Y-Hex6HexNAc5NeuAc3dHex1,Y,3739.86668,73524
YY-Hex6HexNAc5NeuAc3,YY,3551.761821,73524
YY-Hex6HexNAc5NeuAc2dHex1,YY,3364.677363,73524
YY-Hex5HexNAc5NeuAc2dHex1,YY,3160.577589,73524
YY-Hex5HexNAc4NeuAc2dHex1,YY,2915.451266,73524
Y-Hex4HexNAc4NeuAc2dHex1,Y,2725.367143,73524
YY-Hex4HexNAc4NeuAc2,YY,2537.262284,73524
YY-Hex6HexNAc5NeuAc2dHex1,YY,3364.677363,73524
YY-Hex6HexNAc5NeuAc2dHex1,YY,3364.677363,73524
YY-Hex4HexNAc4NeuAc1dHex1,YY,2350.177826,73524
YY-Hex5HexNAc5NeuAc2dHex1,YY,3160.577589,73524
YY-Hex3HexNAc4NeuAc1dHex1,YY,2146.078052,73524
YY-Hex3HexNAc4NeuAc1dHex1,YY,2146.078052,73524
YY-Hex5HexNAc4NeuAc2dHex1,YY,2915.451266,73524
YY-Hex3HexNAc3NeuAc1dHex1,YY,1900.95173,73524
YY-Hex1HexNAc2dHex1,YY,886.4521927,73524
Y-HexNAc2dHex1,Y,696.3680691,73524
YY-HexNAc2,YY,508.2632101,73524
Y-HexNAc1dHex1,Y,451.2417464,73524
YY-HexNAc1,YY,263.1368874,73524
Hex1HexNAc1-B,B,463.2417464,73533
Y-HexNAc1-B,BY,245.1263227,73533
NeuAc1-B,B,375.1893169,73533
Hex1-B,B,218.1154237,73533
Hex2HexNAc1-B,B,667.34152,73533
Y-Hex1HexNAc1-B,BY,449.2260963,73533
Y-Hex1-B,BY,204.0997736,73533
Hex1NeuAc1-B,B,579.2890905,73533
Y-Hex1-B,BY,204.0997736,73533
Hex8HexNAc6NeuAc3dHex2-B,B,4549.271194,73533
Y-Hex8HexNAc6NeuAc2dHex2-B,BY,4174.081877,73533
Y-Hex7HexNAc6NeuAc2dHex2-B,BY,3969.982103,73533
Y-Hex7HexNAc5NeuAc2dHex2-B,BY,3724.855781,73533
Y-Hex8HexNAc6NeuAc3dHex1-B,BY,4361.166335,73533
Y-Hex8HexNAc6NeuAc2dHex2-B,BY,4174.081877,73533
Y-Hex7HexNAc6NeuAc2dHex2-B,BY,3969.982103,73533
Y-Hex7HexNAc5NeuAc2dHex1-B,BY,3550.766572,73533
Y-Hex5HexNAc4NeuAc1dHex1-B,BY,2536.267035,73533
Y-Hex8HexNAc6NeuAc2dHex2-B,BY,4174.081877,73533
Y-Hex7HexNAc6NeuAc2dHex2-B,BY,3969.982103,73533
Y-Hex7HexNAc5NeuAc2dHex2-B,BY,3724.855781,73533
Y-Hex8HexNAc6NeuAc3dHex1-B,BY,4361.166335,73533
Y-Hex7HexNAc6NeuAc3dHex2-B,BY,4331.15577,73533
Y-Hex7HexNAc5NeuAc3dHex2-B,BY,4086.029447,73533
Y-Hex6HexNAc5NeuAc3dHex2-B,BY,3881.929674,73533
Y-Hex6HexNAc4NeuAc3dHex1-B,BY,3462.714142,73533
Y-Hex4HexNAc3NeuAc2dHex1-B,BY,2448.214605,73533
Y-HexNAc1-B,BY,245.1263227,73533
Hex8HexNAc5NeuAc3dHex2-B,B,4304.144871,73533
Y-Hex8HexNAc5NeuAc2dHex2-B,BY,3928.955554,73533
Y-Hex7HexNAc5NeuAc2dHex2-B,BY,3724.855781,73533
Y-Hex7HexNAc4NeuAc2dHex2-B,BY,3479.729458,73533
Y-Hex8HexNAc5NeuAc3dHex1-B,BY,4116.040012,73533
Y-Hex8HexNAc5NeuAc2dHex2-B,BY,3928.955554,73533
Y-Hex7HexNAc5NeuAc2dHex2-B,BY,3724.855781,73533
Y-Hex7HexNAc4NeuAc2dHex1-B,BY,3305.640249,73533
Y-Hex5HexNAc3NeuAc1dHex1-B,BY,2291.140712,73533
Y-Hex8HexNAc5NeuAc2dHex2-B,BY,3928.955554,73533
Y-Hex7HexNAc5NeuAc2dHex2-B,BY,3724.855781,73533
Y-Hex7HexNAc4NeuAc2dHex2-B,BY,3479.729458,73533
Y-Hex8HexNAc5NeuAc3dHex1-B,BY,4116.040012,73533
Y-Hex7HexNAc5NeuAc3dHex2-B,BY,4086.029447,73533
Y-Hex7HexNAc4NeuAc3dHex2-B,BY,3840.903125,73533
Y-Hex6HexNAc4NeuAc3dHex2-B,BY,3636.803351,73533
Y-Hex6HexNAc3NeuAc3dHex1-B,BY,3217.587819,73533
Y-Hex4HexNAc2NeuAc2dHex1-B,BY,2203.088283,73533
dHex1-B,B,188.104859,73533
Hex2HexNAc2dHex1-B,B,1086.557052,73533
Y-Hex2HexNAc2-B,BY,898.4521927,73533
Y-Hex1HexNAc2dHex1-B,BY,868.441628,73533
Y-Hex1HexNAc1dHex1-B,BY,623.3153053,73533
Hex1HexNAc1NeuAc1dHex1-B,B,998.5046222,73533
Y-Hex1HexNAc1NeuAc1-B,BY,810.3997632,73533
Y-Hex1HexNAc1dHex1-B,BY,623.3153053,73533
Y-HexNAc1dHex1-B,BY,419.2155317,73533
Hex1HexNAc1NeuAc1-B,B,824.4154133,73533
Y-Hex1HexNAc1-B,BY,449.2260963,73533
Y-HexNAc1-B,BY,245.1263227,73533
Hex4HexNAc3NeuAc1dHex1-B,B,2101.056589,73533
Y-Hex4HexNAc3dHex1-B,BY,1725.867272,73533
Y-Hex3HexNAc3dHex1-B,BY,1521.767498,73533
Y-Hex3HexNAc2dHex1-B,BY,1276.641175,73533
Y-Hex4HexNAc3NeuAc1-B,BY,1912.95173,73533
Y-Hex3HexNAc3NeuAc1dHex1-B,BY,1882.941165,73533
Y-Hex3HexNAc2NeuAc1dHex1-B,BY,1637.814842,73533
Hex3HexNAc2NeuAc2dHex1-B,B,2013.004159,73533
Y-Hex3HexNAc2NeuAc1dHex1-B,BY,1637.814842,73533
Y-Hex2HexNAc2NeuAc1dHex1-B,BY,1433.715068,73533
Y-Hex2HexNAc1NeuAc1dHex1-B,BY,1188.588746,73533
Y-Hex3HexNAc2NeuAc2-B,BY,1824.8993,73533
Y-Hex3HexNAc2NeuAc1dHex1-B,BY,1637.814842,73533
Y-Hex2HexNAc2NeuAc1dHex1-B,BY,1433.715068,73533
Y-Hex2HexNAc2NeuAc1dHex1-B,BY,1433.715068,73533
Y-Hex2HexNAc1NeuAc1-B,BY,1014.499537,73533
Hex8HexNAc7NeuAc3dHex3,NA,5000.51294,73533
Y-Hex8HexNAc7NeuAc3dHex2,Y,4812.408081,73533
Y-Hex8HexNAc7NeuAc2dHex3,Y,4625.323623,73533
YY-Hex8HexNAc7NeuAc2dHex2,YY,4437.218764,73533
Y-Hex7HexNAc7NeuAc2dHex3,Y,4421.22385,73533
YY-Hex7HexNAc7NeuAc2dHex2,YY,4233.118991,73533
Y-Hex7HexNAc6NeuAc2dHex3,Y,4176.097527,73533
YY-Hex7HexNAc6NeuAc2dHex2,YY,3987.992668,73533
Y-Hex8HexNAc7NeuAc3dHex2,Y,4812.408081,73533
YY-Hex8HexNAc7NeuAc3dHex1,YY,4624.303222,73533
YY-Hex8HexNAc7NeuAc2dHex2,YY,4437.218764,73533
YY-Hex7HexNAc7NeuAc2dHex2,YY,4233.118991,73533
YY-Hex7HexNAc6NeuAc2dHex2,YY,3987.992668,73533
Y-Hex8HexNAc7NeuAc2dHex3,Y,4625.323623,73533
YY-Hex8HexNAc7NeuAc2dHex2,YY,4437.218764,73533
YY-Hex8HexNAc7NeuAc1dHex3,YY,4250.134306,73533
YY-Hex7HexNAc7NeuAc1dHex3,YY,4046.034533,73533
YY-Hex7HexNAc6NeuAc1dHex3,YY,3800.90821,73533
YY-Hex8HexNAc7NeuAc2dHex2,YY,4437.218764,73533
Y-Hex7HexNAc7NeuAc2dHex3,Y,4421.22385,73533
YY-Hex7HexNAc7NeuAc2dHex2,YY,4233.118991,73533
YY-Hex7HexNAc7NeuAc1dHex3,YY,4046.034533,73533
YY-Hex6HexNAc7NeuAc1dHex3,YY,3841.934759,73533
YY-Hex6HexNAc6NeuAc1dHex3,YY,3596.808436,73533
YY-Hex7HexNAc7NeuAc2dHex2,YY,4233.118991,73533
Y-Hex7HexNAc6NeuAc2dHex2,Y,4002.008318,73533
YY-Hex7HexNAc6NeuAc2dHex1,YY,3813.903459,73533
YY-Hex7HexNAc6NeuAc1dHex2,YY,3626.819001,73533
YY-Hex6HexNAc6NeuAc1dHex2,YY,3422.719227,73533
YY-Hex6HexNAc5NeuAc1dHex2,YY,3177.592905,73533
Y-Hex5HexNAc5NeuAc1dHex2,Y,2987.508781,73533
YY-Hex5HexNAc5NeuAc1dHex1,YY,2799.403922,73533
Y-Hex8HexNAc7NeuAc2dHex3,Y,4625.323623,73533
YY-Hex8HexNAc7NeuAc2dHex2,YY,4437.218764,73533
YY-Hex8HexNAc7NeuAc1dHex3,YY,4250.134306,73533
YY-Hex7HexNAc7NeuAc1dHex3,YY,4046.034533,73533
YY-Hex7HexNAc6NeuAc1dHex3,YY,3800.90821,73533
YY-Hex8HexNAc7NeuAc2dHex2,YY,4437.218764,73533
YY-Hex8HexNAc7NeuAc1dHex3,YY,4250.134306,73533
YY-Hex7HexNAc7NeuAc1dHex3,YY,4046.034533,73533
YY-Hex7HexNAc6NeuAc1dHex2,YY,3626.819001,73533
YY-Hex5HexNAc5dHex2,YY,2612.319464,73533
Y-Hex7HexNAc7NeuAc2dHex3,Y,4421.22385,73533
YY-Hex7HexNAc7NeuAc2dHex2,YY,4233.118991,73533
YY-Hex7HexNAc7NeuAc1dHex3,YY,4046.034533,73533
YY-Hex6HexNAc7NeuAc1dHex3,YY,3841.934759,73533
YY-Hex6HexNAc6NeuAc1dHex3,YY,3596.808436,73533
YY-Hex7HexNAc7NeuAc2dHex2,YY,4233.118991,73533
YY-Hex7HexNAc7NeuAc1dHex3,YY,4046.034533,73533
YY-Hex6HexNAc7NeuAc1dHex3,YY,3841.934759,73533
YY-Hex6HexNAc6NeuAc1dHex2,YY,3422.719227,73533
YY-Hex4HexNAc5dHex2,YY,2408.219691,73533
Y-Hex7HexNAc6NeuAc2dHex3,Y,4176.097527,73533
YY-Hex7HexNAc6NeuAc2dHex2,YY,3987.992668,73533
YY-Hex7HexNAc6NeuAc1dHex3,YY,3800.90821,73533
YY-Hex6HexNAc6NeuAc1dHex3,YY,3596.808436,73533
YY-Hex6HexNAc5NeuAc1dHex3,YY,3351.682114,73533
YY-Hex7HexNAc6NeuAc2dHex2,YY,3987.992668,73533
YY-Hex7HexNAc6NeuAc1dHex3,YY,3800.90821,73533
YY-Hex6HexNAc6NeuAc1dHex3,YY,3596.808436,73533
YY-Hex6HexNAc5NeuAc1dHex2,YY,3177.592905,73533
YY-Hex4HexNAc4dHex2,YY,2163.093368,73533
Y-Hex8HexNAc7NeuAc3dHex2,Y,4812.408081,73533
YY-Hex8HexNAc7NeuAc3dHex1,YY,4624.303222,73533
YY-Hex8HexNAc7NeuAc2dHex2,YY,4437.218764,73533
YY-Hex7HexNAc7NeuAc2dHex2,YY,4233.118991,73533
YY-Hex7HexNAc6NeuAc2dHex2,YY,3987.992668,73533
YY-Hex8HexNAc7NeuAc3dHex1,YY,4624.303222,73533
YY-Hex8HexNAc7NeuAc2dHex2,YY,4437.218764,73533
YY-Hex7HexNAc7NeuAc2dHex2,YY,4233.118991,73533
YY-Hex7HexNAc6NeuAc2dHex1,YY,3813.903459,73533
YY-Hex5HexNAc5NeuAc1dHex1,YY,2799.403922,73533
YY-Hex8HexNAc7NeuAc2dHex2,YY,4437.218764,73533
YY-Hex7HexNAc7NeuAc2dHex2,YY,4233.118991,73533
YY-Hex7HexNAc6NeuAc2dHex2,YY,3987.992668,73533
Y-Hex7HexNAc7NeuAc3dHex3,Y,4782.397517,73533
YY-Hex7HexNAc7NeuAc3dHex2,YY,4594.292658,73533
YY-Hex7HexNAc7NeuAc2dHex3,YY,4407.2082,73533
YY-Hex6HexNAc7NeuAc2dHex3,YY,4203.108426,73533
YY-Hex6HexNAc6NeuAc2dHex3,YY,3957.982103,73533
YY-Hex7HexNAc7NeuAc3dHex2,YY,4594.292658,73533
YY-Hex7HexNAc7NeuAc2dHex3,YY,4407.2082,73533
YY-Hex6HexNAc7NeuAc2dHex3,YY,4203.108426,73533
YY-Hex6HexNAc6NeuAc2dHex2,YY,3783.892894,73533
YY-Hex4HexNAc5NeuAc1dHex2,YY,2769.393358,73533
YY-Hex7HexNAc7NeuAc2dHex3,YY,4407.2082,73533
YY-Hex6HexNAc7NeuAc2dHex3,YY,4203.108426,73533
YY-Hex6HexNAc6NeuAc2dHex3,YY,3957.982103,73533
YY-Hex7HexNAc7NeuAc3dHex2,YY,4594.292658,73533
Y-Hex7HexNAc6NeuAc3dHex3,Y,4537.271194,73533
YY-Hex7HexNAc6NeuAc3dHex2,YY,4349.166335,73533
YY-Hex7HexNAc6NeuAc2dHex3,YY,4162.081877,73533
YY-Hex6HexNAc6NeuAc2dHex3,YY,3957.982103,73533
YY-Hex6HexNAc5NeuAc2dHex3,YY,3712.855781,73533
YY-Hex7HexNAc6NeuAc3dHex2,YY,4349.166335,73533
YY-Hex7HexNAc6NeuAc2dHex3,YY,4162.081877,73533
YY-Hex6HexNAc6NeuAc2dHex3,YY,3957.982103,73533
YY-Hex6HexNAc5NeuAc2dHex2,YY,3538.766572,73533
YY-Hex4HexNAc4NeuAc1dHex2,YY,2524.267035,73533
YY-Hex7HexNAc6NeuAc2dHex3,YY,4162.081877,73533
YY-Hex6HexNAc6NeuAc2dHex3,YY,3957.982103,73533
YY-Hex6HexNAc5NeuAc2dHex3,YY,3712.855781,73533
YY-Hex7HexNAc6NeuAc3dHex2,YY,4349.166335,73533
Y-Hex6HexNAc6NeuAc3dHex3,Y,4333.17142,73533
YY-Hex6HexNAc6NeuAc3dHex2,YY,4145.066561,73533
YY-Hex6HexNAc6NeuAc2dHex3,YY,3957.982103,73533
YY-Hex5HexNAc6NeuAc2dHex3,YY,3753.88233,73533
YY-Hex5HexNAc5NeuAc2dHex3,YY,3508.756007,73533
YY-Hex6HexNAc6NeuAc3dHex2,YY,4145.066561,73533
Y-Hex6HexNAc5NeuAc3dHex2,Y,3913.955889,73533
YY-Hex6HexNAc5NeuAc3dHex1,YY,3725.85103,73533
YY-Hex6HexNAc5NeuAc2dHex2,YY,3538.766572,73533
YY-Hex5HexNAc5NeuAc2dHex2,YY,3334.666798,73533
YY-Hex5HexNAc4NeuAc2dHex2,YY,3089.540475,73533
Y-Hex4HexNAc4NeuAc2dHex2,Y,2899.456352,73533
YY-Hex4HexNAc4NeuAc2dHex1,YY,2711.351493,73533
YY-Hex6HexNAc6NeuAc2dHex3,YY,3957.982103,73533
YY-Hex6HexNAc5NeuAc2dHex2,YY,3538.766572,73533
YY-Hex4HexNAc4NeuAc1dHex2,YY,2524.267035,73533
YY-Hex5HexNAc6NeuAc2dHex3,YY,3753.88233,73533
YY-Hex5HexNAc5NeuAc2dHex2,YY,3334.666798,73533
YY-Hex3HexNAc4NeuAc1dHex2,YY,2320.167261,73533
YY-Hex5HexNAc5NeuAc2dHex3,YY,3508.756007,73533
YY-Hex5HexNAc4NeuAc2dHex2,YY,3089.540475,73533
YY-Hex3HexNAc3NeuAc1dHex2,YY,2075.040938,73533
YY-Hex6HexNAc6NeuAc3dHex2,YY,4145.066561,73533
YY-Hex6HexNAc5NeuAc3dHex1,YY,3725.85103,73533
YY-Hex4HexNAc4NeuAc2dHex1,YY,2711.351493,73533
YY-Hex6HexNAc6NeuAc2dHex3,YY,3957.982103,73533
YY-Hex6HexNAc5NeuAc2dHex2,YY,3538.766572,73533
YY-Hex4HexNAc4NeuAc1dHex2,YY,2524.267035,73533
YY-Hex5HexNAc6NeuAc2dHex3,YY,3753.88233,73533
YY-Hex5HexNAc5NeuAc2dHex2,YY,3334.666798,73533
YY-Hex5HexNAc5NeuAc2dHex2,YY,3334.666798,73533
YY-Hex3HexNAc4NeuAc1dHex2,YY,2320.167261,73533
YY-Hex5HexNAc4NeuAc2dHex1,YY,2915.451266,73533
YY-Hex3HexNAc3NeuAc1dHex1,YY,1900.95173,73533
YY-Hex1HexNAc2dHex1,YY,886.4521927,73533
Y-HexNAc2dHex1,Y,696.3680691,73533
YY-HexNAc2,YY,508.2632101,73533
Y-HexNAc1dHex1,Y,451.2417464,73533
YY-HexNAc1,YY,263.1368874,73533
HexNAc1-B,B,259.1419728,83300
Hex1-B,B,218.1154237,83300
Hex1HexNAc1-B,B,463.2417464,83300
Y-Hex1-B,BY,204.0997736,83300
Hex6HexNAc7-B,B,2954.498551,83300
Y-Hex6HexNAc6-B,BY,2695.356578,83300
Y-Hex5HexNAc6-B,BY,2491.256804,83300
Y-Hex5HexNAc5-B,BY,2246.130482,83300
Y-Hex3HexNAc3-B,BY,1347.678289,83300
Y-Hex5HexNAc7-B,BY,2736.383127,83300
Y-Hex5HexNAc6-B,BY,2491.256804,83300
Y-Hex6HexNAc6-B,BY,2695.356578,83300
Y-Hex4HexNAc5-B,BY,2042.030708,83300
Y-HexNAc1-B,BY,245.1263227,83300
Hex6HexNAc6-B,B,2709.372228,83300
Y-Hex6HexNAc5-B,BY,2450.230255,83300
Y-Hex5HexNAc5-B,BY,2246.130482,83300
Y-Hex5HexNAc4-B,BY,2001.004159,83300
Y-Hex3HexNAc2-B,BY,1102.551966,83300
Y-Hex5HexNAc6-B,BY,2491.256804,83300
Y-Hex5HexNAc5-B,BY,2246.130482,83300
Y-Hex6HexNAc5-B,BY,2450.230255,83300
Y-Hex4HexNAc4-B,BY,1796.904385,83300
HexNAc1-B,B,259.1419728,83300
Hex1HexNAc1-B,B,463.2417464,83300
Hex1HexNAc2-B,B,708.3680691,83300
Y-Hex1HexNAc1-B,BY,449.2260963,83300
Y-HexNAc1-B,BY,245.1263227,83300
Hex2HexNAc2-B,B,912.4678428,83300
Y-Hex1HexNAc2-B,BY,694.3524191,83300
Y-Hex1HexNAc1-B,BY,449.2260963,83300
Y-Hex2HexNAc1-B,BY,653.32587,83300
Hex3HexNAc4-B,B,1606.820262,83300
Y-Hex3HexNAc3-B,BY,1347.678289,83300
Y-Hex2HexNAc3-B,BY,1143.578515,83300
Y-Hex2HexNAc2-B,BY,898.4521927,83300
Hex6HexNAc8,NA,3231.651088,83300
Y-Hex6HexNAc7,Y,2972.509116,83300
Y-Hex5HexNAc7,Y,2768.409342,83300
Y-Hex5HexNAc6,Y,2523.283019,83300
YY-Hex6HexNAc6,YY,2713.367143,83300
YY-Hex5HexNAc6,YY,2509.267369,83300
YY-Hex5HexNAc5,YY,2264.141046,83300
YY-Hex4HexNAc6,YY,2305.167596,83300
YY-Hex4HexNAc5,YY,2060.041273,83300
YY-Hex4HexNAc4,YY,1814.91495,83300
Y-Hex3HexNAc4,Y,1624.830827,83300
Y-Hex5HexNAc8,Y,3013.535665,83300
YY-Hex5HexNAc7,YY,2754.393692,83300
YY-Hex4HexNAc7,YY,2550.293918,83300
YY-Hex4HexNAc6,YY,2305.167596,83300
YY-Hex2HexNAc4,YY,1406.715403,83300
Y-Hex5HexNAc7,Y,2768.409342,83300
YY-Hex5HexNAc6,YY,2509.267369,83300
YY-Hex4HexNAc6,YY,2305.167596,83300
YY-Hex4HexNAc5,YY,2060.041273,83300
YY-Hex2HexNAc3,YY,1161.58908,83300
Y-Hex6HexNAc7,Y,2972.509116,83300
YY-Hex6HexNAc6,YY,2713.367143,83300
YY-Hex5HexNAc6,YY,2509.267369,83300
YY-Hex5HexNAc5,YY,2264.141046,83300
YY-Hex3HexNAc3,YY,1365.688854,83300
YY-Hex5HexNAc7,YY,2754.393692,83300
YY-Hex5HexNAc6,YY,2509.267369,83300
Y-Hex4HexNAc6,Y,2319.183246,83300
YY-Hex4HexNAc5,YY,2060.041273,83300
YY-Hex3HexNAc5,YY,1855.941499,83300
YY-Hex3HexNAc4,YY,1610.815176,83300
YY-Hex1HexNAc2,YY,712.3629838,83300
Y-HexNAc2,Y,522.2788602,83300
Y-HexNAc1,Y,277.1525375,83300
HexNAc1-B,B,259.1419728,83301
NeuAc1-B,B,375.1893169,83301
Hex1HexNAc1-B,B,463.2417464,83301
Y-Hex1-B,BY,204.0997736,83301
Hex1NeuAc1-B,B,579.2890905,83301
Y-Hex1-B,BY,204.0997736,83301
Hex6HexNAc7NeuAc1-B,B,3315.672218,83301
Y-Hex6HexNAc6NeuAc1-B,BY,3056.530245,83301
Y-Hex5HexNAc6NeuAc1-B,BY,2852.430471,83301
Y-Hex5HexNAc5NeuAc1-B,BY,2607.304149,83301
Y-Hex3HexNAc3NeuAc1-B,BY,1708.851956,83301
Y-Hex6HexNAc7-B,BY,2940.482901,83301
Y-Hex5HexNAc7-B,BY,2736.383127,83301
Y-Hex5HexNAc6-B,BY,2491.256804,83301
Y-Hex6HexNAc6NeuAc1-B,BY,3056.530245,83301
Y-Hex4HexNAc5-B,BY,2042.030708,83301
Y-HexNAc1-B,BY,245.1263227,83301
Hex6HexNAc6NeuAc1-B,B,3070.545895,83301
Y-Hex6HexNAc5NeuAc1-B,BY,2811.403922,83301
Y-Hex5HexNAc5NeuAc1-B,BY,2607.304149,83301
Y-Hex5HexNAc4NeuAc1-B,BY,2362.177826,83301
Y-Hex3HexNAc2NeuAc1-B,BY,1463.725633,83301
Y-Hex6HexNAc6-B,BY,2695.356578,83301
Y-Hex5HexNAc6-B,BY,2491.256804,83301
Y-Hex5HexNAc5-B,BY,2246.130482,83301
Y-Hex6HexNAc5NeuAc1-B,BY,2811.403922,83301
Y-Hex4HexNAc4-B,BY,1796.904385,83301
HexNAc1-B,B,259.1419728,83301
Hex1HexNAc2-B,B,708.3680691,83301
Y-Hex1HexNAc1-B,BY,449.2260963,83301
Hex1HexNAc1NeuAc1-B,B,824.4154133,83301
Y-Hex1HexNAc1-B,BY,449.2260963,83301
Y-HexNAc1-B,BY,245.1263227,83301
Hex2HexNAc2NeuAc1-B,B,1273.64151,83301
Y-Hex2HexNAc2-B,BY,898.4521927,83301
Y-Hex1HexNAc2-B,BY,694.3524191,83301
Y-Hex1HexNAc1-B,BY,449.2260963,83301
Hex3HexNAc4-B,B,1606.820262,83301
Y-Hex3HexNAc3-B,BY,1347.678289,83301
Y-Hex2HexNAc3-B,BY,1143.578515,83301
Y-Hex2HexNAc2-B,BY,898.4521927,83301
Y-Hex2HexNAc1NeuAc1-B,BY,1014.499537,83301
Hex6HexNAc8NeuAc1,NA,3592.824755,83301
Y-Hex6HexNAc7NeuAc1,Y,3333.682782,83301
Y-Hex5HexNAc7NeuAc1,Y,3129.583009,83301
Y-Hex5HexNAc6NeuAc1,Y,2884.456686,83301
YY-Hex6HexNAc6NeuAc1,YY,3074.54081,83301
YY-Hex5HexNAc6NeuAc1,YY,2870.441036,83301
YY-Hex5HexNAc5NeuAc1,YY,2625.314713,83301
YY-Hex4HexNAc6NeuAc1,YY,2666.341262,83301
YY-Hex4HexNAc5NeuAc1,YY,2421.21494,83301
YY-Hex4HexNAc4NeuAc1,YY,2176.088617,83301
Y-Hex3HexNAc4NeuAc1,Y,1986.004493,83301
Y-Hex6HexNAc8,Y,3217.635438,83301
YY-Hex6HexNAc7,YY,2958.493465,83301
YY-Hex5HexNAc7,YY,2754.393692,83301
YY-Hex5HexNAc6,YY,2509.267369,83301
YY-Hex3HexNAc4,YY,1610.815176,83301
Y-Hex5HexNAc8,Y,3013.535665,83301
YY-Hex5HexNAc7,YY,2754.393692,83301
YY-Hex4HexNAc7,YY,2550.293918,83301
YY-Hex4HexNAc6,YY,2305.167596,83301
YY-Hex2HexNAc4,YY,1406.715403,83301
Y-Hex5HexNAc7,Y,2768.409342,83301
YY-Hex5HexNAc6,YY,2509.267369,83301
YY-Hex4HexNAc6,YY,2305.167596,83301
YY-Hex4HexNAc5,YY,2060.041273,83301
YY-Hex2HexNAc3,YY,1161.58908,83301
Y-Hex6HexNAc7NeuAc1,Y,3333.682782,83301
YY-Hex6HexNAc7,YY,2958.493465,83301
YY-Hex5HexNAc7,YY,2754.393692,83301
YY-Hex5HexNAc6,YY,2509.267369,83301
Y-Hex4HexNAc6,Y,2319.183246,83301
YY-Hex6HexNAc6NeuAc1,YY,3074.54081,83301
YY-Hex4HexNAc5,YY,2060.041273,83301
YY-Hex5HexNAc6NeuAc1,YY,2870.441036,83301
YY-Hex3HexNAc5,YY,1855.941499,83301
YY-Hex5HexNAc5NeuAc1,YY,2625.314713,83301
YY-Hex3HexNAc4,YY,1610.815176,83301
YY-Hex3HexNAc3NeuAc1,YY,1726.862521,83301
YY-Hex1HexNAc2,YY,712.3629838,83301
Y-HexNAc2,Y,522.2788602,83301
Y-HexNAc1,Y,277.1525375,83301
HexNAc1-B,B,259.1419728,83502
Hex1HexNAc1-B,B,463.2417464,83502
Y-HexNAc1-B,BY,245.1263227,83502
NeuAc1-B,B,375.1893169,83502
Hex1-B,B,218.1154237,83502
Hex1HexNAc1-B,B,463.2417464,83502
Hex2HexNAc1-B,B,667.34152,83502
Y-Hex1HexNAc1-B,BY,449.2260963,83502
Y-Hex1-B,BY,204.0997736,83502
Hex1NeuAc1-B,B,579.2890905,83502
Y-Hex1-B,BY,204.0997736,83502
Hex8HexNAc7NeuAc2-B,B,4085.045432,83502
Y-Hex8HexNAc7NeuAc1-B,BY,3709.856115,83502
Y-Hex7HexNAc7NeuAc1-B,BY,3505.756341,83502
Y-Hex7HexNAc6NeuAc1-B,BY,3260.630019,83502
Y-Hex5HexNAc5-B,BY,2246.130482,83502
Y-Hex7HexNAc7NeuAc2-B,BY,3866.930008,83502
Y-Hex7HexNAc6NeuAc2-B,BY,3621.803685,83502
Y-Hex6HexNAc6NeuAc2-B,BY,3417.703912,83502
Y-Hex6HexNAc5NeuAc2-B,BY,3172.577589,83502
Y-Hex8HexNAc6NeuAc2-B,BY,3825.903459,83502
Y-Hex7HexNAc6NeuAc2-B,BY,3621.803685,83502
Y-Hex7HexNAc5NeuAc2-B,BY,3376.677363,83502
Y-Hex4HexNAc3NeuAc2-B,BY,2274.125396,83502
Y-HexNAc1-B,BY,245.1263227,83502
Hex8HexNAc6NeuAc2-B,B,3839.919109,83502
Y-Hex8HexNAc6NeuAc1-B,BY,3464.729792,83502
Y-Hex7HexNAc6NeuAc1-B,BY,3260.630019,83502
Y-Hex7HexNAc5NeuAc1-B,BY,3015.503696,83502
Y-Hex5HexNAc4-B,BY,2001.004159,83502
Y-Hex7HexNAc6NeuAc2-B,BY,3621.803685,83502
Y-Hex7HexNAc5NeuAc2-B,BY,3376.677363,83502
Y-Hex6HexNAc5NeuAc2-B,BY,3172.577589,83502
Y-Hex6HexNAc4NeuAc2-B,BY,2927.451266,83502
Y-Hex8HexNAc5NeuAc2-B,BY,3580.777136,83502
Y-Hex7HexNAc5NeuAc2-B,BY,3376.677363,83502
Y-Hex7HexNAc4NeuAc2-B,BY,3131.55104,83502
Y-Hex4HexNAc2NeuAc2-B,BY,2028.999074,83502
Hex1HexNAc2-B,B,708.3680691,83502
Hex2HexNAc2-B,B,912.4678428,83502
Y-Hex1HexNAc2-B,BY,694.3524191,83502
Y-Hex1HexNAc1-B,BY,449.2260963,83502
Hex1HexNAc1NeuAc1-B,B,824.4154133,83502
Y-Hex1HexNAc1-B,BY,449.2260963,83502
Y-HexNAc1-B,BY,245.1263227,83502
Hex4HexNAc4-B,B,1810.920035,83502
Y-Hex3HexNAc4-B,BY,1592.804612,83502
Y-Hex3HexNAc3-B,BY,1347.678289,83502
Y-Hex2HexNAc3-B,BY,1143.578515,83502
Y-Hex2HexNAc2-B,BY,898.4521927,83502
Y-Hex4HexNAc3-B,BY,1551.778063,83502
Y-Hex3HexNAc3-B,BY,1347.678289,83502
Y-Hex3HexNAc2-B,BY,1102.551966,83502
Hex3HexNAc2NeuAc2-B,B,1838.91495,83502
Y-Hex3HexNAc2NeuAc1-B,BY,1463.725633,83502
Y-Hex2HexNAc2NeuAc1-B,BY,1259.62586,83502
Y-Hex2HexNAc1NeuAc1-B,BY,1014.499537,83502
Hex8HexNAc8NeuAc2,NA,4362.197969,83502
Y-Hex8HexNAc8NeuAc1,Y,3987.008652,83502
Y-Hex7HexNAc8NeuAc1,Y,3782.908879,83502
Y-Hex7HexNAc7NeuAc1,Y,3537.782556,83502
YY-Hex8HexNAc8,YY,3611.819335,83502
YY-Hex7HexNAc8,YY,3407.719562,83502
YY-Hex7HexNAc7,YY,3162.593239,83502
YY-Hex6HexNAc8,YY,3203.619788,83502
YY-Hex6HexNAc7,YY,2958.493465,83502
YY-Hex6HexNAc6,YY,2713.367143,83502
Y-Hex5HexNAc6,Y,2523.283019,83502
Y-Hex7HexNAc8NeuAc2,Y,4144.082546,83502
YY-Hex7HexNAc8NeuAc1,YY,3768.893229,83502
YY-Hex6HexNAc8NeuAc1,YY,3564.793455,83502
YY-Hex6HexNAc7NeuAc1,YY,3319.667132,83502
YY-Hex4HexNAc6,YY,2305.167596,83502
Y-Hex7HexNAc7NeuAc2,Y,3898.956223,83502
YY-Hex7HexNAc7NeuAc1,YY,3523.766906,83502
YY-Hex6HexNAc7NeuAc1,YY,3319.667132,83502
YY-Hex6HexNAc7NeuAc1,YY,3319.667132,83502
YY-Hex6HexNAc6NeuAc1,YY,3074.54081,83502
YY-Hex4HexNAc5,YY,2060.041273,83502
Y-Hex6HexNAc7NeuAc2,Y,3694.856449,83502
YY-Hex6HexNAc7NeuAc1,YY,3319.667132,83502
YY-Hex5HexNAc7NeuAc1,YY,3115.567359,83502
YY-Hex5HexNAc6NeuAc1,YY,2870.441036,83502
YY-Hex3HexNAc5,YY,1855.941499,83502
Y-Hex6HexNAc6NeuAc2,Y,3449.730127,83502
YY-Hex6HexNAc6NeuAc1,YY,3074.54081,83502
YY-Hex5HexNAc6NeuAc1,YY,2870.441036,83502
YY-Hex5HexNAc6NeuAc1,YY,2870.441036,83502
YY-Hex5HexNAc5NeuAc1,YY,2625.314713,83502
YY-Hex3HexNAc4,YY,1610.815176,83502
Y-Hex8HexNAc7NeuAc2,Y,4103.055996,83502
YY-Hex8HexNAc7NeuAc1,YY,3727.86668,83502
YY-Hex7HexNAc7NeuAc1,YY,3523.766906,83502
YY-Hex7HexNAc7NeuAc1,YY,3523.766906,83502
YY-Hex7HexNAc6NeuAc1,YY,3278.640583,83502
YY-Hex5HexNAc5,YY,2264.141046,83502
Y-Hex7HexNAc7NeuAc2,Y,3898.956223,83502
YY-Hex7HexNAc7NeuAc1,YY,3523.766906,83502
YY-Hex6HexNAc7NeuAc1,YY,3319.667132,83502
YY-Hex6HexNAc7NeuAc1,YY,3319.667132,83502
YY-Hex6HexNAc6NeuAc1,YY,3074.54081,83502
YY-Hex4HexNAc5,YY,2060.041273,83502
Y-Hex7HexNAc6NeuAc2,Y,3653.8299,83502
YY-Hex7HexNAc6NeuAc1,YY,3278.640583,83502
YY-Hex6HexNAc6NeuAc1,YY,3074.54081,83502
YY-Hex6HexNAc6NeuAc1,YY,3074.54081,83502
YY-Hex6HexNAc5NeuAc1,YY,2829.414487,83502
YY-Hex4HexNAc4,YY,1814.91495,83502
YY-Hex7HexNAc7NeuAc2,YY,3884.940573,83502
YY-Hex6HexNAc7NeuAc2,YY,3680.840799,83502
YY-Hex6HexNAc6NeuAc2,YY,3435.714476,83502
YY-Hex7HexNAc6NeuAc2,YY,3639.81425,83502
YY-Hex6HexNAc6NeuAc2,YY,3435.714476,83502
YY-Hex6HexNAc5NeuAc2,YY,3190.588154,83502
YY-Hex5HexNAc6NeuAc2,YY,3231.614703,83502
YY-Hex5HexNAc5NeuAc2,YY,2986.48838,83502
YY-Hex5HexNAc4NeuAc2,YY,2741.362057,83502
Y-Hex4HexNAc4NeuAc2,Y,2551.277934,83502
YY-Hex4HexNAc4NeuAc1,YY,2176.088617,83502
YY-Hex3HexNAc4NeuAc1,YY,1971.988843,83502
YY-Hex3HexNAc4NeuAc1,YY,1971.988843,83502
YY-Hex3HexNAc3NeuAc1,YY,1726.862521,83502
YY-Hex1HexNAc2,YY,712.3629838,83502
Y-HexNAc2,Y,522.2788602,83502
Y-HexNAc1,Y,277.1525375,83502
Hex1HexNAc1-B,B,463.2417464,83513
Y-HexNAc1-B,BY,245.1263227,83513
NeuAc1-B,B,375.1893169,83513
Hex1-B,B,218.1154237,83513
Hex2HexNAc1-B,B,667.34152,83513
Y-Hex1HexNAc1-B,BY,449.2260963,83513
Y-Hex1-B,BY,204.0997736,83513
Hex1NeuAc1-B,B,579.2890905,83513
Y-Hex1-B,BY,204.0997736,83513
Hex8HexNAc7NeuAc3-B,B,4446.219099,83513
Y-Hex8HexNAc7NeuAc2-B,BY,4071.029782,83513
Y-Hex7HexNAc7NeuAc2-B,BY,3866.930008,83513
Y-Hex7HexNAc7NeuAc2-B,BY,3866.930008,83513
Y-Hex7HexNAc6NeuAc2-B,BY,3621.803685,83513
Y-Hex5HexNAc5NeuAc1-B,BY,2607.304149,83513
Y-Hex8HexNAc7NeuAc2-B,BY,4071.029782,83513
Y-Hex7HexNAc7NeuAc2-B,BY,3866.930008,83513
Y-Hex7HexNAc6NeuAc2-B,BY,3621.803685,83513
Y-Hex7HexNAc7NeuAc3-B,BY,4228.103675,83513
Y-Hex7HexNAc6NeuAc3-B,BY,3982.977352,83513
Y-Hex6HexNAc6NeuAc3-B,BY,3778.877579,83513
Y-Hex6HexNAc5NeuAc3-B,BY,3533.751256,83513
Y-Hex4HexNAc4NeuAc2-B,BY,2519.251719,83513
Y-Hex8HexNAc6NeuAc3-B,BY,4187.077126,83513
Y-HexNAc1-B,BY,245.1263227,83513
Hex8HexNAc6NeuAc3-B,B,4201.092776,83513
Y-Hex8HexNAc6NeuAc2-B,BY,3825.903459,83513
Y-Hex7HexNAc6NeuAc2-B,BY,3621.803685,83513
Y-Hex7HexNAc5NeuAc2-B,BY,3376.677363,83513
Y-Hex5HexNAc4NeuAc1-B,BY,2362.177826,83513
Y-Hex8HexNAc6NeuAc2-B,BY,3825.903459,83513
Y-Hex7HexNAc6NeuAc2-B,BY,3621.803685,83513
Y-Hex7HexNAc5NeuAc2-B,BY,3376.677363,83513
Y-Hex7HexNAc6NeuAc3-B,BY,3982.977352,83513
Y-Hex7HexNAc5NeuAc3-B,BY,3737.85103,83513
Y-Hex6HexNAc5NeuAc3-B,BY,3533.751256,83513
Y-Hex6HexNAc4NeuAc3-B,BY,3288.624933,83513
Y-Hex4HexNAc3NeuAc2-B,BY,2274.125396,83513
Y-Hex8HexNAc5NeuAc3-B,BY,3941.950803,83513
dHex1-B,B,188.104859,83513
HexNAc1-B,B,259.1419728,83513
Hex2HexNAc2-B,B,912.4678428,83513
Y-Hex1HexNAc2-B,BY,694.3524191,83513
Y-Hex1HexNAc1-B,BY,449.2260963,83513
Hex1HexNAc1NeuAc1-B,B,824.4154133,83513
Y-Hex1HexNAc1-B,BY,449.2260963,83513
Y-HexNAc1-B,BY,245.1263227,83513
Hex4HexNAc3NeuAc1-B,B,1926.96738,83513
Y-Hex4HexNAc3-B,BY,1551.778063,83513
Y-Hex3HexNAc3-B,BY,1347.678289,83513
Y-Hex3HexNAc2-B,BY,1102.551966,83513
Y-Hex3HexNAc3NeuAc1-B,BY,1708.851956,83513
Y-Hex3HexNAc2NeuAc1-B,BY,1463.725633,83513
Hex3HexNAc2NeuAc2-B,B,1838.91495,83513
Y-Hex3HexNAc2NeuAc1-B,BY,1463.725633,83513
Y-Hex2HexNAc2NeuAc1-B,BY,1259.62586,83513
Y-Hex2HexNAc2NeuAc1-B,BY,1259.62586,83513
Y-Hex2HexNAc1NeuAc1-B,BY,1014.499537,83513
Hex8HexNAc8NeuAc3dHex1,NA,4897.460845,83513
Y-Hex8HexNAc8NeuAc3,Y,4709.355986,83513
Y-Hex8HexNAc8NeuAc2dHex1,Y,4522.271528,83513
YY-Hex8HexNAc8NeuAc2,YY,4334.166669,83513
Y-Hex7HexNAc8NeuAc2dHex1,Y,4318.171755,83513
YY-Hex7HexNAc8NeuAc2,YY,4130.066896,83513
Y-Hex7HexNAc7NeuAc2dHex1,Y,4073.045432,83513
YY-Hex7HexNAc7NeuAc2,YY,3884.940573,83513
YY-Hex8HexNAc8NeuAc1dHex1,YY,4147.082211,83513
YY-Hex7HexNAc8NeuAc1dHex1,YY,3942.982438,83513
YY-Hex7HexNAc7NeuAc1dHex1,YY,3697.856115,83513
YY-Hex6HexNAc8NeuAc1dHex1,YY,3738.882664,83513
YY-Hex6HexNAc7NeuAc1dHex1,YY,3493.756341,83513
YY-Hex6HexNAc6NeuAc1dHex1,YY,3248.630019,83513
Y-Hex5HexNAc6NeuAc1dHex1,Y,3058.545895,83513
YY-Hex5HexNAc6NeuAc1,YY,2870.441036,83513
Y-Hex8HexNAc8NeuAc2dHex1,Y,4522.271528,83513
YY-Hex8HexNAc8NeuAc2,YY,4334.166669,83513
YY-Hex8HexNAc8NeuAc1dHex1,YY,4147.082211,83513
YY-Hex7HexNAc8NeuAc1dHex1,YY,3942.982438,83513
YY-Hex7HexNAc8NeuAc1dHex1,YY,3942.982438,83513
YY-Hex7HexNAc7NeuAc1dHex1,YY,3697.856115,83513
YY-Hex5HexNAc6dHex1,YY,2683.356578,83513
Y-Hex7HexNAc8NeuAc2dHex1,Y,4318.171755,83513
YY-Hex7HexNAc8NeuAc2,YY,4130.066896,83513
YY-Hex7HexNAc8NeuAc1dHex1,YY,3942.982438,83513
YY-Hex7HexNAc8NeuAc1dHex1,YY,3942.982438,83513
YY-Hex6HexNAc8NeuAc1dHex1,YY,3738.882664,83513
YY-Hex6HexNAc7NeuAc1dHex1,YY,3493.756341,83513
YY-Hex4HexNAc6dHex1,YY,2479.256804,83513
Y-Hex7HexNAc7NeuAc2dHex1,Y,4073.045432,83513
YY-Hex7HexNAc7NeuAc2,YY,3884.940573,83513
YY-Hex7HexNAc7NeuAc1dHex1,YY,3697.856115,83513
YY-Hex6HexNAc7NeuAc1dHex1,YY,3493.756341,83513
YY-Hex6HexNAc7NeuAc1dHex1,YY,3493.756341,83513
YY-Hex6HexNAc6NeuAc1dHex1,YY,3248.630019,83513
YY-Hex4HexNAc5dHex1,YY,2234.130482,83513
Y-Hex7HexNAc8NeuAc3dHex1,Y,4679.345421,83513
YY-Hex7HexNAc8NeuAc3,YY,4491.240562,83513
YY-Hex7HexNAc8NeuAc2dHex1,YY,4304.156104,83513
YY-Hex6HexNAc8NeuAc2dHex1,YY,4100.056331,83513
YY-Hex6HexNAc7NeuAc2dHex1,YY,3854.930008,83513
YY-Hex4HexNAc6NeuAc1dHex1,YY,2840.430471,83513
YY-Hex7HexNAc8NeuAc2dHex1,YY,4304.156104,83513
YY-Hex6HexNAc8NeuAc2dHex1,YY,4100.056331,83513
YY-Hex6HexNAc7NeuAc2dHex1,YY,3854.930008,83513
Y-Hex7HexNAc7NeuAc3dHex1,Y,4434.219099,83513
YY-Hex7HexNAc7NeuAc3,YY,4246.11424,83513
YY-Hex7HexNAc7NeuAc2dHex1,YY,4059.029782,83513
YY-Hex7HexNAc7NeuAc2dHex1,YY,4059.029782,83513
YY-Hex6HexNAc7NeuAc2dHex1,YY,3854.930008,83513
YY-Hex6HexNAc6NeuAc2dHex1,YY,3609.803685,83513
YY-Hex4HexNAc5NeuAc1dHex1,YY,2595.304149,83513
YY-Hex7HexNAc7NeuAc2dHex1,YY,4059.029782,83513
YY-Hex6HexNAc7NeuAc2dHex1,YY,3854.930008,83513
YY-Hex6HexNAc6NeuAc2dHex1,YY,3609.803685,83513
Y-Hex6HexNAc7NeuAc3dHex1,Y,4230.119325,83513
YY-Hex6HexNAc7NeuAc3,YY,4042.014466,83513
Y-Hex6HexNAc6NeuAc3dHex1,Y,3984.993002,83513
YY-Hex6HexNAc6NeuAc3,YY,3796.888143,83513
YY-Hex6HexNAc7NeuAc2dHex1,YY,3854.930008,83513
YY-Hex6HexNAc6NeuAc2dHex1,YY,3609.803685,83513
YY-Hex5HexNAc7NeuAc2dHex1,YY,3650.830234,83513
YY-Hex5HexNAc6NeuAc2dHex1,YY,3405.703912,83513
YY-Hex5HexNAc5NeuAc2dHex1,YY,3160.577589,83513
Y-Hex4HexNAc5NeuAc2dHex1,Y,2970.493465,83513
YY-Hex4HexNAc5NeuAc2,YY,2782.388606,83513
YY-Hex6HexNAc7NeuAc2dHex1,YY,3854.930008,83513
YY-Hex6HexNAc6NeuAc2dHex1,YY,3609.803685,83513
YY-Hex4HexNAc5NeuAc1dHex1,YY,2595.304149,83513
YY-Hex5HexNAc7NeuAc2dHex1,YY,3650.830234,83513
YY-Hex5HexNAc6NeuAc2dHex1,YY,3405.703912,83513
YY-Hex3HexNAc5NeuAc1dHex1,YY,2391.204375,83513
YY-Hex3HexNAc5NeuAc1dHex1,YY,2391.204375,83513
YY-Hex5HexNAc5NeuAc2dHex1,YY,3160.577589,83513
YY-Hex3HexNAc4NeuAc1dHex1,YY,2146.078052,83513
YY-Hex1HexNAc3dHex1,YY,1131.578515,83513
Y-Hex8HexNAc7NeuAc3dHex1,Y,4638.318872,83513
YY-Hex8HexNAc7NeuAc3,YY,4450.214013,83513
YY-Hex8HexNAc7NeuAc2dHex1,YY,4263.129555,83513
YY-Hex7HexNAc7NeuAc2dHex1,YY,4059.029782,83513
YY-Hex7HexNAc7NeuAc2dHex1,YY,4059.029782,83513
YY-Hex7HexNAc6NeuAc2dHex1,YY,3813.903459,83513
YY-Hex5HexNAc5NeuAc1dHex1,YY,2799.403922,83513
YY-Hex8HexNAc7NeuAc2dHex1,YY,4263.129555,83513
YY-Hex7HexNAc7NeuAc2dHex1,YY,4059.029782,83513
YY-Hex7HexNAc6NeuAc2dHex1,YY,3813.903459,83513
YY-Hex7HexNAc7NeuAc3dHex1,YY,4420.203449,83513
YY-Hex7HexNAc6NeuAc3dHex1,YY,4175.077126,83513
YY-Hex6HexNAc6NeuAc3dHex1,YY,3970.977352,83513
YY-Hex6HexNAc5NeuAc3dHex1,YY,3725.85103,83513
YY-Hex4HexNAc4NeuAc2dHex1,YY,2711.351493,83513
Y-HexNAc2dHex1,Y,696.3680691,83513
YY-HexNAc2,YY,508.2632101,83513
Y-HexNAc1dHex1,Y,451.2417464,83513
YY-HexNAc1,YY,263.1368874,83513
Hex1HexNAc1NeuAc1-B,B,824.4154133,83614
Y-Hex1HexNAc1-B,BY,449.2260963,83614
Y-HexNAc1-B,BY,245.1263227,83614
NeuAc1-B,B,375.1893169,83614
Hex2HexNAc1NeuAc1-B,B,1028.515187,83614
Y-Hex2HexNAc1-B,BY,653.32587,83614
Y-Hex1HexNAc1-B,BY,449.2260963,83614
Y-Hex1-B,BY,204.0997736,83614
Hex1NeuAc1-B,B,579.2890905,83614
Y-Hex1-B,BY,204.0997736,83614
Hex9HexNAc7NeuAc4-B,B,5011.492539,83614
Y-Hex9HexNAc7NeuAc3-B,BY,4636.303222,83614
Y-Hex8HexNAc7NeuAc3-B,BY,4432.203449,83614
Y-Hex8HexNAc6NeuAc3-B,BY,4187.077126,83614
Y-Hex6HexNAc5NeuAc2-B,BY,3172.577589,83614
Y-Hex9HexNAc7NeuAc3-B,BY,4636.303222,83614
Y-Hex8HexNAc7NeuAc3-B,BY,4432.203449,83614
Y-Hex8HexNAc6NeuAc3-B,BY,4187.077126,83614
Y-Hex7HexNAc6NeuAc3-B,BY,3982.977352,83614
Y-Hex7HexNAc5NeuAc3-B,BY,3737.85103,83614
Y-Hex4HexNAc3NeuAc2-B,BY,2274.125396,83614
Y-HexNAc1-B,BY,245.1263227,83614
Hex9HexNAc6NeuAc4-B,B,4766.366216,83614
Y-Hex9HexNAc6NeuAc3-B,BY,4391.176899,83614
Y-Hex8HexNAc6NeuAc3-B,BY,4187.077126,83614
Y-Hex8HexNAc5NeuAc3-B,BY,3941.950803,83614
Y-Hex6HexNAc4NeuAc2-B,BY,2927.451266,83614
Y-Hex9HexNAc6NeuAc3-B,BY,4391.176899,83614
Y-Hex8HexNAc6NeuAc3-B,BY,4187.077126,83614
Y-Hex8HexNAc5NeuAc3-B,BY,3941.950803,83614
Y-Hex7HexNAc5NeuAc3-B,BY,3737.85103,83614
Y-Hex7HexNAc4NeuAc3-B,BY,3492.724707,83614
Y-Hex4HexNAc2NeuAc2-B,BY,2028.999074,83614
dHex1-B,B,188.104859,83614
Hex2HexNAc2NeuAc1-B,B,1273.64151,83614
Y-Hex2HexNAc2-B,BY,898.4521927,83614
Y-Hex1HexNAc2-B,BY,694.3524191,83614
Y-Hex1HexNAc1-B,BY,449.2260963,83614
Hex1HexNAc1NeuAc1-B,B,824.4154133,83614
Y-Hex1HexNAc1-B,BY,449.2260963,83614
Y-HexNAc1-B,BY,245.1263227,83614
Hex5HexNAc4NeuAc2-B,B,2737.367143,83614
Y-Hex5HexNAc4NeuAc1-B,BY,2362.177826,83614
Y-Hex4HexNAc4NeuAc1-B,BY,2158.078052,83614
Y-Hex4HexNAc3NeuAc1-B,BY,1912.95173,83614
Y-Hex3HexNAc3NeuAc1-B,BY,1708.851956,83614
Y-Hex3HexNAc2NeuAc1-B,BY,1463.725633,83614
Hex3HexNAc2NeuAc2-B,B,1838.91495,83614
Y-Hex3HexNAc2NeuAc1-B,BY,1463.725633,83614
Y-Hex2HexNAc2NeuAc1-B,BY,1259.62586,83614
Y-Hex2HexNAc1NeuAc1-B,BY,1014.499537,83614
Hex9HexNAc8NeuAc4dHex1,NA,5462.734286,83614
Y-Hex9HexNAc8NeuAc4,Y,5274.629427,83614
Y-Hex9HexNAc8NeuAc3dHex1,Y,5087.544969,83614
YY-Hex9HexNAc8NeuAc3,YY,4899.44011,83614
Y-Hex8HexNAc8NeuAc3dHex1,Y,4883.445195,83614
YY-Hex8HexNAc8NeuAc3,YY,4695.340336,83614
Y-Hex8HexNAc7NeuAc3dHex1,Y,4638.318872,83614
YY-Hex8HexNAc7NeuAc3,YY,4450.214013,83614
YY-Hex9HexNAc8NeuAc2dHex1,YY,4712.355652,83614
YY-Hex8HexNAc8NeuAc2dHex1,YY,4508.255878,83614
YY-Hex8HexNAc7NeuAc2dHex1,YY,4263.129555,83614
YY-Hex7HexNAc8NeuAc2dHex1,YY,4304.156104,83614
YY-Hex7HexNAc7NeuAc2dHex1,YY,4059.029782,83614
YY-Hex7HexNAc6NeuAc2dHex1,YY,3813.903459,83614
Y-Hex6HexNAc6NeuAc2dHex1,Y,3623.819335,83614
YY-Hex6HexNAc6NeuAc2,YY,3435.714476,83614
Y-Hex9HexNAc8NeuAc3dHex1,Y,5087.544969,83614
YY-Hex9HexNAc8NeuAc3,YY,4899.44011,83614
YY-Hex9HexNAc8NeuAc2dHex1,YY,4712.355652,83614
YY-Hex8HexNAc8NeuAc2dHex1,YY,4508.255878,83614
YY-Hex8HexNAc7NeuAc2dHex1,YY,4263.129555,83614
YY-Hex6HexNAc6NeuAc1dHex1,YY,3248.630019,83614
Y-Hex8HexNAc8NeuAc3dHex1,Y,4883.445195,83614
YY-Hex8HexNAc8NeuAc3,YY,4695.340336,83614
YY-Hex8HexNAc8NeuAc2dHex1,YY,4508.255878,83614
YY-Hex7HexNAc8NeuAc2dHex1,YY,4304.156104,83614
YY-Hex7HexNAc7NeuAc2dHex1,YY,4059.029782,83614
YY-Hex5HexNAc6NeuAc1dHex1,YY,3044.530245,83614
Y-Hex8HexNAc7NeuAc3dHex1,Y,4638.318872,83614
YY-Hex8HexNAc7NeuAc3,YY,4450.214013,83614
YY-Hex8HexNAc7NeuAc2dHex1,YY,4263.129555,83614
YY-Hex8HexNAc7NeuAc2dHex1,YY,4263.129555,83614
YY-Hex7HexNAc7NeuAc2dHex1,YY,4059.029782,83614
YY-Hex7HexNAc6NeuAc2dHex1,YY,3813.903459,83614
YY-Hex7HexNAc6NeuAc2dHex1,YY,3813.903459,83614
YY-Hex5HexNAc5NeuAc1dHex1,YY,2799.403922,83614
Y-Hex7HexNAc7NeuAc3dHex1,Y,4434.219099,83614
YY-Hex7HexNAc7NeuAc3,YY,4246.11424,83614
YY-Hex7HexNAc7NeuAc2dHex1,YY,4059.029782,83614
YY-Hex6HexNAc7NeuAc2dHex1,YY,3854.930008,83614
YY-Hex6HexNAc6NeuAc2dHex1,YY,3609.803685,83614
YY-Hex4HexNAc5NeuAc1dHex1,YY,2595.304149,83614
Y-Hex7HexNAc6NeuAc3dHex1,Y,4189.092776,83614
YY-Hex7HexNAc6NeuAc3,YY,4000.987917,83614
YY-Hex7HexNAc6NeuAc2dHex1,YY,3813.903459,83614
YY-Hex6HexNAc6NeuAc2dHex1,YY,3609.803685,83614
YY-Hex6HexNAc5NeuAc2dHex1,YY,3364.677363,83614
YY-Hex4HexNAc4NeuAc1dHex1,YY,2350.177826,83614
YY-Hex9HexNAc8NeuAc2dHex1,YY,4712.355652,83614
YY-Hex8HexNAc8NeuAc2dHex1,YY,4508.255878,83614
YY-Hex8HexNAc7NeuAc2dHex1,YY,4263.129555,83614
YY-Hex8HexNAc7NeuAc2dHex1,YY,4263.129555,83614
YY-Hex7HexNAc7NeuAc2dHex1,YY,4059.029782,83614
YY-Hex7HexNAc6NeuAc2dHex1,YY,3813.903459,83614
YY-Hex7HexNAc8NeuAc2dHex1,YY,4304.156104,83614
YY-Hex7HexNAc7NeuAc2dHex1,YY,4059.029782,83614
YY-Hex6HexNAc7NeuAc2dHex1,YY,3854.930008,83614
YY-Hex6HexNAc6NeuAc2dHex1,YY,3609.803685,83614
YY-Hex7HexNAc6NeuAc2dHex1,YY,3813.903459,83614
YY-Hex6HexNAc6NeuAc2dHex1,YY,3609.803685,83614
YY-Hex6HexNAc5NeuAc2dHex1,YY,3364.677363,83614
YY-Hex5HexNAc6NeuAc2dHex1,YY,3405.703912,83614
YY-Hex5HexNAc5NeuAc2dHex1,YY,3160.577589,83614
YY-Hex5HexNAc4NeuAc2dHex1,YY,2915.451266,83614
Y-Hex4HexNAc4NeuAc2dHex1,Y,2725.367143,83614
YY-Hex4HexNAc4NeuAc2,YY,2537.262284,83614
YY-Hex4HexNAc4NeuAc1dHex1,YY,2350.177826,83614
YY-Hex3HexNAc4NeuAc1dHex1,YY,2146.078052,83614
YY-Hex3HexNAc4NeuAc1dHex1,YY,2146.078052,83614
YY-Hex3HexNAc3NeuAc1dHex1,YY,1900.95173,83614
YY-Hex1HexNAc2dHex1,YY,886.4521927,83614
Y-HexNAc2dHex1,Y,696.3680691,83614
YY-HexNAc2,YY,508.2632101,83614
Y-HexNAc1dHex1,Y,451.2417464,83614
YY-HexNAc1,YY,263.1368874,83614
Hex1HexNAc1NeuAc1-B,B,824.4154133,83624
Y-Hex1HexNAc1-B,BY,449.2260963,83624
Y-HexNAc1-B,BY,245.1263227,83624
NeuAc1-B,B,375.1893169,83624
Hex2HexNAc1NeuAc1-B,B,1028.515187,83624
Y-Hex2HexNAc1-B,BY,653.32587,83624
Y-Hex1HexNAc1-B,BY,449.2260963,83624
Y-Hex1-B,BY,204.0997736,83624
Hex1NeuAc1-B,B,579.2890905,83624
Y-Hex1-B,BY,204.0997736,83624
Hex9HexNAc7NeuAc4dHex1-B,B,5185.581748,83624
Y-Hex9HexNAc7NeuAc3dHex1-B,BY,4810.392431,83624
Y-Hex8HexNAc7NeuAc3dHex1-B,BY,4606.292658,83624
Y-Hex8HexNAc6NeuAc3dHex1-B,BY,4361.166335,83624
Y-Hex8HexNAc6NeuAc3dHex1-B,BY,4361.166335,83624
Y-Hex7HexNAc6NeuAc3dHex1-B,BY,4157.066561,83624
Y-Hex7HexNAc5NeuAc3dHex1-B,BY,3911.940238,83624
Y-Hex4HexNAc3NeuAc2dHex1-B,BY,2448.214605,83624
Y-Hex9HexNAc7NeuAc3dHex1-B,BY,4810.392431,83624
Y-Hex8HexNAc7NeuAc3dHex1-B,BY,4606.292658,83624
Y-Hex8HexNAc6NeuAc3dHex1-B,BY,4361.166335,83624
Y-Hex9HexNAc7NeuAc4-B,BY,4997.476889,83624
Y-Hex9HexNAc7NeuAc3dHex1-B,BY,4810.392431,83624
Y-Hex8HexNAc7NeuAc3dHex1-B,BY,4606.292658,83624
Y-Hex8HexNAc6NeuAc3-B,BY,4187.077126,83624
Y-Hex6HexNAc5NeuAc2-B,BY,3172.577589,83624
Y-HexNAc1-B,BY,245.1263227,83624
Hex9HexNAc6NeuAc4dHex1-B,B,4940.455425,83624
Y-Hex9HexNAc6NeuAc3dHex1-B,BY,4565.266108,83624
Y-Hex8HexNAc6NeuAc3dHex1-B,BY,4361.166335,83624
Y-Hex8HexNAc5NeuAc3dHex1-B,BY,4116.040012,83624
Y-Hex8HexNAc5NeuAc3dHex1-B,BY,4116.040012,83624
Y-Hex7HexNAc5NeuAc3dHex1-B,BY,3911.940238,83624
Y-Hex7HexNAc4NeuAc3dHex1-B,BY,3666.813916,83624
Y-Hex4HexNAc2NeuAc2dHex1-B,BY,2203.088283,83624
Y-Hex9HexNAc6NeuAc3dHex1-B,BY,4565.266108,83624
Y-Hex8HexNAc6NeuAc3dHex1-B,BY,4361.166335,83624
Y-Hex8HexNAc5NeuAc3dHex1-B,BY,4116.040012,83624
Y-Hex9HexNAc6NeuAc4-B,BY,4752.350566,83624
Y-Hex9HexNAc6NeuAc3dHex1-B,BY,4565.266108,83624
Y-Hex8HexNAc6NeuAc3dHex1-B,BY,4361.166335,83624
Y-Hex8HexNAc5NeuAc3-B,BY,3941.950803,83624
Y-Hex6HexNAc4NeuAc2-B,BY,2927.451266,83624
dHex1-B,B,188.104859,83624
Hex1HexNAc1NeuAc1dHex1-B,B,998.5046222,83624
Y-Hex1HexNAc1NeuAc1-B,BY,810.3997632,83624
Y-Hex1HexNAc1dHex1-B,BY,623.3153053,83624
Y-HexNAc1dHex1-B,BY,419.2155317,83624
Hex2HexNAc2NeuAc1-B,B,1273.64151,83624
Y-Hex2HexNAc2-B,BY,898.4521927,83624
Y-Hex1HexNAc2-B,BY,694.3524191,83624
Y-Hex1HexNAc1-B,BY,449.2260963,83624
Hex1HexNAc1NeuAc1-B,B,824.4154133,83624
Y-Hex1HexNAc1-B,BY,449.2260963,83624
Y-HexNAc1-B,BY,245.1263227,83624
Hex3HexNAc2NeuAc2dHex1-B,B,2013.004159,83624
Y-Hex3HexNAc2NeuAc1dHex1-B,BY,1637.814842,83624
Y-Hex2HexNAc2NeuAc1dHex1-B,BY,1433.715068,83624
Y-Hex2HexNAc1NeuAc1dHex1-B,BY,1188.588746,83624
Y-Hex3HexNAc2NeuAc2-B,BY,1824.8993,83624
Y-Hex3HexNAc2NeuAc1dHex1-B,BY,1637.814842,83624
Y-Hex2HexNAc2NeuAc1dHex1-B,BY,1433.715068,83624
Hex5HexNAc4NeuAc2-B,B,2737.367143,83624
Y-Hex5HexNAc4NeuAc1-B,BY,2362.177826,83624
Y-Hex4HexNAc4NeuAc1-B,BY,2158.078052,83624
Y-Hex4HexNAc3NeuAc1-B,BY,1912.95173,83624
Y-Hex4HexNAc3NeuAc1-B,BY,1912.95173,83624
Y-Hex3HexNAc3NeuAc1-B,BY,1708.851956,83624
Y-Hex3HexNAc2NeuAc1-B,BY,1463.725633,83624
Y-Hex2HexNAc1NeuAc1-B,BY,1014.499537,83624
Hex9HexNAc8NeuAc4dHex2,NA,5636.823494,83624
Y-Hex9HexNAc8NeuAc4dHex1,Y,5448.718635,83624
Y-Hex9HexNAc8NeuAc3dHex2,Y,5261.634178,83624
YY-Hex9HexNAc8NeuAc3dHex1,YY,5073.529319,83624
Y-Hex8HexNAc8NeuAc3dHex2,Y,5057.534404,83624
YY-Hex8HexNAc8NeuAc3dHex1,YY,4869.429545,83624
Y-Hex8HexNAc7NeuAc3dHex2,Y,4812.408081,83624
Y-Hex8HexNAc7NeuAc3dHex2,Y,4812.408081,83624
YY-Hex8HexNAc7NeuAc3dHex1,YY,4624.303222,83624
YY-Hex8HexNAc7NeuAc3dHex1,YY,4624.303222,83624
Y-Hex7HexNAc7NeuAc3dHex2,Y,4608.308308,83624
YY-Hex7HexNAc7NeuAc3dHex1,YY,4420.203449,83624
Y-Hex7HexNAc6NeuAc3dHex2,Y,4363.181985,83624
YY-Hex7HexNAc6NeuAc3dHex1,YY,4175.077126,83624
YY-Hex9HexNAc8NeuAc2dHex2,YY,4886.444861,83624
YY-Hex8HexNAc8NeuAc2dHex2,YY,4682.345087,83624
YY-Hex8HexNAc7NeuAc2dHex2,YY,4437.218764,83624
YY-Hex7HexNAc7NeuAc2dHex2,YY,4233.118991,83624
YY-Hex7HexNAc7NeuAc2dHex2,YY,4233.118991,83624
YY-Hex7HexNAc6NeuAc2dHex2,YY,3987.992668,83624
YY-Hex7HexNAc8NeuAc2dHex2,YY,4478.245313,83624
YY-Hex7HexNAc7NeuAc2dHex2,YY,4233.118991,83624
YY-Hex6HexNAc7NeuAc2dHex2,YY,4029.019217,83624
YY-Hex6HexNAc6NeuAc2dHex2,YY,3783.892894,83624
YY-Hex7HexNAc6NeuAc2dHex2,YY,3987.992668,83624
YY-Hex6HexNAc6NeuAc2dHex2,YY,3783.892894,83624
YY-Hex6HexNAc5NeuAc2dHex2,YY,3538.766572,83624
YY-Hex5HexNAc6NeuAc2dHex2,YY,3579.793121,83624
YY-Hex5HexNAc5NeuAc2dHex2,YY,3334.666798,83624
YY-Hex5HexNAc4NeuAc2dHex2,YY,3089.540475,83624
Y-Hex4HexNAc4NeuAc2dHex2,Y,2899.456352,83624
YY-Hex4HexNAc4NeuAc2dHex1,YY,2711.351493,83624
Y-Hex9HexNAc8NeuAc3dHex2,Y,5261.634178,83624
YY-Hex9HexNAc8NeuAc3dHex1,YY,5073.529319,83624
YY-Hex9HexNAc8NeuAc2dHex2,YY,4886.444861,83624
YY-Hex8HexNAc8NeuAc2dHex2,YY,4682.345087,83624
YY-Hex8HexNAc7NeuAc2dHex2,YY,4437.218764,83624
YY-Hex7HexNAc7NeuAc2dHex2,YY,4233.118991,83624
YY-Hex7HexNAc6NeuAc2dHex2,YY,3987.992668,83624
YY-Hex4HexNAc4NeuAc1dHex2,YY,2524.267035,83624
Y-Hex8HexNAc8NeuAc3dHex2,Y,5057.534404,83624
YY-Hex8HexNAc8NeuAc3dHex1,YY,4869.429545,83624
YY-Hex8HexNAc8NeuAc2dHex2,YY,4682.345087,83624
YY-Hex7HexNAc8NeuAc2dHex2,YY,4478.245313,83624
YY-Hex7HexNAc7NeuAc2dHex2,YY,4233.118991,83624
YY-Hex6HexNAc7NeuAc2dHex2,YY,4029.019217,83624
YY-Hex6HexNAc6NeuAc2dHex2,YY,3783.892894,83624
YY-Hex3HexNAc4NeuAc1dHex2,YY,2320.167261,83624
Y-Hex8HexNAc7NeuAc3dHex2,Y,4812.408081,83624
YY-Hex8HexNAc7NeuAc3dHex1,YY,4624.303222,83624
YY-Hex8HexNAc7NeuAc2dHex2,YY,4437.218764,83624
YY-Hex7HexNAc7NeuAc2dHex2,YY,4233.118991,83624
YY-Hex7HexNAc6NeuAc2dHex2,YY,3987.992668,83624
YY-Hex6HexNAc6NeuAc2dHex2,YY,3783.892894,83624
YY-Hex6HexNAc5NeuAc2dHex2,YY,3538.766572,83624
YY-Hex3HexNAc3NeuAc1dHex2,YY,2075.040938,83624
Y-Hex9HexNAc8NeuAc4dHex1,Y,5448.718635,83624
YY-Hex9HexNAc8NeuAc4,YY,5260.613776,83624
YY-Hex9HexNAc8NeuAc3dHex1,YY,5073.529319,83624
YY-Hex8HexNAc8NeuAc3dHex1,YY,4869.429545,83624
YY-Hex8HexNAc7NeuAc3dHex1,YY,4624.303222,83624
YY-Hex7HexNAc7NeuAc3dHex1,YY,4420.203449,83624
YY-Hex7HexNAc6NeuAc3dHex1,YY,4175.077126,83624
YY-Hex4HexNAc4NeuAc2dHex1,YY,2711.351493,83624
YY-Hex9HexNAc8NeuAc3dHex1,YY,5073.529319,83624
YY-Hex8HexNAc8NeuAc3dHex1,YY,4869.429545,83624
YY-Hex8HexNAc7NeuAc3dHex1,YY,4624.303222,83624
Y-Hex9HexNAc8NeuAc3dHex2,Y,5261.634178,83624
YY-Hex9HexNAc8NeuAc3dHex1,YY,5073.529319,83624
YY-Hex9HexNAc8NeuAc2dHex2,YY,4886.444861,83624
YY-Hex8HexNAc8NeuAc2dHex2,YY,4682.345087,83624
YY-Hex8HexNAc7NeuAc2dHex2,YY,4437.218764,83624
YY-Hex7HexNAc7NeuAc2dHex2,YY,4233.118991,83624
YY-Hex7HexNAc6NeuAc2dHex2,YY,3987.992668,83624
YY-Hex4HexNAc4NeuAc1dHex2,YY,2524.267035,83624
YY-Hex9HexNAc8NeuAc2dHex2,YY,4886.444861,83624
YY-Hex8HexNAc8NeuAc2dHex2,YY,4682.345087,83624
YY-Hex8HexNAc7NeuAc2dHex2,YY,4437.218764,83624
YY-Hex9HexNAc8NeuAc3dHex1,YY,5073.529319,83624
Y-Hex8HexNAc8NeuAc3dHex2,Y,5057.534404,83624
YY-Hex8HexNAc8NeuAc3dHex1,YY,4869.429545,83624
YY-Hex8HexNAc8NeuAc2dHex2,YY,4682.345087,83624
YY-Hex7HexNAc8NeuAc2dHex2,YY,4478.245313,83624
YY-Hex7HexNAc7NeuAc2dHex2,YY,4233.118991,83624
YY-Hex7HexNAc7NeuAc2dHex2,YY,4233.118991,83624
YY-Hex6HexNAc7NeuAc2dHex2,YY,4029.019217,83624
YY-Hex6HexNAc6NeuAc2dHex2,YY,3783.892894,83624
YY-Hex3HexNAc4NeuAc1dHex2,YY,2320.167261,83624
YY-Hex8HexNAc8NeuAc2dHex2,YY,4682.345087,83624
YY-Hex7HexNAc8NeuAc2dHex2,YY,4478.245313,83624
YY-Hex7HexNAc7NeuAc2dHex2,YY,4233.118991,83624
YY-Hex8HexNAc8NeuAc3dHex1,YY,4869.429545,83624
Y-Hex8HexNAc7NeuAc3dHex1,Y,4638.318872,83624
YY-Hex8HexNAc7NeuAc3,YY,4450.214013,83624
YY-Hex8HexNAc7NeuAc2dHex1,YY,4263.129555,83624
YY-Hex7HexNAc7NeuAc2dHex1,YY,4059.029782,83624
YY-Hex7HexNAc6NeuAc2dHex1,YY,3813.903459,83624
Y-Hex6HexNAc6NeuAc2dHex1,Y,3623.819335,83624
YY-Hex6HexNAc6NeuAc2,YY,3435.714476,83624
YY-Hex8HexNAc7NeuAc2dHex1,YY,4263.129555,83624
YY-Hex6HexNAc6NeuAc1dHex1,YY,3248.630019,83624
YY-Hex7HexNAc7NeuAc2dHex1,YY,4059.029782,83624
YY-Hex5HexNAc6NeuAc1dHex1,YY,3044.530245,83624
YY-Hex7HexNAc6NeuAc2dHex1,YY,3813.903459,83624
YY-Hex7HexNAc6NeuAc2dHex1,YY,3813.903459,83624
YY-Hex5HexNAc5NeuAc1dHex1,YY,2799.403922,83624
YY-Hex6HexNAc6NeuAc2dHex1,YY,3609.803685,83624
YY-Hex4HexNAc5NeuAc1dHex1,YY,2595.304149,83624
YY-Hex6HexNAc5NeuAc2dHex1,YY,3364.677363,83624
YY-Hex4HexNAc4NeuAc1dHex1,YY,2350.177826,83624
YY-Hex3HexNAc3NeuAc1dHex1,YY,1900.95173,83624
YY-Hex1HexNAc2dHex1,YY,886.4521927,83624
Y-HexNAc2dHex1,Y,696.3680691,83624
YY-HexNAc2,YY,508.2632101,83624
Y-HexNAc1dHex1,Y,451.2417464,83624
YY-HexNAc1,YY,263.1368874,83624
Hex10HexNAc1-B,B,2300.139709,210000
Y-Hex9HexNAc1-B,BY,2082.024285,210000
Y-Hex8HexNAc1-B,BY,1877.924512,210000
Y-Hex7HexNAc1-B,BY,1673.824738,210000
Y-Hex9HexNAc1-B,BY,2082.024285,210000
Y-Hex8HexNAc1-B,BY,1877.924512,210000
Y-Hex7HexNAc1-B,BY,1673.824738,210000
Y-Hex9HexNAc1-B,BY,2082.024285,210000
Y-Hex8HexNAc1-B,BY,1877.924512,210000
Y-Hex4HexNAc1-B,BY,1061.525417,210000
Y-HexNAc1-B,BY,245.1263227,210000
Hex10-B,B,2055.013386,210000
Y-Hex9-B,BY,1836.897963,210000
Y-Hex8-B,BY,1632.798189,210000
Y-Hex7-B,BY,1428.698415,210000
Y-Hex9-B,BY,1836.897963,210000
Y-Hex8-B,BY,1632.798189,210000
Y-Hex7-B,BY,1428.698415,210000
Y-Hex9-B,BY,1836.897963,210000
Y-Hex8-B,BY,1632.798189,210000
Y-Hex4-B,BY,816.3990945,210000
Hex1-B,B,218.1154237,210000
Hex6-B,B,1238.614292,210000
Y-Hex5-B,BY,1020.498868,210000
Y-Hex4-B,BY,816.3990945,210000
Y-Hex3-B,BY,612.2993209,210000
Y-Hex5-B,BY,1020.498868,210000
Y-Hex4-B,BY,816.3990945,210000
Hex2-B,B,422.2151973,210000
Hex3-B,B,626.3149709,210000
Y-Hex2-B,BY,408.1995472,210000
Y-Hex1-B,BY,204.0997736,210000
Hex10HexNAc2,NA,2577.292246,210000
Y-Hex9HexNAc2,Y,2359.176823,210000
Y-Hex8HexNAc2,Y,2155.077049,210000
Y-Hex7HexNAc2,Y,1950.977276,210000
Y-Hex9HexNAc2,Y,2359.176823,210000
YY-Hex8HexNAc2,YY,2141.061399,210000
YY-Hex7HexNAc2,YY,1936.961625,210000
YY-Hex6HexNAc2,YY,1732.861852,210000
Y-Hex8HexNAc2,Y,2155.077049,210000
YY-Hex7HexNAc2,YY,1936.961625,210000
YY-Hex6HexNAc2,YY,1732.861852,210000
YY-Hex5HexNAc2,YY,1528.762078,210000
Y-Hex7HexNAc2,Y,1950.977276,210000
YY-Hex6HexNAc2,YY,1732.861852,210000
YY-Hex5HexNAc2,YY,1528.762078,210000
YY-Hex4HexNAc2,YY,1324.662305,210000
Y-Hex9HexNAc2,Y,2359.176823,210000
YY-Hex8HexNAc2,YY,2141.061399,210000
YY-Hex7HexNAc2,YY,1936.961625,210000
YY-Hex6HexNAc2,YY,1732.861852,210000
Y-Hex8HexNAc2,Y,2155.077049,210000
YY-Hex7HexNAc2,YY,1936.961625,210000
YY-Hex6HexNAc2,YY,1732.861852,210000
YY-Hex5HexNAc2,YY,1528.762078,210000
YY-Hex8HexNAc2,YY,2141.061399,210000
YY-Hex7HexNAc2,YY,1936.961625,210000
YY-Hex7HexNAc2,YY,1936.961625,210000
YY-Hex6HexNAc2,YY,1732.861852,210000
YY-Hex5HexNAc2,YY,1528.762078,210000
Y-Hex4HexNAc2,Y,1338.677955,210000
YY-Hex3HexNAc2,YY,1120.562531,210000
YY-Hex2HexNAc2,YY,916.4627574,210000
YY-Hex1HexNAc2,YY,712.3629838,210000
Y-HexNAc2,Y,522.2788602,210000
Y-HexNAc1,Y,277.1525375,210000
