Condensed IUPAC,Composition,Numerical Composition,Species,ref,glytoucan_id,glycan_type
Man(a1-2)Man(a1-3)[Man(a1-3)[Man(a1-6)]Man(a1-6)]Man(b1-4)GlcNAc(b1-4)GlcNAc,"{'Hex': 6, 'HexNAc': 2}",26000,"['Adeno-associated_dependoparvovirusA', 'Angiostrongylus_cantonensis', 'Apis_mellifera', 'Arabidopsis_thaliana', 'Bombyx_mori', 'Bos_taurus', 'Brugia_malayi', 'Camelus_dromedarius', 'Candida_albicans', 'Canis_familiaris', 'Capra_hircus', 'Colinus_virginianus', 'Cornu_aspersum', 'Coturnix_japonica', 'Cricetulus_griseus', 'Danio_rerio', 'Drosophila_melanogaster', 'Equus_asinus', 'Fasciola_hepatica', 'Gallus_domesticus', 'Gallus_gallus', 'Glossina_morsitans', 'Glycine_max', 'Homo_sapiens', 'Lutzomyia_longipalpis', 'Macaca_mulatta', 'Mus_musculus', 'Onchocerca_volvulus', 'Onchocerca_volvulus', 'Oryctolagus_cuniculus', 'Ovis_aries', 'Pan_troglodytes', 'Phaeodactylum_tricornutum', 'Phaseolus_vulgaris', 'Prunus_persica', 'Rattus_norvegicus', 'Ricinus_communis', 'Scincus_scincus', 'Sus_scrofa', 'Trichuris_suis', 'Viscum_album', 'ZikaVirus', 'Ramazzottius_varieornatus', 'Hypsibius_exemplaris', 'Aspergillus_niger', 'Aspergillus_awamori', 'Mesocricetus_auratus', 'Trypanosoma_conorhini', 'Trypanosoma_cruzi', 'Trypanosoma_dionisii', 'Abrus_precatorius', 'Spodoptera_frugiperda', 'Leishmania_adleri', 'Leptomonas_samueli', 'Canis_lupus', 'Herpetomonas_samuelpessoai', 'Artemisia_vulgaris', 'Mamestra_brassicae', 'Leishmania_mexicana', 'Torpedo_californica', 'Platanus_occidentalis', 'Trypanosoma_brucei', 'Phaseolus_coccineus', 'Asterias_rubens', 'Oryza_sativa', 'Pisum_sativum', 'Carica_papaya', 'Macaca_fascicularis', 'Olea_europaea', 'Carpinus_betulus', 'Aesculus_hippocastanum', 'Trichoplusia_ni', 'Acer_pseudoplatanus', 'Nicotiana_alata', 'Saccharomyces_cerevisiae', 'Herpetomonas_pessoai']","['https://pubmed.ncbi.nlm.nih.gov/37774344/', 'https://pubmed.ncbi.nlm.nih.gov/26650734/', '', 'https://pubmed.ncbi.nlm.nih.gov/35421698/', 'https://pubmed.ncbi.nlm.nih.gov/35397991/', 'https://pubmed.ncbi.nlm.nih.gov/36809004/', 'https://www.ncbi.nlm.nih.gov/pmc/articles/PMC9046957/', 'https://pubmed.ncbi.nlm.nih.gov/27428249/', '', 'https://pubmed.ncbi.nlm.nih.gov/35882911/', 'https://pubmed.ncbi.nlm.nih.gov/37972931/', 'https://pubmed.ncbi.nlm.nih.gov/30537828/', 'https://glycopost.glycosmos.org/entry/GPST000297', 'https://pubmed.ncbi.nlm.nih.gov/30537828/', 'https://pubmed.ncbi.nlm.nih.gov/36068283/', 'https://pubmed.ncbi.nlm.nih.gov/36509839/', 'https://pubmed.ncbi.nlm.nih.gov/17893096/', 'https://pubmed.ncbi.nlm.nih.gov/36155291/', 'https://pubmed.ncbi.nlm.nih.gov/37993102/', 'https://pubmed.ncbi.nlm.nih.gov/37972931/', '', 'https://pubmed.ncbi.nlm.nih.gov/33529215/', '', 'https://pubmed.ncbi.nlm.nih.gov/32737218/', 'https://pubmed.ncbi.nlm.nih.gov/32737362/', 'https://pubmed.ncbi.nlm.nih.gov/36711977/', 'https://pubmed.ncbi.nlm.nih.gov/37875230/', 'https://pubmed.ncbi.nlm.nih.gov/36949937/', 'https://www.frontiersin.org/articles/10.3389/fimmu.2023.1102344/abstract', 'https://pubmed.ncbi.nlm.nih.gov/33554253/', 'https://pubmed.ncbi.nlm.nih.gov/37972931/', 'https://pubmed.ncbi.nlm.nih.gov/36711977/', 'https://pubmed.ncbi.nlm.nih.gov/33673983/', '', 'https://pubmed.ncbi.nlm.nih.gov/36541565/', 'https://pubmed.ncbi.nlm.nih.gov/36711977/', '', 'https://pubmed.ncbi.nlm.nih.gov/27030038/', 'https://pubmed.ncbi.nlm.nih.gov/36809004/', 'https://pubmed.ncbi.nlm.nih.gov/26650734/', '', 'https://pubmed.ncbi.nlm.nih.gov/33664361/', 'https://pubmed.ncbi.nlm.nih.gov/40306492/', 'https://pubmed.ncbi.nlm.nih.gov/40306492/', 'gwb', 'gwb', 'gwb', 'gwb', 'gwb', 'gwb', 'gwb', 'gwb', 'gwb', 'gwb', 'gwb', 'gwb', 'gwb', 'gwb', 'gwb', 'gwb', 'gwb', 'gwb', 'gwb', 'gwb', 'gwb', 'gwb', 'gwb', 'gwb', 'gwb', 'gwb', 'gwb', 'gwb', 'gwb', 'gwb', 'gwb', 'gwb']",G96417BZ,N
Man(a1-2)Man(a1-2)Man(a1-3)[Man(a1-2)Man(a1-3)[Man(a1-2)Man(a1-6)]Man(a1-6)]Man(b1-4)GlcNAc(b1-4)GlcNAc,"{'Hex': 9, 'HexNAc': 2}",29000,"['Acanthocheilonema_viteae', 'Apis_mellifera', 'Arabidopsis_thaliana', 'Bombyx_mori', 'Bos_taurus', 'Brugia_malayi', 'Canis_familiaris', 'Capra_hircus', 'Cornu_aspersum', 'Crassostrea_gigas', 'Cricetulus_griseus', 'Danio_rerio', 'Drosophila_melanogaster', 'Equus_asinus', 'Fasciola_hepatica', 'Gallus_domesticus', 'Gallus_gallus', 'Hippopus_hippopus', 'Homo_sapiens', 'Larus_crassirostris', 'Macaca_mulatta', 'Mus_musculus', 'Mustela_furo', 'Onchocerca_volvulus', 'Onchocerca_volvulus', 'Ostrea_edulis', 'Ovis_aries', 'Pan_troglodytes', 'Parelaphostrongylus_tenuis', 'Penicillium_dierckxii', 'Penicillium_nordicum', 'Penicillium_verrucosum', 'Phaseolus_lunatus', 'Phaseolus_vulgaris', 'Prunus_persica', 'Rattus_norvegicus', 'Schizosaccharomyces_pombe', 'Scincus_scincus', 'Sus_scrofa', 'Trichuris_suis', 'Ramazzottius_varieornatus', 'Hypsibius_exemplaris', 'Crithidia_fasciculata', 'Trypanosoma_conorhini', 'Trypanosoma_cruzi', 'Trypanosoma_dionisii', 'Herpetomonas_samuelpessoai', 'Volvox_carteri', 'Leptomonas_samueli', 'Leishmania_adleri', 'Herpetomonas_muscarum', 'Herpetomonas_pessoai', 'Manduca_sexta', 'Glycine_max', 'Aspergillus_niger', 'Spodoptera_frugiperda', 'Fowl_plague_virus', 'Mesocricetus_auratus', 'Artemisia_vulgaris', 'Mamestra_brassicae', 'Leishmania_mexicana', 'Torpedo_californica', 'Vigna_radiata', 'Lens_culinaris', 'Trypanosoma_brucei', 'Phaseolus_coccineus', 'Vesicular_stomatitis_virus', 'Cavia_porcellus', 'Carica_papaya', 'Olea_europaea', 'Betula_pubescens', 'Androctonus_australis', 'Trichoplusia_ni', 'Nicotiana_alata', 'Canavalia_ensiformis', 'Blattella_germanica', 'Oryza_sativa', 'Asterias_amurensis', 'Ricinus_communis', 'Coturnix_japonica']","['https://pubmed.ncbi.nlm.nih.gov/9108548/', '', 'https://pubmed.ncbi.nlm.nih.gov/26001781/', 'https://pubmed.ncbi.nlm.nih.gov/35397991/', 'https://pubmed.ncbi.nlm.nih.gov/36809004/', 'https://www.ncbi.nlm.nih.gov/pmc/articles/PMC9046957/', 'https://pubmed.ncbi.nlm.nih.gov/35882911/', 'https://pubmed.ncbi.nlm.nih.gov/38096130/', 'https://glycopost.glycosmos.org/entry/GPST000297', 'https://www.mdpi.com/1660-3397/21/6/342', 'https://pubmed.ncbi.nlm.nih.gov/36388954/', 'https://pubmed.ncbi.nlm.nih.gov/36509839/', 'https://pubmed.ncbi.nlm.nih.gov/17893096/', 'https://pubmed.ncbi.nlm.nih.gov/36155291/', 'https://pubmed.ncbi.nlm.nih.gov/37993102/', 'https://pubmed.ncbi.nlm.nih.gov/27459092/', 'https://pubmed.ncbi.nlm.nih.gov/35804766/', 'https://pubmed.ncbi.nlm.nih.gov/7588729/', 'https://pubmed.ncbi.nlm.nih.gov/32737218/', 'https://pubmed.ncbi.nlm.nih.gov/19240272/', 'https://pubmed.ncbi.nlm.nih.gov/36711977/', 'https://pubmed.ncbi.nlm.nih.gov/37875230/', 'https://pubmed.ncbi.nlm.nih.gov/25135641/', 'https://pubmed.ncbi.nlm.nih.gov/36949937/', 'https://www.frontiersin.org/articles/10.3389/fimmu.2023.1102344/abstract', 'https://www.mdpi.com/1660-3397/21/6/342', 'https://pubmed.ncbi.nlm.nih.gov/38287599/', 'https://pubmed.ncbi.nlm.nih.gov/36711977/', 'https://pubmed.ncbi.nlm.nih.gov/16704967/', 'https://pubmed.ncbi.nlm.nih.gov/26515459/', 'https://pubmed.ncbi.nlm.nih.gov/26515459/', 'https://pubmed.ncbi.nlm.nih.gov/26515459/', '', '', 'https://pubmed.ncbi.nlm.nih.gov/36541565/', 'https://pubmed.ncbi.nlm.nih.gov/36711977/', 'https://pubmed.ncbi.nlm.nih.gov/10207182/', 'https://pubmed.ncbi.nlm.nih.gov/27030038/', 'https://pubmed.ncbi.nlm.nih.gov/34985888/', 'https://pubmed.ncbi.nlm.nih.gov/26650734/', 'https://pubmed.ncbi.nlm.nih.gov/40306492/', 'https://pubmed.ncbi.nlm.nih.gov/40306492/', 'gwb', 'gwb', 'gwb', 'gwb', 'gwb', 'gwb', 'gwb', 'gwb', 'gwb', 'gwb', 'gwb', 'gwb', 'gwb', 'gwb', 'gwb', 'gwb', 'gwb', 'gwb', 'gwb', 'gwb', 'gwb', 'gwb', 'gwb', 'gwb', 'gwb', 'gwb', 'gwb', 'gwb', 'gwb', 'gwb', 'gwb', 'gwb', 'gwb', 'gwb', 'gwb', 'gwb', 'gwb', 'gwb']",G77301ZL,N
Man(a1-3)[Man(a1-6)]Man(a1-6)[Man(a1-3)]Man(b1-4)GlcNAc(b1-4)GlcNAc,"{'Hex': 5, 'HexNAc': 2}",25000,"['Abrus_precatorius', 'Adeno-associated_dependoparvovirusA', 'Anacardium_occidentale', 'Angiostrongylus_cantonensis', 'Arabidopsis_thaliana', 'Bombyx_mori', 'Bos_grunniens', 'Bos_taurus', 'Brugia_malayi', 'Callipepla_squamata', 'Camelus_dromedarius', 'Canis_familiaris', 'Capra_hircus', 'Colinus_virginianus', 'Corylus_avellana', 'Coturnix_japonica', 'Cricetulus_griseus', 'Cryptosporidium_parvum', 'Danio_rerio', 'Desmodus_rotundus', 'Drosophila_melanogaster', 'Equus_asinus', 'Fasciola_hepatica', 'Gallus_domesticus', 'Gallus_gallus', 'Glycine_max', 'Helix_lucorum', 'Homo_sapiens', 'Juglans_regia', 'Macaca_mulatta', 'Mus_musculus', 'Mustela_furo', 'Onchocerca_volvulus', 'Onchocerca_volvulus', 'Oreortyx_pictus', 'Oryctolagus_cuniculus', 'Ovis_aries', 'Parelaphostrongylus_tenuis', 'Penicillium_dierckxii', 'Phaeodactylum_tricornutum', 'Pinus_pinea', 'Pistacia_vera', 'Prunus_dulcis_sativa', 'Prunus_persica', 'Rana_pipiens', 'Rattus_norvegicus', 'Scincus_scincus', 'Sus_scrofa', 'Sympodiomycopsis_paphiopedili', 'Trichuris_suis', 'Trypanosoma_congolense', 'ZikaVirus', 'Ramazzottius_varieornatus', 'Hypsibius_exemplaris', 'Felis_catus', 'Cavia_porcellus', 'Saccharomyces_cerevisiae', 'Phaseolus_vulgaris', 'Aspergillus_oryzae', 'Mesocricetus_auratus', 'Escherichia_coli', 'Aspergillus_niger', 'Vesicular_stomatitis_virus', 'Spodoptera_frugiperda', 'Apis_mellifera', 'Aspergillus_phoenicis', 'Artemisia_vulgaris', 'Mamestra_brassicae', 'Torpedo_californica', 'Ricinus_communis', 'Panulirus_interruptus', 'Platanus_occidentalis', 'Phaseolus_coccineus', 'Nicotiana_alata', 'Oryza_sativa', 'Pisum_sativum', 'Viscum_album', 'Carica_papaya', 'Carpinus_betulus', 'Trichoplusia_ni', 'Aesculus_hippocastanum', 'Acer_pseudoplatanus']","['', 'https://pubmed.ncbi.nlm.nih.gov/37774344/', 'https://pubmed.ncbi.nlm.nih.gov/35231713/', 'https://pubmed.ncbi.nlm.nih.gov/26650734/', 'https://pubmed.ncbi.nlm.nih.gov/26001781/', 'https://pubmed.ncbi.nlm.nih.gov/35397991/', 'https://pubmed.ncbi.nlm.nih.gov/34973737/', 'https://pubmed.ncbi.nlm.nih.gov/34973737/', 'https://www.ncbi.nlm.nih.gov/pmc/articles/PMC9046957/', 'https://pubmed.ncbi.nlm.nih.gov/30537828/', 'https://pubmed.ncbi.nlm.nih.gov/27428249/', 'https://pubmed.ncbi.nlm.nih.gov/35882911/', 'https://pubmed.ncbi.nlm.nih.gov/37972931/', 'https://pubmed.ncbi.nlm.nih.gov/30537828/', 'https://pubmed.ncbi.nlm.nih.gov/35231713/', 'https://pubmed.ncbi.nlm.nih.gov/30537828/', 'https://pubmed.ncbi.nlm.nih.gov/36068283/', 'https://www.jbc.org/article/S0021-9258(23)00138-2/fulltext', 'https://pubmed.ncbi.nlm.nih.gov/36509839/', 'https://pubmed.ncbi.nlm.nih.gov/9061366/', '', 'https://pubmed.ncbi.nlm.nih.gov/36155291/', 'https://pubmed.ncbi.nlm.nih.gov/37993102/', 'https://pubmed.ncbi.nlm.nih.gov/27459092/', 'https://pubmed.ncbi.nlm.nih.gov/35136109/', 'https://pubmed.ncbi.nlm.nih.gov/35231713/', 'https://www.mdpi.com/2218-273X/10/11/1470', 'https://pubmed.ncbi.nlm.nih.gov/32737218/', 'https://pubmed.ncbi.nlm.nih.gov/35231713/', 'https://pubmed.ncbi.nlm.nih.gov/36131114/', 'https://pubmed.ncbi.nlm.nih.gov/37875230/', 'https://pubmed.ncbi.nlm.nih.gov/30315103/', 'https://pubmed.ncbi.nlm.nih.gov/36949937/', 'https://www.frontiersin.org/articles/10.3389/fimmu.2023.1102344/abstract', 'https://pubmed.ncbi.nlm.nih.gov/30537828/', 'https://pubmed.ncbi.nlm.nih.gov/33554253/', 'https://pubmed.ncbi.nlm.nih.gov/36809004/', 'https://pubmed.ncbi.nlm.nih.gov/16704967/', '', 'https://pubmed.ncbi.nlm.nih.gov/33673983/', 'https://pubmed.ncbi.nlm.nih.gov/35231713/', 'https://pubmed.ncbi.nlm.nih.gov/35231713/', 'https://pubmed.ncbi.nlm.nih.gov/35231713/', 'https://pubmed.ncbi.nlm.nih.gov/35231713/', 'https://pubmed.ncbi.nlm.nih.gov/8400551/', 'https://pubmed.ncbi.nlm.nih.gov/9490042/', 'https://pubmed.ncbi.nlm.nih.gov/27030038/', 'https://pubmed.ncbi.nlm.nih.gov/37972931/', 'https://pubmed.ncbi.nlm.nih.gov/28384382/', 'https://pubmed.ncbi.nlm.nih.gov/26650734/', 'https://pubmed.ncbi.nlm.nih.gov/35995210/', 'https://pubmed.ncbi.nlm.nih.gov/33664361/', 'https://pubmed.ncbi.nlm.nih.gov/40306492/', 'https://pubmed.ncbi.nlm.nih.gov/40306492/', 'gwb', 'gwb', 'gwb', 'gwb', 'gwb', 'gwb', 'gwb', 'gwb', 'gwb', 'gwb', 'gwb', 'gwb', 'gwb', 'gwb', 'gwb', 'gwb', 'gwb', 'gwb', 'gwb', 'gwb', 'gwb', 'gwb', 'gwb', 'gwb', 'gwb', 'gwb', 'gwb', 'gwb']",G77007QN,N
Man(a1-3)[Man(a1-6)]Man(b1-4)GlcNAc(b1-4)GlcNAc,"{'Hex': 3, 'HexNAc': 2}",23000,"['Acanthocheilonema_viteae', 'Adeno-associated_dependoparvovirusA', 'Aedes_aegypti', 'Agelenopsis_aperta', 'Angiostrongylus_cantonensis', 'Anopheles_gambiae', 'Antheraea_pernyi', 'Apis_mellifera', 'Arabidopsis_thaliana', 'Armoracia_rusticana', 'Ascaris_suum', 'Aspergillus_nidulans', 'Aspergillus_niger', 'Aspergillus_terreus', 'AvianInfluenzaA_Virus', 'Bombyx_mori', 'Bos_taurus', 'Breviolum_minutum', 'Brugia_malayi', 'Caenorhabditis_elegans', 'Callipepla_squamata', 'Capra_hircus', 'Cardicola_forsteri', 'Colinus_virginianus', 'Corylus_avellana', 'Coturnix_coturnix', 'Coturnix_japonica', 'Crassostrea_gigas', 'Cricetulus_griseus', 'Danio_rerio', 'Dictyocaulus_viviparus', 'Drosophila_melanogaster', 'Entamoeba_histolytica', 'Equus_asinus', 'Fasciola_hepatica', 'Felis_catus', 'Gallus_gallus', 'Glossina_morsitans', 'Haemonchus_contortus', 'Heligmosomoides_polygyrus', 'Helix_pomatia', 'Homo_sapiens', 'HumanImmunoDeficiency_Virus', 'Ixodes_scapularis', 'Juglans_regia', 'Komagataella_pastoris', 'Leptinotarsa_decemlineata', 'Lupinus_luteus', 'Lutzomyia_longipalpis', 'Lymantria_dispar', 'Mamestra_brassicae', 'Megathura_crenulata', 'Mus_musculus', 'Nicotiana_alata', 'Nilaparvata_lugens', 'Oesophagostomum_dentatum', 'Ogataea_polymorpha', 'Onchocerca_volvulus', 'Onchocerca_volvulus', 'Ophiactis_savignyi', 'Opisthorchis_viverrini', 'Oreortyx_pictus', 'Oryzias_latipes', 'Ostrea_edulis', 'Ovis_aries', 'Penicillium_decumbens', 'Penicillium_oxalicum', 'Phaseolus_vulgaris', 'Physcomitrella_patens', 'Pisum_sativum', 'Pithecopus_azureus', 'Pristionchus_pacificus', 'Prunus_dulcis_sativa', 'Prunus_persica', 'Rana_pipiens', 'Rapana_venosa', 'Rattus_norvegicus', 'SARS_CoV2', 'Saccharomyces_cerevisiae', 'Schistosoma_mansoni', 'Schizosaccharomyces_pombe', 'Schmidtea_mediterranea', 'SemlikiForest_Virus', 'Spodoptera_frugiperda', 'Sus_scrofa', 'Sympodiomycopsis_paphiopedili', 'Synsepalum_dulcificum', 'Tick_borne_encephalitis_virus', 'Toxocara_canis', 'Tribolium_castaneum', 'Trichinella_spiralis', 'Trichoplusia_ni', 'Trichuris_suis', 'Trypanosoma_cruzi', 'Vespula_vulgaris', 'Volvarina_rubella', 'Yarrowia_lipolytica', 'undetermined', 'Ramazzottius_varieornatus', 'Hypsibius_exemplaris', 'Rana_temporaria', 'Anas_platyrhynchos', 'Lonchocarpus_capassa', 'Phaseolus_lunatus', 'Platanus_occidentalis', 'Vicia_faba', 'Lens_culinaris', 'Phaseolus_coccineus', 'Tetrahymena_pyriformis', 'Wisteria_floribunda', 'Scomber_japonicus', 'Canis_lupus', 'Limulus_polyphemus', 'Aedes_albopictus', 'Oryctolagus_cuniculus', 'Solanum_lycopersicum', 'Acer_pseudoplatanus', 'Cynodon_dactylon', 'Styphnolobium_japonicum', 'Vigna_unguiculata_subsp._cylindrica']","['https://pubmed.ncbi.nlm.nih.gov/9108548/', 'https://pubmed.ncbi.nlm.nih.gov/37774344/', 'https://pubmed.ncbi.nlm.nih.gov/26047717/', '', 'https://pubmed.ncbi.nlm.nih.gov/27107931/', 'https://pubmed.ncbi.nlm.nih.gov/26047717/', 'https://pubmed.ncbi.nlm.nih.gov/12626419/', '', 'https://pubmed.ncbi.nlm.nih.gov/26001781/', 'https://pubmed.ncbi.nlm.nih.gov/9451502/', 'https://pubmed.ncbi.nlm.nih.gov/17181538/', 'https://pubmed.ncbi.nlm.nih.gov/24076077/', 'https://pubmed.ncbi.nlm.nih.gov/24076077/', 'https://pubmed.ncbi.nlm.nih.gov/30387766/', 'https://pubmed.ncbi.nlm.nih.gov/2407026/', 'https://pubmed.ncbi.nlm.nih.gov/12626419/', 'https://pubmed.ncbi.nlm.nih.gov/38184915/', 'https://doi.org/10.1007/s00248-020-01487-9', 'https://www.ncbi.nlm.nih.gov/pmc/articles/PMC9046957/', 'https://pubmed.ncbi.nlm.nih.gov/12038976/', 'https://pubmed.ncbi.nlm.nih.gov/30537828/', 'https://pubmed.ncbi.nlm.nih.gov/38287599/', 'https://www.sciencedirect.com/science/article/pii/S002075192100240X#t0012', 'https://pubmed.ncbi.nlm.nih.gov/30537828/', 'https://pubmed.ncbi.nlm.nih.gov/35231713/', 'https://pubmed.ncbi.nlm.nih.gov/2346940/', 'https://pubmed.ncbi.nlm.nih.gov/30537828/', 'https://www.mdpi.com/1660-3397/21/6/342', '', 'https://academic.oup.com/glycob/article/27/3/228/2656954', 'https://academic.oup.com/glycob/article/10/2/223/572358', '', 'https://pubmed.ncbi.nlm.nih.gov/18417475/', 'https://pubmed.ncbi.nlm.nih.gov/27550041/', 'https://pubmed.ncbi.nlm.nih.gov/27104959/', '', '', 'https://pubmed.ncbi.nlm.nih.gov/33529215/', 'https://pubmed.ncbi.nlm.nih.gov/25740940/', 'https://pubmed.ncbi.nlm.nih.gov/26688390/', '', 'https://pubmed.ncbi.nlm.nih.gov/32737218/', 'https://pubmed.ncbi.nlm.nih.gov/9530961/', 'https://pubmed.ncbi.nlm.nih.gov/20331643/', 'https://pubmed.ncbi.nlm.nih.gov/35231713/', 'https://pubmed.ncbi.nlm.nih.gov/30397726/', 'https://doi.org/10.1016/j.jinsphys.2019.03.009', 'https://pubmed.ncbi.nlm.nih.gov/11042390/', 'https://pubmed.ncbi.nlm.nih.gov/32737362/', 'https://pubmed.ncbi.nlm.nih.gov/28077298/', 'https://pubmed.ncbi.nlm.nih.gov/8311447/', 'https://pubmed.ncbi.nlm.nih.gov/12423344/', '', 'https://pubmed.ncbi.nlm.nih.gov/8922956/', 'https://pubmed.ncbi.nlm.nih.gov/30703540/', 'https://pubmed.ncbi.nlm.nih.gov/27751954/', 'https://pubmed.ncbi.nlm.nih.gov/26340101/', 'https://pubmed.ncbi.nlm.nih.gov/36949937/', 'https://www.frontiersin.org/articles/10.3389/fimmu.2023.1102344/abstract', 'https://pubmed.ncbi.nlm.nih.gov/32001617/', 'https://pubmed.ncbi.nlm.nih.gov/23174105/', 'https://pubmed.ncbi.nlm.nih.gov/30537828/', 'https://www.tandfonline.com/doi/full/10.1080/09553002.2021.1864500', 'https://www.mdpi.com/1660-3397/21/6/342', 'https://pubmed.ncbi.nlm.nih.gov/38287599/', '', '', 'https://pubmed.ncbi.nlm.nih.gov/8465965/', 'https://pubmed.ncbi.nlm.nih.gov/14566560/', '', 'https://pubmed.ncbi.nlm.nih.gov/35077806/', 'https://pubmed.ncbi.nlm.nih.gov/25639343/', 'https://pubmed.ncbi.nlm.nih.gov/35231713/', 'https://pubmed.ncbi.nlm.nih.gov/35231713/', '', 'https://www.sciencedirect.com/science/article/pii/S0006291X05007357', '', '', '', 'https://iai.asm.org/content/84/5/1371', 'https://www.ncbi.nlm.nih.gov/books/NBK453054/', 'https://pubmed.ncbi.nlm.nih.gov/29475940/', 'https://pubmed.ncbi.nlm.nih.gov/1729985/', 'https://pubmed.ncbi.nlm.nih.gov/8311447/', '', '', '', 'https://doi.org/10.1038/s41598-020-70082-2', 'https://pubmed.ncbi.nlm.nih.gov/23351972/', 'https://pubmed.ncbi.nlm.nih.gov/27731363/', 'https://pubmed.ncbi.nlm.nih.gov/10988255/', 'https://pubmed.ncbi.nlm.nih.gov/28077298/', 'https://pubmed.ncbi.nlm.nih.gov/26650734/', 'https://pubmed.ncbi.nlm.nih.gov/16045752/', 'https://pubmed.ncbi.nlm.nih.gov/16218950/', 'https://pubmed.ncbi.nlm.nih.gov/26598642/', 'https://pubmed.ncbi.nlm.nih.gov/30397726/', '', 'https://pubmed.ncbi.nlm.nih.gov/40306492/', 'https://pubmed.ncbi.nlm.nih.gov/40306492/', 'gwb', 'gwb', 'gwb', 'gwb', 'gwb', 'gwb', 'gwb', 'gwb', 'gwb', 'gwb', 'gwb', 'gwb', 'gwb', 'gwb', 'gwb', 'gwb', 'gwb', 'gwb', 'gwb', 'gwb']",G42730YE,N
Glc(a1-3)Man(a1-2)Man(a1-2)Man(a1-3)[Man(a1-2)Man(a1-3)[Man(a1-2)Man(a1-6)]Man(a1-6)]Man(b1-4)GlcNAc(b1-4)GlcNAc,"{'Hex': 10, 'HexNAc': 2}",210000,"['Aedes_aegypti', 'Antheraea_pernyi', 'Apis_mellifera', 'Arabidopsis_thaliana', 'Ascaris_suum', 'Aspergillus_niger', 'Asterias_amurensis', 'Asterias_rubens', 'Bombyx_mori', 'Bos_taurus', 'Brugia_malayi', 'Caenorhabditis_elegans', 'Canavalia_ensiformis', 'Capra_hircus', 'Cherax_quadricarinatus', 'Columba_livia', 'Coturnix_japonica', 'Crassostrea_gigas', 'Cricetulus_griseus', 'Danio_rerio', 'Drosophila_melanogaster', 'Equus_asinus', 'Gallus_domesticus', 'Gallus_gallus', 'Haemonchus_contortus', 'Holothuria_atria', 'Homo_sapiens', 'HumanInfluenzaA_Virus', 'Ixodes_scapularis', 'Larus_crassirostris', 'Leishmania_adleri', 'Leishmania_mexicana', 'Leptinotarsa_decemlineata', 'Locusta_migratoria', 'Lotus_japonicus', 'Lymantria_dispar', 'Macaca_mulatta', 'Mus_musculus', 'Nilaparvata_lugens', 'Onchocerca_volvulus', 'Onchocerca_volvulus', 'Ophiactis_savignyi', 'Opisthorchis_viverrini', 'Oryctolagus_cuniculus', 'Oryza_sativa', 'Oryzias_latipes', 'Ostrea_edulis', 'Ovis_aries', 'Pan_troglodytes', 'Phaseolus_vulgaris', 'Prunus_persica', 'Rattus_norvegicus', 'Riftia_pachyptila', 'Saccharomyces_cerevisiae', 'Schmidtea_mediterranea', 'Strigomonas_culicis', 'Strigomonas_samuelpessoai', 'Sus_scrofa', 'Tick_borne_encephalitis_virus', 'Tribolium_castaneum', 'Trichoplusia_ni', 'Trypanosoma_conorhini', 'Trypanosoma_cruzi', 'Trypanosoma_dionisii', 'Unio_elongatus', 'Vesicular_stomatitis_virus', 'undetermined', 'Ramazzottius_varieornatus', 'Hypsibius_exemplaris', 'Crithidia_fasciculata', 'Leptomonas_samueli', 'Herpetomonas_samuelpessoai', 'Herpetomonas_pessoai', 'Schizosaccharomyces_pombe', 'Amylomyces_rouxii']","['https://pubmed.ncbi.nlm.nih.gov/26047717/', 'https://pubmed.ncbi.nlm.nih.gov/12626419/', 'https://pubmed.ncbi.nlm.nih.gov/31398379/', 'https://pubmed.ncbi.nlm.nih.gov/35421698/', 'https://pubmed.ncbi.nlm.nih.gov/17181538/', '', '', 'https://pubmed.ncbi.nlm.nih.gov/3665939/', 'https://pubmed.ncbi.nlm.nih.gov/12626419/', 'https://pubmed.ncbi.nlm.nih.gov/38096130/', 'https://www.ncbi.nlm.nih.gov/pmc/articles/PMC9046957/', 'https://pubmed.ncbi.nlm.nih.gov/12038976/', 'https://pubmed.ncbi.nlm.nih.gov/10447685/', 'https://pubmed.ncbi.nlm.nih.gov/37972931/', 'https://pubmed.ncbi.nlm.nih.gov/15175255/', '', '', 'https://www.mdpi.com/1660-3397/21/6/342', '', 'https://academic.oup.com/glycob/article/27/3/228/2656954', 'https://pubmed.ncbi.nlm.nih.gov/17264077/', 'https://www.sciencedirect.com/science/article/pii/S0963996922009966', 'https://pubmed.ncbi.nlm.nih.gov/27459092/', '', 'https://pubmed.ncbi.nlm.nih.gov/34025939/', 'https://pubmed.ncbi.nlm.nih.gov/31969392/', 'https://pubmed.ncbi.nlm.nih.gov/36711977/', 'https://pubs.acs.org/doi/10.1021/acs.analchem.8b05372', 'https://pubmed.ncbi.nlm.nih.gov/20331643/', 'https://pubmed.ncbi.nlm.nih.gov/19240272/', '', '', 'https://doi.org/10.1016/j.jinsphys.2019.03.009', '', 'https://pubmed.ncbi.nlm.nih.gov/23799247/', 'https://pubmed.ncbi.nlm.nih.gov/28077298/', 'https://pubmed.ncbi.nlm.nih.gov/36711977/', 'https://pubmed.ncbi.nlm.nih.gov/38343116/', 'https://pubmed.ncbi.nlm.nih.gov/30703540/', 'https://pubmed.ncbi.nlm.nih.gov/36949937/', 'https://www.frontiersin.org/articles/10.3389/fimmu.2023.1102344/abstract', 'https://pubmed.ncbi.nlm.nih.gov/32001617/', 'https://pubmed.ncbi.nlm.nih.gov/23174105/', 'https://pubmed.ncbi.nlm.nih.gov/37972931/', 'https://pubmed.ncbi.nlm.nih.gov/2143471/', 'https://www.tandfonline.com/doi/full/10.1080/09553002.2021.1864500', 'https://www.mdpi.com/1660-3397/21/6/342', 'https://unicarb-dr.glycosmos.org/references/352', 'https://pubmed.ncbi.nlm.nih.gov/36711977/', '', 'https://pubmed.ncbi.nlm.nih.gov/36541565/', 'https://pubmed.ncbi.nlm.nih.gov/36711977/', 'https://pubmed.ncbi.nlm.nih.gov/9621107/', 'https://www.journal.csj.jp/doi/abs/10.1246/cl.150898', 'https://pubmed.ncbi.nlm.nih.gov/29475940/', '', '', '', 'https://doi.org/10.1038/s41598-020-70082-2', 'https://pubmed.ncbi.nlm.nih.gov/27731363/', 'https://pubmed.ncbi.nlm.nih.gov/28077298/', '', '', '', 'https://pubmed.ncbi.nlm.nih.gov/12151712/', '', '', 'https://pubmed.ncbi.nlm.nih.gov/40306492/', 'https://pubmed.ncbi.nlm.nih.gov/40306492/', 'gwb', 'gwb', 'gwb', 'gwb', 'gwb', 'gwb']",G24722YI,N
Gal(b1-4)GlcNAc(b1-2)Man(a1-3)[Gal(b1-4)GlcNAc(b1-2)Man(a1-6)]Man(b1-4)GlcNAc(b1-4)GlcNAc,"{'Hex': 5, 'HexNAc': 4}",45000,"['Angiostrongylus_cantonensis', 'AvianInfluenzaA_Virus', 'Bos_grunniens', 'Bos_taurus', 'Bothrops_cotiara', 'Breviolum_minutum', 'Bubalus_bubalis', 'Camelus_dromedarius', 'Canis_familiaris', 'Canis_lupus', 'Capra_hircus', 'Cavia_porcellus', 'Coturnix_japonica', 'Cricetulus_griseus', 'Ctenopharyngodon_idella', 'Danio_rerio', 'Desmodus_rotundus', 'Equus_asinus', 'Equus_caballus', 'Fasciola_hepatica', 'Felis_catus', 'Gallus_domesticus', 'Gallus_gallus', 'Ginglymostoma_cirratum', 'Hepatitis_B_virus', 'Homo_sapiens', 'HumanImmunoDeficiency_Virus', 'HumanInfluenzaA_Virus', 'Komagataella_pastoris', 'Larus_crassirostris', 'Macaca_mulatta', 'Mesocricetus_auratus', 'MinkCellFocusForming_Virus', 'MurineRespo_Virus', 'Mus_musculus', 'Notamacropus_eugenii', 'Oryctolagus_cuniculus', 'Ovis_aries', 'Plecoglossus_altivelis', 'Rattus_norvegicus', 'Schistosoma_mansoni', 'Schmidtea_mediterranea', 'SemlikiForest_Virus', 'SpleenFocusForming_Virus', 'Sus_scrofa', 'Taenia_crassiceps', 'Tetronarce_californica', 'undetermined', 'Xenopus_laevis', 'Trypanosoma_congolense', 'Torpedo_californica', 'Canis_lupus_dingo']","['https://pubmed.ncbi.nlm.nih.gov/27107931/', 'https://pubmed.ncbi.nlm.nih.gov/4054103/', 'https://pubmed.ncbi.nlm.nih.gov/34973737/', 'https://pubmed.ncbi.nlm.nih.gov/34973737/', 'https://www.sciencedirect.com/science/article/pii/S1535947620322143', 'https://doi.org/10.1007/s00248-020-01487-9', 'https://pubmed.ncbi.nlm.nih.gov/33515344/', 'https://pubmed.ncbi.nlm.nih.gov/27428249/', 'https://pubmed.ncbi.nlm.nih.gov/8299354/', '', 'https://pubmed.ncbi.nlm.nih.gov/37972931/', 'https://pubmed.ncbi.nlm.nih.gov/8299354/', '', '', 'https://pubmed.ncbi.nlm.nih.gov/30487799/', 'https://academic.oup.com/glycob/article/27/3/228/2656954', 'https://pubmed.ncbi.nlm.nih.gov/9061366/', 'https://pubmed.ncbi.nlm.nih.gov/27550041/', 'https://pubmed.ncbi.nlm.nih.gov/11112858/', 'https://pubmed.ncbi.nlm.nih.gov/37993102/', '', 'https://pubmed.ncbi.nlm.nih.gov/37972931/', '', 'https://pubmed.ncbi.nlm.nih.gov/19156518/', 'https://pubmed.ncbi.nlm.nih.gov/15218190/', 'https://pubmed.ncbi.nlm.nih.gov/32737218/', 'https://pubmed.ncbi.nlm.nih.gov/2341393/', 'https://pubs.acs.org/doi/10.1021/acs.analchem.8b05372', 'https://pubmed.ncbi.nlm.nih.gov/30397726/', 'https://pubmed.ncbi.nlm.nih.gov/19240272/', 'https://pubmed.ncbi.nlm.nih.gov/36131114/', '', 'https://pubmed.ncbi.nlm.nih.gov/2174368/', 'https://pubmed.ncbi.nlm.nih.gov/6263875/', 'https://pubmed.ncbi.nlm.nih.gov/37875230/', 'https://pubmed.ncbi.nlm.nih.gov/23053637/', 'https://pubmed.ncbi.nlm.nih.gov/37972931/', 'https://pubmed.ncbi.nlm.nih.gov/37972931/', 'https://pubmed.ncbi.nlm.nih.gov/1447178/', '', 'https://www.ncbi.nlm.nih.gov/pmc/articles/PMC4587318/', 'https://pubmed.ncbi.nlm.nih.gov/29475940/', 'https://pubmed.ncbi.nlm.nih.gov/24467287/', 'https://pubmed.ncbi.nlm.nih.gov/8286859/', 'https://pubmed.ncbi.nlm.nih.gov/37972931/', 'https://pubmed.ncbi.nlm.nih.gov/16024105/', 'https://pubmed.ncbi.nlm.nih.gov/1633814/', '', 'gwb', 'gwb', 'gwb', 'gwb']",G09663IT,N
Man(a1-2)Man(a1-3)[Man(a1-2)Man(a1-6)]Man(a1-6)[Man(a1-2)Man(a1-3)]Man(b1-4)GlcNAc(b1-4)GlcNAc,"{'Hex': 8, 'HexNAc': 2}",28000,"['Adeno-associated_dependoparvovirusA', 'Aedes_aegypti', 'Anacardium_occidentale', 'Anopheles_gambiae', 'Apis_mellifera', 'Aspergillus_oryzae', 'Bombyx_mori', 'Bos_grunniens', 'Bos_taurus', 'Breviolum_minutum', 'Brugia_malayi', 'Caenorhabditis_elegans', 'Capra_hircus', 'Cardicola_forsteri', 'Cornu_aspersum', 'Corylus_avellana', 'Coturnix_japonica', 'Cricetulus_griseus', 'Danio_rerio', 'Drosophila_melanogaster', 'Gallus_domesticus', 'Gallus_gallus', 'Glycine_max', 'Haemonchus_contortus', 'Holothuria_atria', 'Homo_sapiens', 'Juglans_regia', 'Kinetoplastids', 'Leptinotarsa_decemlineata', 'Lymantria_dispar', 'Macaca_mulatta', 'Malassezia_furfur', 'Mamestra_brassicae', 'MurineRespo_Virus', 'Mus_musculus', 'Oesophagostomum_dentatum', 'Onchocerca_volvulus', 'Onchocerca_volvulus', 'Ophiactis_savignyi', 'Oryzias_latipes', 'Ovis_aries', 'Pan_troglodytes', 'Penicillium_nordicum', 'Phaeodactylum_tricornutum', 'Phaseolus_vulgaris', 'Pinus_pinea', 'Pistacia_vera', 'Pristionchus_pacificus', 'Prunus_dulcis_sativa', 'Prunus_persica', 'Pseudozyma_antarctica', 'Rattus_norvegicus', 'Ricinus_communis', 'Schistosoma_mansoni', 'Scincus_scincus', 'Sus_scrofa', 'Trichoplusia_ni', 'Trichuris_suis', 'Trypanosoma_brucei', 'Volvarina_rubella', 'undetermined', 'unidentified_influenza_virus']","['https://pubmed.ncbi.nlm.nih.gov/37774344/', 'https://pubmed.ncbi.nlm.nih.gov/26047717/', 'https://pubmed.ncbi.nlm.nih.gov/35231713/', 'https://pubmed.ncbi.nlm.nih.gov/26047717/', 'https://pubmed.ncbi.nlm.nih.gov/30104209/', 'https://pubmed.ncbi.nlm.nih.gov/22169093/', 'https://pubmed.ncbi.nlm.nih.gov/12626419/', 'https://pubmed.ncbi.nlm.nih.gov/34973737/', 'https://pubmed.ncbi.nlm.nih.gov/38287599/', 'https://doi.org/10.1007/s00248-020-01487-9', 'https://www.ncbi.nlm.nih.gov/pmc/articles/PMC9046957/', 'https://pubmed.ncbi.nlm.nih.gov/12038976/', 'https://pubmed.ncbi.nlm.nih.gov/38287599/', 'https://www.sciencedirect.com/science/article/pii/S002075192100240X#t0008', 'https://glycopost.glycosmos.org/entry/GPST000297', 'https://pubmed.ncbi.nlm.nih.gov/35231713/', '', '', 'https://academic.oup.com/glycob/article/27/3/228/2656954', '', 'https://pubmed.ncbi.nlm.nih.gov/37972931/', 'https://pubmed.ncbi.nlm.nih.gov/35136109/', 'https://pubmed.ncbi.nlm.nih.gov/35231713/', 'https://pubmed.ncbi.nlm.nih.gov/25740940/', 'https://pubmed.ncbi.nlm.nih.gov/31969392/', 'https://pubmed.ncbi.nlm.nih.gov/25190359/', 'https://pubmed.ncbi.nlm.nih.gov/35231713/', '', 'https://doi.org/10.1016/j.jinsphys.2019.03.009', 'https://pubmed.ncbi.nlm.nih.gov/28077298/', 'https://pubmed.ncbi.nlm.nih.gov/36711977/', 'https://pubmed.ncbi.nlm.nih.gov/30305477/', 'https://pubmed.ncbi.nlm.nih.gov/8311447/', '', 'https://pubmed.ncbi.nlm.nih.gov/38343116/', 'https://pubmed.ncbi.nlm.nih.gov/27751954/', 'https://pubmed.ncbi.nlm.nih.gov/36949937/', 'https://www.frontiersin.org/articles/10.3389/fimmu.2023.1102344/abstract', 'https://pubmed.ncbi.nlm.nih.gov/32001617/', 'https://www.tandfonline.com/doi/full/10.1080/09553002.2021.1864500', 'https://pubmed.ncbi.nlm.nih.gov/38287599/', 'https://pubmed.ncbi.nlm.nih.gov/36711977/', 'https://pubmed.ncbi.nlm.nih.gov/26515459/', 'https://pubmed.ncbi.nlm.nih.gov/33673983/', '', 'https://pubmed.ncbi.nlm.nih.gov/35231713/', 'https://pubmed.ncbi.nlm.nih.gov/35231713/', 'https://pubmed.ncbi.nlm.nih.gov/25639343/', 'https://pubmed.ncbi.nlm.nih.gov/35231713/', 'https://pubmed.ncbi.nlm.nih.gov/35231713/', 'https://pubmed.ncbi.nlm.nih.gov/30305477/', 'https://pubmed.ncbi.nlm.nih.gov/36711977/', 'https://pubmed.ncbi.nlm.nih.gov/1368297/', 'https://pubmed.ncbi.nlm.nih.gov/3386683/', 'https://pubmed.ncbi.nlm.nih.gov/27030038/', '', 'https://pubmed.ncbi.nlm.nih.gov/28077298/', 'https://pubmed.ncbi.nlm.nih.gov/26650734/', 'https://pubmed.ncbi.nlm.nih.gov/2303059/', 'https://pubmed.ncbi.nlm.nih.gov/26598642/', '', '']",G94945QJ,N
Man(a1-2)Man(a1-6)[Man(a1-3)]Man(a1-6)[Man(a1-2)Man(a1-3)]Man(b1-4)GlcNAc(b1-4)GlcNAc,"{'Hex': 7, 'HexNAc': 2}",27000,"['Aesculus_hippocastanum', 'Arabidopsis_thaliana', 'Aspergillus_niger', 'Betula_pubescens', 'Bos_taurus', 'Brugia_malayi', 'Capra_hircus', 'Carpinus_betulus', 'Cornu_aspersum', 'Coturnix_coturnix', 'Coturnix_japonica', 'Cricetulus_griseus', 'Crithidia_fasciculata', 'Drosophila_melanogaster', 'Gallus_gallus', 'Hippopus_hippopus', 'Homo_sapiens', 'Mus_musculus', 'Olea_europaea', 'Onchocerca_volvulus', 'Ovis_aries', 'Phaseolus_vulgaris', 'Pinus_heldreichii', 'Pisum_sativum', 'Rattus_norvegicus', 'Scincus_scincus', 'Sus_scrofa', 'Trichuris_suis', 'undetermined', 'unidentified_influenza_virus', 'Felis_catus', 'Mamestra_brassicae', 'Abrus_precatorius', 'Spodoptera_frugiperda', 'Trypanosoma_brucei', 'Oryza_sativa', 'Bombyx_mori', 'Carica_papaya', 'Trichoplusia_ni', 'Ricinus_communis']","['', 'https://pubmed.ncbi.nlm.nih.gov/35421698/', '', '', 'https://pubmed.ncbi.nlm.nih.gov/38096130/', 'https://www.ncbi.nlm.nih.gov/pmc/articles/PMC9046957/', 'https://pubmed.ncbi.nlm.nih.gov/38096130/', '', 'https://glycopost.glycosmos.org/entry/GPST000297', '', 'https://pubmed.ncbi.nlm.nih.gov/30537828/', 'https://pubmed.ncbi.nlm.nih.gov/36388954/', '', '', '', 'https://pubmed.ncbi.nlm.nih.gov/7588729/', 'https://pubmed.ncbi.nlm.nih.gov/34831278/', 'https://unicarb-dr.glycosmos.org/references/364', '', 'https://www.frontiersin.org/articles/10.3389/fimmu.2023.1102344/abstract', 'https://unicarb-dr.glycosmos.org/references/352', '', '', '', 'https://unicarb-dr.glycosmos.org/references/351', 'https://pubmed.ncbi.nlm.nih.gov/27030038/', 'https://pubmed.ncbi.nlm.nih.gov/38096130/', 'https://pubmed.ncbi.nlm.nih.gov/26650734/', '', '', 'gwb', 'gwb', 'gwb', 'gwb', 'gwb', 'gwb', 'gwb', 'gwb', 'gwb', 'gwb']",G30069AJ,N
Man(a1-2)Man(a1-2)Man(a1-3)[Man(a1-2)Man(a1-6)[Man(a1-3)]Man(a1-6)]Man(b1-4)GlcNAc(b1-4)GlcNAc,"{'Hex': 8, 'HexNAc': 2}",28000,"['Arabidopsis_thaliana', 'Aspergillus_oryzae', 'Bombyx_mori', 'Bos_taurus', 'Candida_albicans', 'Capra_hircus', 'Coturnix_japonica', 'Cricetulus_griseus', 'Danio_rerio', 'Drosophila_melanogaster', 'Equus_asinus', 'Fasciola_hepatica', 'Gallus_gallus', 'Glycine_max', 'Hippopus_hippopus', 'Homo_sapiens', 'Macaca_mulatta', 'Mus_musculus', 'Ovis_aries', 'Pan_troglodytes', 'Phaseolus_lunatus', 'Prunus_persica', 'Rattus_norvegicus', 'Saccharomyces_cerevisiae', 'Schizosaccharomyces_pombe', 'Sus_scrofa', 'Ramazzottius_varieornatus', 'Hypsibius_exemplaris', 'Phaseolus_vulgaris', 'Torpedo_californica', 'Trypanosoma_cruzi', 'Aspergillus_niger', 'Vesicular_stomatitis_virus', 'Abrus_precatorius', 'Spodoptera_frugiperda', 'Artemisia_vulgaris', 'Mamestra_brassicae', 'Spinacia_oleracea', 'Trypanosoma_brucei', 'Pinus_heldreichii', 'Cavia_porcellus', 'Oryza_sativa', 'Pisum_sativum', 'Olea_europaea', 'Betula_pubescens', 'Carpinus_betulus', 'Aesculus_hippocastanum', 'Trichoplusia_ni', 'Ricinus_communis', 'Coturnix_coturnix']","['https://pubmed.ncbi.nlm.nih.gov/26001781/', '', 'https://pubmed.ncbi.nlm.nih.gov/35397991/', 'https://pubmed.ncbi.nlm.nih.gov/38096130/', 'https://pubmed.ncbi.nlm.nih.gov/24934559/', 'https://pubmed.ncbi.nlm.nih.gov/38096130/', 'https://pubmed.ncbi.nlm.nih.gov/30537828/', 'https://pubmed.ncbi.nlm.nih.gov/36388954/', 'https://pubmed.ncbi.nlm.nih.gov/36509839/', 'https://glycopost.glycosmos.org/entry/GPST000260', 'https://www.sciencedirect.com/science/article/pii/S0963996922009966', 'https://pubmed.ncbi.nlm.nih.gov/37993102/', 'https://pubmed.ncbi.nlm.nih.gov/35136109/', '', 'https://pubmed.ncbi.nlm.nih.gov/7588729/', 'https://pubmed.ncbi.nlm.nih.gov/36289103/', 'https://pubmed.ncbi.nlm.nih.gov/36711977/', 'https://pubmed.ncbi.nlm.nih.gov/36068283/', 'https://unicarb-dr.glycosmos.org/references/352', 'https://pubmed.ncbi.nlm.nih.gov/36711977/', '', 'https://pubmed.ncbi.nlm.nih.gov/36541565/', 'https://pubmed.ncbi.nlm.nih.gov/36711977/', '', '', 'https://pubmed.ncbi.nlm.nih.gov/38096130/', 'https://pubmed.ncbi.nlm.nih.gov/40306492/', 'https://pubmed.ncbi.nlm.nih.gov/40306492/', 'gwb', 'gwb', 'gwb', 'gwb', 'gwb', 'gwb', 'gwb', 'gwb', 'gwb', 'gwb', 'gwb', 'gwb', 'gwb', 'gwb', 'gwb', 'gwb', 'gwb', 'gwb', 'gwb', 'gwb', 'gwb', 'gwb']",G23384IN,N
Neu5Ac(a2-6)Gal(b1-4)GlcNAc(b1-2)Man(a1-3)[Neu5Ac(a2-6)Gal(b1-4)GlcNAc(b1-2)Man(a1-6)]Man(b1-4)GlcNAc(b1-4)GlcNAc,"{'Hex': 5, 'HexNAc': 4, 'Neu5Ac': 2}",45020,"['Bos_taurus', 'Camelus_dromedarius', 'Capra_hircus', 'Cavia_porcellus', 'Chelonia_mydas', 'Coturnix_japonica', 'Cricetulus_griseus', 'Danio_rerio', 'Equus_asinus', 'Equus_caballus', 'Gallus_domesticus', 'Gallus_gallus', 'Homo_sapiens', 'Komagataella_pastoris', 'Mus_musculus', 'Mustela_furo', 'Oryctolagus_cuniculus', 'Ovis_aries', 'Pavo_muticus', 'Phasianus_versicolor', 'Rattus_norvegicus', 'Sus_scrofa', 'Xenopus_laevis', 'undetermined']","['https://pubmed.ncbi.nlm.nih.gov/37972931/', 'https://pubmed.ncbi.nlm.nih.gov/27428249/', 'https://pubmed.ncbi.nlm.nih.gov/37972931/', 'https://pubmed.ncbi.nlm.nih.gov/2268280/', 'https://pubmed.ncbi.nlm.nih.gov/20044081/', 'https://www.tandfonline.com/doi/abs/10.1271/bbb.90821', '', 'https://academic.oup.com/glycob/article/27/3/228/2656954', 'https://pubmed.ncbi.nlm.nih.gov/37972931/', '', 'https://pubmed.ncbi.nlm.nih.gov/37972931/', '', 'https://pubmed.ncbi.nlm.nih.gov/36278935/', 'https://pubmed.ncbi.nlm.nih.gov/30397726/', 'https://pubmed.ncbi.nlm.nih.gov/38343116/', 'https://pubmed.ncbi.nlm.nih.gov/30315103/', 'https://pubmed.ncbi.nlm.nih.gov/37972931/', 'https://unicarb-dr.glycosmos.org/references/352', 'https://www.tandfonline.com/doi/abs/10.1271/bbb.90821', 'https://www.tandfonline.com/doi/abs/10.1271/bbb.90821', '', 'https://pubmed.ncbi.nlm.nih.gov/39778995/', '', '']",G80668TU,N
Neu5Ac(a2-3/6)Gal(b1-4)GlcNAc(b1-2)Man(a1-3)[Neu5Ac(a2-3/6)Gal(b1-4)GlcNAc(b1-2)Man(a1-6)]Man(b1-4)GlcNAc(b1-4)GlcNAc,"{'Hex': 5, 'HexNAc': 4, 'Neu5Ac': 2}",45020,"['Acipenser_oxyrinchus', 'Bos_grunniens', 'Bos_taurus', 'Breviolum_minutum', 'Canis_familiaris', 'Capra_hircus', 'Equus_asinus', 'Equus_caballus', 'Gallus_gallus', 'Hepatitis_B_virus', 'Homo_sapiens', 'HumanInfluenzaA_Virus', 'Macaca_mulatta', 'Mus_musculus', 'Mustela_furo', 'Notamacropus_eugenii', 'Oryzias_latipes', 'Ovis_aries', 'Salmo_salar', 'Salvelinus_alpinus', 'Sus_scrofa', 'undetermined', 'Hepatitis_b_virus']","['https://www.frontiersin.org/articles/10.3389/fmolb.2021.778383/full', 'https://pubmed.ncbi.nlm.nih.gov/34973737/', 'https://pubmed.ncbi.nlm.nih.gov/38096130/', 'https://doi.org/10.1007/s00248-020-01487-9', 'https://pubmed.ncbi.nlm.nih.gov/35882911/', 'https://pubmed.ncbi.nlm.nih.gov/33092920/', 'https://pubmed.ncbi.nlm.nih.gov/36155291/', 'https://pubmed.ncbi.nlm.nih.gov/11112858/', 'https://pubmed.ncbi.nlm.nih.gov/35136109/', '', 'https://pubmed.ncbi.nlm.nih.gov/32737218/', 'https://pubs.acs.org/doi/10.1021/acs.analchem.8b05372', 'https://pubmed.ncbi.nlm.nih.gov/36131114/', 'https://pubmed.ncbi.nlm.nih.gov/37875230/', 'https://pubmed.ncbi.nlm.nih.gov/25135641/', 'https://pubmed.ncbi.nlm.nih.gov/23053637/', 'https://www.tandfonline.com/doi/full/10.1080/09553002.2021.1864500', '', 'https://www.frontiersin.org/articles/10.3389/fmolb.2021.778383/full', 'https://www.frontiersin.org/articles/10.3389/fmolb.2021.778383/full', 'https://pubmed.ncbi.nlm.nih.gov/34985888/', '', 'gwb']",G72001PU,N
Man(a1-2)Man(a1-2)Man(a1-3)[Man(a1-3)[Man(a1-6)]Man(a1-6)]Man(b1-4)GlcNAc(b1-4)GlcNAc,"{'Hex': 7, 'HexNAc': 2}",27000,"['Acer_pseudoplatanus', 'Arabidopsis_thaliana', 'Bombyx_mori', 'Bos_taurus', 'Capra_hircus', 'Cooperia_onchophora', 'Dictyocaulus_viviparus', 'Echinococcus_granulosus', 'Fasciola_hepatica', 'Gallus_gallus', 'Homo_sapiens', 'Human_adenovirus_2', 'Kinetoplastids', 'Mus_musculus', 'Opisthorchis_viverrini', 'Ovis_aries', 'Penicillium_dierckxii', 'Rattus_norvegicus', 'Saccharomyces_cerevisiae', 'Taenia_solium', 'Trichinella_spiralis', 'Trichuris_suis', 'Hypsibius_exemplaris', 'Felis_catus', 'Mamestra_brassicae', 'Cricetulus_griseus', 'Trypanosoma_cruzi', 'Schizosaccharomyces_pombe', 'Sus_scrofa', 'Artemisia_vulgaris', 'Spodoptera_frugiperda', 'Platanus_occidentalis', 'Phaseolus_vulgaris', 'Coturnix_japonica', 'Cavia_porcellus', 'Aspergillus_niger', 'Pisum_sativum', 'Olea_europaea', 'Carpinus_betulus', 'Aesculus_hippocastanum', 'Trichoplusia_ni', 'Nicotiana_alata', 'Ricinus_communis', 'Coturnix_coturnix']","['', 'https://pubmed.ncbi.nlm.nih.gov/35421698/', 'https://pubmed.ncbi.nlm.nih.gov/35397991/', 'https://pubmed.ncbi.nlm.nih.gov/38287599/', 'https://pubmed.ncbi.nlm.nih.gov/38287599/', 'https://www.sciencedirect.com/science/article/pii/S016668511630161X', 'https://www.sciencedirect.com/science/article/pii/S016668511630161X', 'https://www.sciencedirect.com/science/article/pii/S016668511630161X', 'https://www.sciencedirect.com/science/article/pii/S016668511630161X', 'https://pubmed.ncbi.nlm.nih.gov/35136109/', 'https://pubmed.ncbi.nlm.nih.gov/32737218/', '', '', 'https://unicarb-dr.glycosmos.org/references/364', 'https://www.sciencedirect.com/science/article/pii/S016668511630161X', 'https://pubmed.ncbi.nlm.nih.gov/38287599/', 'https://pubmed.ncbi.nlm.nih.gov/26515459/', 'https://unicarb-dr.glycosmos.org/references/351', 'https://pubmed.ncbi.nlm.nih.gov/25772500/', 'https://www.sciencedirect.com/science/article/pii/S016668511630161X', 'https://www.sciencedirect.com/science/article/pii/S016668511630161X', 'https://pubmed.ncbi.nlm.nih.gov/26650734/', 'https://pubmed.ncbi.nlm.nih.gov/40306492/', 'gwb', 'gwb', 'gwb', 'gwb', 'gwb', 'gwb', 'gwb', 'gwb', 'gwb', 'gwb', 'gwb', 'gwb', 'gwb', 'gwb', 'gwb', 'gwb', 'gwb', 'gwb', 'gwb', 'gwb', 'gwb']",G15317IZ,N
Gal(b1-4)GlcNAc(b1-2)Man(a1-3)[Man(a1-3)[Man(a1-6)]Man(a1-6)]Man(b1-4)GlcNAc(b1-4)GlcNAc,"{'Hex': 6, 'HexNAc': 3}",36000,"['Bos_grunniens', 'Bos_taurus', 'Danio_rerio', 'Equus_asinus', 'Gallus_domesticus', 'Gallus_gallus', 'Homo_sapiens', 'HumanImmunoDeficiency_Virus', 'Macaca_mulatta', 'Mus_musculus', 'Ovis_aries', 'Rattus_norvegicus', 'Rhinopithecus_roxellana', 'Saccharomyces_cerevisiae', 'Saccharomyces_uvarum', 'Sus_scrofa', 'Rana_temporaria']","['https://pubmed.ncbi.nlm.nih.gov/34973737/', 'https://pubmed.ncbi.nlm.nih.gov/34973737/', 'https://pubmed.ncbi.nlm.nih.gov/36509839/', 'https://pubmed.ncbi.nlm.nih.gov/36155291/', 'https://pubmed.ncbi.nlm.nih.gov/37972931/', 'https://pubmed.ncbi.nlm.nih.gov/35136109/', 'https://pubmed.ncbi.nlm.nih.gov/32737218/', '', 'https://pubmed.ncbi.nlm.nih.gov/36131114/', 'https://pubmed.ncbi.nlm.nih.gov/36068283/', 'https://pubmed.ncbi.nlm.nih.gov/38287599/', 'https://unicarb-dr.glycosmos.org/references/351', 'https://pubmed.ncbi.nlm.nih.gov/38213790/', 'https://www.nature.com/articles/s41598-017-15891-8', '', 'https://pubmed.ncbi.nlm.nih.gov/33170858/', 'gwb']",,N
GlcNAc(b1-2)Man(a1-3)[GlcNAc(b1-2)Man(a1-6)]Man(b1-4)GlcNAc(b1-4)GlcNAc,"{'Hex': 3, 'HexNAc': 4}",43000,"['Acanthocheilonema_viteae', 'Acer_pseudoplatanus', 'Angiostrongylus_cantonensis', 'Arabidopsis_thaliana', 'Bombyx_mori', 'Bos_grunniens', 'Bos_taurus', 'Brugia_malayi', 'Callipepla_squamata', 'Camelus_dromedarius', 'Capra_hircus', 'Colinus_virginianus', 'Coturnix_japonica', 'Cricetulus_griseus', 'Equus_asinus', 'Fasciola_hepatica', 'Gallus_domesticus', 'Gallus_gallus', 'Homo_sapiens', 'Hylesia_metabus', 'Macaca_mulatta', 'Mus_musculus', 'Mustela_furo', 'Onchocerca_volvulus', 'Onchocerca_volvulus', 'Oreortyx_pictus', 'Oryctolagus_cuniculus', 'Ovis_aries', 'Pinus_pinea', 'SARS_CoV2', 'Sus_scrofa', 'Trichuris_suis', 'Ramazzottius_varieornatus', 'Torpedo_californica', 'Platanus_occidentalis', 'Anas_platyrhynchos', 'Rattus_norvegicus']","['https://pubmed.ncbi.nlm.nih.gov/9108548/', '', 'https://pubmed.ncbi.nlm.nih.gov/26650734/', 'https://pubmed.ncbi.nlm.nih.gov/35421698/', 'https://pubmed.ncbi.nlm.nih.gov/35397991/', 'https://pubmed.ncbi.nlm.nih.gov/34973737/', 'https://pubmed.ncbi.nlm.nih.gov/34973737/', 'https://www.ncbi.nlm.nih.gov/pmc/articles/PMC9046957/', 'https://pubmed.ncbi.nlm.nih.gov/30537828/', 'https://pubmed.ncbi.nlm.nih.gov/27428249/', 'https://pubmed.ncbi.nlm.nih.gov/37972931/', 'https://pubmed.ncbi.nlm.nih.gov/30537828/', 'https://pubmed.ncbi.nlm.nih.gov/30537828/', 'https://pubmed.ncbi.nlm.nih.gov/36068283/', 'https://pubmed.ncbi.nlm.nih.gov/36155291/', 'https://pubmed.ncbi.nlm.nih.gov/27104959/', 'https://pubmed.ncbi.nlm.nih.gov/37972931/', 'https://pubmed.ncbi.nlm.nih.gov/35136109/', 'https://pubmed.ncbi.nlm.nih.gov/33650863/', 'https://pubmed.ncbi.nlm.nih.gov/26537504/', 'https://pubmed.ncbi.nlm.nih.gov/36131114/', 'http://functionalglycomics.org/glycomics/SampleServlet?operationType=view&key=43', 'https://pubmed.ncbi.nlm.nih.gov/30315103/', 'https://pubmed.ncbi.nlm.nih.gov/36949937/', 'https://www.frontiersin.org/articles/10.3389/fimmu.2023.1102344/abstract', 'https://pubmed.ncbi.nlm.nih.gov/30537828/', 'https://pubmed.ncbi.nlm.nih.gov/37972931/', 'https://pubmed.ncbi.nlm.nih.gov/37972931/', 'https://pubmed.ncbi.nlm.nih.gov/35231713/', '', 'https://pubmed.ncbi.nlm.nih.gov/37972931/', 'https://pubmed.ncbi.nlm.nih.gov/26650734/', 'https://pubmed.ncbi.nlm.nih.gov/40306492/', 'gwb', 'gwb', 'gwb', 'gwb']",G56608IF,N
GlcNAc(b1-2)Man(a1-3)[Man(a1-3)[Man(a1-6)]Man(a1-6)]Man(b1-4)GlcNAc(b1-4)GlcNAc,"{'Hex': 5, 'HexNAc': 3}",35000,"['Acer_pseudoplatanus', 'Aedes_aegypti', 'Anopheles_gambiae', 'Apis_mellifera', 'Arabidopsis_thaliana', 'Bombyx_mori', 'Bos_taurus', 'Bothrops_jararaca', 'Callipepla_squamata', 'Carica_papaya', 'Chlorella_vulgaris', 'Colinus_virginianus', 'Coturnix_japonica', 'Cricetulus_griseus', 'Danio_rerio', 'Drosophila_melanogaster', 'Gallus_domesticus', 'Gallus_gallus', 'Homo_sapiens', 'Komagataella_pastoris', 'Lymantria_dispar', 'Mesocricetus_auratus', 'Mus_musculus', 'Nicotiana_alata', 'Oesophagostomum_dentatum', 'Onchocerca_volvulus', 'Onchocerca_volvulus', 'Ophiactis_savignyi', 'Opisthorchis_viverrini', 'Oreortyx_pictus', 'Ovis_aries', 'Rana_pipiens', 'Rattus_norvegicus', 'SARS_CoV2', 'Saccharomyces_cerevisiae', 'Saccharomyces_uvarum', 'Schmidtea_mediterranea', 'SemlikiForest_Virus', 'Sus_scrofa', 'Tick_borne_encephalitis_virus', 'Tribolium_castaneum', 'Trichoplusia_ni', 'Vesicular_stomatitis_virus', 'undetermined', 'Platanus_occidentalis', 'Rana_temporaria']","['', 'https://pubmed.ncbi.nlm.nih.gov/26047717/', 'https://pubmed.ncbi.nlm.nih.gov/26047717/', 'https://pubmed.ncbi.nlm.nih.gov/30104209/', '', 'https://pubmed.ncbi.nlm.nih.gov/35397991/', 'https://pubmed.ncbi.nlm.nih.gov/39778995/', 'https://pubmed.ncbi.nlm.nih.gov/21989267/', 'https://pubmed.ncbi.nlm.nih.gov/30537828/', 'https://pubmed.ncbi.nlm.nih.gov/11358875/', 'https://pubmed.ncbi.nlm.nih.gov/30674946/', 'https://pubmed.ncbi.nlm.nih.gov/30537828/', 'https://pubmed.ncbi.nlm.nih.gov/30537828/', '', 'https://academic.oup.com/glycob/article/27/3/228/2656954', 'https://pubmed.ncbi.nlm.nih.gov/17264077/', 'https://pubmed.ncbi.nlm.nih.gov/27459092/', '', 'https://pubmed.ncbi.nlm.nih.gov/35183770/', 'https://pubmed.ncbi.nlm.nih.gov/30397726/', 'https://pubmed.ncbi.nlm.nih.gov/28077298/', '', 'https://pubmed.ncbi.nlm.nih.gov/38343116/', 'https://pubmed.ncbi.nlm.nih.gov/8922956/', 'https://pubmed.ncbi.nlm.nih.gov/27751954/', 'https://pubmed.ncbi.nlm.nih.gov/36949937/', 'https://www.frontiersin.org/articles/10.3389/fimmu.2023.1102344/abstract', 'https://pubmed.ncbi.nlm.nih.gov/32001617/', 'https://pubmed.ncbi.nlm.nih.gov/23174105/', 'https://pubmed.ncbi.nlm.nih.gov/30537828/', 'https://pubmed.ncbi.nlm.nih.gov/39778995/', '', '', '', 'https://www.nature.com/articles/s41598-017-15891-8', '', 'https://pubmed.ncbi.nlm.nih.gov/29475940/', 'https://pubmed.ncbi.nlm.nih.gov/24467287/', 'https://pubmed.ncbi.nlm.nih.gov/36809004/', 'https://doi.org/10.1038/s41598-020-70082-2', 'https://pubmed.ncbi.nlm.nih.gov/27731363/', 'https://pubmed.ncbi.nlm.nih.gov/28077298/', '', '', 'gwb', 'gwb']",,N
Man(a1-3/6)Man(a1-6)[Man(a1-3)]Man(b1-4)GlcNAc(b1-4)GlcNAc,"{'Hex': 4, 'HexNAc': 2}",24000,"['Apis_mellifera', 'Callipepla_squamata', 'Capra_hircus', 'Cardicola_forsteri', 'Colinus_virginianus', 'Corylus_avellana', 'Coturnix_japonica', 'Cricetulus_griseus', 'Drosophila_melanogaster', 'Fasciola_hepatica', 'Glycine_max', 'Homo_sapiens', 'Juglans_regia', 'Macaca_mulatta', 'Mus_musculus', 'Oreortyx_pictus', 'Ovis_aries', 'Pinus_pinea', 'Pistacia_vera', 'Prunus_dulcis_sativa', 'Prunus_persica', 'Rattus_norvegicus', 'SemlikiForest_Virus', 'Tribolium_castaneum']","['https://pubmed.ncbi.nlm.nih.gov/31393126/', 'https://pubmed.ncbi.nlm.nih.gov/30537828/', 'https://pubmed.ncbi.nlm.nih.gov/33092920/', 'https://www.sciencedirect.com/science/article/pii/S002075192100240X#t0015', 'https://pubmed.ncbi.nlm.nih.gov/30537828/', 'https://pubmed.ncbi.nlm.nih.gov/35183770/', 'https://pubmed.ncbi.nlm.nih.gov/30537828/', '', 'https://glycopost.glycosmos.org/entry/GPST000260', 'https://pubmed.ncbi.nlm.nih.gov/27104959/', 'https://pubmed.ncbi.nlm.nih.gov/35231713/', 'https://pubmed.ncbi.nlm.nih.gov/33650863/', 'https://pubmed.ncbi.nlm.nih.gov/35231713/', 'https://pubmed.ncbi.nlm.nih.gov/36131114/', 'https://pubmed.ncbi.nlm.nih.gov/36068283/', 'https://pubmed.ncbi.nlm.nih.gov/30537828/', 'https://unicarb-dr.glycosmos.org/references/352', 'https://pubmed.ncbi.nlm.nih.gov/35231713/', 'https://pubmed.ncbi.nlm.nih.gov/35231713/', 'https://pubmed.ncbi.nlm.nih.gov/35231713/', 'https://pubmed.ncbi.nlm.nih.gov/35231713/', 'https://unicarb-dr.glycosmos.org/references/351', 'https://pubmed.ncbi.nlm.nih.gov/24467287/', 'https://pubmed.ncbi.nlm.nih.gov/27731363/']",G42039DE,N
Gal(b1-4)GlcNAc(b1-2)Man(a1-3/6)[GlcNAc(b1-2)Man(a1-3/6)]Man(b1-4)GlcNAc(b1-4)GlcNAc,"{'Hex': 4, 'HexNAc': 4}",44000,"['Bos_taurus', 'Capra_hircus', 'Cricetulus_griseus', 'Danio_rerio', 'Equus_asinus', 'Gallus_domesticus', 'Gallus_gallus', 'Homo_sapiens', 'Macaca_mulatta', 'Mus_musculus', 'Oryctolagus_cuniculus', 'Ovis_aries', 'Rattus_norvegicus', 'Rhinopithecus_roxellana', 'Sus_scrofa']","['https://pubmed.ncbi.nlm.nih.gov/37972931/', 'https://pubmed.ncbi.nlm.nih.gov/37972931/', 'https://pubmed.ncbi.nlm.nih.gov/36068283/', 'https://www.nature.com/articles/s41467-018-06950-3', 'https://pubmed.ncbi.nlm.nih.gov/37972931/', 'https://pubmed.ncbi.nlm.nih.gov/37972931/', 'https://pubmed.ncbi.nlm.nih.gov/35136109/', 'https://pubmed.ncbi.nlm.nih.gov/38096130/', 'https://pubmed.ncbi.nlm.nih.gov/36131114/', 'http://www.functionalglycomics.org/glycomics/SampleServlet?operationType=view&key=19', 'https://pubmed.ncbi.nlm.nih.gov/37972931/', 'https://pubmed.ncbi.nlm.nih.gov/36809004/', 'https://pubmed.ncbi.nlm.nih.gov/9851715/', 'https://pubmed.ncbi.nlm.nih.gov/38213790/', 'https://pubmed.ncbi.nlm.nih.gov/34985888/']",,N
Neu5Ac(a2-3)Gal(b1-4)GlcNAc(b1-2)Man(a1-3)[Neu5Ac(a2-3)Gal(b1-4)GlcNAc(b1-2)Man(a1-6)]Man(b1-4)GlcNAc(b1-4)GlcNAc,"{'Hex': 5, 'HexNAc': 4, 'Neu5Ac': 2}",45020,"['Bos_taurus', 'Cricetulus_griseus', 'Danio_rerio', 'Desmodus_rotundus', 'Homo_sapiens', 'Larus_crassirostris', 'Mesocricetus_auratus', 'MurineLeukemia_Virus', 'Mus_musculus', 'Ovis_aries', 'Plecoglossus_altivelis', 'Rattus_norvegicus', 'Sus_scrofa', 'Tribolodon_hakonensis', 'Xenopus_laevis', 'undetermined']","['https://pubmed.ncbi.nlm.nih.gov/39778995/', '', 'https://academic.oup.com/glycob/article/27/3/228/2656954', 'https://pubmed.ncbi.nlm.nih.gov/9061366/', 'https://pubmed.ncbi.nlm.nih.gov/36278935/', 'https://pubmed.ncbi.nlm.nih.gov/19240272/', '', '', 'https://pubmed.ncbi.nlm.nih.gov/38343116/', 'https://unicarb-dr.glycosmos.org/references/352', 'https://pubmed.ncbi.nlm.nih.gov/1447178/', 'https://unicarb-dr.glycosmos.org/references/351', 'https://pubmed.ncbi.nlm.nih.gov/36809004/', 'https://pubmed.ncbi.nlm.nih.gov/1447178/', '', '']",G56657CK,N
Neu5Ac(a2-6)Gal(b1-4)GlcNAc(b1-2)Man(a1-3)[Man(a1-3)[Man(a1-6)]Man(a1-6)]Man(b1-4)GlcNAc(b1-4)GlcNAc,"{'Hex': 6, 'HexNAc': 3, 'Neu5Ac': 1}",36010,"['Bos_taurus', 'Capra_hircus', 'Danio_rerio', 'Equus_asinus', 'Gallus_domesticus', 'Gallus_gallus', 'Homo_sapiens', 'MurineLeukemia_Virus', 'Mus_musculus', 'Oryctolagus_cuniculus', 'Ovis_aries', 'Rattus_norvegicus']","['https://pubmed.ncbi.nlm.nih.gov/37972931/', 'https://pubmed.ncbi.nlm.nih.gov/37972931/', 'https://academic.oup.com/glycob/article/27/3/228/2656954', 'https://pubmed.ncbi.nlm.nih.gov/37972931/', 'https://pubmed.ncbi.nlm.nih.gov/37972931/', 'https://pubmed.ncbi.nlm.nih.gov/35136109/', 'https://pubmed.ncbi.nlm.nih.gov/36278935/', '', 'https://pubmed.ncbi.nlm.nih.gov/38343116/', 'https://pubmed.ncbi.nlm.nih.gov/37972931/', 'https://unicarb-dr.glycosmos.org/references/352', 'https://unicarb-dr.glycosmos.org/references/351']",G87784NX,N
Neu5Ac(a2-3/6)Gal(b1-4)GlcNAc(b1-2)Man(a1-3/6)[Gal(b1-4)GlcNAc(b1-2)Man(a1-3/6)]Man(b1-4)GlcNAc(b1-4)GlcNAc,"{'Hex': 5, 'HexNAc': 4, 'Neu5Ac': 1}",45010,"['Bos_taurus', 'Capra_hircus', 'Cricetulus_griseus', 'Equus_asinus', 'Equus_caballus', 'Gallus_gallus', 'Hepatitis_B_virus', 'Homo_sapiens', 'Macaca_mulatta', 'Mus_musculus', 'Ovis_aries', 'Rattus_norvegicus', 'Sus_scrofa']","['https://pubmed.ncbi.nlm.nih.gov/38096130/', 'https://pubmed.ncbi.nlm.nih.gov/38096130/', 'https://pubmed.ncbi.nlm.nih.gov/36068283/', 'https://pubmed.ncbi.nlm.nih.gov/36155291/', 'https://pubmed.ncbi.nlm.nih.gov/11112858/', 'https://pubmed.ncbi.nlm.nih.gov/35804766/', 'https://pubmed.ncbi.nlm.nih.gov/15218190/', 'https://pubmed.ncbi.nlm.nih.gov/38096130/', 'https://pubmed.ncbi.nlm.nih.gov/36131114/', 'https://pubmed.ncbi.nlm.nih.gov/37875230/', 'https://pubmed.ncbi.nlm.nih.gov/38287599/', 'https://pubmed.ncbi.nlm.nih.gov/38213790/', 'https://pubmed.ncbi.nlm.nih.gov/38096130/']",G71269BI,N
GlcNAc(b1-2)Man(a1-3)[GlcNAc(b1-2)Man(a1-6)][GlcNAc(b1-4)]Man(b1-4)GlcNAc(b1-4)GlcNAc,"{'Hex': 3, 'HexNAc': 5}",53000,"['Apis_sp', 'Bos_taurus', 'Callipepla_squamata', 'Colinus_virginianus', 'Coturnix_japonica', 'Danio_rerio', 'Gallus_gallus', 'Homo_sapiens', 'Macaca_mulatta', 'Mus_musculus', 'Mustela_furo', 'Oreortyx_pictus', 'Oryctolagus_cuniculus', 'Pan_troglodytes', 'Pavo_muticus', 'Rattus_norvegicus', 'Anas_platyrhynchos', 'Coturnix_coturnix', 'Capra_hircus', 'Ovis_aries']","['', 'https://pubmed.ncbi.nlm.nih.gov/38096130/', 'https://pubmed.ncbi.nlm.nih.gov/30537828/', 'https://pubmed.ncbi.nlm.nih.gov/30537828/', 'https://pubmed.ncbi.nlm.nih.gov/30537828/', 'https://academic.oup.com/glycob/article/27/3/228/2656954', '', 'https://pubmed.ncbi.nlm.nih.gov/32737218/', 'https://pubmed.ncbi.nlm.nih.gov/36711977/', 'https://pubmed.ncbi.nlm.nih.gov/38343116/', 'https://pubmed.ncbi.nlm.nih.gov/30315103/', 'https://pubmed.ncbi.nlm.nih.gov/30537828/', 'https://pubmed.ncbi.nlm.nih.gov/4074713/', 'https://pubmed.ncbi.nlm.nih.gov/36711977/', 'https://www.tandfonline.com/doi/abs/10.1271/bbb.90821', '', 'gwb', 'gwb', 'gwb', 'gwb']",G61843TK,N
{Man(a1-2)}Man(a1-2)Man(a1-3)[Man(a1-3)[Man(a1-6)]Man(a1-6)]Man(b1-4)GlcNAc(b1-4)GlcNAc,"{'Hex': 7, 'HexNAc': 2}",27000,"['Adeno-associated_dependoparvovirusA', 'Bos_taurus', 'Capra_hircus', 'Equus_asinus', 'Gallus_domesticus', 'Homo_sapiens', 'Mus_musculus', 'Ovis_aries', 'Prunus_persica', 'Sus_scrofa']","['https://pubmed.ncbi.nlm.nih.gov/37774344/', 'https://pubmed.ncbi.nlm.nih.gov/36809004/', 'https://pubmed.ncbi.nlm.nih.gov/37972931/', 'https://pubmed.ncbi.nlm.nih.gov/37972931/', 'https://pubmed.ncbi.nlm.nih.gov/27459092/', 'https://pubmed.ncbi.nlm.nih.gov/36385894/', 'https://pubmed.ncbi.nlm.nih.gov/36068283/', 'https://pubmed.ncbi.nlm.nih.gov/36809004/', 'https://pubmed.ncbi.nlm.nih.gov/36541565/', 'https://pubmed.ncbi.nlm.nih.gov/36809004/']",,N
Gal(b1-4)GlcNAc(b1-2)Man(a1-3)[Gal(b1-4)GlcNAc(b1-2)Man(a1-6)][GlcNAc(b1-4)]Man(b1-4)GlcNAc(b1-4)GlcNAc,"{'Hex': 5, 'HexNAc': 5}",55000,"['Acomys_russatus', 'AvianInfluenzaA_Virus', 'Bos_taurus', 'Bubalus_bubalis', 'Canis_familiaris', 'Canis_lupus', 'Capra_hircus', 'Cavia_porcellus', 'Coturnix_japonica', 'Danio_rerio', 'Equus_caballus', 'Gallus_domesticus', 'Gallus_gallus', 'Ginglymostoma_cirratum', 'Homo_sapiens', 'HumanImmunoDeficiency_Virus', 'HumanInfluenzaA_Virus', 'Macaca_mulatta', 'Mus_musculus', 'Oryctolagus_cuniculus', 'Ovis_aries', 'Rattus_norvegicus', 'Sus_scrofa', 'Taenia_crassiceps', 'undetermined', 'unidentified_influenza_virus']","['https://pubmed.ncbi.nlm.nih.gov/8305818/', 'https://pubmed.ncbi.nlm.nih.gov/4054103/', 'https://pubmed.ncbi.nlm.nih.gov/38096130/', 'https://pubmed.ncbi.nlm.nih.gov/33515344/', 'https://pubmed.ncbi.nlm.nih.gov/8299354/', '', 'https://pubmed.ncbi.nlm.nih.gov/8299354/', 'https://pubmed.ncbi.nlm.nih.gov/8299354/', 'https://pubmed.ncbi.nlm.nih.gov/8257848/', 'https://academic.oup.com/glycob/article/27/3/228/2656954', 'https://pubmed.ncbi.nlm.nih.gov/8299354/', 'https://pubmed.ncbi.nlm.nih.gov/37972931/', '', 'https://pubmed.ncbi.nlm.nih.gov/19156518/', 'https://pubmed.ncbi.nlm.nih.gov/32737218/', 'https://pubmed.ncbi.nlm.nih.gov/2341393/', 'https://pubs.acs.org/doi/10.1021/acs.analchem.8b05372', 'https://pubmed.ncbi.nlm.nih.gov/36131114/', '', 'https://pubmed.ncbi.nlm.nih.gov/4074713/', '', '', '', 'https://pubmed.ncbi.nlm.nih.gov/16024105/', '', '']",G97613KO,N
Neu5Ac(a2-3)Gal(b1-4)GlcNAc(b1-2)Man(a1-3)[Man(a1-3)[Man(a1-6)]Man(a1-6)]Man(b1-4)GlcNAc(b1-4)GlcNAc,"{'Hex': 6, 'HexNAc': 3, 'Neu5Ac': 1}",36010,"['Bos_taurus', 'Cricetulus_griseus', 'Danio_rerio', 'Gallus_domesticus', 'Gallus_gallus', 'Homo_sapiens', 'Mesocricetus_auratus', 'MurineLeukemia_Virus', 'Mus_musculus', 'Ovis_aries', 'Rattus_norvegicus', 'Sus_scrofa', 'undetermined']","['https://pubmed.ncbi.nlm.nih.gov/36809004/', '', 'https://academic.oup.com/glycob/article/27/3/228/2656954', 'https://pubmed.ncbi.nlm.nih.gov/37972931/', 'https://pubmed.ncbi.nlm.nih.gov/35136109/', 'https://pubmed.ncbi.nlm.nih.gov/36902272/', '', '', 'https://pubmed.ncbi.nlm.nih.gov/38343116/', 'https://unicarb-dr.glycosmos.org/references/352', 'https://unicarb-dr.glycosmos.org/references/351', 'https://pubmed.ncbi.nlm.nih.gov/36809004/', '']",G65890UA,N
Man(a1-2/3/6)Man(a1-3/6)[Man(a1-3/6)]Man(b1-4)GlcNAc(b1-4)GlcNAc,"{'Hex': 4, 'HexNAc': 2}",24000,"['Adeno-associated_dependoparvovirusA', 'Bos_taurus', 'Crassostrea_gigas', 'Gallus_domesticus', 'Gallus_gallus', 'Homo_sapiens', 'Leishmania_amazonensis', 'Macaca_mulatta', 'Mus_musculus', 'Onchocerca_volvulus', 'Ostrea_edulis', 'Pan_troglodytes', 'Rattus_norvegicus', 'Sus_scrofa', 'Trichinella_spiralis', 'Trimeresurus_stejnegeri', 'Trypanosoma_cruzi']","['https://pubmed.ncbi.nlm.nih.gov/37774344/', 'https://pubmed.ncbi.nlm.nih.gov/35804766/', 'https://www.mdpi.com/1660-3397/21/6/342', 'https://pubmed.ncbi.nlm.nih.gov/27459092/', 'https://pubmed.ncbi.nlm.nih.gov/35804766/', 'https://pubmed.ncbi.nlm.nih.gov/32737218/', 'https://pubmed.ncbi.nlm.nih.gov/2373691/', 'https://pubmed.ncbi.nlm.nih.gov/36711977/', 'https://pubmed.ncbi.nlm.nih.gov/34358619/', 'https://pubmed.ncbi.nlm.nih.gov/36949937/', 'https://www.mdpi.com/1660-3397/21/6/342', 'https://pubmed.ncbi.nlm.nih.gov/36711977/', 'https://pubmed.ncbi.nlm.nih.gov/36711977/', 'https://pubmed.ncbi.nlm.nih.gov/34985888/', 'https://pubmed.ncbi.nlm.nih.gov/10988255/', 'https://pubmed.ncbi.nlm.nih.gov/10561575/', 'https://pubmed.ncbi.nlm.nih.gov/16045752/']",G42039DE,N
GlcNAc(b1-2)Man(a1-3)[Man(a1-6)]Man(b1-4)GlcNAc(b1-4)GlcNAc,"{'Hex': 3, 'HexNAc': 3}",33000,"['Acanthocheilonema_viteae', 'Acer_pseudoplatanus', 'Aedes_aegypti', 'Anas_sp', 'Anopheles_gambiae', 'Apis_mellifera', 'Arabidopsis_thaliana', 'Bombyx_mori', 'Bos_grunniens', 'Bos_taurus', 'Caenorhabditis_elegans', 'Capra_hircus', 'Coturnix_coturnix', 'Crassostrea_gigas', 'Cricetulus_griseus', 'Drosophila_melanogaster', 'Equus_asinus', 'Gallus_gallus', 'Homo_sapiens', 'HumanInfluenzaA_Virus', 'Lymantria_dispar', 'Mesocricetus_auratus', 'Mus_musculus', 'Nicotiana_alata', 'Nilaparvata_lugens', 'Oesophagostomum_dentatum', 'Ophiactis_savignyi', 'Panulirus_interruptus', 'Pristionchus_pacificus', 'Rana_pipiens', 'Saccharomyces_cerevisiae', 'Schmidtea_mediterranea', 'Spodoptera_frugiperda', 'Synsepalum_dulcificum', 'Tribolium_castaneum', 'Trichinella_spiralis', 'Trichoplusia_ni', 'Trichuris_suis', 'Vesicular_stomatitis_virus', 'Volvarina_rubella', 'undetermined', 'Ramazzottius_varieornatus', 'Hypsibius_exemplaris', 'Platanus_occidentalis', 'Coturnix_japonica', 'Anas_platyrhynchos', 'Rana_temporaria']","['https://pubmed.ncbi.nlm.nih.gov/9108548/', '', 'https://pubmed.ncbi.nlm.nih.gov/26047717/', '', 'https://pubmed.ncbi.nlm.nih.gov/26047717/', 'https://pubmed.ncbi.nlm.nih.gov/30104209/', 'https://pubmed.ncbi.nlm.nih.gov/26001781/', 'https://pubmed.ncbi.nlm.nih.gov/35397991/', 'https://pubmed.ncbi.nlm.nih.gov/35183770/', '', 'https://pubmed.ncbi.nlm.nih.gov/12038976/', 'https://pubmed.ncbi.nlm.nih.gov/33092920/', '', 'https://www.mdpi.com/1660-3397/21/6/342', '', 'https://pubmed.ncbi.nlm.nih.gov/17264077/', 'https://pubmed.ncbi.nlm.nih.gov/27550041/', '', 'https://pubmed.ncbi.nlm.nih.gov/33650863/', 'https://pubs.acs.org/doi/10.1021/acs.analchem.8b05372', 'https://pubmed.ncbi.nlm.nih.gov/28077298/', '', '', 'https://pubmed.ncbi.nlm.nih.gov/8922956/', 'https://pubmed.ncbi.nlm.nih.gov/30703540/', 'https://pubmed.ncbi.nlm.nih.gov/27751954/', 'https://pubmed.ncbi.nlm.nih.gov/32001617/', 'https://pubmed.ncbi.nlm.nih.gov/3758065/', 'https://pubmed.ncbi.nlm.nih.gov/25639343/', 'https://pubmed.ncbi.nlm.nih.gov/8400551/', 'https://pubmed.ncbi.nlm.nih.gov/26983412/', 'https://pubmed.ncbi.nlm.nih.gov/29475940/', '', '', 'https://pubmed.ncbi.nlm.nih.gov/27731363/', 'https://pubmed.ncbi.nlm.nih.gov/10988255/', 'https://pubmed.ncbi.nlm.nih.gov/28077298/', 'https://pubmed.ncbi.nlm.nih.gov/26650734/', '', 'https://pubmed.ncbi.nlm.nih.gov/26598642/', '', 'https://pubmed.ncbi.nlm.nih.gov/40306492/', 'https://pubmed.ncbi.nlm.nih.gov/40306492/', 'gwb', 'gwb', 'gwb', 'gwb']",G07494DW,N
Man(a1-6)Man(b1-4)GlcNAc(b1-4)GlcNAc,"{'Hex': 2, 'HexNAc': 2}",22000,"['Aedes_aegypti', 'Agelenopsis_aperta', 'Ananas_comosus', 'Anas_platyrhynchos', 'Anas_sp', 'Anopheles_gambiae', 'Antheraea_pernyi', 'Apis_mellifera', 'Armoracia_rusticana', 'Bombyx_mori', 'Bos_taurus', 'Brugia_malayi', 'Capra_hircus', 'Carica_papaya', 'Coturnix_coturnix', 'Drosophila_melanogaster', 'Fasciola_hepatica', 'Felis_catus', 'Gallus_gallus', 'Haemonchus_contortus', 'Homo_sapiens', 'Komagataella_pastoris', 'Lymantria_dispar', 'Mamestra_brassicae', 'Megathura_crenulata', 'Mus_musculus', 'Oesophagostomum_dentatum', 'Onchocerca_volvulus', 'Ophiactis_savignyi', 'Ovis_aries', 'Pristionchus_pacificus', 'Rattus_norvegicus', 'Saccharomyces_cerevisiae', 'Spodoptera_frugiperda', 'Sus_scrofa', 'Synsepalum_dulcificum', 'Tetrahymena_pyriformis', 'Trichoplusia_ni', 'Trypanosoma_cruzi', 'Volvarina_rubella', 'undetermined', 'Ramazzottius_varieornatus', 'Coturnix_japonica']","['https://pubmed.ncbi.nlm.nih.gov/26047717/', '', '', '', '', 'https://pubmed.ncbi.nlm.nih.gov/26047717/', 'https://pubmed.ncbi.nlm.nih.gov/12626419/', '', 'https://pubmed.ncbi.nlm.nih.gov/9451502/', 'https://pubmed.ncbi.nlm.nih.gov/12626419/', '', 'https://www.ncbi.nlm.nih.gov/pmc/articles/PMC9046957/', '', '', '', '', 'https://pubmed.ncbi.nlm.nih.gov/27139907/', '', '', 'https://pubmed.ncbi.nlm.nih.gov/25740940/', '', '', 'https://pubmed.ncbi.nlm.nih.gov/28077298/', 'https://pubmed.ncbi.nlm.nih.gov/8311447/', 'https://pubmed.ncbi.nlm.nih.gov/12423344/', '', 'https://pubmed.ncbi.nlm.nih.gov/27751954/', 'https://www.frontiersin.org/articles/10.3389/fimmu.2023.1102344/abstract', 'https://pubmed.ncbi.nlm.nih.gov/32001617/', '', 'https://pubmed.ncbi.nlm.nih.gov/25639343/', '', '', 'https://pubmed.ncbi.nlm.nih.gov/8311447/', '', '', '', 'https://pubmed.ncbi.nlm.nih.gov/28077298/', 'https://pubmed.ncbi.nlm.nih.gov/9614105/', 'https://pubmed.ncbi.nlm.nih.gov/26598642/', '', 'https://pubmed.ncbi.nlm.nih.gov/40306492/', 'gwb']",G24435SC,N
Neu5Ac(a2-3/6)Gal(b1-4)GlcNAc(b1-2)Man(a1-3)[Man(a1-3)[Man(a1-6)]Man(a1-6)]Man(b1-4)GlcNAc(b1-4)GlcNAc,"{'Hex': 6, 'HexNAc': 3, 'Neu5Ac': 1}",36010,"['Bos_grunniens', 'Bos_taurus', 'Capra_hircus', 'Cricetulus_griseus', 'Equus_asinus', 'Homo_sapiens', 'HumanInfluenzaA_Virus', 'Mus_musculus', 'Oryzias_latipes', 'Ovis_aries', 'Rattus_norvegicus', 'SemlikiForest_Virus', 'Sus_scrofa']","['https://pubmed.ncbi.nlm.nih.gov/34973737/', 'https://pubmed.ncbi.nlm.nih.gov/34973737/', 'https://pubmed.ncbi.nlm.nih.gov/35180604/', 'https://pubmed.ncbi.nlm.nih.gov/36068283/', 'https://pubmed.ncbi.nlm.nih.gov/36155291/', 'https://pubmed.ncbi.nlm.nih.gov/32737218/', 'https://pubmed.ncbi.nlm.nih.gov/33170858/', 'https://pubs.acs.org/doi/10.1021/acs.analchem.8b05372', 'https://www.tandfonline.com/doi/full/10.1080/09553002.2021.1864500', 'https://pubmed.ncbi.nlm.nih.gov/38287599/', 'https://pubmed.ncbi.nlm.nih.gov/34106099/', 'https://pubmed.ncbi.nlm.nih.gov/24467287/', 'https://pubmed.ncbi.nlm.nih.gov/35183770/']",G92570PJ,N
Neu5Ac(a2-6)Gal(b1-4)GlcNAc(b1-2)Man(a1-3)[Gal(b1-4)GlcNAc(b1-2)Man(a1-6)]Man(b1-4)GlcNAc(b1-4)GlcNAc,"{'Hex': 5, 'HexNAc': 4, 'Neu5Ac': 1}",45010,"['Bos_taurus', 'Cavia_porcellus', 'Coturnix_japonica', 'Danio_rerio', 'Equus_caballus', 'Gallus_gallus', 'Homo_sapiens', 'Oryctolagus_cuniculus', 'Pavo_muticus', 'Sus_scrofa']","['', '', 'https://www.tandfonline.com/doi/abs/10.1271/bbb.90821', 'https://academic.oup.com/glycob/article/27/3/228/2656954', '', '', 'https://pubmed.ncbi.nlm.nih.gov/29792883/', '', 'https://www.tandfonline.com/doi/abs/10.1271/bbb.90821', '']",G01670UQ,N
Gal(b1-4)GlcNAc(b1-2)Man(a1-3/6)[Man(a1-3/6)]Man(b1-4)GlcNAc(b1-4)GlcNAc,"{'Hex': 4, 'HexNAc': 3}",34000,"['Bos_taurus', 'Capra_hircus', 'Equus_asinus', 'Gallus_domesticus', 'Homo_sapiens', 'Macaca_mulatta', 'Mus_musculus', 'Oryctolagus_cuniculus', 'Ovis_aries', 'Sus_scrofa']","['https://pubmed.ncbi.nlm.nih.gov/37972931/', 'https://pubmed.ncbi.nlm.nih.gov/37972931/', 'https://pubmed.ncbi.nlm.nih.gov/37972931/', 'https://pubmed.ncbi.nlm.nih.gov/37972931/', 'https://pubmed.ncbi.nlm.nih.gov/33170858/', 'https://pubmed.ncbi.nlm.nih.gov/36131114/', 'https://pubmed.ncbi.nlm.nih.gov/34358619/', 'https://pubmed.ncbi.nlm.nih.gov/37972931/', 'https://pubmed.ncbi.nlm.nih.gov/37972931/', 'https://pubmed.ncbi.nlm.nih.gov/34985888/']",,N
Gal(b1-4)GlcNAc(b1-2)Man(a1-3/6)[GlcNAc(b1-2)Man(a1-3/6)][GlcNAc(b1-4)]Man(b1-4)GlcNAc(b1-4)GlcNAc,"{'Hex': 4, 'HexNAc': 5}",54000,"['Bos_taurus', 'Camelus_dromedarius', 'Capra_hircus', 'Gallus_domesticus', 'Gallus_gallus', 'Homo_sapiens', 'Macaca_mulatta', 'Mus_musculus', 'Oryctolagus_cuniculus', 'Rattus_norvegicus', 'Sus_scrofa']","['https://pubmed.ncbi.nlm.nih.gov/38096130/', 'https://pubmed.ncbi.nlm.nih.gov/27428249/', 'https://pubmed.ncbi.nlm.nih.gov/31985220/', 'https://pubmed.ncbi.nlm.nih.gov/37972931/', 'https://pubmed.ncbi.nlm.nih.gov/35136109/', 'https://pubmed.ncbi.nlm.nih.gov/38096130/', 'https://pubmed.ncbi.nlm.nih.gov/36131114/', '', 'https://pubmed.ncbi.nlm.nih.gov/37972931/', 'https://pubmed.ncbi.nlm.nih.gov/9851715/', 'https://pubmed.ncbi.nlm.nih.gov/38096130/']",G40013GE,N
Man(a1-3)Man(a1-6)[Man(a1-3)]Man(b1-4)GlcNAc(b1-4)GlcNAc,"{'Hex': 4, 'HexNAc': 2}",24000,"['Acer_pseudoplatanus', 'Acremonium_sp', 'Aedes_aegypti', 'Anopheles_gambiae', 'Apis_mellifera', 'Apis_sp', 'Arabidopsis_thaliana', 'Aspergillus_awamori', 'Aspergillus_terreus', 'Astragalus_lentiginosus', 'Bombyx_mori', 'Cricetulus_griseus', 'Danio_rerio', 'Dirofilaria_immitis', 'Haemonchus_contortus', 'Homo_sapiens', 'HumanInfluenzaA_Virus', 'Lymantria_dispar', 'Neurospora_crassa', 'Oesophagostomum_dentatum', 'Ophiactis_savignyi', 'Pristionchus_pacificus', 'Rattus_norvegicus', 'Ricinus_communis', 'Riftia_pachyptila', 'Tick_borne_encephalitis_virus', 'Trichoplusia_ni', 'Trichuris_suis', 'Trypanosoma_brucei', 'Volvarina_rubella', 'Ramazzottius_varieornatus', 'Hypsibius_exemplaris', 'Felis_catus', 'Sus_scrofa', 'Spodoptera_frugiperda', 'Platanus_occidentalis', 'Carica_papaya', 'Aspergillus_niger']","['', 'https://pubmed.ncbi.nlm.nih.gov/8782408/', 'https://pubmed.ncbi.nlm.nih.gov/26047717/', 'https://pubmed.ncbi.nlm.nih.gov/26047717/', '', '', 'https://pubmed.ncbi.nlm.nih.gov/35421698/', 'https://pubmed.ncbi.nlm.nih.gov/1527049/', 'https://pubmed.ncbi.nlm.nih.gov/30387766/', '', 'https://pubmed.ncbi.nlm.nih.gov/35397991/', 'https://pubmed.ncbi.nlm.nih.gov/681360/', 'https://academic.oup.com/glycob/article/27/3/228/2656954', 'https://pubmed.ncbi.nlm.nih.gov/30622255/', 'https://pubmed.ncbi.nlm.nih.gov/25740940/', '', 'https://pubs.acs.org/doi/10.1021/acs.analchem.8b05372', 'https://pubmed.ncbi.nlm.nih.gov/28077298/', 'https://pubmed.ncbi.nlm.nih.gov/30503329/', 'https://pubmed.ncbi.nlm.nih.gov/27751954/', 'https://pubmed.ncbi.nlm.nih.gov/32001617/', 'https://pubmed.ncbi.nlm.nih.gov/25639343/', '', 'https://pubmed.ncbi.nlm.nih.gov/1368297/', 'https://pubmed.ncbi.nlm.nih.gov/9621107/', 'https://doi.org/10.1038/s41598-020-70082-2', 'https://pubmed.ncbi.nlm.nih.gov/28077298/', 'https://pubmed.ncbi.nlm.nih.gov/26650734/', 'https://pubmed.ncbi.nlm.nih.gov/11087927/', 'https://pubmed.ncbi.nlm.nih.gov/26598642/', 'https://pubmed.ncbi.nlm.nih.gov/40306492/', 'https://pubmed.ncbi.nlm.nih.gov/40306492/', 'gwb', 'gwb', 'gwb', 'gwb', 'gwb', 'gwb']",G16069GA,N
{Man(a1-2)}Man(a1-2)Man(a1-3/6)[Man(a1-3/6)]Man(a1-6)[Man(a1-2)Man(a1-3)]Man(b1-4)GlcNAc(b1-4)GlcNAc,"{'Hex': 8, 'HexNAc': 2}",28000,"['Adeno-associated_dependoparvovirusA', 'Bos_taurus', 'Homo_sapiens', 'Mus_musculus', 'Ovis_aries', 'Sus_scrofa']","['https://pubmed.ncbi.nlm.nih.gov/37774344/', 'https://pubmed.ncbi.nlm.nih.gov/36809004/', 'http://www.functionalglycomics.org/glycomics/SampleServlet?operationType=view&key=103', 'https://pubmed.ncbi.nlm.nih.gov/37875230/', 'https://pubmed.ncbi.nlm.nih.gov/36809004/', 'https://pubmed.ncbi.nlm.nih.gov/36809004/']",,N
GlcNAc(b1-2)Man(a1-3)[Man(a1-3)[Man(a1-6)]Man(a1-6)][GlcNAc(b1-4)]Man(b1-4)GlcNAc(b1-4)GlcNAc,"{'Hex': 5, 'HexNAc': 4}",45000,"['Bos_taurus', 'Callipepla_squamata', 'Chauna_torquata', 'Colinus_virginianus', 'Coturnix_japonica', 'Danio_rerio', 'Gallus_gallus', 'Homo_sapiens', 'Macaca_mulatta', 'Mucor_hiemalis', 'Mus_musculus', 'Oreortyx_pictus', 'Pan_troglodytes', 'Rattus_norvegicus']","['', 'https://pubmed.ncbi.nlm.nih.gov/30537828/', 'https://pubmed.ncbi.nlm.nih.gov/21495680/', 'https://pubmed.ncbi.nlm.nih.gov/30537828/', 'https://pubmed.ncbi.nlm.nih.gov/30537828/', 'https://pubmed.ncbi.nlm.nih.gov/36509839/', '', 'https://pubmed.ncbi.nlm.nih.gov/35183770/', 'https://pubmed.ncbi.nlm.nih.gov/36711977/', 'https://pubmed.ncbi.nlm.nih.gov/27131291/', 'https://pubmed.ncbi.nlm.nih.gov/38343116/', 'https://pubmed.ncbi.nlm.nih.gov/30537828/', 'https://pubmed.ncbi.nlm.nih.gov/36711977/', 'https://pubmed.ncbi.nlm.nih.gov/34106099/']",,N
GlcNAc(b1-2)Man(a1-3/6)[Man(a1-3/6)]Man(b1-4)GlcNAc(b1-4)GlcNAc,"{'Hex': 3, 'HexNAc': 3}",33000,"['Angiostrongylus_cantonensis', 'Bombus_ignitus', 'Bos_taurus', 'Brugia_malayi', 'Capra_hircus', 'Cricetulus_griseus', 'Equus_asinus', 'Gallus_domesticus', 'Homo_sapiens', 'Hylesia_metabus', 'Macaca_mulatta', 'Mus_musculus', 'Onchocerca_volvulus', 'Onchocerca_volvulus', 'Oryctolagus_cuniculus', 'Ovis_aries', 'Sus_scrofa']","['https://pubmed.ncbi.nlm.nih.gov/26650734/', 'https://bmccancer.biomedcentral.com/articles/10.1186/s12885-018-5202-?', 'https://pubmed.ncbi.nlm.nih.gov/37972931/', 'https://www.ncbi.nlm.nih.gov/pmc/articles/PMC9046957/', 'https://pubmed.ncbi.nlm.nih.gov/37972931/', 'https://pubmed.ncbi.nlm.nih.gov/36068283/', 'https://pubmed.ncbi.nlm.nih.gov/37972931/', 'https://pubmed.ncbi.nlm.nih.gov/37972931/', 'https://pubmed.ncbi.nlm.nih.gov/33170858/', 'https://pubmed.ncbi.nlm.nih.gov/26537504/', 'https://pubmed.ncbi.nlm.nih.gov/36131114/', 'https://pubmed.ncbi.nlm.nih.gov/36068283/', 'https://pubmed.ncbi.nlm.nih.gov/36949937/', 'https://www.frontiersin.org/articles/10.3389/fimmu.2023.1102344/abstract', 'https://pubmed.ncbi.nlm.nih.gov/37972931/', 'https://pubmed.ncbi.nlm.nih.gov/37972931/', 'https://pubmed.ncbi.nlm.nih.gov/34985888/']",,N
Man(a1-2)Man(a1-6)[Man(a1-3)]Man(a1-6)[Man(a1-3)]Man(b1-4)GlcNAc(b1-4)GlcNAc,"{'Hex': 6, 'HexNAc': 2}",26000,"['Apis_mellifera', 'Arabidopsis_thaliana', 'Bombyx_mori', 'Bos_grunniens', 'Bos_taurus', 'Carica_papaya', 'Danio_rerio', 'Gallus_gallus', 'Homo_sapiens', 'Lotus_japonicus', 'Lymantria_dispar', 'Mus_musculus', 'Mustela_furo', 'Oesophagostomum_dentatum', 'Ovis_aries', 'Penicillium_dierckxii', 'Pristionchus_pacificus', 'Pseudozyma_antarctica', 'Sus_scrofa', 'Trichoplusia_ni', 'Trichuris_suis', 'undetermined', 'unidentified_influenza_virus', 'Rattus_norvegicus']","['https://pubmed.ncbi.nlm.nih.gov/30104209/', 'https://pubmed.ncbi.nlm.nih.gov/35421698/', 'https://pubmed.ncbi.nlm.nih.gov/35397991/', 'https://pubmed.ncbi.nlm.nih.gov/34973737/', 'https://pubmed.ncbi.nlm.nih.gov/34973737/', 'https://pubmed.ncbi.nlm.nih.gov/10833284/', 'https://academic.oup.com/glycob/article/27/3/228/2656954', '', 'https://pubmed.ncbi.nlm.nih.gov/36902272/', 'https://pubmed.ncbi.nlm.nih.gov/23799247/', 'https://pubmed.ncbi.nlm.nih.gov/28077298/', '', 'https://pubmed.ncbi.nlm.nih.gov/30315103/', 'https://pubmed.ncbi.nlm.nih.gov/27751954/', 'https://unicarb-dr.glycosmos.org/references/352', 'https://pubmed.ncbi.nlm.nih.gov/26515459/', 'https://pubmed.ncbi.nlm.nih.gov/25639343/', 'https://pubmed.ncbi.nlm.nih.gov/30305477/', '', 'https://pubmed.ncbi.nlm.nih.gov/28077298/', 'https://pubmed.ncbi.nlm.nih.gov/26650734/', '', '', 'gwb']",G20174ZL,N
Gal(b1-4)GlcNAc(b1-2)[Gal(b1-4)GlcNAc(b1-4)]Man(a1-3)[Gal(b1-4)GlcNAc(b1-2)Man(a1-6)]Man(b1-4)GlcNAc(b1-4)GlcNAc,"{'Hex': 6, 'HexNAc': 5}",56000,"['Bos_grunniens', 'Bos_taurus', 'Cricetulus_griseus', 'Ctenopharyngodon_idella', 'Felis_catus', 'Gallus_gallus', 'Ginglymostoma_cirratum', 'Homo_sapiens', 'HumanImmunoDeficiency_Virus', 'HumanInfluenzaA_Virus', 'Larus_crassirostris', 'Mesocricetus_auratus', 'MinkCellFocusForming_Virus', 'Mus_musculus', 'Notamacropus_eugenii', 'Ovis_aries', 'Plecoglossus_altivelis', 'Rattus_norvegicus', 'SemlikiForest_Virus', 'Sus_scrofa', 'undetermined', 'Torpedo_californica']","['https://pubmed.ncbi.nlm.nih.gov/34973737/', '', '', 'https://pubmed.ncbi.nlm.nih.gov/30487799/', '', '', 'https://pubmed.ncbi.nlm.nih.gov/19156518/', 'https://pubmed.ncbi.nlm.nih.gov/36902272/', 'https://pubmed.ncbi.nlm.nih.gov/2341393/', 'https://pubs.acs.org/doi/10.1021/acs.analchem.8b05372', 'https://pubmed.ncbi.nlm.nih.gov/19240272/', '', 'https://pubmed.ncbi.nlm.nih.gov/2174368/', '', 'https://pubmed.ncbi.nlm.nih.gov/23053637/', '', 'https://pubmed.ncbi.nlm.nih.gov/1447178/', '', '', 'https://pubmed.ncbi.nlm.nih.gov/39778995/', '', 'gwb']",G29857RC,N
Gal(b1-4)GlcNAc(b1-2)Man(a1-3)[Man(a1-3/6)Man(a1-6)]Man(b1-4)GlcNAc(b1-4)GlcNAc,"{'Hex': 5, 'HexNAc': 3}",35000,"['Bos_taurus', 'Capra_hircus', 'Danio_rerio', 'Equus_asinus', 'Gallus_domesticus', 'Gallus_gallus', 'Homo_sapiens', 'Macaca_mulatta', 'Mus_musculus', 'Oryctolagus_cuniculus', 'Ovis_aries', 'SemlikiForest_Virus', 'Sus_scrofa']","['https://pubmed.ncbi.nlm.nih.gov/37972931/', 'https://pubmed.ncbi.nlm.nih.gov/37972931/', 'https://glycostore.org/searchTaxon/HOMO%20SAPIENS', 'https://pubmed.ncbi.nlm.nih.gov/36155291/', 'https://pubmed.ncbi.nlm.nih.gov/37972931/', 'https://pubmed.ncbi.nlm.nih.gov/35136109/', 'https://pubmed.ncbi.nlm.nih.gov/32737218/', 'https://pubmed.ncbi.nlm.nih.gov/36131114/', 'https://www.nature.com/articles/s41467-018-06950-3', 'https://pubmed.ncbi.nlm.nih.gov/37972931/', 'https://pubmed.ncbi.nlm.nih.gov/37972931/', 'https://pubmed.ncbi.nlm.nih.gov/24467287/', 'https://pubmed.ncbi.nlm.nih.gov/37972931/']",G95226CD,N
Neu5Ac(a2-3)Gal(b1-4)GlcNAc(b1-2)Man(a1-6)[Gal(b1-4)GlcNAc(b1-2)Man(a1-3)]Man(b1-4)GlcNAc(b1-4)GlcNAc,"{'Hex': 5, 'HexNAc': 4, 'Neu5Ac': 1}",45010,"['Cricetulus_griseus', 'Homo_sapiens', 'Mus_musculus', 'Ovis_aries', 'Rattus_norvegicus']","['', 'https://pubmed.ncbi.nlm.nih.gov/36902272/', 'https://unicarb-dr.glycosmos.org/references/364', 'https://unicarb-dr.glycosmos.org/references/352', 'https://unicarb-dr.glycosmos.org/references/351']",G27170BX,N
GlcNAc(b1-2)Man(a1-3)[Man(a1-3/6)Man(a1-6)]Man(b1-4)GlcNAc(b1-4)GlcNAc,"{'Hex': 4, 'HexNAc': 3}",34000,"['Apis_mellifera', 'Bos_grunniens', 'Bos_taurus', 'Callipepla_squamata', 'Capra_hircus', 'Colinus_virginianus', 'Coturnix_japonica', 'Gallus_domesticus', 'Gallus_gallus', 'Homo_sapiens', 'Oreortyx_pictus', 'Oryctolagus_cuniculus', 'Ovis_aries', 'Pinus_pinea', 'SemlikiForest_Virus', 'Sus_scrofa']","['https://pubmed.ncbi.nlm.nih.gov/31393126/', 'https://pubmed.ncbi.nlm.nih.gov/35183770/', 'https://pubmed.ncbi.nlm.nih.gov/37972931/', 'https://pubmed.ncbi.nlm.nih.gov/30537828/', 'https://pubmed.ncbi.nlm.nih.gov/37972931/', 'https://pubmed.ncbi.nlm.nih.gov/30537828/', 'https://pubmed.ncbi.nlm.nih.gov/30537828/', 'https://pubmed.ncbi.nlm.nih.gov/37972931/', '', 'https://pubmed.ncbi.nlm.nih.gov/38171687/', 'https://pubmed.ncbi.nlm.nih.gov/30537828/', 'https://pubmed.ncbi.nlm.nih.gov/37972931/', 'https://pubmed.ncbi.nlm.nih.gov/36809004/', 'https://pubmed.ncbi.nlm.nih.gov/35231713/', 'https://pubmed.ncbi.nlm.nih.gov/24467287/', 'https://pubmed.ncbi.nlm.nih.gov/36809004/']",G90922MJ,N
Man(a1-2)Man(a1-2)Man(a1-3)[Man(a1-2)Man(a1-3)[Man(a1-6)]Man(a1-6)]Man(b1-4)GlcNAc(b1-4)GlcNAc,"{'Hex': 8, 'HexNAc': 2}",28000,"['Apis_mellifera', 'Aspergillus_oryzae', 'Bos_taurus', 'Cavia_porcellus', 'Chlorella_vulgaris', 'Cricetulus_griseus', 'Crithidia_fasciculata', 'Danio_rerio', 'Herpetomonas_muscarum', 'Homo_sapiens', 'Leishmania_adleri', 'Lymantria_dispar', 'Malassezia_furfur', 'Mesocricetus_auratus', 'Mus_musculus', 'Ovis_aries', 'Penicillium_nordicum', 'Phaseolus_lunatus', 'Phaseolus_vulgaris', 'Pseudozyma_antarctica', 'Rattus_norvegicus', 'Saccharomyces_cerevisiae', 'Saccharomyces_uvarum', 'Schistosoma_mansoni', 'Strigomonas_culicis', 'Strigomonas_samuelpessoai', 'Sus_scrofa', 'Trichoplusia_ni', 'Trichuris_suis', 'Trypanosoma_conorhini', 'Trypanosoma_cruzi', 'Trypanosoma_dionisii', 'unidentified_influenza_virus', 'Herpetomonas_samuelpessoai', 'Leptomonas_samueli', 'Herpetomonas_pessoai']","['https://pubmed.ncbi.nlm.nih.gov/30104209/', '', '', '', 'https://pubmed.ncbi.nlm.nih.gov/30674946/', '', '', 'https://academic.oup.com/glycob/article/27/3/228/2656954', '', '', '', 'https://pubmed.ncbi.nlm.nih.gov/28077298/', 'https://pubmed.ncbi.nlm.nih.gov/30305477/', '', '', 'https://unicarb-dr.glycosmos.org/references/352', 'https://pubmed.ncbi.nlm.nih.gov/26515459/', 'https://pubmed.ncbi.nlm.nih.gov/8465965/', 'https://pubmed.ncbi.nlm.nih.gov/8465965/', 'https://pubmed.ncbi.nlm.nih.gov/30305477/', 'https://unicarb-dr.glycosmos.org/references/351', 'https://www.ncbi.nlm.nih.gov/books/NBK453054/', '', 'https://pubmed.ncbi.nlm.nih.gov/3386683/', '', '', '', 'https://pubmed.ncbi.nlm.nih.gov/28077298/', 'https://pubmed.ncbi.nlm.nih.gov/26650734/', '', '', '', '', 'gwb', 'gwb', 'gwb']",G43176NP,N
Neu5Ac(a2-3)Gal(b1-4)GlcNAc(b1-2)Man(a1-3/6)[Gal(b1-4)GlcNAc(b1-2)Man(a1-3/6)]Man(b1-4)GlcNAc(b1-4)GlcNAc,"{'Hex': 5, 'HexNAc': 4, 'Neu5Ac': 1}",45010,"['Bos_taurus', 'Camelus_dromedarius', 'Capra_hircus', 'Danio_rerio', 'Desmodus_rotundus', 'Equus_asinus', 'Gallus_domesticus', 'Gallus_gallus', 'Homo_sapiens', 'Larus_crassirostris', 'Oryctolagus_cuniculus', 'Ovis_aries', 'Sus_scrofa']","['https://pubmed.ncbi.nlm.nih.gov/36809004/', 'https://pubmed.ncbi.nlm.nih.gov/27428249/', 'https://pubmed.ncbi.nlm.nih.gov/37972931/', 'https://www.nature.com/articles/s41467-018-06950-3', 'https://pubmed.ncbi.nlm.nih.gov/9061366/', 'https://pubmed.ncbi.nlm.nih.gov/37972931/', 'https://pubmed.ncbi.nlm.nih.gov/37972931/', 'https://pubmed.ncbi.nlm.nih.gov/35136109/', '', 'https://pubmed.ncbi.nlm.nih.gov/19240272/', 'https://pubmed.ncbi.nlm.nih.gov/37972931/', 'https://pubmed.ncbi.nlm.nih.gov/36809004/', 'https://pubmed.ncbi.nlm.nih.gov/36809004/']",G71269BI,N
GlcNAc(b1-2)Man(a1-6)[Man(a1-3)]Man(b1-4)GlcNAc(b1-4)GlcNAc,"{'Hex': 3, 'HexNAc': 3}",33000,"['Acer_pseudoplatanus', 'Anas_sp', 'Apis_mellifera', 'Bombyx_mori', 'Bos_taurus', 'Caenorhabditis_elegans', 'Callipepla_squamata', 'Capra_hircus', 'Cavia_porcellus', 'Colinus_virginianus', 'Coturnix_japonica', 'Dirofilaria_immitis', 'Drosophila_melanogaster', 'Fasciola_hepatica', 'Homo_sapiens', 'Leptinotarsa_decemlineata', 'Lupinus_luteus', 'Mus_musculus', 'Oesophagostomum_dentatum', 'Oreortyx_pictus', 'Pristionchus_pacificus', 'Rapana_venosa', 'Synsepalum_dulcificum', 'Trichoplusia_ni', 'Volvarina_rubella', 'Platanus_occidentalis', 'Anas_platyrhynchos']","['', '', 'https://pubmed.ncbi.nlm.nih.gov/30104209/', 'https://pubmed.ncbi.nlm.nih.gov/35397991/', '', 'https://pubmed.ncbi.nlm.nih.gov/12038976/', 'https://pubmed.ncbi.nlm.nih.gov/30537828/', 'https://pubmed.ncbi.nlm.nih.gov/33092920/', '', 'https://pubmed.ncbi.nlm.nih.gov/30537828/', 'https://pubmed.ncbi.nlm.nih.gov/30537828/', 'https://pubmed.ncbi.nlm.nih.gov/30622255/', '', 'https://pubmed.ncbi.nlm.nih.gov/27104959/', '', 'https://doi.org/10.1016/j.jinsphys.2019.03.009', 'https://pubmed.ncbi.nlm.nih.gov/11042390/', '', 'https://pubmed.ncbi.nlm.nih.gov/27751954/', 'https://pubmed.ncbi.nlm.nih.gov/30537828/', 'https://pubmed.ncbi.nlm.nih.gov/25639343/', 'https://www.sciencedirect.com/science/article/pii/S0006291X05007357', '', 'https://pubmed.ncbi.nlm.nih.gov/28077298/', 'https://pubmed.ncbi.nlm.nih.gov/26598642/', 'gwb', 'gwb']",G64481DJ,N
Glc(a1-2)Glc(a1-3)Glc(a1-3)Man(a1-2)Man(a1-2)Man(a1-3)[Man(a1-2)Man(a1-3)[Man(a1-2)Man(a1-6)]Man(a1-6)]Man(b1-4)GlcNAc(b1-4)GlcNAc,"{'Hex': 12, 'HexNAc': 2}",212000,"['Apis_mellifera', 'Arabidopsis_thaliana', 'Aspergillus_nidulans', 'Aspergillus_niger', 'Asterias_amurensis', 'Asterias_rubens', 'Bos_taurus', 'Canis_familiaris', 'Cricetulus_griseus', 'Danio_rerio', 'Dictyostelium_discoideum', 'Holothuria_atria', 'Homo_sapiens', 'HumanInfluenzaA_Virus', 'Komagataella_pastoris', 'Mus_musculus', 'Nilaparvata_lugens', 'Ophiactis_savignyi', 'Saccharomyces_cerevisiae', 'Saccharomyces_uvarum', 'Schizosaccharomyces_pombe', 'Sus_scrofa', 'Trichoplusia_ni', 'Vesicular_stomatitis_virus', 'Yarrowia_lipolytica', 'undetermined', 'Crithidia_fasciculata', 'Trypanosoma_cruzi', 'Leptomonas_samueli', 'Rattus_norvegicus', 'Canis_lupus', 'Aedes_albopictus']","['https://pubmed.ncbi.nlm.nih.gov/31398379/', 'https://pubmed.ncbi.nlm.nih.gov/26001781/', 'https://pubmed.ncbi.nlm.nih.gov/24076077/', 'https://pubmed.ncbi.nlm.nih.gov/24076077/', '', 'https://pubmed.ncbi.nlm.nih.gov/3665939/', '', '', '', 'https://academic.oup.com/glycob/article/27/3/228/2656954', 'https://pubs.acs.org/doi/10.1021/pr300806b', 'https://pubmed.ncbi.nlm.nih.gov/31969392/', 'https://pubmed.ncbi.nlm.nih.gov/35183770/', 'https://pubs.acs.org/doi/10.1021/acs.analchem.8b05372', 'https://pubmed.ncbi.nlm.nih.gov/24076077/', '', 'https://pubmed.ncbi.nlm.nih.gov/30703540/', 'https://pubmed.ncbi.nlm.nih.gov/32001617/', 'https://www.ncbi.nlm.nih.gov/books/NBK453054/', '', 'https://www.ncbi.nlm.nih.gov/books/NBK453054/', '', 'https://pubmed.ncbi.nlm.nih.gov/28077298/', '', 'https://pubmed.ncbi.nlm.nih.gov/24076077/', '', 'gwb', 'gwb', 'gwb', 'gwb', 'gwb', 'gwb']",G81371UR,N
Neu5Ac(a2-3)Gal(b1-4)GlcNAc(b1-2)Man(a1-3)[Man(a1-3/6)Man(a1-6)]Man(b1-4)GlcNAc(b1-4)GlcNAc,"{'Hex': 5, 'HexNAc': 3, 'Neu5Ac': 1}",35010,"['Bos_taurus', 'Homo_sapiens', 'Mus_musculus', 'Ovis_aries', 'Rattus_norvegicus', 'Sus_scrofa']","['https://pubmed.ncbi.nlm.nih.gov/36809004/', 'https://pubmed.ncbi.nlm.nih.gov/36902272/', 'https://unicarb-dr.glycosmos.org/references/364', 'https://unicarb-dr.glycosmos.org/references/352', 'https://unicarb-dr.glycosmos.org/references/351', 'https://pubmed.ncbi.nlm.nih.gov/36809004/']",G82273ZM,N
Gal(b1-4)GlcNAc(b1-2)Man(a1-3)[GlcNAc(b1-2)Man(a1-6)]Man(b1-4)GlcNAc(b1-4)GlcNAc,"{'Hex': 4, 'HexNAc': 4}",44000,"['Anas_sp', 'Bos_taurus', 'Camelus_dromedarius', 'Capra_hircus', 'Coturnix_japonica', 'Cricetulus_griseus', 'Ctenopharyngodon_idella', 'Drosophila_melanogaster', 'Equus_asinus', 'Homo_sapiens', 'HumanInfluenzaA_Virus', 'Mus_musculus', 'Mustela_furo', 'Oryctolagus_cuniculus', 'Ovis_aries', 'Tetronarce_californica', 'undetermined', 'Torpedo_californica', 'Anas_platyrhynchos']","['', '', 'https://pubmed.ncbi.nlm.nih.gov/27428249/', 'https://pubmed.ncbi.nlm.nih.gov/31985220/', '', '', 'https://pubmed.ncbi.nlm.nih.gov/30487799/', 'https://pubmed.ncbi.nlm.nih.gov/17264077/', 'https://pubmed.ncbi.nlm.nih.gov/27550041/', 'https://pubmed.ncbi.nlm.nih.gov/32737218/', 'https://pubs.acs.org/doi/10.1021/acs.analchem.8b05372', '', 'https://pubmed.ncbi.nlm.nih.gov/30315103/', '', 'https://unicarb-dr.glycosmos.org/references/352', 'https://pubmed.ncbi.nlm.nih.gov/1633814/', '', 'gwb', 'gwb']",G42646UJ,N
Neu5Ac(a2-6)Gal(b1-4)GlcNAc(b1-2)Man(a1-6)[Gal(b1-4)GlcNAc(b1-2)Man(a1-3)]Man(b1-4)GlcNAc(b1-4)GlcNAc,"{'Hex': 5, 'HexNAc': 4, 'Neu5Ac': 1}",45010,"['Bos_taurus', 'Cavia_porcellus', 'Gallus_gallus', 'Homo_sapiens', 'Oryctolagus_cuniculus', 'Ovis_aries', 'Rattus_norvegicus', 'Sus_scrofa']","['', '', '', 'https://pubmed.ncbi.nlm.nih.gov/34831278/', '', 'https://unicarb-dr.glycosmos.org/references/352', 'https://unicarb-dr.glycosmos.org/references/351', 'gwb']",G08646YJ,N
Man(a1-2)Man(a1-3)[Man(a1-6)]Man(b1-4)GlcNAc(b1-4)GlcNAc,"{'Hex': 4, 'HexNAc': 2}",24000,"['Arabidopsis_thaliana', 'Aspergillus_nidulans', 'Aspergillus_niger', 'Bos_taurus', 'Cricetulus_griseus', 'Entamoeba_histolytica', 'Felis_catus', 'Homo_sapiens', 'Leishmania_amazonensis', 'Macaca_fascicularis', 'Mus_musculus', 'Nilaparvata_lugens', 'Pithecopus_azureus', 'Saccharomyces_cerevisiae', 'Schizosaccharomyces_pombe', 'Spodoptera_frugiperda', 'Sus_scrofa', 'Tetrahymena_pyriformis', 'Yarrowia_lipolytica', 'undetermined']","['', 'https://pubmed.ncbi.nlm.nih.gov/24076077/', 'https://pubmed.ncbi.nlm.nih.gov/24076077/', '', '', 'https://pubmed.ncbi.nlm.nih.gov/18417475/', '', 'https://pubmed.ncbi.nlm.nih.gov/36902272/', '', '', '', 'https://pubmed.ncbi.nlm.nih.gov/30703540/', 'https://pubmed.ncbi.nlm.nih.gov/35077806/', 'https://www.ncbi.nlm.nih.gov/books/NBK453054/', 'https://www.ncbi.nlm.nih.gov/books/NBK453054/', '', '', '', 'https://pubmed.ncbi.nlm.nih.gov/24076077/', '']",G62185GG,N
Gal(b1-4)GlcNAc(b1-2)[Gal(b1-4)GlcNAc(b1-4)]Man(a1-3)[Gal(b1-4)GlcNAc(b1-2)[Gal(b1-4)GlcNAc(b1-6)]Man(a1-6)]Man(b1-4)GlcNAc(b1-4)GlcNAc,"{'Hex': 7, 'HexNAc': 6}",67000,"['Bos_grunniens', 'Bos_taurus', 'Butea_monosperma', 'Cricetulus_griseus', 'Felis_catus', 'Homo_sapiens', 'Larus_crassirostris', 'Mesocricetus_auratus', 'Mus_musculus', 'Oryzias_latipes', 'Rattus_norvegicus', 'Sus_scrofa', 'undetermined', 'Torpedo_californica']","['', 'https://pubmed.ncbi.nlm.nih.gov/38096130/', 'https://www.ncbi.nlm.nih.gov/pmc/articles/PMC6784322/', '', '', 'https://pubmed.ncbi.nlm.nih.gov/36278935/', 'https://pubmed.ncbi.nlm.nih.gov/19240272/', '', '', 'https://www.tandfonline.com/doi/full/10.1080/09553002.2021.1864500', '', 'https://pubmed.ncbi.nlm.nih.gov/38096130/', '', 'gwb']",G88800UV,N
Man(a1-2)Man(a1-3)[Man(a1-3/6)Man(a1-6)]Man(b1-4)GlcNAc(b1-4)GlcNAc,"{'Hex': 5, 'HexNAc': 2}",25000,"['Bos_taurus', 'Homo_sapiens', 'Ovis_aries', 'SARS_CoV2', 'Trypanosoma_cruzi']","['https://pubmed.ncbi.nlm.nih.gov/33137256/', 'https://pubmed.ncbi.nlm.nih.gov/36902272/', 'https://unicarb-dr.glycosmos.org/references/352', '', 'https://pubmed.ncbi.nlm.nih.gov/16045752/']",,N
Neu5Ac(a2-3/6)Gal(b1-4)GlcNAc(b1-2)Man(a1-3)[Man(a1-3/6)Man(a1-6)]Man(b1-4)GlcNAc(b1-4)GlcNAc,"{'Hex': 5, 'HexNAc': 3, 'Neu5Ac': 1}",35010,"['Bos_taurus', 'Capra_hircus', 'Cricetulus_griseus', 'Homo_sapiens', 'HumanInfluenzaA_Virus', 'Mus_musculus', 'Notamacropus_eugenii', 'Oryzias_latipes', 'Ovis_aries', 'Rhinopithecus_roxellana', 'SemlikiForest_Virus', 'Sus_scrofa']","['https://pubmed.ncbi.nlm.nih.gov/38096130/', 'https://pubmed.ncbi.nlm.nih.gov/24519758/', 'https://pubmed.ncbi.nlm.nih.gov/36068283/', 'https://pubmed.ncbi.nlm.nih.gov/32737218/', 'https://pubs.acs.org/doi/10.1021/acs.analchem.8b05372', 'https://pubmed.ncbi.nlm.nih.gov/34358619/', 'https://pubmed.ncbi.nlm.nih.gov/23053637/', 'https://www.tandfonline.com/doi/full/10.1080/09553002.2021.1864500', 'https://pubmed.ncbi.nlm.nih.gov/38287599/', 'https://pubmed.ncbi.nlm.nih.gov/38213790/', 'https://pubmed.ncbi.nlm.nih.gov/24467287/', 'https://pubmed.ncbi.nlm.nih.gov/38096130/']",G82273ZM,N
Neu5Ac(a2-3)Gal(b1-4)GlcNAc(b1-2)Man(a1-3/6)[Neu5Ac(a2-6)Gal(b1-4)GlcNAc(b1-2)Man(a1-3/6)]Man(b1-4)GlcNAc(b1-4)GlcNAc,"{'Hex': 5, 'HexNAc': 4, 'Neu5Ac': 2}",45020,"['Camelus_dromedarius', 'Capra_hircus', 'Equus_asinus', 'Gallus_domesticus', 'Homo_sapiens', 'Mus_musculus', 'Oryctolagus_cuniculus']","['https://pubmed.ncbi.nlm.nih.gov/27428249/', 'https://pubmed.ncbi.nlm.nih.gov/37972931/', 'https://pubmed.ncbi.nlm.nih.gov/37972931/', 'https://pubmed.ncbi.nlm.nih.gov/37972931/', 'https://pubmed.ncbi.nlm.nih.gov/36278935/', 'https://pubmed.ncbi.nlm.nih.gov/38343116/', 'https://pubmed.ncbi.nlm.nih.gov/37972931/']",G72001PU,N
Gal(b1-4)GlcNAc(b1-2)Man(a1-3)[Man(a1-6)]Man(b1-4)GlcNAc(b1-4)GlcNAc,"{'Hex': 4, 'HexNAc': 3}",34000,"['Anas_platyrhynchos', 'Anas_sp', 'Bos_taurus', 'Capra_hircus', 'Coturnix_coturnix', 'Cricetulus_griseus', 'Drosophila_melanogaster', 'Equus_asinus', 'Gallus_gallus', 'Homo_sapiens', 'HumanInfluenzaA_Virus', 'Mus_musculus', 'Nicotiana_tabacum', 'Oryctolagus_cuniculus', 'Rana_pipiens', 'SemlikiForest_Virus', 'undetermined', 'Rana_temporaria']","['', '', '', 'https://pubmed.ncbi.nlm.nih.gov/31985220/', '', '', 'https://pubmed.ncbi.nlm.nih.gov/17264077/', 'https://pubmed.ncbi.nlm.nih.gov/27550041/', '', 'https://pubmed.ncbi.nlm.nih.gov/32737218/', 'https://pubs.acs.org/doi/10.1021/acs.analchem.8b05372', '', 'https://pubmed.ncbi.nlm.nih.gov/11791722/', '', '', 'https://pubmed.ncbi.nlm.nih.gov/24467287/', '', 'gwb']",G69411IG,N
Gal(b1-3/4)GlcNAc(b1-2)Man(a1-3)[Gal(b1-3/4)GlcNAc(b1-2)Man(a1-6)]Man(b1-4)GlcNAc(b1-4)GlcNAc,"{'Hex': 5, 'HexNAc': 4}",45000,"['Callipepla_squamata', 'Chauna_torquata', 'Colinus_virginianus', 'Coturnix_japonica', 'Dengue_virus', 'Gallus_domesticus', 'Homo_sapiens', 'Macaca_mulatta', 'Oreortyx_pictus', 'Pan_troglodytes', 'Rattus_norvegicus', 'SARS_CoV2', 'Tick_borne_encephalitis_virus']","['https://pubmed.ncbi.nlm.nih.gov/30537828/', 'https://pubmed.ncbi.nlm.nih.gov/21495680/', 'https://pubmed.ncbi.nlm.nih.gov/30537828/', 'https://pubmed.ncbi.nlm.nih.gov/30537828/', 'https://journals.plos.org/plosone/article?id=10.1371/journal.pone.0132122', 'https://pubmed.ncbi.nlm.nih.gov/27459092/', 'https://pubmed.ncbi.nlm.nih.gov/36711977/', 'https://pubmed.ncbi.nlm.nih.gov/36711977/', 'https://pubmed.ncbi.nlm.nih.gov/30537828/', 'https://pubmed.ncbi.nlm.nih.gov/36711977/', 'https://pubmed.ncbi.nlm.nih.gov/36711977/', '', 'https://doi.org/10.1038/s41598-020-70082-2']",G31303GK,N
Man(a1-3/6)Man(b1-4)GlcNAc(b1-4)GlcNAc,"{'Hex': 2, 'HexNAc': 2}",22000,"['Adeno-associated_dependoparvovirusA', 'Ascaris_suum', 'Bos_taurus', 'Cricetulus_griseus', 'Drosophila_melanogaster', 'Equus_asinus', 'Glossina_morsitans', 'Homo_sapiens', 'Leptinotarsa_decemlineata', 'Nilaparvata_lugens', 'Onchocerca_volvulus', 'Pithecopus_azureus', 'Rana_catesbeiana', 'Schmidtea_mediterranea', 'Tribolium_castaneum']","['https://pubmed.ncbi.nlm.nih.gov/37774344/', 'https://pubmed.ncbi.nlm.nih.gov/17181538/', 'https://pubmed.ncbi.nlm.nih.gov/38184915/', '', 'https://glycopost.glycosmos.org/entry/GPST000260', 'https://pubmed.ncbi.nlm.nih.gov/27550041/', 'https://pubmed.ncbi.nlm.nih.gov/33529215/', 'https://pubmed.ncbi.nlm.nih.gov/36902272/', 'https://doi.org/10.1016/j.jinsphys.2019.03.009', 'https://pubmed.ncbi.nlm.nih.gov/30703540/', 'https://pubmed.ncbi.nlm.nih.gov/36949937/', 'https://pubmed.ncbi.nlm.nih.gov/35077806/', 'https://pubmed.ncbi.nlm.nih.gov/8224755/', 'https://pubmed.ncbi.nlm.nih.gov/29475940/', 'https://pubmed.ncbi.nlm.nih.gov/27731363/']",G03717EM,N
Glc(a1-3)Glc(a1-3)Man(a1-2)Man(a1-2)Man(a1-3)[Man(a1-2)Man(a1-3)[Man(a1-2)Man(a1-6)]Man(a1-6)]Man(b1-4)GlcNAc(b1-4)GlcNAc,"{'Hex': 11, 'HexNAc': 2}",211000,"['Arabidopsis_thaliana', 'Asterias_amurensis', 'Asterias_rubens', 'Bos_taurus', 'Capra_hircus', 'Coturnix_japonica', 'Cricetulus_griseus', 'Crithidia_fasciculata', 'Dictyostelium_discoideum', 'Gallus_gallus', 'Holothuria_atria', 'Homo_sapiens', 'HumanInfluenzaA_Virus', 'Nilaparvata_lugens', 'Ophiactis_savignyi', 'Saccharomyces_cerevisiae', 'Schizosaccharomyces_pombe', 'Strigomonas_culicis', 'Trichoplusia_ni', 'Trypanosoma_cruzi', 'Vesicular_stomatitis_virus', 'undetermined', 'Rattus_norvegicus', 'Leptomonas_samueli']","['https://pubmed.ncbi.nlm.nih.gov/35421698/', '', 'https://pubmed.ncbi.nlm.nih.gov/3665939/', 'https://pubmed.ncbi.nlm.nih.gov/38096130/', 'https://pubmed.ncbi.nlm.nih.gov/38096130/', '', '', '', 'https://pubmed.ncbi.nlm.nih.gov/28556908/', 'https://pubmed.ncbi.nlm.nih.gov/35136109/', 'https://pubmed.ncbi.nlm.nih.gov/31969392/', 'https://pubmed.ncbi.nlm.nih.gov/38096130/', 'https://pubs.acs.org/doi/10.1021/acs.analchem.8b05372', 'https://pubmed.ncbi.nlm.nih.gov/30703540/', 'https://pubmed.ncbi.nlm.nih.gov/32001617/', 'https://www.ncbi.nlm.nih.gov/books/NBK453054/', 'https://pubmed.ncbi.nlm.nih.gov/10207182/', '', 'https://pubmed.ncbi.nlm.nih.gov/28077298/', '', '', '', 'gwb', 'gwb']",G98256YA,N
Neu5Ac(a2-6)Gal(b1-4)GlcNAc(b1-2)[Neu5Ac(a2-3)Gal(b1-4)GlcNAc(b1-4)]Man(a1-3)[Neu5Ac(a2-6)Gal(b1-4)GlcNAc(b1-2)Man(a1-6)]Man(b1-4)GlcNAc(b1-4)GlcNAc,"{'Hex': 6, 'HexNAc': 5, 'Neu5Ac': 3}",56030,"['Bos_taurus', 'Butea_monosperma', 'Gallus_gallus', 'Homo_sapiens', 'Mus_musculus', 'Oryctolagus_cuniculus', 'Ovis_aries']","['', '', '', '', '', '', '']",G93638BI,N
{Man(a1-2/3/6)}Man(a1-2/3/6)Man(a1-3/6)[Man(a1-3/6)]Man(b1-4)GlcNAc(b1-4)GlcNAc,"{'Hex': 5, 'HexNAc': 2}",25000,"['Bos_taurus', 'Crassostrea_gigas', 'Homo_sapiens', 'Macaca_mulatta', 'Ostrea_edulis', 'Pan_troglodytes', 'Rattus_norvegicus']","['https://pubmed.ncbi.nlm.nih.gov/38184915/', 'https://www.mdpi.com/1660-3397/21/6/342', 'https://pubmed.ncbi.nlm.nih.gov/36711977/', 'https://pubmed.ncbi.nlm.nih.gov/36711977/', 'https://www.mdpi.com/1660-3397/21/6/342', 'https://pubmed.ncbi.nlm.nih.gov/36711977/', 'https://pubmed.ncbi.nlm.nih.gov/36711977/']",,N
Man(a1-2)Man(a1-3)[Man(a1-3)[Man6P(a1-6)]Man(a1-6)]Man(b1-4)GlcNAc(b1-4)GlcNAc,"{'Hex': 6, 'HexNAc': 2, 'P': 1}",26000,"['Cricetulus_griseus', 'Danio_rerio', 'Gallus_gallus', 'Homo_sapiens']","['https://pubmed.ncbi.nlm.nih.gov/36388954/', 'https://pubmed.ncbi.nlm.nih.gov/34988116/', 'https://pubmed.ncbi.nlm.nih.gov/35136109/', 'https://pubmed.ncbi.nlm.nih.gov/36902272/']",G88621MY,N
Man(a1-2)Man(a1-3)[Man(a1-6)]Man(a1-6)[Man(a1-2)Man(a1-3)]Man(b1-4)GlcNAc(b1-4)GlcNAc,"{'Hex': 7, 'HexNAc': 2}",27000,"['Apis_mellifera', 'Bos_taurus', 'Capra_hircus', 'Danio_rerio', 'Dirofilaria_immitis', 'Fasciola_hepatica', 'Felis_catus', 'Fusarium_graminearum', 'Fusarium_sp', 'Homo_sapiens', 'Kinetoplastids', 'Lymantria_dispar', 'Mus_musculus', 'Ovis_aries', 'Penicillium_nordicum', 'Penicillium_verrucosum', 'Phaseolus_vulgaris', 'Ricinus_communis', 'Schistosoma_mansoni', 'Sus_scrofa', 'Trichoplusia_ni', 'undetermined', 'unidentified_influenza_virus', 'Rattus_norvegicus']","['https://pubmed.ncbi.nlm.nih.gov/30104209/', '', 'https://pubmed.ncbi.nlm.nih.gov/33092920/', 'https://pubmed.ncbi.nlm.nih.gov/36509839/', 'https://pubmed.ncbi.nlm.nih.gov/30622255/', 'https://pubmed.ncbi.nlm.nih.gov/37993102/', 'https://pubmed.ncbi.nlm.nih.gov/1668528/', '', '', 'G50660UT', '', 'https://pubmed.ncbi.nlm.nih.gov/28077298/', '', 'https://unicarb-dr.glycosmos.org/references/352', 'https://pubmed.ncbi.nlm.nih.gov/26515459/', 'https://pubmed.ncbi.nlm.nih.gov/26515459/', 'https://pubmed.ncbi.nlm.nih.gov/8465965/', 'https://pubmed.ncbi.nlm.nih.gov/1368297/', 'https://pubmed.ncbi.nlm.nih.gov/3386683/', '', 'https://pubmed.ncbi.nlm.nih.gov/28077298/', '', '', 'gwb']",G63337SS,N
Neu5Ac(a2-6)Gal(b1-3/4)GlcNAc(b1-2)Man(a1-3)[Neu5Ac(a2-6)Gal(b1-3/4)GlcNAc(b1-2)Man(a1-6)]Man(b1-4)GlcNAc(b1-4)GlcNAc,"{'Hex': 5, 'HexNAc': 4, 'Neu5Ac': 2}",45020,"['Anas_platyrhynchos', 'Aythya_fuligula', 'Gallus_domesticus', 'Homo_sapiens', 'Pan_troglodytes', 'Rattus_norvegicus']","['https://pubmed.ncbi.nlm.nih.gov/38127648/', 'https://pubmed.ncbi.nlm.nih.gov/38127648/', 'https://pubmed.ncbi.nlm.nih.gov/38127648/', 'https://pubmed.ncbi.nlm.nih.gov/25210975/', 'https://pubmed.ncbi.nlm.nih.gov/36711977/', 'https://pubmed.ncbi.nlm.nih.gov/36711977/']",G72001PU,N
Neu5Gc(a2-3/6)Gal(b1-4)GlcNAc(b1-2)Man(a1-3)[Neu5Gc(a2-3/6)Gal(b1-4)GlcNAc(b1-2)Man(a1-6)]Man(b1-4)GlcNAc(b1-4)GlcNAc,"{'Hex': 5, 'HexNAc': 4, 'Neu5Gc': 2}",45002,"['Bos_grunniens', 'Bos_taurus', 'Capra_hircus', 'Equus_asinus', 'Homo_sapiens', 'Macaca_mulatta', 'Mus_musculus', 'Oryzias_latipes']","['https://pubmed.ncbi.nlm.nih.gov/34973737/', 'https://pubmed.ncbi.nlm.nih.gov/34973737/', 'https://pubmed.ncbi.nlm.nih.gov/38096130/', 'https://pubmed.ncbi.nlm.nih.gov/36155291/', 'https://www.mcponline.org/article/S1535-9476(20)35140-9/fulltext', 'https://pubmed.ncbi.nlm.nih.gov/36131114/', 'https://pubmed.ncbi.nlm.nih.gov/37875230/', 'https://www.tandfonline.com/doi/full/10.1080/09553002.2021.1864500']",G38217CX,N
GlcNAc(b1-2)[GlcNAc(b1-4)]Man(a1-3)[GlcNAc(b1-2)Man(a1-6)]Man(b1-4)GlcNAc(b1-4)GlcNAc,"{'Hex': 3, 'HexNAc': 5}",53000,"['Acanthocheilonema_viteae', 'Anas_sp', 'Bos_grunniens', 'Bos_taurus', 'Brugia_malayi', 'Callipepla_squamata', 'Colinus_virginianus', 'Coturnix_japonica', 'Drosophila_melanogaster', 'Gallus_gallus', 'Homo_sapiens', 'HumanInfluenzaA_Virus', 'Onchocerca_volvulus', 'Oreortyx_pictus', 'Rattus_norvegicus', 'Trichinella_spiralis', 'unidentified_influenza_virus', 'Anas_platyrhynchos']","['https://pubmed.ncbi.nlm.nih.gov/9108548/', '', 'https://pubmed.ncbi.nlm.nih.gov/34973737/', '', 'https://www.ncbi.nlm.nih.gov/pmc/articles/PMC9046957/', 'https://pubmed.ncbi.nlm.nih.gov/30537828/', 'https://pubmed.ncbi.nlm.nih.gov/30537828/', 'https://pubmed.ncbi.nlm.nih.gov/30537828/', 'https://pubmed.ncbi.nlm.nih.gov/17264077/', '', '', 'https://pubs.acs.org/doi/10.1021/acs.analchem.8b05372', 'https://www.frontiersin.org/articles/10.3389/fimmu.2023.1102344/abstract', 'https://pubmed.ncbi.nlm.nih.gov/30537828/', '', 'https://pubmed.ncbi.nlm.nih.gov/10988255/', '', 'gwb']",G90128BV,N
Gal(b1-4)GlcNAc(b1-2)Man(a1-3)[Man(a1-2)Man(a1-3)[Man(a1-2)Man(a1-6)]Man(a1-6)]Man(b1-4)GlcNAc(b1-4)GlcNAc,"{'Hex': 8, 'HexNAc': 3}",38000,"['Homo_sapiens', 'HumanInfluenzaA_Virus']","['https://pubmed.ncbi.nlm.nih.gov/36902272/', 'https://pubs.acs.org/doi/10.1021/acs.analchem.8b05372']",,N
Neu5Ac(a2-6)Gal(b1-4)GlcNAc(b1-2)Man(a1-3/6)[Gal(b1-4)GlcNAc(b1-2)Man(a1-3/6)]Man(b1-4)GlcNAc(b1-4)GlcNAc,"{'Hex': 5, 'HexNAc': 4, 'Neu5Ac': 1}",45010,"['Bos_taurus', 'Camelus_dromedarius', 'Capra_hircus', 'Cavia_porcellus', 'Equus_asinus', 'Gallus_domesticus', 'Homo_sapiens', 'Mustela_furo', 'Oryctolagus_cuniculus', 'Ovis_aries', 'Sus_scrofa']","['https://pubmed.ncbi.nlm.nih.gov/37972931/', 'https://pubmed.ncbi.nlm.nih.gov/27428249/', 'https://pubmed.ncbi.nlm.nih.gov/37972931/', 'https://pubmed.ncbi.nlm.nih.gov/2268280/', 'https://pubmed.ncbi.nlm.nih.gov/37972931/', 'https://pubmed.ncbi.nlm.nih.gov/37972931/', '', 'https://pubmed.ncbi.nlm.nih.gov/30315103/', 'https://pubmed.ncbi.nlm.nih.gov/37972931/', 'https://pubmed.ncbi.nlm.nih.gov/37972931/', 'https://pubmed.ncbi.nlm.nih.gov/37972931/']",G71269BI,N
Neu5Ac(a2-6)Gal(b1-4)GlcNAc(b1-2)[Neu5Ac(a2-3)Gal(b1-4)GlcNAc(b1-4)]Man(a1-3)[Neu5Ac(a2-3)Gal(b1-4)GlcNAc(b1-2)Man(a1-6)]Man(b1-4)GlcNAc(b1-4)GlcNAc,"{'Hex': 6, 'HexNAc': 5, 'Neu5Ac': 3}",56030,"['Bos_taurus', 'Homo_sapiens', 'Mus_musculus', 'Ovis_aries']","['', '', '', '']",G23616ZX,N
Man(a1-2)Man6P(a1-6)[Man(a1-3)]Man(a1-6)[Man(a1-2)Man(a1-3)]Man(b1-4)GlcNAc(b1-4)GlcNAc,"{'Hex': 7, 'HexNAc': 2, 'P': 1}",27000,"['Cricetulus_griseus', 'Homo_sapiens']","['https://pubmed.ncbi.nlm.nih.gov/36388954/', 'https://pubmed.ncbi.nlm.nih.gov/36902272/']",,N
Gal(b1-4)GlcNAc(b1-2)Man(a1-6)[GlcNAc(b1-2)Man(a1-3)][GlcNAc(b1-4)]Man(b1-4)GlcNAc(b1-4)GlcNAc,"{'Hex': 4, 'HexNAc': 5}",54000,"['Bos_taurus', 'Capra_hircus', 'Coturnix_japonica', 'Danio_rerio', 'Gallus_gallus', 'Ginglymostoma_cirratum', 'Homo_sapiens', 'Mus_musculus', 'Oryctolagus_cuniculus', 'Ovis_aries', 'undetermined']","['', '', 'https://pubmed.ncbi.nlm.nih.gov/8257848/', 'https://pubmed.ncbi.nlm.nih.gov/36509839/', '', 'https://pubmed.ncbi.nlm.nih.gov/19156518/', 'https://pubmed.ncbi.nlm.nih.gov/36902272/', '', 'https://pubmed.ncbi.nlm.nih.gov/4074713/', 'https://unicarb-dr.glycosmos.org/references/352', '']",G67915MO,N
Gal(b1-4)GlcNAc6S(b1-2)Man(a1-3)[Man(a1-3)[Man(a1-6)]Man(a1-6)]Man(b1-4)GlcNAc(b1-4)GlcNAc,"{'Hex': 6, 'HexNAc': 3, 'S': 1}",36000,['Homo_sapiens'],['https://pubmed.ncbi.nlm.nih.gov/36902272/'],,N
GlcNAc(b1-2)[GlcNAc(b1-4)]Man(a1-3)[GlcNAc(b1-2)[GlcNAc(b1-6)]Man(a1-6)]Man(b1-4)GlcNAc(b1-4)GlcNAc,"{'Hex': 3, 'HexNAc': 6}",63000,"['Acanthocheilonema_viteae', 'Bos_taurus', 'Dirofilaria_immitis', 'Gallus_gallus', 'Homo_sapiens', 'Mus_musculus', 'Trichinella_spiralis', 'Anas_platyrhynchos', 'Lepidochelys_kempii']","['https://pubmed.ncbi.nlm.nih.gov/9108548/', 'https://pubmed.ncbi.nlm.nih.gov/38096130/', 'https://pubmed.ncbi.nlm.nih.gov/8277373/', '', 'https://pubmed.ncbi.nlm.nih.gov/36711977/', '', 'https://pubmed.ncbi.nlm.nih.gov/10988255/', 'gwb', 'gwb']",G28662UX,N
Neu5Ac(a2-3/6)Gal(b1-4)GlcNAc(b1-2)[Neu5Ac(a2-3/6)Gal(b1-4)GlcNAc(b1-4/6)]Man(a1-3/6)[Neu5Ac(a2-3/6)Gal(b1-4)GlcNAc(b1-2)Man(a1-3/6)]Man(b1-4)GlcNAc(b1-4)GlcNAc,"{'Hex': 6, 'HexNAc': 5, 'Neu5Ac': 3}",56030,"['Bos_taurus', 'Capra_hircus', 'Equus_caballus', 'Homo_sapiens', 'Sus_scrofa']","['https://pubmed.ncbi.nlm.nih.gov/38096130/', 'https://pubmed.ncbi.nlm.nih.gov/38096130/', 'https://pubmed.ncbi.nlm.nih.gov/11112858/', 'https://pubmed.ncbi.nlm.nih.gov/35622127/', 'https://pubmed.ncbi.nlm.nih.gov/38096130/']",G03700EN,N
Neu5Ac(a2-3/6)Gal(b1-4)GlcNAc(b1-2/4/6)[Gal(b1-4)GlcNAc(b1-2/4/6)]Man(a1-3/6)[Gal(b1-4)GlcNAc(b1-2)Man(a1-3/6)]Man(b1-4)GlcNAc(b1-4)GlcNAc,"{'Hex': 6, 'HexNAc': 5, 'Neu5Ac': 1}",56010,"['Bos_taurus', 'Capra_hircus', 'Homo_sapiens', 'Mus_musculus', 'Sus_scrofa']","['https://pubmed.ncbi.nlm.nih.gov/38096130/', 'https://pubmed.ncbi.nlm.nih.gov/38096130/', 'https://pubmed.ncbi.nlm.nih.gov/38096130/', 'http://www.functionalglycomics.org/glycomics/SampleServlet?operationType=view&key=5', 'https://pubmed.ncbi.nlm.nih.gov/38096130/']",,N
Neu5Ac(a2-6)Gal(b1-4)GlcNAc(b1-2)Man(a1-3)[Man(a1-6)]Man(b1-4)GlcNAc(b1-4)GlcNAc,"{'Hex': 4, 'HexNAc': 3, 'Neu5Ac': 1}",34010,"['Chelonia_mydas', 'Drosophila_melanogaster', 'Gallus_gallus', 'Homo_sapiens', 'Ovis_aries']","['https://pubmed.ncbi.nlm.nih.gov/20044081/', 'https://pubmed.ncbi.nlm.nih.gov/17264077/', 'https://pubmed.ncbi.nlm.nih.gov/35136109/', 'https://pubmed.ncbi.nlm.nih.gov/36278935/', 'https://unicarb-dr.glycosmos.org/references/352']",G62112AO,N
Glc(a1-3)Man(a1-2)Man(a1-2)Man(a1-3)[Man(a1-2)Man(a1-3)[Man(a1-2)Man6P(a1-6)]Man(a1-6)]Man(b1-4)GlcNAc(b1-4)GlcNAc,"{'Hex': 10, 'HexNAc': 2, 'P': 1}",210000,"['Cricetulus_griseus', 'Homo_sapiens']","['https://pubmed.ncbi.nlm.nih.gov/36388954/', 'https://pubmed.ncbi.nlm.nih.gov/36902272/']",,N
Man(a1-2)Man(a1-3)[Man(a1-6)]Man(a1-6)[Man(a1-3)]Man(b1-4)GlcNAc(b1-4)GlcNAc,"{'Hex': 6, 'HexNAc': 2}",26000,"['Apis_mellifera', 'Bombyx_mori', 'Danio_rerio', 'Gallus_gallus', 'Holothuria_atria', 'Homo_sapiens', 'Lymantria_dispar', 'Malassezia_furfur', 'Mus_musculus', 'Mustela_furo', 'Ovis_aries', 'Penicillium_nordicum', 'Rattus_norvegicus', 'Sus_scrofa', 'Trichoplusia_ni', 'undetermined', 'unidentified_influenza_virus']","['https://pubmed.ncbi.nlm.nih.gov/30104209/', 'https://pubmed.ncbi.nlm.nih.gov/35397991/', 'https://academic.oup.com/glycob/article/27/3/228/2656954', 'https://pubmed.ncbi.nlm.nih.gov/35136109/', 'https://pubmed.ncbi.nlm.nih.gov/31969392/', '', 'https://pubmed.ncbi.nlm.nih.gov/28077298/', 'https://pubmed.ncbi.nlm.nih.gov/30305477/', '', 'https://pubmed.ncbi.nlm.nih.gov/30315103/', 'https://unicarb-dr.glycosmos.org/references/352', 'https://pubmed.ncbi.nlm.nih.gov/26515459/', 'https://unicarb-dr.glycosmos.org/references/351', '', 'https://pubmed.ncbi.nlm.nih.gov/28077298/', '', '']",G34499SX,N
Man(a1-3)[Man(a1-6)]Man(a1-6)Man(b1-4)GlcNAc(b1-4)GlcNAc,"{'Hex': 4, 'HexNAc': 2}",24000,"['Aspergillus_terreus', 'Astacus_leptodactylus', 'Coturnix_japonica', 'Cricetulus_griseus', 'Danio_rerio', 'Fasciola_hepatica', 'Felis_catus', 'Gallus_gallus', 'Holothuria_atria', 'Homo_sapiens', 'Malassezia_furfur', 'Mus_musculus', 'Neurospora_crassa', 'Ophiactis_savignyi', 'Ovis_aries', 'Pseudozyma_antarctica', 'Rana_pipiens', 'Sus_scrofa', 'Sympodiomycopsis_paphiopedili', 'undetermined', 'Rana_temporaria']","['https://pubmed.ncbi.nlm.nih.gov/30387766/', 'https://pubmed.ncbi.nlm.nih.gov/8561911/', 'https://www.tandfonline.com/doi/abs/10.1271/bbb.90821', '', 'https://academic.oup.com/glycob/article/27/3/228/2656954', 'https://pubmed.ncbi.nlm.nih.gov/37993102/', '', '', 'https://pubmed.ncbi.nlm.nih.gov/31969392/', '', 'https://pubmed.ncbi.nlm.nih.gov/30305477/', '', 'https://pubmed.ncbi.nlm.nih.gov/30503329/', 'https://pubmed.ncbi.nlm.nih.gov/32001617/', '', 'https://pubmed.ncbi.nlm.nih.gov/30305477/', '', '', '', '', 'gwb']",G30874QX,N
Neu5Ac(a2-3/6)Gal(b1-4)GlcNAc(b1-2)Man(a1-3/6)[GlcNAc(b1-2)Man(a1-3/6)]Man(b1-4)GlcNAc(b1-4)GlcNAc,"{'Hex': 4, 'HexNAc': 4, 'Neu5Ac': 1}",44010,"['Bos_taurus', 'Capra_hircus', 'Cricetulus_griseus', 'Equus_asinus', 'Homo_sapiens', 'Ovis_aries', 'Sus_scrofa']","['https://pubmed.ncbi.nlm.nih.gov/38096130/', 'https://pubmed.ncbi.nlm.nih.gov/31985220/', 'https://pubmed.ncbi.nlm.nih.gov/36068283/', 'https://pubmed.ncbi.nlm.nih.gov/36155291/', 'https://pubmed.ncbi.nlm.nih.gov/20412957/', 'https://pubmed.ncbi.nlm.nih.gov/38287599/', 'https://pubmed.ncbi.nlm.nih.gov/38096130/']",,N
Neu5Ac(a2-6)Gal(b1-4)GlcNAc(b1-2)Man(a1-3)[Neu5Ac(a2-3)Gal(b1-4)GlcNAc(b1-2)Man(a1-6)]Man(b1-4)GlcNAc(b1-4)GlcNAc,"{'Hex': 5, 'HexNAc': 4, 'Neu5Ac': 2}",45020,"['Bos_taurus', 'Danio_rerio', 'Homo_sapiens', 'MurineLeukemia_Virus', 'Mus_musculus', 'Rattus_norvegicus', 'Sus_scrofa']","['', 'https://academic.oup.com/glycob/article/27/3/228/2656954', '', '', '', 'https://unicarb-dr.glycosmos.org/references/351', 'https://pubmed.ncbi.nlm.nih.gov/37005422/']",G62387ZO,N
Neu5Ac(a2-6)Gal(b1-4)GlcNAc(b1-2)[Neu5Ac(a2-3)Gal(b1-4)GlcNAc(b1-4)]Man(a1-3)[Gal(b1-4)GlcNAc(b1-2)Man(a1-6)]Man(b1-4)GlcNAc(b1-4)GlcNAc,"{'Hex': 6, 'HexNAc': 5, 'Neu5Ac': 2}",56020,"['Bos_taurus', 'Gallus_gallus', 'Homo_sapiens']","['', '', '']",G47741BL,N
Man(a1-2)Man(a1-3)[Man(a1-2)Man(a1-6)]Man(a1-6)[Man(a1-3)]Man(b1-4)GlcNAc(b1-4)GlcNAc,"{'Hex': 7, 'HexNAc': 2}",27000,"['Apis_mellifera', 'Bos_taurus', 'Capra_hircus', 'Holothuria_atria', 'Homo_sapiens', 'Lymantria_dispar', 'Mus_musculus', 'Ovis_aries', 'Rattus_norvegicus', 'Schistosoma_mansoni', 'Sus_scrofa', 'Trichoplusia_ni', 'undetermined', 'unidentified_influenza_virus']","['https://pubmed.ncbi.nlm.nih.gov/30104209/', 'https://pubmed.ncbi.nlm.nih.gov/38287599/', 'https://pubmed.ncbi.nlm.nih.gov/38287599/', 'https://pubmed.ncbi.nlm.nih.gov/31969392/', 'https://pubmed.ncbi.nlm.nih.gov/33583051', 'https://pubmed.ncbi.nlm.nih.gov/28077298/', '', 'https://pubmed.ncbi.nlm.nih.gov/38287599/', 'https://jneuroinflammation.biomedcentral.com/articles/10.1186/s12974-021-02163-6', 'https://pubmed.ncbi.nlm.nih.gov/3386683/', '', 'https://pubmed.ncbi.nlm.nih.gov/28077298/', '', '']",G99669MJ,N
Neu5Ac(a2-6)Gal(b1-4)GlcNAc(b1-2)[Neu5Ac(a2-3)Gal(b1-4)[Neu5Ac(a2-6)]GlcNAc(b1-4)]Man(a1-3)[Neu5Ac(a2-3)Gal(b1-4)GlcNAc(b1-2)Man(a1-6)]Man(b1-4)GlcNAc(b1-4)GlcNAc,"{'Hex': 6, 'HexNAc': 5, 'Neu5Ac': 4}",56040,"['Homo_sapiens', 'Mus_musculus']","['https://pubmed.ncbi.nlm.nih.gov/34831278/', '']",G40452FK,N
Neu5Ac(a2-6)Gal(b1-4)GlcNAc(b1-2)[Neu5Ac(a2-3)Gal(b1-4)[Neu5Ac(a2-6)]GlcNAc(b1-4)]Man(a1-3)[Neu5Ac(a2-6)Gal(b1-4)GlcNAc(b1-2)Man(a1-6)]Man(b1-4)GlcNAc(b1-4)GlcNAc,"{'Hex': 6, 'HexNAc': 5, 'Neu5Ac': 4}",56040,"['Homo_sapiens', 'Mus_musculus']","['https://pubmed.ncbi.nlm.nih.gov/34831278/', '']",G67079AO,N
{Man(a1-2/3/6)}Man(a1-2)Man(a1-3)[Man(a1-3)[Man(a1-6)]Man(a1-6)]Man(b1-4)GlcNAc(b1-4)GlcNAc,"{'Hex': 7, 'HexNAc': 2}",27000,"['Homo_sapiens', 'Macaca_mulatta', 'Mus_musculus', 'Pan_troglodytes', 'Rattus_norvegicus']","['https://pubmed.ncbi.nlm.nih.gov/36711977/', 'https://pubmed.ncbi.nlm.nih.gov/36711977/', 'https://www.ncbi.nlm.nih.gov/pmc/articles/PMC8755730/', 'https://pubmed.ncbi.nlm.nih.gov/36711977/', 'https://pubmed.ncbi.nlm.nih.gov/36711977/']",,N
GlcNAc(b1-2)Man(a1-3)[Man(a1-3)Man(a1-6)]Man(b1-4)GlcNAc(b1-4)GlcNAc,"{'Hex': 4, 'HexNAc': 3}",34000,"['Acer_pseudoplatanus', 'Apis_mellifera', 'Apis_sp', 'Bombyx_mori', 'Bos_taurus', 'Carica_papaya', 'Gallus_gallus', 'Homo_sapiens', 'HumanInfluenzaA_Virus', 'Lymantria_dispar', 'Nicotiana_alata', 'Ophiactis_savignyi', 'Rana_pipiens', 'Spodoptera_frugiperda', 'Synsepalum_dulcificum', 'Trichoplusia_ni', 'Trypanosoma_brucei', 'Platanus_occidentalis']","['', 'https://pubmed.ncbi.nlm.nih.gov/30104209/', '', 'https://pubmed.ncbi.nlm.nih.gov/35397991/', '', '', '', '', 'https://pubs.acs.org/doi/10.1021/acs.analchem.8b05372', 'https://pubmed.ncbi.nlm.nih.gov/28077298/', 'https://pubmed.ncbi.nlm.nih.gov/8922956/', 'https://pubmed.ncbi.nlm.nih.gov/32001617/', '', '', '', 'https://pubmed.ncbi.nlm.nih.gov/28077298/', 'https://pubmed.ncbi.nlm.nih.gov/11087927/', 'gwb']",G04445KN,N
Man(b1-4)GlcNAc(b1-4)GlcNAc,"{'Hex': 1, 'HexNAc': 2}",21000,"['Apis_mellifera', 'Fasciola_hepatica', 'Mus_musculus', 'Ovis_aries', 'Saccharomyces_cerevisiae', 'Cricetulus_griseus', 'Volvox_carteri', 'Capra_hircus', 'Sus_scrofa', 'Spodoptera_frugiperda', 'Rattus_norvegicus', 'Homo_sapiens', 'Gallus_gallus', 'Bos_taurus', 'Carica_papaya', 'Coturnix_japonica']","['', 'https://pubmed.ncbi.nlm.nih.gov/37993102/', 'https://unicarb-dr.glycosmos.org/references/364', 'https://unicarb-dr.glycosmos.org/references/352', '', 'gwb', 'gwb', 'gwb', 'gwb', 'gwb', 'gwb', 'gwb', 'gwb', 'gwb', 'gwb', 'gwb']",G93458GU,N
Neu5Ac(a2-3/6)Gal(b1-4)GlcNAc(b1-2/4/6)[Gal(b1-4)GlcNAc(b1-2/4/6)]Man(a1-3/6)[Gal(b1-4)GlcNAc(b1-2)[Gal(b1-4)GlcNAc(b1-4/6)]Man(a1-3/6)]Man(b1-4)GlcNAc(b1-4)GlcNAc,"{'Hex': 7, 'HexNAc': 6, 'Neu5Ac': 1}",67010,"['Bos_grunniens', 'Bos_taurus', 'Capra_hircus', 'Homo_sapiens', 'Sus_scrofa']","['https://pubmed.ncbi.nlm.nih.gov/34973737/', 'https://pubmed.ncbi.nlm.nih.gov/34973737/', 'https://pubmed.ncbi.nlm.nih.gov/38096130/', 'https://pubmed.ncbi.nlm.nih.gov/38096130/', 'https://pubmed.ncbi.nlm.nih.gov/38096130/']",,N
Neu5Ac(a2-3/6)Gal(b1-4)GlcNAc(b1-2)Man(a1-3/6)[Man(a1-3/6)]Man(b1-4)GlcNAc(b1-4)GlcNAc,"{'Hex': 4, 'HexNAc': 3, 'Neu5Ac': 1}",34010,"['Bos_taurus', 'Cricetulus_griseus', 'Homo_sapiens', 'Macaca_mulatta', 'Mus_musculus', 'Sus_scrofa']","['https://pubmed.ncbi.nlm.nih.gov/38096130/', 'https://pubmed.ncbi.nlm.nih.gov/36068283/', 'https://pubmed.ncbi.nlm.nih.gov/35740868/', 'https://pubmed.ncbi.nlm.nih.gov/36131114/', 'https://pubmed.ncbi.nlm.nih.gov/36068283/', 'https://pubmed.ncbi.nlm.nih.gov/38096130/']",G31565BP,N
Neu5Ac(a2-3/6)Gal(b1-4)GlcNAc(b1-2)[Neu5Ac(a2-3/6)Gal(b1-4)GlcNAc(b1-4/6)]Man(a1-3/6)[Gal(b1-4)GlcNAc(b1-2)Man(a1-3/6)]Man(b1-4)GlcNAc(b1-4)GlcNAc,"{'Hex': 6, 'HexNAc': 5, 'Neu5Ac': 2}",56020,"['Bos_taurus', 'Homo_sapiens', 'Mus_musculus', 'Sus_scrofa']","['https://pubmed.ncbi.nlm.nih.gov/38096130/', 'https://pubmed.ncbi.nlm.nih.gov/38096130/', 'http://www.functionalglycomics.org/glycomics/SampleServlet?operationType=view&key=284', 'https://pubmed.ncbi.nlm.nih.gov/38096130/']",,N
Fuc(a1-3/4)[Gal(b1-3/4)]GlcNAc(b1-2)Man(a1-3)[Man(a1-3)[Man(a1-6)]Man(a1-6)]Man(b1-4)GlcNAc(b1-4)GlcNAc,"{'Hex': 6, 'HexNAc': 3, 'dHex': 1}",36100,"['Homo_sapiens', 'Macaca_mulatta', 'Pan_troglodytes', 'Rattus_norvegicus']","['https://pubmed.ncbi.nlm.nih.gov/25210975/', 'https://pubmed.ncbi.nlm.nih.gov/36711977/', 'https://pubmed.ncbi.nlm.nih.gov/36711977/', 'https://pubmed.ncbi.nlm.nih.gov/36711977/']",,N
Man(a1-2)Man6P(a1-6)[Man(a1-3)]Man(a1-6)[Man(a1-3)]Man(b1-4)GlcNAc(b1-4)GlcNAc,"{'Hex': 6, 'HexNAc': 2, 'P': 1}",26000,['Homo_sapiens'],['https://pubmed.ncbi.nlm.nih.gov/36902272/'],,N
{Man(a1-2/3/6)}Man(a1-2)Man(a1-3)[Man(a1-3/6)Man(a1-6)]Man(b1-4)GlcNAc(b1-4)GlcNAc,"{'Hex': 6, 'HexNAc': 2}",26000,"['Bos_taurus', 'Homo_sapiens', 'Macaca_mulatta', 'Pan_troglodytes', 'Rattus_norvegicus']","['https://pubmed.ncbi.nlm.nih.gov/38184915/', 'https://pubmed.ncbi.nlm.nih.gov/36711977/', 'https://pubmed.ncbi.nlm.nih.gov/36711977/', 'https://pubmed.ncbi.nlm.nih.gov/36711977/', 'https://pubmed.ncbi.nlm.nih.gov/36711977/']",,N
Neu5Ac(a2-6)Gal(b1-4)GlcNAc(b1-2)Man(a1-3)[GlcNAc(b1-2)Man(a1-6)]Man(b1-4)GlcNAc(b1-4)GlcNAc,"{'Hex': 4, 'HexNAc': 4, 'Neu5Ac': 1}",44010,"['Coturnix_japonica', 'Drosophila_melanogaster', 'Equus_caballus', 'Gallus_gallus', 'Homo_sapiens', 'Oryctolagus_cuniculus', 'Pavo_muticus']","['https://www.tandfonline.com/doi/abs/10.1271/bbb.90821', 'https://pubmed.ncbi.nlm.nih.gov/17264077/', '', '', 'https://pubmed.ncbi.nlm.nih.gov/36902272/', '', 'https://www.tandfonline.com/doi/abs/10.1271/bbb.90821']",G43561DS,N
Fuc(a1-3/4)[Gal(b1-3/4)]GlcNAc(b1-2/4)[GlcNAc(b1-2/4)]Man(a1-3)[GlcNAc(b1-2)Man(a1-6)]Man(b1-4)GlcNAc(b1-4)GlcNAc,"{'Hex': 4, 'HexNAc': 5, 'dHex': 1}",54100,"['Homo_sapiens', 'Macaca_mulatta', 'Pan_troglodytes', 'Rattus_norvegicus']","['https://pubmed.ncbi.nlm.nih.gov/36711977/', 'https://pubmed.ncbi.nlm.nih.gov/36711977/', 'https://pubmed.ncbi.nlm.nih.gov/36711977/', 'https://pubmed.ncbi.nlm.nih.gov/36711977/']",,N
Man(a1-2)Man(a1-2)Man(a1-3)[Man(a1-2)Man6P(a1-6)[Man(a1-3)]Man(a1-6)]Man(b1-4)GlcNAc(b1-4)GlcNAc,"{'Hex': 8, 'HexNAc': 2, 'P': 1}",28000,['Homo_sapiens'],['https://pubmed.ncbi.nlm.nih.gov/36902272/'],,N
Neu5Ac(a2-3/6)Gal(b1-4)GlcNAc(b1-2)[Neu5Ac(a2-3/6)Gal(b1-4)GlcNAc(b1-4)]Man(a1-3)[Neu5Ac(a2-3/6)Gal(b1-4)GlcNAc(b1-2)Man(a1-6)]Man(b1-4)GlcNAc(b1-4)GlcNAc,"{'Hex': 6, 'HexNAc': 5, 'Neu5Ac': 3}",56030,"['Acipenser_oxyrinchus', 'Bos_taurus', 'Gallus_gallus', 'Homo_sapiens', 'HumanInfluenzaA_Virus', 'Oryzias_latipes', 'Rattus_norvegicus', 'Salmo_salar']","['https://www.frontiersin.org/articles/10.3389/fmolb.2021.778383/full', '', 'https://pubmed.ncbi.nlm.nih.gov/35136109/', 'https://pubmed.ncbi.nlm.nih.gov/32737218/', 'https://pubs.acs.org/doi/10.1021/acs.analchem.8b05372', 'https://www.tandfonline.com/doi/full/10.1080/09553002.2021.1864500', 'https://unicarb-dr.glycosmos.org/references/351', 'https://www.frontiersin.org/articles/10.3389/fmolb.2021.778383/full']",G03700EN,N
Neu5Ac(a2-3)Gal(b1-4)GlcNAc(b1-2)Man(a1-3)[Neu5Ac(a2-6)Gal(b1-4)GlcNAc(b1-2)Man(a1-6)]Man(b1-4)GlcNAc(b1-4)GlcNAc,"{'Hex': 5, 'HexNAc': 4, 'Neu5Ac': 2}",45020,"['Bos_taurus', 'Columba_livia', 'Homo_sapiens', 'Ovis_aries', 'Rattus_norvegicus', 'Sus_scrofa']","['', 'https://pubmed.ncbi.nlm.nih.gov/12966096/', 'https://pubmed.ncbi.nlm.nih.gov/29792883/', 'https://unicarb-dr.glycosmos.org/references/352', 'https://unicarb-dr.glycosmos.org/references/351', 'https://pubmed.ncbi.nlm.nih.gov/37005422/']",G51793MY,N
Gal(a1-3)Gal(b1-4)GlcNAc(b1-2)Man(a1-3/6)[Neu5Ac(a2-3/6)Gal(b1-4)GlcNAc(b1-2)Man(a1-3/6)]Man(b1-4)GlcNAc(b1-4)GlcNAc,"{'Hex': 6, 'HexNAc': 4, 'Neu5Ac': 1}",46010,"['Canis_familiaris', 'Cricetulus_griseus', 'Homo_sapiens', 'Mus_musculus']","['https://pubmed.ncbi.nlm.nih.gov/35882911/', 'https://pubmed.ncbi.nlm.nih.gov/36068283/', 'https://pubmed.ncbi.nlm.nih.gov/38148046/', 'http://functionalglycomics.org/glycomics/SampleServlet?operationType=view&key=75']",,N
Neu5Ac(a2-6)Gal(b1-4)GlcNAc(b1-2)Man(a1-3)[Man(a1-3/6)Man(a1-6)]Man(b1-4)GlcNAc(b1-4)GlcNAc,"{'Hex': 5, 'HexNAc': 3, 'Neu5Ac': 1}",35010,"['Homo_sapiens', 'Mus_musculus', 'Ovis_aries', 'Rattus_norvegicus']","['https://pubmed.ncbi.nlm.nih.gov/25190359/', 'https://unicarb-dr.glycosmos.org/references/364', 'https://unicarb-dr.glycosmos.org/references/352', 'https://unicarb-dr.glycosmos.org/references/351']",G82273ZM,N
Fuc(a1-2)Gal(b1-4)GlcNAc(b1-2)Man(a1-3)[Man(a1-3)[Man(a1-6)]Man(a1-6)]Man(b1-4)GlcNAc(b1-4)GlcNAc,"{'Hex': 6, 'HexNAc': 3, 'dHex': 1}",36100,"['Bos_taurus', 'Capra_hircus', 'Homo_sapiens', 'Ovis_aries']","['https://pubmed.ncbi.nlm.nih.gov/38287599/', 'https://pubmed.ncbi.nlm.nih.gov/38287599/', 'https://pubmed.ncbi.nlm.nih.gov/36289103/', 'https://pubmed.ncbi.nlm.nih.gov/38287599/']",,N
Gal(b1-4)GlcNAc(b1-2)Man(a1-3)[GlcNAc(b1-2)Man(a1-6)][GlcNAc(b1-4)]Man(b1-4)GlcNAc(b1-4)GlcNAc,"{'Hex': 4, 'HexNAc': 5}",54000,"['Bos_taurus', 'Capra_hircus', 'Coturnix_japonica', 'Gallus_gallus', 'Homo_sapiens', 'Mus_musculus', 'Oryctolagus_cuniculus', 'Ovis_aries', 'Pavo_muticus', 'undetermined']","['', '', 'https://pubmed.ncbi.nlm.nih.gov/8257848/', '', 'https://pubmed.ncbi.nlm.nih.gov/32737218/', '', 'https://pubmed.ncbi.nlm.nih.gov/4074713/', '', 'https://www.tandfonline.com/doi/abs/10.1271/bbb.90821', '']",G75080ZA,
Gal(b1-4)GlcNAc(b1-2)Man(a1-6)[GlcNAc(b1-2)Man(a1-3)]Man(b1-4)GlcNAc(b1-4)GlcNAc,"{'Hex': 4, 'HexNAc': 4}",44000,"['Bos_taurus', 'Camelus_dromedarius', 'Homo_sapiens', 'Mus_musculus', 'Oryctolagus_cuniculus', 'Tetronarce_californica', 'undetermined', 'unidentified_influenza_virus', 'Torpedo_californica']","['', 'https://pubmed.ncbi.nlm.nih.gov/27428249/', '', '', 'https://pubmed.ncbi.nlm.nih.gov/4074713/', 'https://pubmed.ncbi.nlm.nih.gov/1633814/', '', '', 'gwb']",G44754DF,N
Man(a1-2)Man(a1-2)Man(a1-3)[Man(a1-2)Man(a1-3/6)[Man(a1-3/6)]Man(a1-6)]Man(b1-4)GlcNAc(b1-4)GlcNAc,"{'Hex': 8, 'HexNAc': 2}",28000,"['Bos_taurus', 'Capra_hircus', 'Dengue_virus', 'Homo_sapiens', 'Ovis_aries', 'Phaeodactylum_tricornutum', 'Riftia_pachyptila', 'Trypanosoma_congolense']","['https://pubmed.ncbi.nlm.nih.gov/38287599/', 'https://pubmed.ncbi.nlm.nih.gov/38287599/', 'https://journals.plos.org/plosone/article?id=10.1371/journal.pone.0132122', 'https://pubmed.ncbi.nlm.nih.gov/32737218/', 'https://pubmed.ncbi.nlm.nih.gov/38287599/', 'https://pubmed.ncbi.nlm.nih.gov/33673983/', 'https://pubmed.ncbi.nlm.nih.gov/9621107/', 'https://pubmed.ncbi.nlm.nih.gov/35995210/']",G92974UU,N
Fuc(a1-3)[Gal(b1-4)]GlcNAc(b1-2)Man(a1-3)[Man(a1-3)[Man(a1-6)]Man(a1-6)]Man(b1-4)GlcNAc(b1-4)GlcNAc,"{'Hex': 6, 'HexNAc': 3, 'dHex': 1}",36100,"['Gallus_gallus', 'Homo_sapiens', 'Rattus_norvegicus']","['https://pubmed.ncbi.nlm.nih.gov/35136109/', 'https://pubmed.ncbi.nlm.nih.gov/33650863/', 'https://pubmed.ncbi.nlm.nih.gov/9490042/']",G16614GV,N
Man6P(a1-2)Man(a1-3)[Man(a1-3)[Man(a1-6)]Man(a1-6)]Man(b1-4)GlcNAc(b1-4)GlcNAc,"{'Hex': 6, 'HexNAc': 2, 'P': 1}",26000,"['Anas_platyrhynchos', 'Aythya_fuligula', 'Gallus_domesticus', 'Homo_sapiens']","['https://pubmed.ncbi.nlm.nih.gov/38127648/', 'https://pubmed.ncbi.nlm.nih.gov/38127648/', 'https://pubmed.ncbi.nlm.nih.gov/38127648/', '']",G57378FT,N
Gal(b1-4)GlcNAc(b1-2)[Gal(b1-4)GlcNAc(b1-4)]Man(a1-3)[Man(a1-3/6)Man(a1-6)]Man(b1-4)GlcNAc(b1-4)GlcNAc,"{'Hex': 6, 'HexNAc': 4}",46000,"['Bos_taurus', 'Gallus_gallus', 'Homo_sapiens', 'Larus_crassirostris', 'Mus_musculus']","['https://pubmed.ncbi.nlm.nih.gov/38287599/', 'https://pubmed.ncbi.nlm.nih.gov/35136109/', 'https://pubmed.ncbi.nlm.nih.gov/32737218/', 'https://pubmed.ncbi.nlm.nih.gov/19240272/', 'https://pubmed.ncbi.nlm.nih.gov/34358619/']",,N
Gal(b1-4)GlcNAc(b1-2)[Gal(b1-4)GlcNAc(b1-4/6)]Man(a1-3/6)[Gal(b1-4)GlcNAc(b1-2)Man(a1-3/6)]Man(b1-4)GlcNAc(b1-4)GlcNAc,"{'Hex': 6, 'HexNAc': 5}",56000,"['Bos_taurus', 'Homo_sapiens', 'Mus_musculus']","['https://pubmed.ncbi.nlm.nih.gov/38096130/', 'https://pubmed.ncbi.nlm.nih.gov/38096130/', 'http://www.functionalglycomics.org/glycomics/SampleServlet?operationType=view&key=85']",G56282EF,N
Neu5Ac(a2-3/6)Gal(b1-4)GlcNAc(b1-2)Man(a1-3)[Man(a1-3)[Man(a1-6)]Man(a1-6)][GlcNAc(b1-4)]Man(b1-4)GlcNAc(b1-4)GlcNAc,"{'Hex': 6, 'HexNAc': 4, 'Neu5Ac': 1}",46010,"['Bos_taurus', 'Capra_hircus', 'Homo_sapiens', 'MurineLeukemia_Virus', 'Mus_musculus', 'Sus_scrofa']","['https://pubmed.ncbi.nlm.nih.gov/38096130/', 'https://pubmed.ncbi.nlm.nih.gov/38096130/', 'https://pubmed.ncbi.nlm.nih.gov/35183770/', '', 'http://functionalglycomics.org/glycomics/SampleServlet?operationType=view&key=75', 'https://pubmed.ncbi.nlm.nih.gov/38096130/']",G56039JB,N
Neu5Gc(a2-6)Gal(b1-4)GlcNAc(b1-2)Man(a1-3)[Neu5Gc(a2-6)Gal(b1-4)GlcNAc(b1-2)Man(a1-6)]Man(b1-4)GlcNAc(b1-4)GlcNAc,"{'Hex': 5, 'HexNAc': 4, 'Neu5Gc': 2}",45002,"['Bos_taurus', 'Camelus_dromedarius', 'Danio_rerio', 'Gallus_domesticus', 'Homo_sapiens', 'Mesocricetus_auratus', 'Mus_musculus', 'Ovis_aries', 'Sus_scrofa', 'undetermined']","['', 'https://pubmed.ncbi.nlm.nih.gov/27428249/', 'https://academic.oup.com/glycob/article/27/3/228/2656954', 'https://pubmed.ncbi.nlm.nih.gov/37972931/', 'https://www.mcponline.org/article/S1535-9476(20)35140-9/fulltext', '', 'https://pubmed.ncbi.nlm.nih.gov/38343116/', 'https://unicarb-dr.glycosmos.org/references/352', '', '']",G90825UM,N
Gal(b1-4)GlcNAc(b1-2)Man(a1-3)[Gal(b1-4)GlcNAc(b1-2)[Gal(b1-4)GlcNAc(b1-6)]Man(a1-6)]Man(b1-4)GlcNAc(b1-4)GlcNAc,"{'Hex': 6, 'HexNAc': 5}",56000,"['Gallus_gallus', 'Homo_sapiens', 'Notamacropus_eugenii', 'Cricetulus_griseus', 'Rattus_norvegicus', 'Mesocricetus_auratus', 'Cavia_porcellus', 'Felis_catus', 'Torpedo_californica']","['https://pubmed.ncbi.nlm.nih.gov/35136109/', 'https://pubmed.ncbi.nlm.nih.gov/33650863/', 'https://pubmed.ncbi.nlm.nih.gov/23053637/', 'gwb', 'gwb', 'gwb', 'gwb', 'gwb', 'gwb']",,N
GlcNAc(b1-2)Man(a1-3)[GlcNAc(b1-4)][Man(a1-6)]Man(b1-4)GlcNAc(b1-4)GlcNAc,"{'Hex': 3, 'HexNAc': 4}",43000,"['Anas_sp', 'Callipepla_squamata', 'Colinus_virginianus', 'Coturnix_japonica', 'Gallus_gallus', 'Homo_sapiens', 'Oreortyx_pictus', 'Anas_platyrhynchos']","['', 'https://pubmed.ncbi.nlm.nih.gov/30537828/', 'https://pubmed.ncbi.nlm.nih.gov/30537828/', 'https://pubmed.ncbi.nlm.nih.gov/30537828/', '', 'https://pubmed.ncbi.nlm.nih.gov/35183770/', 'https://pubmed.ncbi.nlm.nih.gov/30537828/', 'gwb']",G78368CZ,N
Man(a1-2)Man(a1-3)[Man(a1-3)Man(a1-6)]Man(b1-4)GlcNAc(b1-4)GlcNAc,"{'Hex': 5, 'HexNAc': 2}",25000,"['Apis_mellifera', 'Apis_sp', 'Arabidopsis_thaliana', 'Astacus_leptodactylus', 'Holothuria_atria', 'Homo_sapiens', 'Leishmania_amazonensis', 'Leishmania_mexicana', 'Lymantria_dispar', 'Ophiactis_savignyi', 'Sus_scrofa', 'Trichoplusia_ni', 'Trypanosoma_brucei']","['https://pubmed.ncbi.nlm.nih.gov/30104209/', '', 'https://pubmed.ncbi.nlm.nih.gov/35421698/', 'https://pubmed.ncbi.nlm.nih.gov/8561911/', 'https://pubmed.ncbi.nlm.nih.gov/31969392/', '', 'https://pubmed.ncbi.nlm.nih.gov/2373691/', '', 'https://pubmed.ncbi.nlm.nih.gov/28077298/', 'https://pubmed.ncbi.nlm.nih.gov/32001617/', '', 'https://pubmed.ncbi.nlm.nih.gov/28077298/', 'https://pubmed.ncbi.nlm.nih.gov/11087927/']",G33858LH,N
Gal(b1-4)GlcNAc(b1-2)[Gal(b1-4)GlcNAc(b1-4)]Man(a1-3)[Man(a1-3)[Man(a1-6)]Man(a1-6)]Man(b1-4)GlcNAc(b1-4)GlcNAc,"{'Hex': 7, 'HexNAc': 4}",47000,"['Bos_taurus', 'Capra_hircus', 'Homo_sapiens', 'Larus_crassirostris', 'Saccharomyces_cerevisiae', 'Saccharomyces_uvarum', 'Sus_scrofa']","['https://pubmed.ncbi.nlm.nih.gov/38096130/', 'https://pubmed.ncbi.nlm.nih.gov/38096130/', 'https://pubmed.ncbi.nlm.nih.gov/35183770/', 'https://pubmed.ncbi.nlm.nih.gov/19240272/', 'https://www.nature.com/articles/s41598-017-15891-8', '', 'https://pubmed.ncbi.nlm.nih.gov/38096130/']",G17213JF,N
Glc(a1-3)Man(a1-2)Man(a1-2)Man(a1-3)[Man(a1-3)[Man(a1-6)]Man(a1-6)]Man(b1-4)GlcNAc(b1-4)GlcNAc,"{'Hex': 8, 'HexNAc': 2}",28000,"['Bos_taurus', 'Capra_hircus', 'Coturnix_japonica', 'Gallus_gallus', 'Homo_sapiens', 'Ovis_aries', 'SpleenFocusForming_Virus', 'Sus_scrofa', 'Trichoderma_reesei', 'Trypanosoma_cruzi']","['https://pubmed.ncbi.nlm.nih.gov/38287599/', 'https://pubmed.ncbi.nlm.nih.gov/38287599/', 'https://pubmed.ncbi.nlm.nih.gov/8257848/', '', '', 'https://pubmed.ncbi.nlm.nih.gov/38287599/', 'https://pubmed.ncbi.nlm.nih.gov/8286859/', '', '', 'gwb']",G29839LQ,N
Neu5Ac(a2-3/6)Gal(b1-4)GlcNAc(b1-2)Man(a1-3/6)[Gal(b1-4)GlcNAc(b1-2)Man(a1-3/6)][GlcNAc(b1-4)]Man(b1-4)GlcNAc(b1-4)GlcNAc,"{'Hex': 5, 'HexNAc': 5, 'Neu5Ac': 1}",55010,"['Bos_taurus', 'Homo_sapiens', 'Mus_musculus']","['https://pubmed.ncbi.nlm.nih.gov/38096130/', 'https://pubmed.ncbi.nlm.nih.gov/34770808/', 'http://www.functionalglycomics.org/glycomics/SampleServlet?operationType=view&key=5']",,N
GlcNAc(b1-2)Man(a1-3)[GlcNAc(b1-2)[GlcNAc(b1-6)]Man(a1-6)]Man(b1-4)GlcNAc(b1-4)GlcNAc,"{'Hex': 3, 'HexNAc': 5}",53000,"['Breviolum_minutum', 'Capra_hircus', 'Dirofilaria_immitis', 'Homo_sapiens', 'Mus_musculus', 'Pristionchus_pacificus']","['https://doi.org/10.1007/s00248-020-01487-9', 'https://pubmed.ncbi.nlm.nih.gov/31985220/', 'https://pubmed.ncbi.nlm.nih.gov/30622255/', 'https://pubmed.ncbi.nlm.nih.gov/35183770/', '', 'https://pubmed.ncbi.nlm.nih.gov/25639343/']",G88426LC,N
Neu5Ac(a2-3/6)GalNAc(b1-4)GlcNAc(b1-2)Man(a1-3)[Man(a1-6)]Man(b1-4)GlcNAc(b1-4)GlcNAc,"{'Hex': 3, 'HexNAc': 4, 'Neu5Ac': 1}",43010,"['Bos_grunniens', 'Bos_taurus', 'Capra_hircus', 'Homo_sapiens', 'Sus_scrofa']","['https://pubmed.ncbi.nlm.nih.gov/35183770/', 'https://pubmed.ncbi.nlm.nih.gov/34973737/', 'https://pubmed.ncbi.nlm.nih.gov/38096130/', 'https://pubmed.ncbi.nlm.nih.gov/33650863/', 'https://pubmed.ncbi.nlm.nih.gov/38096130/']",,N
Neu5Ac(a2-6)Gal(b1-4)GlcNAc(b1-2)[Gal(b1-4)GlcNAc(b1-4)]Man(a1-3)[Neu5Ac(a2-6)Gal(b1-4)GlcNAc(b1-2)Man(a1-6)]Man(b1-4)GlcNAc(b1-4)GlcNAc,"{'Hex': 6, 'HexNAc': 5, 'Neu5Ac': 2}",56020,"['Bos_taurus', 'Gallus_gallus', 'Homo_sapiens']","['', '', '']",G66282NU,N
Neu5Ac(a2-3/6)Gal(b1-4)GlcNAc(b1-2)Man(a1-3)[Neu5Ac(a2-3/6)Gal(b1-4)GlcNAc(b1-2)Man(a1-6)][GlcNAc(b1-4)]Man(b1-4)GlcNAc(b1-4)GlcNAc,"{'Hex': 5, 'HexNAc': 5, 'Neu5Ac': 2}",55020,"['Canis_familiaris', 'Homo_sapiens', 'HumanInfluenzaA_Virus', 'Sus_scrofa']","['https://pubmed.ncbi.nlm.nih.gov/35882911/', 'https://pubmed.ncbi.nlm.nih.gov/33897975/', 'https://pubs.acs.org/doi/10.1021/acs.analchem.8b05372', 'https://pubmed.ncbi.nlm.nih.gov/38096130/']",G47679MT,N
Neu5Ac(a2-3/6)Gal(b1-3/4)GlcNAc(b1-2)Man(a1-3)[Neu5Ac(a2-3/6)Gal(b1-3/4)GlcNAc(b1-2)Man(a1-6)]Man(b1-4)GlcNAc(b1-4)GlcNAc,"{'Hex': 5, 'HexNAc': 4, 'Neu5Ac': 2}",45020,"['Cardicola_forsteri', 'Gallus_domesticus', 'Homo_sapiens', 'SARS_CoV2', 'Tropidechis_carinatus']","['https://www.sciencedirect.com/science/article/pii/S002075192100240X#t0027', 'https://pubmed.ncbi.nlm.nih.gov/27459092/', 'https://pubmed.ncbi.nlm.nih.gov/32483971/', '', 'https://pubmed.ncbi.nlm.nih.gov/12871464/']",G72001PU,N
Neu5Ac(a2-3/6)Gal(b1-4)GlcNAc(b1-2)Man(a1-3)[Man(a1-6)]Man(b1-4)GlcNAc(b1-4)GlcNAc,"{'Hex': 4, 'HexNAc': 3, 'Neu5Ac': 1}",34010,"['Cricetulus_griseus', 'Homo_sapiens', 'Oryzias_latipes', 'SemlikiForest_Virus']","['https://pubmed.ncbi.nlm.nih.gov/36068283/', 'https://pubmed.ncbi.nlm.nih.gov/32737218/', 'https://www.tandfonline.com/doi/full/10.1080/09553002.2021.1864500', 'https://pubmed.ncbi.nlm.nih.gov/24467287/']",G31565BP,N
Gal(b1-4)GlcNAc(b1-2)Man(a1-6)[Man(a1-3)]Man(b1-4)GlcNAc(b1-4)GlcNAc,"{'Hex': 4, 'HexNAc': 3}",34000,"['Anas_platyrhynchos', 'Anas_sp', 'Bos_taurus', 'Coturnix_japonica', 'Fasciola_hepatica', 'Felis_catus', 'Homo_sapiens', 'Mus_musculus', 'Trichomonas_vaginalis', 'undetermined']","['', '', '', '', 'https://pubmed.ncbi.nlm.nih.gov/27104959/', '', 'https://pubmed.ncbi.nlm.nih.gov/36902272/', '', 'https://pubmed.ncbi.nlm.nih.gov/21983210/', '']",G10106TL,N
Man(a1-3)Man(a1-6)Man(b1-4)GlcNAc(b1-4)GlcNAc,"{'Hex': 3, 'HexNAc': 2}",23000,"['Apis_mellifera', 'Aspergillus_oryzae', 'Carica_papaya', 'Danio_rerio', 'Fasciola_hepatica', 'Felis_catus', 'Gallus_gallus', 'Homo_sapiens', 'Limulus_polyphemus', 'Ovis_aries', 'Sus_scrofa', 'undetermined']","['', 'https://pubmed.ncbi.nlm.nih.gov/30395580/', '', 'https://academic.oup.com/glycob/article/27/3/228/2656954', 'https://pubmed.ncbi.nlm.nih.gov/37993102/', '', '', '', 'https://pubmed.ncbi.nlm.nih.gov/8508812/', '', '', '']",G63421QM,N
Fuc(a1-3)[Gal(b1-4)]GlcNAc(b1-2)Man(a1-3)[Fuc(a1-3)[Gal(b1-4)]GlcNAc(b1-2)Man(a1-6)]Man(b1-4)GlcNAc(b1-4)GlcNAc,"{'Hex': 5, 'HexNAc': 4, 'dHex': 2}",45200,"['Bos_taurus', 'Capra_hircus', 'Homo_sapiens', 'MurineRespo_Virus', 'Schistosoma_mansoni', 'Sus_scrofa']","['https://pubmed.ncbi.nlm.nih.gov/38096130/', 'https://pubmed.ncbi.nlm.nih.gov/38096130/', 'https://pubmed.ncbi.nlm.nih.gov/32737218/', 'https://pubmed.ncbi.nlm.nih.gov/6263875/', 'https://pubmed.ncbi.nlm.nih.gov/20178377/', 'https://pubmed.ncbi.nlm.nih.gov/34985888/']",G25407RZ,N
Gal(b1-4)GlcNAc(b1-2)Man(a1-3)[Man(a1-3)[Man(a1-6)]Man(a1-6)][GlcNAc(b1-4)]Man(b1-4)GlcNAc(b1-4)GlcNAc,"{'Hex': 6, 'HexNAc': 4}",46000,"['Bos_taurus', 'Capra_hircus', 'Gallus_gallus', 'Homo_sapiens', 'Mus_musculus', 'Sus_scrofa']","['https://pubmed.ncbi.nlm.nih.gov/38096130/', 'https://pubmed.ncbi.nlm.nih.gov/38096130/', '', 'https://pubmed.ncbi.nlm.nih.gov/35183770/', '', 'https://pubmed.ncbi.nlm.nih.gov/38096130/']",G41817BL,N
{Man(a1-2)}Man(a1-3)[Man(a1-6)]Man(a1-6)[Man(a1-3)]Man(b1-4)GlcNAc(b1-4)GlcNAc,"{'Hex': 6, 'HexNAc': 2}",26000,"['Bos_taurus', 'Equus_asinus', 'Gallus_domesticus', 'Gallus_gallus', 'Homo_sapiens', 'Sus_scrofa', 'Spodoptera_frugiperda']","['https://pubmed.ncbi.nlm.nih.gov/35804766/', 'https://www.sciencedirect.com/science/article/pii/S0963996922009966', 'https://pubmed.ncbi.nlm.nih.gov/27459092/', 'https://pubmed.ncbi.nlm.nih.gov/35804766/', 'https://pubmed.ncbi.nlm.nih.gov/36216861/', 'https://pubmed.ncbi.nlm.nih.gov/35804766/', 'gwb']",,N
Man(a1-3)[GlcNAc(b1-4)][Man(a1-6)]Man(b1-4)GlcNAc(b1-4)GlcNAc,"{'Hex': 3, 'HexNAc': 3}",33000,"['Callipepla_squamata', 'Colinus_virginianus', 'Coturnix_japonica', 'Gallus_gallus', 'Homo_sapiens', 'Mus_musculus', 'Oreortyx_pictus', 'Oryctolagus_cuniculus']","['https://pubmed.ncbi.nlm.nih.gov/30537828/', 'https://pubmed.ncbi.nlm.nih.gov/30537828/', 'https://pubmed.ncbi.nlm.nih.gov/30537828/', '', 'https://pubmed.ncbi.nlm.nih.gov/36902272/', '', 'https://pubmed.ncbi.nlm.nih.gov/30537828/', '']",G19228LI,N
Gal(b1-3/4)GlcNAc(b1-2/4)[GlcNAc(b1-2/4)]Man(a1-3)[GlcNAc(b1-4)][Man(a1-6)]Man(b1-4)GlcNAc(b1-4)GlcNAc,"{'Hex': 4, 'HexNAc': 5}",54000,"['Homo_sapiens', 'Macaca_mulatta', 'Pan_troglodytes', 'Rattus_norvegicus']","['https://pubmed.ncbi.nlm.nih.gov/36711977/', 'https://pubmed.ncbi.nlm.nih.gov/36711977/', 'https://pubmed.ncbi.nlm.nih.gov/36711977/', 'https://pubmed.ncbi.nlm.nih.gov/36711977/']",,N
Neu5Ac(a2-6)Gal(b1-3/4)GlcNAc(b1-2)Man(a1-3/6)[Gal(b1-3/4)GlcNAc(b1-2)Man(a1-3/6)]Man(b1-4)GlcNAc(b1-4)GlcNAc,"{'Hex': 5, 'HexNAc': 4, 'Neu5Ac': 1}",45010,"['Anas_platyrhynchos', 'Aythya_fuligula', 'Gallus_domesticus', 'Homo_sapiens']","['https://pubmed.ncbi.nlm.nih.gov/38127648/', 'https://pubmed.ncbi.nlm.nih.gov/38127648/', 'https://pubmed.ncbi.nlm.nih.gov/38127648/', '']",G71269BI,N
GlcNAc(b1-2)[GlcNAc(b1-4)]Man(a1-3)[GlcNAc(b1-4)][Man(a1-6)]Man(b1-4)GlcNAc(b1-4)GlcNAc,"{'Hex': 3, 'HexNAc': 5}",53000,"['Anas_sp', 'Callipepla_squamata', 'Colinus_virginianus', 'Coturnix_japonica', 'Gallus_gallus', 'Homo_sapiens', 'Oreortyx_pictus', 'Anas_platyrhynchos']","['', 'https://pubmed.ncbi.nlm.nih.gov/30537828/', 'https://pubmed.ncbi.nlm.nih.gov/30537828/', 'https://pubmed.ncbi.nlm.nih.gov/30537828/', '', '', 'https://pubmed.ncbi.nlm.nih.gov/30537828/', 'gwb']",G34527RW,N
GalNAc(b1-4)GlcNAc(b1-2)Man(a1-3)[GalNAc(b1-4)GlcNAc(b1-2)Man(a1-6)]Man(b1-4)GlcNAc(b1-4)GlcNAc,"{'Hex': 3, 'HexNAc': 6}",63000,"['Apis_mellifera', 'Bos_grunniens', 'Bos_taurus', 'Bothrops_moojeni', 'Dirofilaria_immitis', 'Homo_sapiens', 'HumanInfluenzaA_Virus', 'Trichinella_spiralis']","['https://pubmed.ncbi.nlm.nih.gov/30104209/', 'https://pubmed.ncbi.nlm.nih.gov/34973737/', '', '', 'https://pubmed.ncbi.nlm.nih.gov/30622255/', 'https://pubmed.ncbi.nlm.nih.gov/33650863/', 'https://pubs.acs.org/doi/10.1021/acs.analchem.8b05372', 'https://pubmed.ncbi.nlm.nih.gov/10988255/']",G09482NW,N
GlcNAc(b1-2)Man(a1-3)[Man(a1-3/6)Man(a1-6)][GlcNAc(b1-4)]Man(b1-4)GlcNAc(b1-4)GlcNAc,"{'Hex': 4, 'HexNAc': 4}",44000,"['Apis_mellifera', 'Callipepla_squamata', 'Colinus_virginianus', 'Coturnix_japonica', 'Homo_sapiens', 'Oreortyx_pictus', 'Rattus_norvegicus']","['https://pubmed.ncbi.nlm.nih.gov/31393126/', 'https://pubmed.ncbi.nlm.nih.gov/30537828/', 'https://pubmed.ncbi.nlm.nih.gov/30537828/', 'https://pubmed.ncbi.nlm.nih.gov/30537828/', 'https://pubmed.ncbi.nlm.nih.gov/35183770/', 'https://pubmed.ncbi.nlm.nih.gov/30537828/', 'https://pubmed.ncbi.nlm.nih.gov/9490042/']",G80005YU,N
Glc(a1-3)Man(a1-2)Man(a1-2)Man(a1-3)[Man(a1-2)Man(a1-6)[Man(a1-3)]Man(a1-6)]Man(b1-4)GlcNAc(b1-4)GlcNAc,"{'Hex': 9, 'HexNAc': 2}",29000,"['Bombyx_mori', 'Bos_taurus', 'Chaetomium_thermophilum', 'Columba_livia', 'Danio_rerio', 'Gallus_gallus', 'Homo_sapiens', 'Saccharomyces_cerevisiae', 'Schizosaccharomyces_pombe', 'Sus_scrofa', 'Trichoplusia_ni', 'Trypanosoma_cruzi']","['https://pubmed.ncbi.nlm.nih.gov/35397991/', '', 'https://www.journal.csj.jp/doi/abs/10.1246/cl.150898', '', 'https://academic.oup.com/glycob/article/27/3/228/2656954', '', '', '', '', '', 'https://pubmed.ncbi.nlm.nih.gov/28077298/', 'gwb']",G81356NS,N
Fuc(a1-2)Gal(b1-4)[Fuc(a1-3)]GlcNAc(b1-2)Man(a1-3)[Man(a1-3)[Man(a1-6)]Man(a1-6)]Man(b1-4)GlcNAc(b1-4)GlcNAc,"{'Hex': 6, 'HexNAc': 3, 'dHex': 2}",36200,"['Bos_taurus', 'Capra_hircus', 'Homo_sapiens']","['https://pubmed.ncbi.nlm.nih.gov/38287599/', 'https://pubmed.ncbi.nlm.nih.gov/38287599/', 'https://pubmed.ncbi.nlm.nih.gov/35183770/']",,N
Glc(a1-3)Glc(a1-3)Man(a1-2)Man(a1-2)Man(a1-3)[Man(a1-3)[Man(a1-6)]Man(a1-6)]Man(b1-4)GlcNAc(b1-4)GlcNAc,"{'Hex': 9, 'HexNAc': 2}",29000,"['Bos_taurus', 'Capra_hircus', 'Homo_sapiens', 'Ovis_aries']","['https://pubmed.ncbi.nlm.nih.gov/38287599/', 'https://pubmed.ncbi.nlm.nih.gov/38287599/', 'https://pubmed.ncbi.nlm.nih.gov/36289103/', 'https://pubmed.ncbi.nlm.nih.gov/38287599/']",,N
Man(a1-2)Man(a1-3/6)[Man(a1-3/6)]Man(a1-6)[Man(a1-2)Man(a1-3)]Man(b1-4)GlcNAc(b1-4)GlcNAc,"{'Hex': 7, 'HexNAc': 2}",27000,"['Bos_taurus', 'Capra_hircus', 'Cardicola_forsteri', 'Dengue_virus', 'Homo_sapiens', 'Onchocerca_volvulus', 'Oryctolagus_cuniculus', 'Ovis_aries']","['https://pubmed.ncbi.nlm.nih.gov/38287599/', 'https://pubmed.ncbi.nlm.nih.gov/38287599/', 'https://www.sciencedirect.com/science/article/pii/S002075192100240X#t0006', 'https://journals.plos.org/plosone/article?id=10.1371/journal.pone.0132122', 'https://pubmed.ncbi.nlm.nih.gov/26085185/', 'https://pubmed.ncbi.nlm.nih.gov/36949937/', 'https://pubmed.ncbi.nlm.nih.gov/33554253/', 'https://pubmed.ncbi.nlm.nih.gov/38287599/']",,N
Neu5Ac(a2-3/6)Gal(b1-4)GlcNAc(b1-2)Man(a1-3/6)[GlcNAc(b1-2)Man(a1-3/6)][GlcNAc(b1-4)]Man(b1-4)GlcNAc(b1-4)GlcNAc,"{'Hex': 4, 'HexNAc': 5, 'Neu5Ac': 1}",54010,"['Bos_taurus', 'Capra_hircus', 'Homo_sapiens', 'Sus_scrofa']","['https://pubmed.ncbi.nlm.nih.gov/38096130/', 'https://pubmed.ncbi.nlm.nih.gov/38096130/', 'https://pubmed.ncbi.nlm.nih.gov/38096130/', 'https://pubmed.ncbi.nlm.nih.gov/38096130/']",G41323XJ,N
Neu5Ac(a2-3/6)Gal(b1-4)GlcNAc(b1-2)[Neu5Ac(a2-3/6)Gal(b1-4)GlcNAc(b1-4/6)]Man(a1-3/6)[Neu5Ac(a2-3/6)Gal(b1-4)GlcNAc(b1-2/4/6)[Gal(b1-4)GlcNAc(b1-2/4/6)]Man(a1-3/6)]Man(b1-4)GlcNAc(b1-4)GlcNAc,"{'Hex': 7, 'HexNAc': 6, 'Neu5Ac': 3}",67030,"['Bos_taurus', 'Homo_sapiens', 'Sus_scrofa']","['https://pubmed.ncbi.nlm.nih.gov/38096130/', 'https://pubmed.ncbi.nlm.nih.gov/36385894/', 'https://pubmed.ncbi.nlm.nih.gov/38096130/']",,N
Gal(b1-3/4)GlcNAc(b1-2)Man(a1-6)[GlcNAc(b1-2)Man(a1-3)]Man(b1-4)GlcNAc(b1-4)GlcNAc,"{'Hex': 4, 'HexNAc': 4}",44000,"['Callipepla_squamata', 'Colinus_virginianus', 'Coturnix_japonica', 'Gallus_domesticus', 'Homo_sapiens', 'Oreortyx_pictus']","['https://pubmed.ncbi.nlm.nih.gov/30537828/', 'https://pubmed.ncbi.nlm.nih.gov/30537828/', 'https://pubmed.ncbi.nlm.nih.gov/30537828/', 'https://pubmed.ncbi.nlm.nih.gov/27459092/', '', 'https://pubmed.ncbi.nlm.nih.gov/30537828/']",,N
Fuc(a1-3)[Gal(b1-4)]GlcNAc(b1-2)Man(a1-3)[Man(a1-3/6)Man(a1-6)]Man(b1-4)GlcNAc(b1-4)GlcNAc,"{'Hex': 5, 'HexNAc': 3, 'dHex': 1}",35100,['Homo_sapiens'],['https://pubmed.ncbi.nlm.nih.gov/35183770/'],,N
Neu5Gc(a2-3/6)Gal(b1-4)GlcNAc(b1-2)Man(a1-3)[Neu5Ac(a2-3/6)Gal(b1-4)GlcNAc(b1-2)Man(a1-6)]Man(b1-4)GlcNAc(b1-4)GlcNAc,"{'Hex': 5, 'HexNAc': 4, 'Neu5Ac': 1, 'Neu5Gc': 1}",45011,"['Bos_grunniens', 'Bos_taurus', 'Homo_sapiens']","['https://pubmed.ncbi.nlm.nih.gov/34973737/', 'https://pubmed.ncbi.nlm.nih.gov/34973737/', 'https://pubmed.ncbi.nlm.nih.gov/36289103/']",,N
Neu5Ac(a2-6)Gal(b1-4)GlcNAc(b1-2)[Neu5Ac(a2-6)Gal(b1-4)GlcNAc(b1-4)]Man(a1-3)[Neu5Ac(a2-6)Gal(b1-4)GlcNAc(b1-2)Man(a1-6)]Man(b1-4)GlcNAc(b1-4)GlcNAc,"{'Hex': 6, 'HexNAc': 5, 'Neu5Ac': 3}",56030,"['Bos_taurus', 'Cavia_porcellus', 'Equus_caballus', 'Gallus_gallus', 'Homo_sapiens', 'Ovis_aries']","['', '', '', 'https://pubmed.ncbi.nlm.nih.gov/35136109/', 'https://pubmed.ncbi.nlm.nih.gov/29792883/', 'https://unicarb-dr.glycosmos.org/references/352']",G40613QE,N
Neu5Ac(a2-3)Gal(b1-4)GlcNAc(b1-2)Man(a1-3)[Gal(b1-4)GlcNAc(b1-2)Man(a1-6)]Man(b1-4)GlcNAc(b1-4)GlcNAc,"{'Hex': 5, 'HexNAc': 4, 'Neu5Ac': 1}",45010,"['Cricetulus_griseus', 'Danio_rerio', 'Homo_sapiens', 'HumanImmunoDeficiency_Virus']","['', 'https://pubmed.ncbi.nlm.nih.gov/36509839/', '', '']",G68318SH,N
Neu5Ac(a2-3/6)Gal(b1-4)GlcNAc(b1-2)[Neu5Ac(a2-3/6)Gal(b1-4)GlcNAc(b1-4)]Man(a1-3)[Neu5Ac(a2-3/6)Gal(b1-4)GlcNAc(b1-2)[Neu5Ac(a2-3/6)Gal(b1-4)GlcNAc(b1-6)]Man(a1-6)]Man(b1-4)GlcNAc(b1-4)GlcNAc,"{'Hex': 7, 'HexNAc': 6, 'Neu5Ac': 4}",67040,"['Homo_sapiens', 'HumanInfluenzaA_Virus']","['https://pubmed.ncbi.nlm.nih.gov/32737218/', 'https://pubs.acs.org/doi/10.1021/acs.analchem.8b05372']",G42934IJ,N
Gal(b1-4)GlcNAc(b1-2)[GlcNAc(b1-4)]Man(a1-3)[Man(a1-3)[Man(a1-6)]Man(a1-6)]Man(b1-4)GlcNAc(b1-4)GlcNAc,"{'Hex': 6, 'HexNAc': 4}",46000,"['Bos_grunniens', 'Bos_taurus', 'Homo_sapiens', 'HumanInfluenzaA_Virus', 'Sus_scrofa']","['https://pubmed.ncbi.nlm.nih.gov/34973737/', 'https://pubmed.ncbi.nlm.nih.gov/34973737/', 'https://pubmed.ncbi.nlm.nih.gov/35183770/', 'https://pubs.acs.org/doi/10.1021/acs.analchem.8b05372', 'https://pubmed.ncbi.nlm.nih.gov/34985888/']",G08187GM,N
Gal(b1-4)GlcNAc(b1-2)Man(a1-3)[Man(a1-3)Man(a1-6)]Man(b1-4)GlcNAc(b1-4)GlcNAc,"{'Hex': 5, 'HexNAc': 3}",35000,"['Bos_taurus', 'Homo_sapiens', 'MurineLeukemia_Virus', 'Oryctolagus_cuniculus', 'Rana_pipiens', 'Rattus_norvegicus', 'Trypanosoma_brucei']","['', '', '', '', '', '', 'https://pubmed.ncbi.nlm.nih.gov/11087927/']",G47498FQ,N
Neu5Ac(a2-3)Gal(b1-4)GlcNAc(b1-2)Man(a1-3/6)[Man(a1-3/6)]Man(b1-4)GlcNAc(b1-4)GlcNAc,"{'Hex': 4, 'HexNAc': 3, 'Neu5Ac': 1}",34010,"['Bos_taurus', 'Desmodus_rotundus', 'Homo_sapiens', 'Ovis_aries', 'Sus_scrofa']","['https://pubmed.ncbi.nlm.nih.gov/36809004/', 'https://pubmed.ncbi.nlm.nih.gov/9061366/', '', 'https://pubmed.ncbi.nlm.nih.gov/36809004/', 'https://pubmed.ncbi.nlm.nih.gov/36809004/']",G31565BP,N
Neu5Ac(a2-3)Gal(b1-4)GlcNAc(b1-2)[Neu5Ac(a2-3)Gal(b1-4)GlcNAc(b1-4)]Man(a1-3)[Neu5Ac(a2-3)Gal(b1-4)GlcNAc(b1-2)Man(a1-6)]Man(b1-4)GlcNAc(b1-4)GlcNAc,"{'Hex': 6, 'HexNAc': 5, 'Neu5Ac': 3}",56030,"['Bos_taurus', 'Cricetulus_griseus', 'Danio_rerio', 'Homo_sapiens', 'Plecoglossus_altivelis', 'Rattus_norvegicus', 'undetermined']","['', '', 'https://pubmed.ncbi.nlm.nih.gov/36509839/', '', 'https://pubmed.ncbi.nlm.nih.gov/1447178/', '', '']",G95186HE,N
Neu5Ac(a2-3/6)Gal(b1-4)GlcNAc(b1-2)Man(a1-3)[Neu5Gc(a2-3/6)Gal(b1-4)GlcNAc(b1-2)Man(a1-6)]Man(b1-4)GlcNAc(b1-4)GlcNAc,"{'Hex': 5, 'HexNAc': 4, 'Neu5Ac': 1, 'Neu5Gc': 1}",45011,"['Bos_taurus', 'Homo_sapiens', 'Oryzias_latipes']","['https://academic.oup.com/glycob/advance-article/doi/10.1093/glycob/cwad001/6972278', 'https://pubmed.ncbi.nlm.nih.gov/36289103/', 'https://www.tandfonline.com/doi/full/10.1080/09553002.2021.1864500']",,N
{Man(a1-2)}{Man(a1-2)}Man(a1-2)Man(a1-3)[Man(a1-3)[Man(a1-6)]Man(a1-6)]Man(b1-4)GlcNAc(b1-4)GlcNAc,"{'Hex': 8, 'HexNAc': 2}",28000,"['Bos_taurus', 'Homo_sapiens', 'Sus_scrofa', 'Ovis_aries']","['https://pubmed.ncbi.nlm.nih.gov/39778995/', 'http://www.functionalglycomics.org/glycomics/SampleServlet?operationType=view&key=215', 'https://pubmed.ncbi.nlm.nih.gov/39778995/', 'https://pubmed.ncbi.nlm.nih.gov/39778995/']",,N
GlcNAc(b1-2)[GlcNAc(b1-4)]Man(a1-3)[Man(a1-3/6)Man(a1-6)][GlcNAc(b1-4)]Man(b1-4)GlcNAc(b1-4)GlcNAc,"{'Hex': 4, 'HexNAc': 5}",54000,"['Callipepla_squamata', 'Colinus_virginianus', 'Coturnix_japonica', 'Homo_sapiens', 'Oreortyx_pictus']","['https://pubmed.ncbi.nlm.nih.gov/30537828/', 'https://pubmed.ncbi.nlm.nih.gov/30537828/', 'https://pubmed.ncbi.nlm.nih.gov/30537828/', 'https://pubmed.ncbi.nlm.nih.gov/35183770/', 'https://pubmed.ncbi.nlm.nih.gov/30537828/']",,N
Man(a1-3/6)Man(a1-6)[Man(a1-3)][GlcNAc(b1-4)]Man(b1-4)GlcNAc(b1-4)GlcNAc,"{'Hex': 4, 'HexNAc': 3}",34000,"['Callipepla_squamata', 'Colinus_virginianus', 'Coturnix_japonica', 'Homo_sapiens', 'Oreortyx_pictus']","['https://pubmed.ncbi.nlm.nih.gov/30537828/', 'https://pubmed.ncbi.nlm.nih.gov/30537828/', 'https://pubmed.ncbi.nlm.nih.gov/30537828/', 'https://pubmed.ncbi.nlm.nih.gov/35183770/', 'https://pubmed.ncbi.nlm.nih.gov/30537828/']",,N
Neu5Ac(a2-6)Gal(b1-4)GlcNAc(b1-2)Man(a1-3/6)[Neu5Gc(a2-6)Gal(b1-4)GlcNAc(b1-2)Man(a1-3/6)]Man(b1-4)GlcNAc(b1-4)GlcNAc,"{'Hex': 5, 'HexNAc': 4, 'Neu5Ac': 1, 'Neu5Gc': 1}",45011,"['Camelus_dromedarius', 'Equus_asinus', 'Gallus_domesticus', 'Homo_sapiens', 'Oryctolagus_cuniculus']","['https://pubmed.ncbi.nlm.nih.gov/27428249/', 'https://pubmed.ncbi.nlm.nih.gov/37972931/', 'https://pubmed.ncbi.nlm.nih.gov/37972931/', 'https://www.mcponline.org/article/S1535-9476(20)35140-9/fulltext', 'https://pubmed.ncbi.nlm.nih.gov/37972931/']",,N
Fuc(a1-3)[Gal(b1-4)]GlcNAc(b1-2)Man(a1-3)[Man(a1-3)[Man(a1-6)]Man(a1-6)][GlcNAc(b1-4)]Man(b1-4)GlcNAc(b1-4)GlcNAc,"{'Hex': 6, 'HexNAc': 4, 'dHex': 1}",46100,"['Danio_rerio', 'Homo_sapiens', 'Rattus_norvegicus']","['https://www.nature.com/articles/s41467-018-06950-3', 'https://pubmed.ncbi.nlm.nih.gov/26085185/', 'https://pubmed.ncbi.nlm.nih.gov/34106099/']",,N
Neu5Ac(a2-3/6)Gal(b1-3/4)GlcNAc(b1-2)Man(a1-3/6)[Gal(b1-3/4)GlcNAc(b1-2)Man(a1-3/6)]Man(b1-4)GlcNAc(b1-4)GlcNAc,"{'Hex': 5, 'HexNAc': 4, 'Neu5Ac': 1}",45010,"['Gallus_domesticus', 'Homo_sapiens']","['https://pubmed.ncbi.nlm.nih.gov/27459092/', 'https://pubmed.ncbi.nlm.nih.gov/32483971/']",G71269BI,N
Fuc(a1-3)[Gal(b1-4)]GlcNAc(b1-2)Man(a1-3)[Fuc(a1-3)[Gal(b1-4)]GlcNAc(b1-2)Man(a1-6)][GlcNAc(b1-4)]Man(b1-4)GlcNAc(b1-4)GlcNAc,"{'Hex': 5, 'HexNAc': 5, 'dHex': 2}",55200,"['Gallus_gallus', 'Homo_sapiens', 'Mus_musculus', 'Rattus_norvegicus', 'Rhinopithecus_roxellana']","['https://pubmed.ncbi.nlm.nih.gov/35136109/', 'https://pubmed.ncbi.nlm.nih.gov/26085185/', '', 'https://jneuroinflammation.biomedcentral.com/articles/10.1186/s12974-021-02163-6', 'https://pubmed.ncbi.nlm.nih.gov/38213790/']",,N
Neu5Ac(a2-3/6)Gal(b1-4)GlcNAc(b1-2)Man(a1-3)[Gal(b1-4)GlcNAc(b1-2)Man(a1-6)][GlcNAc(b1-4)]Man(b1-4)GlcNAc(b1-4)GlcNAc,"{'Hex': 5, 'HexNAc': 5, 'Neu5Ac': 1}",55010,['Homo_sapiens'],['https://pubmed.ncbi.nlm.nih.gov/32737218/'],,N
Neu5Ac(a2-3/6)Gal(b1-4)GlcNAc(b1-2)Man(a1-6)[Gal(b1-4)GlcNAc(b1-2)Man(a1-3)]Man(b1-4)GlcNAc(b1-4)GlcNAc,"{'Hex': 5, 'HexNAc': 4, 'Neu5Ac': 1}",45010,"['Homo_sapiens', 'Mus_musculus', 'Mustela_furo', 'Notamacropus_eugenii']","['https://pubmed.ncbi.nlm.nih.gov/32737218/', '', 'https://pubmed.ncbi.nlm.nih.gov/25135641/', 'https://pubmed.ncbi.nlm.nih.gov/23053637/']",G71269BI,N
Neu5Ac(a2-3)Gal(b1-3/4)GlcNAc(b1-2)Man(a1-3)[Neu5Ac(a2-3)Gal(b1-3/4)GlcNAc(b1-2)Man(a1-6)]Man(b1-4)GlcNAc(b1-4)GlcNAc,"{'Hex': 5, 'HexNAc': 4, 'Neu5Ac': 2}",45020,"['Anas_platyrhynchos', 'Aythya_fuligula', 'Gallus_domesticus', 'Homo_sapiens']","['https://pubmed.ncbi.nlm.nih.gov/38127648/', 'https://pubmed.ncbi.nlm.nih.gov/38127648/', 'https://pubmed.ncbi.nlm.nih.gov/38127648/', 'https://pubmed.ncbi.nlm.nih.gov/32483971/']",G72001PU,N
GlcNAc(b1-2)[GlcNAc(b1-4)]Man(a1-3)[GlcNAc(b1-2)Man(a1-6)][GlcNAc(b1-4)]Man(b1-4)GlcNAc(b1-4)GlcNAc,"{'Hex': 3, 'HexNAc': 6}",63000,"['Anas_sp', 'Callipepla_squamata', 'Gallus_gallus', 'Homo_sapiens', 'Tetronarce_californica', 'Anas_platyrhynchos', 'Torpedo_californica']","['', 'https://pubmed.ncbi.nlm.nih.gov/30537828/', '', '', 'https://pubmed.ncbi.nlm.nih.gov/1633814/', 'gwb', 'gwb']",G06775XE,N
GalNAc(b1-4)GlcNAc(b1-2)Man(a1-3)[Man(a1-6)]Man(b1-4)GlcNAc(b1-4)GlcNAc,"{'Hex': 3, 'HexNAc': 4}",43000,"['Apis_mellifera', 'Homo_sapiens', 'HumanInfluenzaA_Virus', 'Schistosoma_mansoni', 'Trichinella_spiralis', 'Trichoplusia_ni']","['https://pubmed.ncbi.nlm.nih.gov/30104209/', 'https://pubmed.ncbi.nlm.nih.gov/32737218/', 'https://pubs.acs.org/doi/10.1021/acs.analchem.8b05372', 'https://iai.asm.org/content/84/5/1371', 'https://pubmed.ncbi.nlm.nih.gov/10988255/', 'https://pubmed.ncbi.nlm.nih.gov/28077298/']",G93310KW,N
Neu5Ac(a2-3/6)Gal(b1-4)GlcNAc(b1-2/4)[Gal(b1-4)GlcNAc(b1-2/4)]Man(a1-3)[Man(a1-3)[Man(a1-6)]Man(a1-6)]Man(b1-4)GlcNAc(b1-4)GlcNAc,"{'Hex': 7, 'HexNAc': 4, 'Neu5Ac': 1}",47010,"['Bos_grunniens', 'Bos_taurus', 'Capra_hircus', 'Homo_sapiens']","['https://pubmed.ncbi.nlm.nih.gov/34973737/', 'https://pubmed.ncbi.nlm.nih.gov/34973737/', 'https://pubmed.ncbi.nlm.nih.gov/38096130/', 'https://pubmed.ncbi.nlm.nih.gov/38096130/']",,N
Gal(b1-4)GlcNAc(b1-2)[Gal(b1-4)GlcNAc(b1-4)]Man(a1-3)[Gal(b1-4)GlcNAc(b1-2)Man(a1-6)][GlcNAc(b1-4)]Man(b1-4)GlcNAc(b1-4)GlcNAc,"{'Hex': 6, 'HexNAc': 6}",66000,"['Bos_taurus', 'Homo_sapiens', 'HumanImmunoDeficiency_Virus', 'Tetronarce_californica', 'Rattus_norvegicus', 'Meleagris_gallopavo', 'Torpedo_californica']","['https://pubmed.ncbi.nlm.nih.gov/39778995/', '', 'https://pubmed.ncbi.nlm.nih.gov/2341393/', 'https://pubmed.ncbi.nlm.nih.gov/1633814/', 'gwb', 'gwb', 'gwb']",G12574GO,N
Gal(b1-4)GlcNAc(b1-2)[Gal(b1-4)GlcNAc(b1-4/6)]Man(a1-3/6)[Gal(b1-4)GlcNAc(b1-2)Man(a1-3/6)][GlcNAc(b1-4)]Man(b1-4)GlcNAc(b1-4)GlcNAc,"{'Hex': 6, 'HexNAc': 6}",66000,"['Bos_taurus', 'Homo_sapiens', 'Mus_musculus']","['https://pubmed.ncbi.nlm.nih.gov/38096130/', 'https://pubmed.ncbi.nlm.nih.gov/38096130/', 'http://www.functionalglycomics.org/glycomics/SampleServlet?operationType=view&key=85']",,N
GalNAc4S(b1-4)GlcNAc(b1-2)Man(a1-3)[GalNAc4S(b1-4)GlcNAc(b1-2)Man(a1-6)]Man(b1-4)GlcNAc(b1-4)GlcNAc,"{'Hex': 3, 'HexNAc': 6, 'S': 2}",63000,"['Bos_taurus', 'Homo_sapiens', 'HumanInfluenzaA_Virus', 'Mus_musculus', 'Rattus_norvegicus', 'Sus_scrofa', 'undetermined']","['', '', 'https://pubs.acs.org/doi/10.1021/acs.analchem.8b05372', '', '', '', '']",G49743VF,N
Man(a1-2)Man(a1-3/6)[Man(a1-3/6)]Man(a1-6)[Man(a1-3)]Man(b1-4)GlcNAc(b1-4)GlcNAc,"{'Hex': 6, 'HexNAc': 2}",26000,"['Bos_taurus', 'Capra_hircus', 'Homo_sapiens', 'Megathura_crenulata', 'Ovis_aries']","['https://pubmed.ncbi.nlm.nih.gov/38287599/', 'https://pubmed.ncbi.nlm.nih.gov/38287599/', '', 'https://pubmed.ncbi.nlm.nih.gov/16135511/', 'https://pubmed.ncbi.nlm.nih.gov/38287599/']",,N
Neu5Ac(a2-3/6)Gal(b1-4)GlcNAc(b1-2)Man(a1-3)[Gal(b1-4)GlcNAc(b1-2)Man(a1-6)]Man(b1-4)GlcNAc(b1-4)GlcNAc,"{'Hex': 5, 'HexNAc': 4, 'Neu5Ac': 1}",45010,"['Bos_taurus', 'Homo_sapiens', 'Mus_musculus', 'Notamacropus_eugenii', 'Oryzias_latipes']","['https://academic.oup.com/glycob/advance-article/doi/10.1093/glycob/cwad001/6972278', 'https://www.sciencedirect.com/science/article/pii/S0092867421005031?via%3Dihub', 'https://pubmed.ncbi.nlm.nih.gov/38343116/', 'https://pubmed.ncbi.nlm.nih.gov/23053637/', 'https://www.tandfonline.com/doi/full/10.1080/09553002.2021.1864500']",G71269BI,N
Gal(b1-3/4)GlcNAc(b1-2)Man(a1-3)[Gal(b1-3/4)GlcNAc(b1-2)Man(a1-6)][GlcNAc(b1-4)]Man(b1-4)GlcNAc(b1-4)GlcNAc,"{'Hex': 5, 'HexNAc': 5}",55000,"['Callipepla_squamata', 'Chauna_torquata', 'Gallus_domesticus', 'Homo_sapiens']","['https://pubmed.ncbi.nlm.nih.gov/30537828/', 'https://pubmed.ncbi.nlm.nih.gov/21495680/', 'https://pubmed.ncbi.nlm.nih.gov/27459092/', 'https://journals.plos.org/plosone/article?id=10.1371/journal.pone.0035772']",,N
Neu5Gc(a2-6)Gal(b1-4)GlcNAc(b1-2)Man(a1-3)[GlcNAc(b1-2)Man(a1-6)]Man(b1-4)GlcNAc(b1-4)GlcNAc,"{'Hex': 4, 'HexNAc': 4, 'Neu5Gc': 1}",44001,"['Camelus_dromedarius', 'Homo_sapiens']","['https://pubmed.ncbi.nlm.nih.gov/27428249/', 'https://pubmed.ncbi.nlm.nih.gov/36289103/']",G30370YC,N
Man(a1-3)[Man6P(a1-6)]Man(a1-6)[Man(a1-3)]Man(b1-4)GlcNAc(b1-4)GlcNAc,"{'Hex': 5, 'HexNAc': 2, 'P': 1}",25000,"['Cricetulus_griseus', 'Gallus_gallus', 'Homo_sapiens']","['https://pubmed.ncbi.nlm.nih.gov/36388954/', 'https://pubmed.ncbi.nlm.nih.gov/35136109/', 'https://pubmed.ncbi.nlm.nih.gov/36902272/']",G90966QP,N
Gal(b1-4)GlcNAc(b1-2)[Gal(b1-4)GlcNAc(b1-6)]Man(a1-6)[Man(a1-3)]Man(b1-4)GlcNAc(b1-4)GlcNAc,"{'Hex': 5, 'HexNAc': 4}",45000,['Homo_sapiens'],['https://pubmed.ncbi.nlm.nih.gov/36902272/'],G03216SJ,N
Neu5Ac(a2-3)Gal(b1-4)GlcNAc(b1-2)Man(a1-3)[Man(a1-6)]Man(b1-4)GlcNAc(b1-4)GlcNAc,"{'Hex': 4, 'HexNAc': 3, 'Neu5Ac': 1}",34010,['Homo_sapiens'],['https://pubmed.ncbi.nlm.nih.gov/36902272/'],G21005TQ,N
Neu5Ac(a2-3/6)Gal(b1-4)GlcNAc(b1-2)[Neu5Ac(a2-3/6)Gal(b1-4)GlcNAc(b1-4/6)]Man(a1-3/6)[Gal(b1-4)GlcNAc(b1-2)[Gal(b1-4)GlcNAc(b1-4/6)]Man(a1-3/6)]Man(b1-4)GlcNAc(b1-4)GlcNAc,"{'Hex': 7, 'HexNAc': 6, 'Neu5Ac': 2}",67020,['Homo_sapiens'],['https://pubmed.ncbi.nlm.nih.gov/38096130/'],,N
Neu5Ac(a2-6)Gal(b1-4)GlcNAc(b1-2)Man(a1-3)[Neu5Ac(a2-6)Gal(b1-4)GlcNAc(b1-2)Man(a1-6)][GlcNAc(b1-4)]Man(b1-4)GlcNAc(b1-4)GlcNAc,"{'Hex': 5, 'HexNAc': 5, 'Neu5Ac': 2}",55020,"['Homo_sapiens', 'Mustela_furo', 'undetermined', 'Rattus_norvegicus']","['https://pubmed.ncbi.nlm.nih.gov/37005422/', 'https://pubmed.ncbi.nlm.nih.gov/30315103/', '', 'gwb']",G41865ZJ,N
Neu5Ac(a2-6)Gal(b1-4)GlcNAc(b1-2)Man(a1-6)[Fuc(a1-3)[Gal(b1-4)]GlcNAc(b1-2)Man(a1-3)]Man(b1-4)GlcNAc(b1-4)GlcNAc,"{'Hex': 5, 'HexNAc': 4, 'Neu5Ac': 1, 'dHex': 1}",45110,['Homo_sapiens'],['https://pubmed.ncbi.nlm.nih.gov/36902272/'],,N
Man(a1-2)Man(a1-6)[Man(a1-3)]Man(a1-6)[Man6P(a1-2)Man(a1-3)]Man(b1-4)GlcNAc(b1-4)GlcNAc,"{'Hex': 7, 'HexNAc': 2, 'P': 1}",27000,"['Acanthamoeba_sp', 'Homo_sapiens']","['https://www.jbc.org/article/S0021-9258(20)41716-8/fulltext', 'https://pubmed.ncbi.nlm.nih.gov/36289103/']",,N
Neu5Ac(a2-6)Gal(b1-3/4)GlcNAc(b1-2)Man(a1-3)[Man(a1-3)[Man(a1-6)]Man(a1-6)]Man(b1-4)GlcNAc(b1-4)GlcNAc,"{'Hex': 6, 'HexNAc': 3, 'Neu5Ac': 1}",36010,"['Aythya_fuligula', 'Gallus_domesticus', 'Homo_sapiens']","['https://pubmed.ncbi.nlm.nih.gov/38127648/', 'https://pubmed.ncbi.nlm.nih.gov/38127648/', 'https://pubmed.ncbi.nlm.nih.gov/25210975/']",G92570PJ,N
Neu5Ac(a2-3/6)Gal(b1-4)GlcNAc(b1-2/4/6)[Gal(b1-4)GlcNAc(b1-2/4/6)]Man(a1-3/6)[Gal(b1-4)GlcNAc(b1-2)[Gal(b1-4)GlcNAc(b1-4/6)]Man(a1-3/6)][GlcNAc(b1-4)]Man(b1-4)GlcNAc(b1-4)GlcNAc,"{'Hex': 7, 'HexNAc': 7, 'Neu5Ac': 1}",77010,"['Bos_grunniens', 'Bos_taurus', 'Homo_sapiens', 'Rhinopithecus_roxellana']","['https://pubmed.ncbi.nlm.nih.gov/34973737/', 'https://pubmed.ncbi.nlm.nih.gov/34973737/', 'http://www.functionalglycomics.org/glycomics/SampleServlet?operationType=view&key=123', 'https://pubmed.ncbi.nlm.nih.gov/38213790/']",,N
GalNAc(b1-4)GlcNAc(b1-2)Man(a1-3)[Gal(b1-4)GlcNAc(b1-2)Man(a1-6)]Man(b1-4)GlcNAc(b1-4)GlcNAc,"{'Hex': 4, 'HexNAc': 5}",54000,"['Bos_taurus', 'Capra_hircus', 'Homo_sapiens', 'HumanInfluenzaA_Virus']","['', 'https://pubmed.ncbi.nlm.nih.gov/35180604/', 'https://pubmed.ncbi.nlm.nih.gov/35183770/', 'https://pubs.acs.org/doi/10.1021/acs.analchem.8b05372']",G96063MG,N
GlcNAc(b1-2)[GlcNAc(b1-4/6)]Man(a1-3/6)[GlcNAc(b1-2)Man(a1-3/6)][GlcNAc(b1-4)]Man(b1-4)GlcNAc(b1-4)GlcNAc,"{'Hex': 3, 'HexNAc': 6}",63000,"['Bos_taurus', 'Capra_hircus', 'Homo_sapiens', 'Ovis_aries']","['https://pubmed.ncbi.nlm.nih.gov/38287599/', 'https://pubmed.ncbi.nlm.nih.gov/38287599/', 'http://www.functionalglycomics.org/glycomics/SampleServlet?operationType=view&key=225', 'https://pubmed.ncbi.nlm.nih.gov/38287599/']",,N
{Man(a1-2)}{Man(a1-2)}Man(a1-3)[Man(a1-6)]Man(a1-6)[Man(a1-3)]Man(b1-4)GlcNAc(b1-4)GlcNAc,"{'Hex': 7, 'HexNAc': 2}",27000,"['Bos_taurus', 'Gallus_gallus', 'Homo_sapiens', 'Sus_scrofa']","['https://pubmed.ncbi.nlm.nih.gov/35804766/', 'https://pubmed.ncbi.nlm.nih.gov/35804766/', 'https://pubmed.ncbi.nlm.nih.gov/36216861/', 'https://pubmed.ncbi.nlm.nih.gov/35804766/']",,N
{Man(a1-2)}{Man(a1-2)}{Man(a1-2)}Man(a1-3)[Man(a1-6)]Man(a1-6)[Man(a1-3)]Man(b1-4)GlcNAc(b1-4)GlcNAc,"{'Hex': 8, 'HexNAc': 2}",28000,"['Bos_taurus', 'Gallus_gallus', 'Homo_sapiens', 'Sus_scrofa']","['https://pubmed.ncbi.nlm.nih.gov/35804766/', 'https://pubmed.ncbi.nlm.nih.gov/35804766/', 'https://pubmed.ncbi.nlm.nih.gov/36216861/', 'https://pubmed.ncbi.nlm.nih.gov/35804766/']",,N
Neu5Ac(a2-3/6)Gal(b1-4)[Fuc(a1-3)]GlcNAc(b1-2)Man(a1-3/6)[Fuc(a1-3)[Gal(b1-4)]GlcNAc(b1-2)Man(a1-3/6)]Man(b1-4)GlcNAc(b1-4)GlcNAc,"{'Hex': 5, 'HexNAc': 4, 'Neu5Ac': 1, 'dHex': 2}",45210,"['Capra_hircus', 'Gallus_gallus', 'Homo_sapiens', 'Sus_scrofa']","['https://pubmed.ncbi.nlm.nih.gov/38096130/', 'https://pubmed.ncbi.nlm.nih.gov/35136109/', 'https://pubmed.ncbi.nlm.nih.gov/38096130/', 'https://pubmed.ncbi.nlm.nih.gov/38096130/']",,N
Fuc(a1-2)Gal(b1-4)GlcNAc(b1-2)Man(a1-3)[Gal(b1-4)GlcNAc(b1-2)Man(a1-6)][GlcNAc(b1-4)]Man(b1-4)GlcNAc(b1-4)GlcNAc,"{'Hex': 5, 'HexNAc': 5, 'dHex': 1}",55100,['Homo_sapiens'],['https://pubmed.ncbi.nlm.nih.gov/36902272/'],G33262YZ,N
Gal(b1-4)GlcNAc(b1-2)Man(a1-3)[Man(a1-2)Man(a1-3)[Man(a1-6)]Man(a1-6)]Man(b1-4)GlcNAc(b1-4)GlcNAc,"{'Hex': 7, 'HexNAc': 3}",37000,['Homo_sapiens'],['https://pubmed.ncbi.nlm.nih.gov/36902272/'],,N
Neu5Ac(a2-6)Gal(b1-4)GlcNAc(b1-2)Man(a1-3)[Fuc(a1-3)[Gal(b1-4)]GlcNAc(b1-2)Man(a1-6)]Man(b1-4)GlcNAc(b1-4)GlcNAc,"{'Hex': 5, 'HexNAc': 4, 'Neu5Ac': 1, 'dHex': 1}",45110,['Homo_sapiens'],['https://pubmed.ncbi.nlm.nih.gov/25190359/'],,N
Neu5Ac(a2-3/6)Gal(b1-4)GlcNAc(b1-2)Man(a1-3)[Neu5Ac(a2-3/6)Gal(b1-4)GlcNAc(b1-2)[Neu5Ac(a2-3/6)Gal(b1-4)GlcNAc(b1-6)]Man(a1-6)]Man(b1-4)GlcNAc(b1-4)GlcNAc,"{'Hex': 6, 'HexNAc': 5, 'Neu5Ac': 3}",56030,"['Amblyomma_americanum', 'Gallus_gallus', 'Homo_sapiens', 'Mustela_furo']","['https://pubmed.ncbi.nlm.nih.gov/31936588/', 'https://pubmed.ncbi.nlm.nih.gov/33583051', 'https://pubmed.ncbi.nlm.nih.gov/33897975/', 'https://pubmed.ncbi.nlm.nih.gov/25135641/']",G03700EN,N
Glc(a1-3)Man(a1-2)Man(a1-2)Man(a1-3)[Man(a1-2)Man(a1-3)[Man(a1-6)]Man(a1-6)]Man(b1-4)GlcNAc(b1-4)GlcNAc,"{'Hex': 9, 'HexNAc': 2}",29000,"['Amylomyces_rouxii', 'Homo_sapiens', 'Phaseolus_vulgaris', 'Rattus_norvegicus', 'Sus_scrofa', 'undetermined']","['', '', '', '', '', '']",G39687WG,N
GalNAc(b1-4)GlcNAc(b1-2)Man(a1-3)[Man(a1-3)[Man(a1-6)]Man(a1-6)]Man(b1-4)GlcNAc(b1-4)GlcNAc,"{'Hex': 5, 'HexNAc': 4}",45000,"['Apis_mellifera', 'Bothrops_moojeni', 'Danio_rerio', 'Homo_sapiens', 'Opisthorchis_viverrini']","['https://pubmed.ncbi.nlm.nih.gov/30104209/', 'https://pubmed.ncbi.nlm.nih.gov/35183770/', 'https://www.nature.com/articles/s41467-018-06950-3', '', 'https://pubmed.ncbi.nlm.nih.gov/23174105/']",G05763EW,N
Gal(b1-4)GlcNAc(b1-2)Man(a1-6)[GlcNAc(b1-2)[GlcNAc(b1-4)]Man(a1-3)]Man(b1-4)GlcNAc(b1-4)GlcNAc,"{'Hex': 4, 'HexNAc': 5}",54000,"['Bos_grunniens', 'Bos_taurus', 'Homo_sapiens']","['https://pubmed.ncbi.nlm.nih.gov/34973737/', 'https://pubmed.ncbi.nlm.nih.gov/34973737/', '']",G98292JT,N
GlcNAc(b1-2)[GlcNAc(b1-4)]Man(a1-3)[GlcNAc(b1-2)[GlcNAc(b1-6)]Man(a1-6)][GlcNAc(b1-4)]Man(b1-4)GlcNAc(b1-4)GlcNAc,"{'Hex': 3, 'HexNAc': 7}",73000,"['Capra_hircus', 'Gallus_gallus', 'Homo_sapiens', 'undetermined', 'Rattus_norvegicus']","['https://pubmed.ncbi.nlm.nih.gov/38287599/', '', 'https://pubmed.ncbi.nlm.nih.gov/38096130/', '', 'gwb']",G02290KA,N
Gal(b1-3/4)GlcNAc(b1-2)[Gal(b1-3/4)GlcNAc(b1-4)]Man(a1-3)[Gal(b1-3/4)GlcNAc(b1-2)[Gal(b1-3/4)GlcNAc(b1-6)]Man(a1-6)]Man(b1-4)GlcNAc(b1-4)GlcNAc,"{'Hex': 7, 'HexNAc': 6}",67000,"['Chauna_torquata', 'Gallus_domesticus', 'Homo_sapiens', 'SARS_CoV2']","['https://pubmed.ncbi.nlm.nih.gov/21495680/', 'https://pubmed.ncbi.nlm.nih.gov/27459092/', '', '']",G50535IT,N
Gal(b1-4)GlcNAc(b1-2)Man(a1-3/6)[Man(a1-3)[Man(a1-6)]Man(a1-3/6)]Man(b1-4)GlcNAc(b1-4)GlcNAc,"{'Hex': 6, 'HexNAc': 3}",36000,"['Cricetulus_griseus', 'Desmodus_rotundus', 'Homo_sapiens', 'Mus_musculus']","['', 'https://pubmed.ncbi.nlm.nih.gov/9061366/', 'http://www.functionalglycomics.org/glycomics/SampleServlet?operationType=view&key=110', 'http://www.functionalglycomics.org/glycomics/SampleServlet?operationType=view&key=85']",G34219DS,N
Neu5Ac(a2-3)Gal(b1-4)GlcNAc(b1-2)[Neu5Ac(a2-3)Gal(b1-4)GlcNAc(b1-4)]Man(a1-3)[Neu5Ac(a2-3)Gal(b1-4)GlcNAc(b1-2)[Neu5Ac(a2-3)Gal(b1-4)GlcNAc(b1-6)]Man(a1-6)]Man(b1-4)GlcNAc(b1-4)GlcNAc,"{'Hex': 7, 'HexNAc': 6, 'Neu5Ac': 4}",67040,"['Cricetulus_griseus', 'Homo_sapiens', 'Plecoglossus_altivelis', 'undetermined']","['', '', '', '']",G42380GI,N
Fuc(a1-3)[Gal(b1-4)]GlcNAc(b1-2)Man(a1-3)[Gal(b1-4)GlcNAc(b1-2)Man(a1-6)][GlcNAc(b1-4)]Man(b1-4)GlcNAc(b1-4)GlcNAc,"{'Hex': 5, 'HexNAc': 5, 'dHex': 1}",55100,"['Danio_rerio', 'Homo_sapiens']","['https://pubmed.ncbi.nlm.nih.gov/36509839/', 'https://pubmed.ncbi.nlm.nih.gov/26085185/']",,N
Neu5Ac(a2-3/6)Gal(b1-3/4)GlcNAc(b1-2)Man(a1-3)[Man(a1-3/6)Man(a1-6)]Man(b1-4)GlcNAc(b1-4)GlcNAc,"{'Hex': 5, 'HexNAc': 3, 'Neu5Ac': 1}",35010,"['Gallus_domesticus', 'Homo_sapiens', 'Tick_borne_encephalitis_virus']","['https://pubmed.ncbi.nlm.nih.gov/27459092/', '', 'https://doi.org/10.1038/s41598-020-70082-2']",G82273ZM,N
Gal(b1-4)GlcNAc(b1-2)[Gal(b1-4)GlcNAc(b1-4)]Man(a1-3)[Man(a1-6)]Man(b1-4)GlcNAc(b1-4)GlcNAc,"{'Hex': 5, 'HexNAc': 4}",45000,"['Homo_sapiens', 'Larus_crassirostris', 'Oryzias_latipes']","['', 'https://pubmed.ncbi.nlm.nih.gov/19240272/', 'https://www.tandfonline.com/doi/full/10.1080/09553002.2021.1864500']",G51496AJ,N
Gal(b1-4)GlcNAc(b1-3)Gal(b1-4)GlcNAc(b1-2/4/6)[Gal(b1-4)GlcNAc(b1-2/4/6)]Man(a1-3/6)[Gal(b1-4)GlcNAc(b1-2)[Gal(b1-4)GlcNAc(b1-4/6)]Man(a1-3/6)]Man(b1-4)GlcNAc(b1-4)GlcNAc,"{'Hex': 8, 'HexNAc': 7}",78000,"['Homo_sapiens', 'Larus_crassirostris', 'Mus_musculus']","['https://pubmed.ncbi.nlm.nih.gov/38096130/', 'https://pubmed.ncbi.nlm.nih.gov/19240272/', 'http://www.functionalglycomics.org/glycomics/SampleServlet?operationType=view&key=211']",,N
GlcNAc(b1-2)[GlcNAc(b1-4/6)]Man(a1-3/6)[GlcNAc(b1-2)Man(a1-3/6)]Man(b1-4)GlcNAc(b1-4)GlcNAc,"{'Hex': 3, 'HexNAc': 5}",53000,"['Homo_sapiens', 'Macaca_mulatta', 'Onchocerca_volvulus']","['https://pubmed.ncbi.nlm.nih.gov/32483971/', 'https://pubmed.ncbi.nlm.nih.gov/36131114/', 'https://pubmed.ncbi.nlm.nih.gov/36949937/']",,N
Man(a1-2)Man(a1-2)Man(a1-3)[Man(a1-3/6)Man(a1-6)]Man(b1-4)GlcNAc(b1-4)GlcNAc,"{'Hex': 6, 'HexNAc': 2}",26000,['Homo_sapiens'],['https://pubmed.ncbi.nlm.nih.gov/36289103/'],G53719HM,N
Man(a1-2)Man(a1-2)Man(a1-3)[Man6P(a1-2)Man(a1-6)[Man(a1-3)]Man(a1-6)]Man(b1-4)GlcNAc(b1-4)GlcNAc,"{'Hex': 8, 'HexNAc': 2, 'P': 1}",28000,['Homo_sapiens'],['https://pubmed.ncbi.nlm.nih.gov/36289103/'],,N
Neu5Ac(a2-3)Gal(b1-4)GlcNAc(b1-4)[Gal(b1-4)GlcNAc(b1-2)]Man(a1-3)[Neu5Ac(a2-3)Gal(b1-4)GlcNAc(b1-2)Man(a1-6)]Man(b1-4)GlcNAc(b1-4)GlcNAc,"{'Hex': 6, 'HexNAc': 5, 'Neu5Ac': 2}",56020,['Homo_sapiens'],['https://pubmed.ncbi.nlm.nih.gov/34831278/'],G36519NW,N
Neu5Ac(a2-3/6)Gal(b1-4)GlcNAc(b1-2)[Gal(b1-4)GlcNAc(b1-4)]Man(a1-3)[Man(a1-3/6)Man(a1-6)]Man(b1-4)GlcNAc(b1-4)GlcNAc,"{'Hex': 6, 'HexNAc': 4, 'Neu5Ac': 1}",46010,"['Homo_sapiens', 'Mus_musculus']","['https://pubmed.ncbi.nlm.nih.gov/33650863/', '']",,N
Neu5Ac(a2-6)Gal(b1-4)GlcNAc(b1-2)Man(a1-3)[Fuc(a1-3)Gal(b1-4)GlcNAc(b1-2)Man(a1-6)]Man(b1-4)GlcNAc(b1-4)GlcNAc,"{'Hex': 5, 'HexNAc': 4, 'Neu5Ac': 1, 'dHex': 1}",45110,['Homo_sapiens'],['https://pubmed.ncbi.nlm.nih.gov/36289103/'],,N
Neu5Ac(a2-8)Neu5Ac(a2-3/6)Gal(b1-4)GlcNAc(b1-2)Man(a1-3/6)[Neu5Ac(a2-3/6)Gal(b1-4)GlcNAc(b1-2)Man(a1-6)]Man(b1-4)GlcNAc(b1-4)GlcNAc,"{'Hex': 5, 'HexNAc': 4, 'Neu5Ac': 3}",45030,['Homo_sapiens'],['https://pubmed.ncbi.nlm.nih.gov/36289103/'],,N
{Gal(b1-3/4)GlcNAc(b1-3/4/6)}{Neu5Ac(a2-3/6)}{Neu5Ac(a2-3/6)}Gal(b1-4)GlcNAc(b1-2)Man(a1-3/6)[Gal(b1-4)GlcNAc(b1-2)Man(a1-3/6)]Man(b1-4)GlcNAc(b1-4)GlcNAc,"{'Hex': 6, 'HexNAc': 5, 'Neu5Ac': 2}",56020,['Homo_sapiens'],['https://pubmed.ncbi.nlm.nih.gov/36289103/'],,N
{Gal(b1-3/4)GlcNAc(b1-3/4/6)}{Neu5Ac(a2-3/6)}{Neu5Ac(a2-3/6)}{Neu5Ac(a2-3/6)}Gal(b1-4)GlcNAc(b1-2)Man(a1-3/6)[Gal(b1-4)GlcNAc(b1-2)Man(a1-3/6)]Man(b1-4)GlcNAc(b1-4)GlcNAc,"{'Hex': 6, 'HexNAc': 5, 'Neu5Ac': 3}",56030,['Homo_sapiens'],['https://pubmed.ncbi.nlm.nih.gov/36289103/'],,N
{Gal(b1-3/4)GlcNAc(b1-3/4/6)}{Neu5Ac(a2-3/6)}{Neu5Ac(a2-3/6)}{Neu5Ac(a2-3/6)}{Neu5Ac(a2-3/6)}Gal(b1-4)GlcNAc(b1-2)Man(a1-3)[Gal(b1-4)GlcNAc(b1-2)Man(a1-6)]Man(b1-4)GlcNAc(b1-4)GlcNAc,"{'Hex': 6, 'HexNAc': 5, 'Neu5Ac': 4}",56040,['Homo_sapiens'],['https://pubmed.ncbi.nlm.nih.gov/36289103/'],,N
{Gal(b1-3/4)GlcNAc(b1-3/4/6)}{Neu5Ac(a2-3/6)}{Neu5Ac(a2-3/6)}{Neu5Gc(a2-3/6)}Gal(b1-4)GlcNAc(b1-2)Man(a1-3)[Gal(b1-4)GlcNAc(b1-2)Man(a1-6)]Man(b1-4)GlcNAc(b1-4)GlcNAc,"{'Hex': 6, 'HexNAc': 5, 'Neu5Ac': 2, 'Neu5Gc': 1}",56021,['Homo_sapiens'],['https://pubmed.ncbi.nlm.nih.gov/36289103/'],,N
{GlcNAc(b1-3/4)}Gal(b1-4)GlcNAc(b1-2)Man(a1-3)[Man(a1-3)[Man(a1-6)]Man(a1-6)]Man(b1-4)GlcNAc(b1-4)GlcNAc,"{'Hex': 6, 'HexNAc': 4}",46000,['Homo_sapiens'],['https://pubmed.ncbi.nlm.nih.gov/36902272/'],,N
{Man(a1-2/3/6)}Man(a1-3/6)Man(b1-4)GlcNAc(b1-4)GlcNAc,"{'Hex': 3, 'HexNAc': 2}",23000,['Homo_sapiens'],['https://pubmed.ncbi.nlm.nih.gov/36289103/'],,N
Neu5AcOAc(a2-3/6)Gal(b1-4)GlcNAc(b1-2)Man(a1-3/6)[Neu5Ac(a2-3/6)Gal(b1-4)GlcNAc(b1-2)Man(a1-3/6)]Man(b1-4)GlcNAc(b1-4)GlcNAc,"{'Hex': 5, 'HexNAc': 4, 'Neu5Ac': 2, 'Ac': 1}",45020,"['Acipenser_oxyrinchus', 'Camelus_dromedarius', 'Homo_sapiens', 'Salmo_salar', 'Salvelinus_alpinus']","['https://www.frontiersin.org/articles/10.3389/fmolb.2021.778383/full', 'https://pubmed.ncbi.nlm.nih.gov/27428249/', 'https://glycostore.org/searchTaxon/HOMO%20SAPIENS', 'https://www.frontiersin.org/articles/10.3389/fmolb.2021.778383/full', 'https://www.frontiersin.org/articles/10.3389/fmolb.2021.778383/full']",,N
GlcNAc(b1-2)Man(a1-3)[Man(a1-6)Man(a1-6)]Man(b1-4)GlcNAc(b1-4)GlcNAc,"{'Hex': 4, 'HexNAc': 3}",34000,"['Aedes_aegypti', 'Anopheles_gambiae', 'Bos_taurus', 'Drosophila_melanogaster', 'Homo_sapiens']","['https://pubmed.ncbi.nlm.nih.gov/26047717/', 'https://pubmed.ncbi.nlm.nih.gov/26047717/', '', 'https://pubmed.ncbi.nlm.nih.gov/17264077/', '']",G17336FF,N
Gal(b1-4)GlcNAc(b1-2)[Gal(b1-4)GlcNAc(b1-4)]Man(a1-3)[Gal(b1-4)GlcNAc(b1-2)[Gal(b1-4)GlcNAc(b1-6)]Man(a1-6)][GlcNAc(b1-4)]Man(b1-4)GlcNAc(b1-4)GlcNAc,"{'Hex': 7, 'HexNAc': 7}",77000,"['Bos_taurus', 'Homo_sapiens', 'undetermined', 'Rattus_norvegicus']","['https://pubmed.ncbi.nlm.nih.gov/38096130/', 'https://pubmed.ncbi.nlm.nih.gov/32737218/', '', 'gwb']",G75412QZ,N
Neu5Ac(a2-3/6)Gal(b1-4)GlcNAc(b1-2)Man(a1-3/6)[Gal(b1-4)GlcNAc(b1-2)[Gal(b1-4)GlcNAc(b1-4/6)]Man(a1-3/6)][GlcNAc(b1-4)]Man(b1-4)GlcNAc(b1-4)GlcNAc,"{'Hex': 6, 'HexNAc': 6, 'Neu5Ac': 1}",66010,"['Bos_taurus', 'Capra_hircus', 'Homo_sapiens']","['https://pubmed.ncbi.nlm.nih.gov/38096130/', 'https://pubmed.ncbi.nlm.nih.gov/38096130/', 'https://pubmed.ncbi.nlm.nih.gov/38096130/']",,N
Neu5Ac(a2-3/6)Gal(b1-4)GlcNAc(b1-2)Man(a1-3/6)[GlcNAc(b1-2)[GlcNAc(b1-4/6)]Man(a1-3/6)][GlcNAc(b1-4)]Man(b1-4)GlcNAc(b1-4)GlcNAc,"{'Hex': 4, 'HexNAc': 6, 'Neu5Ac': 1}",64010,"['Bos_taurus', 'Capra_hircus', 'Homo_sapiens']","['https://pubmed.ncbi.nlm.nih.gov/38096130/', 'https://pubmed.ncbi.nlm.nih.gov/38096130/', 'https://pubmed.ncbi.nlm.nih.gov/38096130/']",,N
Neu5Ac(a2-3/6)Gal(b1-4)GlcNAc(b1-2)[GlcNAc(b1-4)]Man(a1-3)[Man(a1-3/6)Man(a1-6)]Man(b1-4)GlcNAc(b1-4)GlcNAc,"{'Hex': 5, 'HexNAc': 4, 'Neu5Ac': 1}",45010,"['Bos_taurus', 'Homo_sapiens', 'Ovis_aries']","['https://pubmed.ncbi.nlm.nih.gov/38287599/', 'https://pubmed.ncbi.nlm.nih.gov/35183770/', 'https://pubmed.ncbi.nlm.nih.gov/38287599/']",,N
Gal(b1-4)GlcNAc(b1-2)[Gal(b1-4)GlcNAc(b1-4)]Man(a1-3)[Man(a1-3)[Man(a1-6)]Man(a1-6)][GlcNAc(b1-4)]Man(b1-4)GlcNAc(b1-4)GlcNAc,"{'Hex': 7, 'HexNAc': 5}",57000,"['Capra_hircus', 'Homo_sapiens']","['https://pubmed.ncbi.nlm.nih.gov/38096130/', 'https://pubmed.ncbi.nlm.nih.gov/35183770/']",G54843VG,N
Neu5Ac(a2-3/6)Gal(b1-3/4)GlcNAc(b1-2)Man(a1-3/6)[Man(a1-2/3/6)Man(a1-3/6)]Man(b1-4)GlcNAc(b1-4)GlcNAc,"{'Hex': 5, 'HexNAc': 3, 'Neu5Ac': 1}",35010,"['Cornu_aspersum', 'Homo_sapiens']","['https://glycopost.glycosmos.org/entry/GPST000297', 'https://pubmed.ncbi.nlm.nih.gov/32483971/']",G82273ZM,N
Glc(a1-2)Glc(a1-3)Glc(a1-3)Man(a1-2)Man(a1-2)Man(a1-3)[Man(a1-3)[Man(a1-6)]Man(a1-6)]Man(b1-4)GlcNAc(b1-4)GlcNAc,"{'Hex': 10, 'HexNAc': 2}",210000,"['Cricetulus_griseus', 'Holothuria_atria', 'Homo_sapiens', 'Ovis_aries', 'Saccharomyces_cerevisiae']","['', 'https://pubmed.ncbi.nlm.nih.gov/31969392/', '', 'https://pubmed.ncbi.nlm.nih.gov/38287599/', 'https://journals.plos.org/plosone/article?id=10.1371/journal.pone.0151891']",G34821YB,N
Man(a1-2)Man(a1-2)Man(a1-3)[Man(a1-2)Man(a1-3)[Man(a1-2)Man6P(a1-6)]Man(a1-6)]Man(b1-4)GlcNAc(b1-4)GlcNAc,"{'Hex': 9, 'HexNAc': 2, 'P': 1}",29000,"['Cricetulus_griseus', 'Homo_sapiens']","['https://pubmed.ncbi.nlm.nih.gov/36388954/', 'https://pubmed.ncbi.nlm.nih.gov/36902272/']",,N
Neu5Ac(a2-3)Gal(b1-4)GlcNAc(b1-2)Man(a1-3)[Man(a1-3)Man(a1-6)]Man(b1-4)GlcNAc(b1-4)GlcNAc,"{'Hex': 5, 'HexNAc': 3, 'Neu5Ac': 1}",35010,"['Cricetulus_griseus', 'Homo_sapiens', 'MurineLeukemia_Virus']","['', '', '']",G97575FW,N
Neu5Ac(a2-3)Gal(b1-4)GlcNAc(b1-2)Man(a1-3)[Neu5Ac(a2-3)Gal(b1-4)GlcNAc(b1-2)[Neu5Ac(a2-3)Gal(b1-4)GlcNAc(b1-6)]Man(a1-6)]Man(b1-4)GlcNAc(b1-4)GlcNAc,"{'Hex': 6, 'HexNAc': 5, 'Neu5Ac': 3}",56030,"['Cricetulus_griseus', 'Homo_sapiens', 'Plecoglossus_altivelis', 'undetermined']","['', '', 'https://pubmed.ncbi.nlm.nih.gov/1447178/', '']",G42600SB,N
Neu5Ac(a2-6)Gal(b1-4)GlcNAc(b1-2)Man(a1-3)[Gal(b1-4)GlcNAc(b1-2)Man(a1-6)][GlcNAc(b1-4)]Man(b1-4)GlcNAc(b1-4)GlcNAc,"{'Hex': 5, 'HexNAc': 5, 'Neu5Ac': 1}",55010,"['Danio_rerio', 'Gallus_gallus', 'Homo_sapiens', 'Oryctolagus_cuniculus']","['https://academic.oup.com/glycob/article/27/3/228/2656954', '', '', 'gwb']",G72356JA,N
Gal(b1-3/4)GlcNAc(b1-2)[Gal(b1-3/4)GlcNAc(b1-4)]Man(a1-3)[Gal(b1-3/4)GlcNAc(b1-2)Man(a1-6)]Man(b1-4)GlcNAc(b1-4)GlcNAc,"{'Hex': 6, 'HexNAc': 5}",56000,"['Dengue_virus', 'Gallus_domesticus', 'Homo_sapiens']","['https://journals.plos.org/plosone/article?id=10.1371/journal.pone.0132122', 'https://pubmed.ncbi.nlm.nih.gov/27459092/', 'https://www.frontiersin.org/articles/10.3389/fchem.2021.637730/full']",G56282EF,N
Neu5Ac(a2-3/6)Gal(b1-3/4)GlcNAc(b1-2)Man(a1-3)[Man(a1-6)]Man(b1-4)GlcNAc(b1-4)GlcNAc,"{'Hex': 4, 'HexNAc': 3, 'Neu5Ac': 1}",34010,"['Drosophila_melanogaster', 'Homo_sapiens', 'Oreortyx_pictus']","['https://pubmed.ncbi.nlm.nih.gov/17893096/', '', 'https://pubmed.ncbi.nlm.nih.gov/30537828/']",G31565BP,N
Gal(b1-3/4)GlcNAc(b1-2)Man(a1-3/6)[Man(a1-3/6)]Man(b1-4)GlcNAc(b1-4)GlcNAc,"{'Hex': 4, 'HexNAc': 3}",34000,"['Homo_sapiens', 'Rana_pipiens']","['https://pubmed.ncbi.nlm.nih.gov/32483971/', 'https://pubmed.ncbi.nlm.nih.gov/8400551/']",,N
Gal(b1-4)GlcNAc(b1-2)Man(a1-3)[Fuc(a1-3)[Gal(b1-4)]GlcNAc(b1-2)Man(a1-6)]Man(b1-4)GlcNAc(b1-4)GlcNAc,"{'Hex': 5, 'HexNAc': 4, 'dHex': 1}",45100,"['Homo_sapiens', 'MurineRespo_Virus']","['https://pubmed.ncbi.nlm.nih.gov/36289103/', 'https://pubmed.ncbi.nlm.nih.gov/6263875/']",,N
Gal(b1-4)GlcNAc(b1-2/4/6)[GlcNAc(b1-2/4/6)]Man(a1-3/6)[GlcNAc(b1-2)[GlcNAc(b1-4/6)]Man(a1-3/6)]Man(b1-4)GlcNAc(b1-4)GlcNAc,"{'Hex': 4, 'HexNAc': 6}",64000,"['Homo_sapiens', 'Mus_musculus']","['https://pubmed.ncbi.nlm.nih.gov/38171687/', 'https://pubmed.ncbi.nlm.nih.gov/34358619/']",,N
Gal(b1-4)GlcNAc(b1-3)Gal(b1-4)GlcNAc(b1-2)Man(a1-3)[Neu5Ac(a2-3/6)Gal(b1-4)GlcNAc(b1-2)Man(a1-6)]Man(b1-4)GlcNAc(b1-4)GlcNAc,"{'Hex': 6, 'HexNAc': 5, 'Neu5Ac': 1}",56010,['Homo_sapiens'],['https://pubmed.ncbi.nlm.nih.gov/26085185/'],,N
GlcNAc(b1-2)Man(a1-3/6)[GlcNAc(b1-4)][Man(a1-3/6)]Man(b1-4)GlcNAc(b1-4)GlcNAc,"{'Hex': 3, 'HexNAc': 4}",43000,"['Homo_sapiens', 'Mus_musculus']","['https://glycostore.org/searchTaxon/HOMO%20SAPIENS', '']",,N
Man(a1-2)Man(a1-3)[Man(a1-6)Man(a1-6)]Man(b1-4)GlcNAc(b1-4)GlcNAc,"{'Hex': 5, 'HexNAc': 2}",25000,"['Homo_sapiens', 'Limulus_polyphemus', 'Sus_scrofa', 'undetermined']","['G50660UT', 'https://pubmed.ncbi.nlm.nih.gov/8508812/', '', '']",G41300WU,N
Neu5Ac(a2-3)Gal(b1-4)GlcNAc(b1-2)Man(a1-6)[GalNAc4S(b1-4)GlcNAc(b1-2)Man(a1-3)]Man(b1-4)GlcNAc(b1-4)GlcNAc,"{'Hex': 4, 'HexNAc': 5, 'Neu5Ac': 1, 'S': 1}",54010,"['Homo_sapiens', 'Mus_musculus', 'Ovis_aries']","['', '', '']",G81915YU,N
Neu5Ac(a2-6)Gal(b1-3/4)[Fuc(a1-3/4)]GlcNAc(b1-2/4)[Gal(b1-3/4)GlcNAc(b1-2/4)]Man(a1-3)[Gal(b1-3/4)GlcNAc(b1-2)Man(a1-6)]Man(b1-4)GlcNAc(b1-4)GlcNAc,"{'Hex': 6, 'HexNAc': 5, 'Neu5Ac': 1, 'dHex': 1}",56110,"['Homo_sapiens', 'Pan_troglodytes']","['https://pubmed.ncbi.nlm.nih.gov/36711977/', 'https://pubmed.ncbi.nlm.nih.gov/36711977/']",,N
Neu5Ac(a2-6)Gal(b1-3/4)[Fuc(a1-3/4)]GlcNAc(b1-2/4)[Gal(b1-3/4)GlcNAc(b1-2/4)]Man(a1-3)[Gal(b1-3/4)GlcNAc(b1-2)[Gal(b1-3/4)GlcNAc(b1-6)]Man(a1-6)]Man(b1-4)GlcNAc(b1-4)GlcNAc,"{'Hex': 7, 'HexNAc': 6, 'Neu5Ac': 1, 'dHex': 1}",67110,"['Homo_sapiens', 'Pan_troglodytes']","['https://pubmed.ncbi.nlm.nih.gov/36711977/', 'https://pubmed.ncbi.nlm.nih.gov/36711977/']",,N
Neu5Ac(a2-6)Gal(b1-4)GlcNAc(b1-2)Man(a1-6)[GlcNAc(b1-2)Man(a1-3)]Man(b1-4)GlcNAc(b1-4)GlcNAc,"{'Hex': 4, 'HexNAc': 4, 'Neu5Ac': 1}",44010,['Homo_sapiens'],['https://pubmed.ncbi.nlm.nih.gov/28461410/'],G70851FQ,N
{Fuc(a1-3/6)}Neu5Ac(a2-3/6)Gal(b1-4)GlcNAc(b1-2)Man(a1-3)[Neu5Ac(a2-3/6)Gal(b1-4)GlcNAc(b1-2)Man(a1-6)]Man(b1-4)GlcNAc(b1-4)GlcNAc,"{'Hex': 5, 'HexNAc': 4, 'Neu5Ac': 2, 'dHex': 1}",45120,"['Homo_sapiens', 'Mus_musculus']","['https://pubmed.ncbi.nlm.nih.gov/36902272/', 'https://pubmed.ncbi.nlm.nih.gov/37875230/']",,N
{Gal(b1-3/4)GlcNAc(b1-3/4/6)}{Neu5Ac(a2-3/6)}Gal(b1-4)GlcNAc(b1-2)Man(a1-3/6)[Gal(b1-4)GlcNAc(b1-2)Man(a1-3/6)]Man(b1-4)GlcNAc(b1-4)GlcNAc,"{'Hex': 6, 'HexNAc': 5, 'Neu5Ac': 1}",56010,['Homo_sapiens'],['https://pubmed.ncbi.nlm.nih.gov/36289103/'],,N
Neu5Ac(a2-3)Gal(b1-3/4)GlcNAc(b1-2)Man(a1-3/6)[Neu5Ac(a2-6)Gal(b1-3/4)GlcNAc(b1-2)Man(a1-3/6)]Man(b1-4)GlcNAc(b1-4)GlcNAc,"{'Hex': 5, 'HexNAc': 4, 'Neu5Ac': 2}",45020,"['Anas_platyrhynchos', 'Homo_sapiens']","['https://pubmed.ncbi.nlm.nih.gov/38127648/', 'https://pubmed.ncbi.nlm.nih.gov/32483971/']",G72001PU,N
Gal(b1-4)GlcNAc(b1-4)Man(a1-3)[Man(a1-6)]Man(b1-4)GlcNAc(b1-4)GlcNAc,"{'Hex': 4, 'HexNAc': 3}",34000,"['Anas_sp', 'Gallus_gallus', 'Homo_sapiens', 'Anas_platyrhynchos']","['', '', '', 'gwb']",G79249GP,N
GalNAcOS(b1-4)GlcNAc(b1-2)Man(a1-3)[GalNAcOS(b1-4)GlcNAc(b1-2)Man(a1-6)]Man(b1-4)GlcNAc(b1-4)GlcNAc,"{'Hex': 3, 'HexNAc': 6, 'S': 2}",63000,"['Bos_taurus', 'Homo_sapiens', 'Mus_musculus', 'Ovis_aries', 'Sus_scrofa']","['', '', '', '', '']",G06673TD,N
GlcNAc(b1-2)Man(a1-3/6)[Man(a1-3)[Man(a1-6)]Man(a1-3/6)]Man(b1-4)GlcNAc(b1-4)GlcNAc,"{'Hex': 5, 'HexNAc': 3}",35000,"['Bos_taurus', 'Homo_sapiens', 'Rana_pipiens']","['', 'http://www.functionalglycomics.org/glycomics/SampleServlet?operationType=view&key=110', 'https://pubmed.ncbi.nlm.nih.gov/8400551/']",G85302QR,N
Neu5Ac(a2-3/6)GalNAc(b1-4)GlcNAc(b1-2)Man(a1-3)[Gal(b1-4)GlcNAc(b1-2)Man(a1-6)]Man(b1-4)GlcNAc(b1-4)GlcNAc,"{'Hex': 4, 'HexNAc': 5, 'Neu5Ac': 1}",54010,"['Bubalus_bubalis', 'Homo_sapiens']","['https://pubmed.ncbi.nlm.nih.gov/28145111/', 'https://pubmed.ncbi.nlm.nih.gov/35183770/']",,N
Gal(b1-3/4)GlcNAc(b1-2)Man(a1-3)[Man(a1-3)[Man(a1-6)]Man(a1-6)]Man(b1-4)GlcNAc(b1-4)GlcNAc,"{'Hex': 6, 'HexNAc': 3}",36000,"['Cardicola_forsteri', 'Dengue_virus', 'Gallus_domesticus', 'Homo_sapiens']","['https://www.sciencedirect.com/science/article/pii/S002075192100240X#t0022', 'https://journals.plos.org/plosone/article?id=10.1371/journal.pone.0132122', 'https://pubmed.ncbi.nlm.nih.gov/27459092/', 'https://pubmed.ncbi.nlm.nih.gov/25210975/']",G34219DS,N
Neu5Ac(a2-6)Gal(b1-4)GlcNAc(b1-2)Man(a1-3)[Man(a1-3)Man(a1-6)]Man(b1-4)GlcNAc(b1-4)GlcNAc,"{'Hex': 5, 'HexNAc': 3, 'Neu5Ac': 1}",35010,"['Chelonia_mydas', 'Danio_rerio', 'Homo_sapiens', 'MurineLeukemia_Virus']","['https://pubmed.ncbi.nlm.nih.gov/20044081/', 'https://academic.oup.com/glycob/article/27/3/228/2656954', 'https://doi.org/10.1111/febs.14435', '']",G52928OQ,N
{GlcNAc(b1-4/6)}GlcNAc(b1-2)Man(a1-3)[GlcNAc(b1-2)Man(a1-6)]Man(b1-4)GlcNAc(b1-4)GlcNAc,"{'Hex': 3, 'HexNAc': 5}",53000,"['Cricetulus_griseus', 'Homo_sapiens']","['https://pubmed.ncbi.nlm.nih.gov/36388954/', 'http://www.functionalglycomics.org/glycomics/SampleServlet?operationType=view&key=545']",,N
Man(a1-2)Man(a1-3/6)[Man(a1-3/6)]Man(a1-6)[GlcNAc(b1-2)Man(a1-3)]Man(b1-4)GlcNAc(b1-4)GlcNAc,"{'Hex': 6, 'HexNAc': 3}",36000,"['Danio_rerio', 'Homo_sapiens', 'Mus_musculus']","['https://www.nature.com/articles/s41467-018-06950-3', 'https://pubmed.ncbi.nlm.nih.gov/35183770/', 'http://www.functionalglycomics.org/glycomics/SampleServlet?operationType=view&key=397']",,N
Neu5Ac(a2-3)Gal(b1-4)GlcNAc(b1-2)Man(a1-3)[GlcNAc(b1-2)Man(a1-6)]Man(b1-4)GlcNAc(b1-4)GlcNAc,"{'Hex': 4, 'HexNAc': 4, 'Neu5Ac': 1}",44010,"['Danio_rerio', 'Homo_sapiens', 'Ovis_aries']","['https://academic.oup.com/glycob/article/27/3/228/2656954', 'https://glycostore.org/searchTaxon/HOMO%20SAPIENS', 'https://unicarb-dr.glycosmos.org/references/352']",G16759KR,N
Neu5Ac(a2-3/6)Gal(b1-3/4)GlcNAc(b1-2)Man(a1-3)[Man(a1-3)[Man(a1-6)]Man(a1-6)]Man(b1-4)GlcNAc(b1-4)GlcNAc,"{'Hex': 6, 'HexNAc': 3, 'Neu5Ac': 1}",36010,"['Gallus_domesticus', 'Homo_sapiens', 'SARS_CoV2']","['https://pubmed.ncbi.nlm.nih.gov/27459092/', '', '']",G92570PJ,N
Neu5Ac(a2-3/6)Gal(b1-3/4)GlcNAc(b1-2)Man(a1-3/6)[GlcNAc(b1-2)Man(a1-3/6)]Man(b1-4)GlcNAc(b1-4)GlcNAc,"{'Hex': 4, 'HexNAc': 4, 'Neu5Ac': 1}",44010,"['Gallus_domesticus', 'Homo_sapiens']","['https://pubmed.ncbi.nlm.nih.gov/29217182/', 'https://pubmed.ncbi.nlm.nih.gov/30168606/']",,N
Neu5Ac(a2-3/6)Gal(b1-3/4)GlcNAc(b1-2)[Neu5Ac(a2-3/6)Gal(b1-3/4)GlcNAc(b1-4)]Man(a1-3)[Neu5Ac(a2-3/6)Gal(b1-3/4)GlcNAc(b1-2)[Neu5Ac(a2-3/6)Gal(b1-3/4)GlcNAc(b1-6)]Man(a1-6)]Man(b1-4)GlcNAc(b1-4)GlcNAc,"{'Hex': 7, 'HexNAc': 6, 'Neu5Ac': 4}",67040,"['Gallus_domesticus', 'Homo_sapiens']","['https://pubmed.ncbi.nlm.nih.gov/27459092/', '']",G42934IJ,N
Fuc(a1-3)[Gal(b1-4)]GlcNAc(b1-2)Man(a1-3/6)[Gal(b1-4)GlcNAc(b1-2)Man(a1-3/6)]Man(b1-4)GlcNAc(b1-4)GlcNAc,"{'Hex': 5, 'HexNAc': 4, 'dHex': 1}",45100,"['Homo_sapiens', 'Mus_musculus']","['https://glycostore.org/searchTaxon/HOMO%20SAPIENS', 'https://pubmed.ncbi.nlm.nih.gov/37875230/']",,N
Fuc(a1-3)[Gal(b1-4)]GlcNAc(b1-2)Man(a1-6)[GlcNAc(b1-2)Man(a1-3)][GlcNAc(b1-4)]Man(b1-4)GlcNAc(b1-4)GlcNAc,"{'Hex': 4, 'HexNAc': 5, 'dHex': 1}",54100,['Homo_sapiens'],['https://pubmed.ncbi.nlm.nih.gov/25190359/'],,N
Gal(b1-3/4)GlcNAc(b1-2)[Gal(b1-3/4)GlcNAc(b1-4/6)]Man(a1-3/6)[Gal(b1-3/4)GlcNAc(b1-2)Man(a1-3/6)]Man(b1-4)GlcNAc(b1-4)GlcNAc,"{'Hex': 6, 'HexNAc': 5}",56000,"['Homo_sapiens', 'SARS_CoV2']","['', '']",G56282EF,N
Gal(b1-4)GlcNAc(b1-3)Gal(b1-4)GlcNAc(b1-2)Man(a1-3)[Gal(b1-4)GlcNAc(b1-2)Man(a1-6)]Man(b1-4)GlcNAc(b1-4)GlcNAc,"{'Hex': 6, 'HexNAc': 5}",56000,['Homo_sapiens'],['https://pubmed.ncbi.nlm.nih.gov/36902272/'],G89364NG,N
Man(a1-2)Man(a1-3)[Man(a1-2)Man(a1-6)]Man(a1-6)[GlcNAc(b1-2)Man(a1-3)]Man(b1-4)GlcNAc(b1-4)GlcNAc,"{'Hex': 7, 'HexNAc': 3}",37000,"['Homo_sapiens', 'HumanInfluenzaA_Virus', 'Rattus_norvegicus']","['https://pubmed.ncbi.nlm.nih.gov/35183770/', 'https://pubs.acs.org/doi/10.1021/acs.analchem.8b05372', 'https://unicarb-dr.glycosmos.org/references/351']",,N
Neu5Ac(a2-3/6)Gal(b1-3/4)GlcNAc(b1-2)[Neu5Ac(a2-3/6)Gal(b1-3/4)GlcNAc(b1-4/6)]Man(a1-3/6)[Neu5Ac(a2-3/6)Gal(b1-3/4)GlcNAc(b1-2)Man(a1-3/6)]Man(b1-4)GlcNAc(b1-4)GlcNAc,"{'Hex': 6, 'HexNAc': 5, 'Neu5Ac': 3}",56030,['Homo_sapiens'],['https://pubmed.ncbi.nlm.nih.gov/32483971/'],G03700EN,N
Neu5Ac(a2-3/6)Gal(b1-4)GlcNAc(b1-2)Man(a1-3)[Gal(b1-4)GlcNAc(b1-2)[Gal(b1-4)GlcNAc(b1-6)]Man(a1-6)]Man(b1-4)GlcNAc(b1-4)GlcNAc,"{'Hex': 6, 'HexNAc': 5, 'Neu5Ac': 1}",56010,['Homo_sapiens'],['https://pubmed.ncbi.nlm.nih.gov/35183770/'],,N
Neu5Ac(a2-3/6)Gal(b1-4)GlcNAc(b1-2)Man(a1-3)[GlcNAc(b1-2)Man(a1-6)]Man(b1-4)GlcNAc(b1-4)GlcNAc,"{'Hex': 4, 'HexNAc': 4, 'Neu5Ac': 1}",44010,"['Homo_sapiens', 'Notamacropus_eugenii']","['https://pubmed.ncbi.nlm.nih.gov/32737218/', 'https://pubmed.ncbi.nlm.nih.gov/23053637/']",,N
Neu5Ac(a2-3/6)Gal(b1-4)GlcNAc(b1-2)[Gal(b1-4)GlcNAc(b1-4)]Man(a1-3)[Gal(b1-4)GlcNAc(b1-2)Man(a1-6)]Man(b1-4)GlcNAc(b1-4)GlcNAc,"{'Hex': 6, 'HexNAc': 5, 'Neu5Ac': 1}",56010,"['Homo_sapiens', 'Oryzias_latipes']","['https://pubmed.ncbi.nlm.nih.gov/33650863/', 'https://www.tandfonline.com/doi/full/10.1080/09553002.2021.1864500']",,N
Neu5Ac(a2-3/6)Gal(b1-4)GlcNAc(b1-2)[Neu5Ac(a2-3/6)Gal(b1-4)GlcNAc(b1-4)]Man(a1-3)[Man(a1-3/6)Man(a1-6)]Man(b1-4)GlcNAc(b1-4)GlcNAc,"{'Hex': 6, 'HexNAc': 4, 'Neu5Ac': 2}",46020,"['Homo_sapiens', 'HumanInfluenzaA_Virus']","['https://pubmed.ncbi.nlm.nih.gov/32737218/', 'https://pubs.acs.org/doi/10.1021/acs.analchem.8b05372']",,N
Neu5Ac(a2-3/6)Gal(b1-4)GlcNAc(b1-2/4/6)[Gal(b1-4)GlcNAc(b1-2/4/6)]Man(a1-3/6)[Man(a1-3)[Man(a1-6)]Man(a1-3/6)]Man(b1-4)GlcNAc(b1-4)GlcNAc,"{'Hex': 7, 'HexNAc': 4, 'Neu5Ac': 1}",47010,"['Homo_sapiens', 'Mus_musculus']","['http://www.functionalglycomics.org/glycomics/SampleServlet?operationType=view&key=123', 'http://functionalglycomics.org/glycomics/SampleServlet?operationType=view&key=75']",,N
Gal(b1-4)GlcNAc(b1-2)Man(a1-3)[Gal(b1-4)GlcNAc(b1-2)[Gal(b1-4)GlcNAc(b1-4)]Man(a1-6)]Man(b1-4)GlcNAc(b1-4)GlcNAc,"{'Hex': 6, 'HexNAc': 5}",56000,"['Acomys_russatus', 'Bos_taurus', 'Homo_sapiens', 'Mus_musculus']","['https://pubmed.ncbi.nlm.nih.gov/8305818/', '', '', '']",G06730AH,N
Neu5Ac(a2-3)Gal(b1-3/4)GlcNAc(b1-2)Man(a1-3/6)[Gal(b1-3/4)GlcNAc(b1-2)Man(a1-3/6)]Man(b1-4)GlcNAc(b1-4)GlcNAc,"{'Hex': 5, 'HexNAc': 4, 'Neu5Ac': 1}",45010,"['Anas_platyrhynchos', 'Homo_sapiens']","['https://pubmed.ncbi.nlm.nih.gov/38127648/', '']",G71269BI,N
GlcNAc(b1-4)Man(a1-3)[Man(a1-6)]Man(b1-4)GlcNAc(b1-4)GlcNAc,"{'Hex': 3, 'HexNAc': 3}",33000,"['Anas_sp', 'Homo_sapiens', 'Anas_platyrhynchos']","['', '', 'gwb']",G07169PS,N
Fuc(a1-3)[GalNAc(b1-4)]GlcNAc(b1-2)Man(a1-3)[Man(a1-3)[Man(a1-6)]Man(a1-6)]Man(b1-4)GlcNAc(b1-4)GlcNAc,"{'Hex': 5, 'HexNAc': 4, 'dHex': 1}",45100,"['Boana_raniceps', 'Homo_sapiens']","['https://pubmed.ncbi.nlm.nih.gov/35077806/', 'https://pubmed.ncbi.nlm.nih.gov/35183770/']",,N
Gal(b1-4)GlcNAc(b1-2)[Gal(b1-4)GlcNAc(b1-4/6)]Man(a1-3/6)[Gal(b1-4)GlcNAc(b1-2/4/6)[GlcNAc(b1-2/4/6)]Man(a1-3/6)][GlcNAc(b1-4)]Man(b1-4)GlcNAc(b1-4)GlcNAc,"{'Hex': 6, 'HexNAc': 7}",76000,"['Bos_taurus', 'Homo_sapiens']","['https://pubmed.ncbi.nlm.nih.gov/38096130/', 'https://pubmed.ncbi.nlm.nih.gov/38096130/']",,N
Gal(b1-4)GlcNAc(b1-2)[Gal(b1-4)GlcNAc(b1-4/6)]Man(a1-3/6)[GlcNAc(b1-2)[GlcNAc(b1-4/6)]Man(a1-3/6)]Man(b1-4)GlcNAc(b1-4)GlcNAc,"{'Hex': 5, 'HexNAc': 6}",65000,"['Bos_taurus', 'Homo_sapiens']","['https://pubmed.ncbi.nlm.nih.gov/38096130/', 'https://pubmed.ncbi.nlm.nih.gov/38096130/']",,N
Gal(b1-4)GlcNAc(b1-2/4/6)[GlcNAc(b1-2/4/6)]Man(a1-3/6)[GlcNAc(b1-2)Man(a1-3/6)][GlcNAc(b1-4)]Man(b1-4)GlcNAc(b1-4)GlcNAc,"{'Hex': 4, 'HexNAc': 6}",64000,"['Bos_taurus', 'Homo_sapiens']","['https://pubmed.ncbi.nlm.nih.gov/38096130/', 'https://pubmed.ncbi.nlm.nih.gov/38096130/']",,N
Gal(b1-4)GlcNAc(b1-2/4/6)[GlcNAc(b1-2/4/6)]Man(a1-3/6)[GlcNAc(b1-2)[GlcNAc(b1-4/6)]Man(a1-3/6)][GlcNAc(b1-4)]Man(b1-4)GlcNAc(b1-4)GlcNAc,"{'Hex': 4, 'HexNAc': 7}",74000,"['Bos_taurus', 'Homo_sapiens']","['https://pubmed.ncbi.nlm.nih.gov/38096130/', 'https://pubmed.ncbi.nlm.nih.gov/38096130/']",,N
GalNAc(b1-4)GlcNAc(b1-2)[GalNAc(b1-4)GlcNAc(b1-4/6)]Man(a1-3/6)[Gal(b1-4)GlcNAc(b1-2/4/6)[GlcNAc(b1-2/4/6)]Man(a1-3/6)]Man(b1-4)GlcNAc(b1-4)GlcNAc,"{'Hex': 4, 'HexNAc': 8}",84000,"['Bos_taurus', 'Homo_sapiens']","['https://pubmed.ncbi.nlm.nih.gov/38096130/', 'https://pubmed.ncbi.nlm.nih.gov/38096130/']",,N
GalNAc4S(b1-4)GlcNAc(b1-2)Man(a1-3/6)[GalNAc(b1-4)GlcNAc(b1-2)Man(a1-3/6)]Man(b1-4)GlcNAc(b1-4)GlcNAc,"{'Hex': 3, 'HexNAc': 6, 'S': 1}",63000,"['Bos_taurus', 'Homo_sapiens', 'Sus_scrofa']","['', '', '']",G45700OA,N
Neu5Ac(a2-3)Gal(b1-4)GlcNAc(b1-2)[Neu5Ac(a2-3)Gal(b1-4)GlcNAc(b1-4)]Man(a1-3)[Gal(b1-4)GlcNAc(b1-2)Man(a1-6)]Man(b1-4)GlcNAc(b1-4)GlcNAc,"{'Hex': 6, 'HexNAc': 5, 'Neu5Ac': 2}",56020,"['Bos_taurus', 'Cricetulus_griseus', 'Homo_sapiens']","['', '', '']",G67642SS,N
Neu5Ac(a2-3/6)Gal(b1-4)GlcNAc(b1-2)[Neu5Ac(a2-3/6)Gal(b1-4)GlcNAc(b1-4/6)]Man(a1-3/6)[Neu5Ac(a2-3/6)Gal(b1-4)GlcNAc(b1-2/4/6)[Neu5Ac(a2-3/6)GalNAc(b1-4)GlcNAc(b1-2/4/6)]Man(a1-3/6)]Man(b1-4)GlcNAc(b1-4)GlcNAc,"{'Hex': 6, 'HexNAc': 7, 'Neu5Ac': 4}",76040,"['Bos_taurus', 'Homo_sapiens']","['https://pubmed.ncbi.nlm.nih.gov/38096130/', 'https://pubmed.ncbi.nlm.nih.gov/38096130/']",,N
Neu5Ac(a2-3/6)Gal(b1-4)GlcNAc(b1-3)Gal(b1-4)GlcNAc(b1-2/4/6)[Gal(b1-4)GlcNAc(b1-3)Gal(b1-4)GlcNAc(b1-2/4/6)]Man(a1-3/6)[Gal(b1-4)GlcNAc(b1-3)Gal(b1-4)GlcNAc(b1-2)[Gal(b1-4)GlcNAc(b1-3)Gal(b1-4)GlcNAc(b1-4/6)]Man(a1-3/6)][GlcNAc(b1-4)]Man(b1-4)GlcNAc(b1-4)GlcNAc,"{'Hex': 11, 'HexNAc': 11, 'Neu5Ac': 1}",1111010,"['Bos_taurus', 'Homo_sapiens']","['https://pubmed.ncbi.nlm.nih.gov/38096130/', 'https://pubmed.ncbi.nlm.nih.gov/38096130/']",,N
Neu5Ac(a2-3/6)GalNAc(b1-4)GlcNAc(b1-2)Man(a1-3/6)[Neu5Ac(a2-3/6)Gal(b1-4)GlcNAc(b1-2)Man(a1-3/6)]Man(b1-4)GlcNAc(b1-4)GlcNAc,"{'Hex': 4, 'HexNAc': 5, 'Neu5Ac': 2}",54020,"['Bos_taurus', 'Homo_sapiens']","['https://pubmed.ncbi.nlm.nih.gov/38096130/', 'https://pubmed.ncbi.nlm.nih.gov/38096130/']",,N
GalNAc(b1-4)GlcNAc(b1-2)[GalNAc(b1-4)GlcNAc(b1-4/6)]Man(a1-3/6)[GalNAc(b1-4)GlcNAc(b1-2/4/6)[Gal(b1-4)GlcNAc(b1-2/4/6)]Man(a1-3/6)]Man(b1-4)GlcNAc(b1-4)GlcNAc,"{'Hex': 4, 'HexNAc': 9}",94000,"['Capra_hircus', 'Homo_sapiens']","['https://pubmed.ncbi.nlm.nih.gov/38096130/', 'https://pubmed.ncbi.nlm.nih.gov/38096130/']",,N
Neu5Ac(a2-3/6)Gal(b1-3/4)GlcNAc(b1-2)Man(a1-3/6)[Man(a1-3/6)]Man(b1-4)GlcNAc(b1-4)GlcNAc,"{'Hex': 4, 'HexNAc': 3, 'Neu5Ac': 1}",34010,"['Cornu_aspersum', 'Homo_sapiens']","['https://glycopost.glycosmos.org/entry/GPST000297', 'https://pubmed.ncbi.nlm.nih.gov/32483971/']",G31565BP,N
Gal(b1-4)GlcNAc(b1-2)[Gal(b1-4)GlcNAc(b1-4)]Man(a1-3/6)[Gal(b1-4)GlcNAc(b1-2)Man(a1-3/6)]Man(b1-4)GlcNAc(b1-4)GlcNAc,"{'Hex': 6, 'HexNAc': 5}",56000,"['Cricetulus_griseus', 'Homo_sapiens']","['', '']",G56282EF,N
Gal(b1-3/4)GlcNAc(b1-2)Man(a1-3/6)[GlcNAc(b1-2)Man(a1-3/6)]Man(b1-4)GlcNAc(b1-4)GlcNAc,"{'Hex': 4, 'HexNAc': 4}",44000,"['Dengue_virus', 'Homo_sapiens']","['https://journals.plos.org/plosone/article?id=10.1371/journal.pone.0132122', '']",,N
Fuc(a1-3)[Gal(b1-4)]GlcNAc(b1-2)[Gal(b1-4)GlcNAc(b1-4)]Man(a1-3)[Man(a1-3)[Man(a1-6)]Man(a1-6)]Man(b1-4)GlcNAc(b1-4)GlcNAc,"{'Hex': 7, 'HexNAc': 4, 'dHex': 1}",47100,"['Gallus_gallus', 'Homo_sapiens']","['https://pubmed.ncbi.nlm.nih.gov/35136109/', 'https://pubmed.ncbi.nlm.nih.gov/35183770/']",G07810DU,N
Man(a1-2)Man(a1-3/6)[Man(a1-3/6)]Man(a1-6)[GlcNAc(b1-2)Man(a1-3)][GlcNAc(b1-4)]Man(b1-4)GlcNAc(b1-4)GlcNAc,"{'Hex': 6, 'HexNAc': 4}",46000,"['Gallus_gallus', 'Homo_sapiens']","['https://pubmed.ncbi.nlm.nih.gov/35136109/', 'https://pubmed.ncbi.nlm.nih.gov/35183770/']",,N
Neu5Ac(a2-3/6)Gal(b1-4)GlcNAc(b1-2)Man(a1-3)[Neu5Ac(a2-3/6)Gal(b1-4)GlcNAc(b1-2)[Gal(b1-4)GlcNAc(b1-6)]Man(a1-6)]Man(b1-4)GlcNAc(b1-4)GlcNAc,"{'Hex': 6, 'HexNAc': 5, 'Neu5Ac': 2}",56020,"['Gallus_gallus', 'Homo_sapiens']","['https://pubmed.ncbi.nlm.nih.gov/35136109/', 'https://pubmed.ncbi.nlm.nih.gov/35183770/']",G18720ZB,N
Neu5Ac(a2-3/6)Gal(b1-4)[Fuc(a1-3)]GlcNAc(b1-2)Man(a1-3)[Man(a1-3)[Man(a1-6)]Man(a1-6)]Man(b1-4)GlcNAc(b1-4)GlcNAc,"{'Hex': 6, 'HexNAc': 3, 'Neu5Ac': 1, 'dHex': 1}",36110,"['Gallus_gallus', 'Homo_sapiens']","['https://pubmed.ncbi.nlm.nih.gov/35136109/', 'https://pubmed.ncbi.nlm.nih.gov/35183770/']",G89895CK,N
Fuc(a1-2)Gal(b1-4)GlcNAc(b1-2)Man(a1-3)[Gal(b1-4)GlcNAc(b1-2)Man(a1-6)]Man(b1-4)GlcNAc(b1-4)GlcNAc,"{'Hex': 5, 'HexNAc': 4, 'dHex': 1}",45100,['Homo_sapiens'],[''],G62779OI,N
Fuc(a1-2)Gal(b1-4)[Fuc(a1-3)]GlcNAc(b1-2)Man(a1-3)[Man(a1-3/6)Man(a1-6)]Man(b1-4)GlcNAc(b1-4)GlcNAc,"{'Hex': 5, 'HexNAc': 3, 'dHex': 2}",35200,"['Homo_sapiens', 'Ovis_aries']","['https://pubmed.ncbi.nlm.nih.gov/35183770/', 'https://pubmed.ncbi.nlm.nih.gov/38287599/']",,N
Fuc(a1-3)[Gal(b1-4)]GlcNAc(b1-2)Man(a1-3)[Man(a1-2)Man(a1-3/6)Man(a1-6)][GlcNAc(b1-4)]Man(b1-4)GlcNAc(b1-4)GlcNAc,"{'Hex': 6, 'HexNAc': 4, 'dHex': 1}",46100,['Homo_sapiens'],['https://pubmed.ncbi.nlm.nih.gov/26085185/'],,N
Fuc(a1-3)[Gal(b1-4)]GlcNAc(b1-2)[Gal(b1-4)GlcNAc(b1-4)]Man(a1-3)[Fuc(a1-3)[Gal(b1-4)]GlcNAc(b1-2)[Gal(b1-4)GlcNAc(b1-6)]Man(a1-6)]Man(b1-4)GlcNAc(b1-4)GlcNAc,"{'Hex': 7, 'HexNAc': 6, 'dHex': 2}",67200,"['Homo_sapiens', 'Rhinopithecus_roxellana']","['https://www.mdpi.com/2079-7737/10/4/343', 'https://pubmed.ncbi.nlm.nih.gov/38213790/']",,N
Fuc(a1-3)[Gal(b1-4)]GlcNAc(b1-2)[Gal(b1-4)GlcNAc(b1-4)]Man(a1-3)[Man(a1-3/6)Man(a1-6)]Man(b1-4)GlcNAc(b1-4)GlcNAc,"{'Hex': 6, 'HexNAc': 4, 'dHex': 1}",46100,['Homo_sapiens'],['https://pubmed.ncbi.nlm.nih.gov/33650863/'],,N
Gal(b1-3/4)GlcNAc(b1-2)Man(a1-3/6)[Man(a1-3)[Man(a1-6)]Man(a1-3/6)]Man(b1-4)GlcNAc(b1-4)GlcNAc,"{'Hex': 6, 'HexNAc': 3}",36000,"['Homo_sapiens', 'Rana_pipiens']","['', 'https://pubmed.ncbi.nlm.nih.gov/8400551/']",G34219DS,N
Gal(b1-4)GlcNAc(b1-2)Man(a1-3)[Gal(b1-4)GlcNAc(b1-2)[Gal(b1-4)GlcNAc(b1-6)]Man(a1-6)][GlcNAc(b1-4)]Man(b1-4)GlcNAc(b1-4)GlcNAc,"{'Hex': 6, 'HexNAc': 6}",66000,['Homo_sapiens'],['https://pubmed.ncbi.nlm.nih.gov/33650863/'],G50078RT,N
Gal(b1-4)GlcNAc(b1-2)Man(a1-3)[Man(a1-2)Man(a1-6)[Man(a1-3)]Man(a1-6)]Man(b1-4)GlcNAc(b1-4)GlcNAc,"{'Hex': 7, 'HexNAc': 3}",37000,"['Homo_sapiens', 'HumanInfluenzaA_Virus', 'Mus_musculus']","['', 'https://pubs.acs.org/doi/10.1021/acs.analchem.8b05372', 'https://pubmed.ncbi.nlm.nih.gov/36068283/']",G74248TD,N
Gal(b1-4)GlcNAc(b1-2)[GlcNAc(b1-4)]Man(a1-3)[GlcNAc(b1-2)Man(a1-6)]Man(b1-4)GlcNAc(b1-4)GlcNAc,"{'Hex': 4, 'HexNAc': 5}",54000,"['Homo_sapiens', 'Tetronarce_californica', 'Torpedo_californica']","['https://pubmed.ncbi.nlm.nih.gov/36592588/', 'https://pubmed.ncbi.nlm.nih.gov/1633814/', 'gwb']",G01876GM,N
GalNAc(b1-4)GlcNAc(b1-2)[GalNAc(b1-4)GlcNAc(b1-4/6)]Man(a1-3/6)[GalNAc(b1-4)GlcNAc(b1-2)Man(a1-3/6)]Man(b1-4)GlcNAc(b1-4)GlcNAc,"{'Hex': 3, 'HexNAc': 8}",83000,"['Homo_sapiens', 'Rhinopithecus_roxellana']","['https://pubmed.ncbi.nlm.nih.gov/38096130/', 'https://pubmed.ncbi.nlm.nih.gov/38213790/']",,N
Man(a1-2)Man(a1-3/6)[Man(a1-3/6)]Man(a1-3/6)[Man(a1-2)Man(a1-3/6)]Man(b1-4)GlcNAc(b1-4)GlcNAc,"{'Hex': 7, 'HexNAc': 2}",27000,"['Homo_sapiens', 'Phaeodactylum_tricornutum', 'ZikaVirus']","['', 'https://pubmed.ncbi.nlm.nih.gov/33673983/', 'https://pubmed.ncbi.nlm.nih.gov/33664361/']",,N
Man(a1-3)[Man(a1-6)]Man(a1-6)[Man(a1-3)][GlcNAc(b1-4)]Man(b1-4)GlcNAc(b1-4)GlcNAc,"{'Hex': 5, 'HexNAc': 3}",35000,"['Homo_sapiens', 'Mus_musculus']","['https://pubmed.ncbi.nlm.nih.gov/35183770/', 'https://pubmed.ncbi.nlm.nih.gov/38343116/']",G57707WO,N
Neu5Ac(a2-3/6)Gal(b1-4)GlcNAc(b1-2)Man(a1-3)[Man(a1-2)Man(a1-6)[Man(a1-3)]Man(a1-6)]Man(b1-4)GlcNAc(b1-4)GlcNAc,"{'Hex': 7, 'HexNAc': 3, 'Neu5Ac': 1}",37010,"['Homo_sapiens', 'HumanInfluenzaA_Virus']","['https://pubmed.ncbi.nlm.nih.gov/36902272/', 'https://pubs.acs.org/doi/10.1021/acs.analchem.8b05372']",,N
Neu5Ac(a2-3/6)Gal(b1-4)GlcNAc(b1-2)Man(a1-3)[Neu5Ac(a2-3/6)Gal(b1-4)GlcNAc(b1-4)Man(a1-6)]Man(b1-4)GlcNAc(b1-4)GlcNAc,"{'Hex': 5, 'HexNAc': 4, 'Neu5Ac': 2}",45020,['Homo_sapiens'],['http://www.functionalglycomics.org/glycomics/SampleServlet?operationType=view&key=317'],G27817LK,N
Neu5Ac(a2-3/6)Gal(b1-4)GlcNAc(b1-2)Man(a1-3/6)[Man(a1-3)[Man(a1-6)]Man(a1-3/6)][GlcNAc(b1-4)]Man(b1-4)GlcNAc(b1-4)GlcNAc,"{'Hex': 6, 'HexNAc': 4, 'Neu5Ac': 1}",46010,"['Homo_sapiens', 'Mus_musculus']","['http://www.functionalglycomics.org/glycomics/SampleServlet?operationType=view&key=537', 'http://www.functionalglycomics.org/glycomics/SampleServlet?operationType=view&key=85']",G56039JB,N
Neu5Ac(a2-3/6)Gal(b1-4)GlcNAc(b1-2)[Neu5Ac(a2-3/6)Gal(b1-4)GlcNAc(b1-4)]Man(a1-3)[Gal(b1-4)GlcNAc(b1-2)Man(a1-6)]Man(b1-4)GlcNAc(b1-4)GlcNAc,"{'Hex': 6, 'HexNAc': 5, 'Neu5Ac': 2}",56020,['Homo_sapiens'],['https://pubmed.ncbi.nlm.nih.gov/32737218/'],,N
Neu5Ac(a2-3/6)Gal(b1-4)GlcNAc(b1-2)[Neu5Ac(a2-3/6)Gal(b1-4)GlcNAc(b1-4)]Man(a1-3)[Man(a1-3)[Man(a1-6)]Man(a1-6)]Man(b1-4)GlcNAc(b1-4)GlcNAc,"{'Hex': 7, 'HexNAc': 4, 'Neu5Ac': 2}",47020,"['Homo_sapiens', 'HumanInfluenzaA_Virus']","['https://pubmed.ncbi.nlm.nih.gov/35183770/', 'https://pubs.acs.org/doi/10.1021/acs.analchem.8b05372']",G01416SG,N
Neu5Ac(a2-3/6)Gal(b1-4)GlcNAc(b1-3)Gal(b1-4)GlcNAc(b1-2)Man(a1-3/6)[Neu5Ac(a2-3/6)Gal(b1-4)GlcNAc(b1-2)Man(a1-3/6)]Man(b1-4)GlcNAc(b1-4)GlcNAc,"{'Hex': 6, 'HexNAc': 5, 'Neu5Ac': 2}",56020,['Homo_sapiens'],['https://pubmed.ncbi.nlm.nih.gov/36902272/'],,N
Neu5Ac(a2-3/6)Gal(b1-4)[Fuc(a1-3)]GlcNAc(b1-2)Man(a1-3)[Neu5Ac(a2-3/6)Gal(b1-4)[Fuc(a1-3)]GlcNAc(b1-2)Man(a1-6)]Man(b1-4)GlcNAc(b1-4)GlcNAc,"{'Hex': 5, 'HexNAc': 4, 'Neu5Ac': 2, 'dHex': 2}",45220,['Homo_sapiens'],['https://pubmed.ncbi.nlm.nih.gov/35183770/'],G87714OP,N
Neu5Ac(a2-3/6)GalNAc(b1-4)GlcNAc(b1-2)Man(a1-3)[Neu5Ac(a2-3/6)Gal(b1-4)GlcNAc(b1-2)Man(a1-6)]Man(b1-4)GlcNAc(b1-4)GlcNAc,"{'Hex': 4, 'HexNAc': 5, 'Neu5Ac': 2}",54020,['Homo_sapiens'],['https://pubmed.ncbi.nlm.nih.gov/33650863/'],,N
Neu5Ac(a2-3/6)GalNAc(b1-4)GlcNAc(b1-2)Man(a1-3)[Neu5Ac(a2-3/6)GalNAc(b1-4)GlcNAc(b1-2)Man(a1-6)]Man(b1-4)GlcNAc(b1-4)GlcNAc,"{'Hex': 3, 'HexNAc': 6, 'Neu5Ac': 2}",63020,['Homo_sapiens'],['https://pubmed.ncbi.nlm.nih.gov/33650863/'],,N
Neu5Ac(a2-6)Gal(b1-3/4)GlcNAc(b1-2)Man(a1-3)[Gal(b1-3/4)GlcNAc(b1-2)Man(a1-6)]Man(b1-4)GlcNAc(b1-4)GlcNAc,"{'Hex': 5, 'HexNAc': 4, 'Neu5Ac': 1}",45010,['Homo_sapiens'],['https://pubmed.ncbi.nlm.nih.gov/25210975/'],G71269BI,N
Neu5Ac(a2-6)Gal(b1-4)GlcNAc(b1-2)Man(a1-3)[GlcNAc(b1-2)Man(a1-6)][GlcNAc(b1-4)]Man(b1-4)GlcNAc(b1-4)GlcNAc,"{'Hex': 4, 'HexNAc': 5, 'Neu5Ac': 1}",54010,"['Homo_sapiens', 'Oryctolagus_cuniculus', 'Rattus_norvegicus']","['https://pubmed.ncbi.nlm.nih.gov/25190359/', '', '']",G22795QB,N
Neu5Ac(a2-6)Gal(b1-4)GlcNAc(b1-2)Man(a1-3/6)[GlcNAc(b1-2)Man(a1-3/6)]Man(b1-4)GlcNAc(b1-4)GlcNAc,"{'Hex': 4, 'HexNAc': 4, 'Neu5Ac': 1}",44010,"['Homo_sapiens', 'Mustela_furo']","['', 'https://pubmed.ncbi.nlm.nih.gov/30315103/']",,N
Neu5Ac(a2-6)Gal(b1-4)GlcNAc(b1-2)Man(a1-3/6)[Man(a1-3/6)]Man(b1-4)GlcNAc(b1-4)GlcNAc,"{'Hex': 4, 'HexNAc': 3, 'Neu5Ac': 1}",34010,['Homo_sapiens'],[''],G31565BP,N
{Gal(b1-4)GlcNAc(b1-3)}Gal(b1-4)GlcNAc(b1-2)[Gal(b1-4)GlcNAc(b1-4)]Man(a1-3)[Gal(b1-4)GlcNAc(b1-2)[Gal(b1-4)GlcNAc(b1-6)]Man(a1-6)]Man(b1-4)GlcNAc(b1-4)GlcNAc,"{'Hex': 8, 'HexNAc': 7}",78000,"['Homo_sapiens', 'Rattus_norvegicus', 'Mus_musculus']","['http://www.functionalglycomics.org/glycomics/SampleServlet?operationType=view&key=253', 'gwb', 'gwb']",,N
{Gal(b1-4)GlcNAc(b1-3)}{Neu5Ac(a2-3/6)}Gal(b1-4)GlcNAc(b1-2)[Gal(b1-4)GlcNAc(b1-4)]Man(a1-3)[Gal(b1-4)GlcNAc(b1-2)[Gal(b1-4)GlcNAc(b1-6)]Man(a1-6)]Man(b1-4)GlcNAc(b1-4)GlcNAc,"{'Hex': 8, 'HexNAc': 7, 'Neu5Ac': 1}",78010,['Homo_sapiens'],['https://pubmed.ncbi.nlm.nih.gov/38171687/'],,N
{GlcNAc(b1-2/4)}Man(a1-3)[Man(a1-6)]Man(b1-4)GlcNAc(b1-4)GlcNAc,"{'Hex': 3, 'HexNAc': 3}",33000,"['Homo_sapiens', 'Cricetulus_griseus']","['https://pubmed.ncbi.nlm.nih.gov/36289103/', 'gwb']",,N
{Neu5Ac(a2-3/6)}Gal(b1-4)GlcNAc(b1-2)Man(a1-3)[Gal(b1-4)GlcNAc(b1-2)Man(a1-6)]Man(b1-4)GlcNAc(b1-4)GlcNAc,"{'Hex': 5, 'HexNAc': 4, 'Neu5Ac': 1}",45010,"['Homo_sapiens', 'Mus_musculus']","['http://www.functionalglycomics.org/glycomics/SampleServlet?operationType=view&key=545', 'gwb']",,N
{Neu5Ac(a2-3/6)}{Neu5Ac(a2-3/6)}Gal(b1-4)GlcNAc(b1-2)[Gal(b1-4)GlcNAc(b1-4)]Man(a1-3)[Gal(b1-4)GlcNAc(b1-2)[Gal(b1-4)GlcNAc(b1-6)]Man(a1-6)]Man(b1-4)GlcNAc(b1-4)GlcNAc,"{'Hex': 7, 'HexNAc': 6, 'Neu5Ac': 2}",67020,"['Homo_sapiens', 'Mus_musculus']","['http://www.functionalglycomics.org/glycomics/SampleServlet?operationType=view&key=515', 'http://www.functionalglycomics.org/glycomics/SampleServlet?operationType=view&key=85']",,N
GalNAc(b1-4)GlcNAc(b1-2)Man(a1-3)[GlcNAc(b1-2)Man(a1-6)]Man(b1-4)GlcNAc(b1-4)GlcNAc,"{'Hex': 3, 'HexNAc': 5}",53000,"['Apis_mellifera', 'Homo_sapiens']","['https://pubmed.ncbi.nlm.nih.gov/30104209/', 'https://pubmed.ncbi.nlm.nih.gov/33897975/']",G52358FD,N
Gal(b1-4)GlcNAc(b1-2)[Gal(b1-4)GlcNAc(b1-6)]Man(a1-3/6)[Gal(b1-4)GlcNAc(b1-2)Man(a1-3/6)]Man(b1-4)GlcNAc(b1-4)GlcNAc,"{'Hex': 6, 'HexNAc': 5}",56000,"['Bos_taurus', 'Homo_sapiens']","['', '']",G56282EF,N
GalNAc4S(b1-4)GlcNAc(b1-2)Man(a1-3)[Man(a1-3)Man(a1-6)]Man(b1-4)GlcNAc(b1-4)GlcNAc,"{'Hex': 4, 'HexNAc': 4, 'S': 1}",44000,"['Bos_taurus', 'Homo_sapiens', 'Ovis_aries']","['', '', '']",G98117HW,N
GalNAcOS(b1-4)GlcNAc(b1-2)Man(a1-3)[GalNAc(b1-4)GlcNAc(b1-2)Man(a1-6)]Man(b1-4)GlcNAc(b1-4)GlcNAc,"{'Hex': 3, 'HexNAc': 6, 'S': 1}",63000,"['Bos_taurus', 'Homo_sapiens', 'Sus_scrofa']","['', 'https://pubmed.ncbi.nlm.nih.gov/33897975/', '']",G13785QH,N
GalNAcOS(b1-4)GlcNAc(b1-2)Man(a1-3)[Man(a1-3)[Man(a1-6)]Man(a1-6)]Man(b1-4)GlcNAc(b1-4)GlcNAc,"{'Hex': 5, 'HexNAc': 4, 'S': 1}",45000,"['Bos_taurus', 'Homo_sapiens', 'Ovis_aries']","['', 'https://pubmed.ncbi.nlm.nih.gov/33897975/', '']",G54974KE,N
Neu5Ac(a2-3)Gal(b1-4)GlcNAc(b1-2)Man(a1-6)[Man(a1-3)]Man(b1-4)GlcNAc(b1-4)GlcNAc,"{'Hex': 4, 'HexNAc': 3, 'Neu5Ac': 1}",34010,"['Bos_taurus', 'Homo_sapiens']","['', '']",G12715AH,N
Neu5Ac(a2-3/6)Gal(b1-4)GlcNAc(b1-2/4)[Gal(b1-4)GlcNAc(b1-2/4)]Man(a1-3)[Man(a1-3/6)Man(a1-6)]Man(b1-4)GlcNAc(b1-4)GlcNAc,"{'Hex': 6, 'HexNAc': 4, 'Neu5Ac': 1}",46010,"['Bos_taurus', 'Homo_sapiens']","['https://pubmed.ncbi.nlm.nih.gov/38287599/', 'https://pubmed.ncbi.nlm.nih.gov/20412957/']",,N
Neu5Ac(a2-6)GalNAc(b1-4)GlcNAc(b1-2)Man(a1-3)[Gal(b1-4)GlcNAc(b1-2)Man(a1-6)]Man(b1-4)GlcNAc(b1-4)GlcNAc,"{'Hex': 4, 'HexNAc': 5, 'Neu5Ac': 1}",54010,"['Bos_taurus', 'Homo_sapiens']","['', '']",G25835MT,N
Gal(b1-4)GlcNAc(b1-2)Man(a1-3)[GlcNAc(b1-4)][Man(a1-6)]Man(b1-4)GlcNAc(b1-4)GlcNAc,"{'Hex': 4, 'HexNAc': 4}",44000,"['Capra_hircus', 'Homo_sapiens']","['https://pubmed.ncbi.nlm.nih.gov/31985220/', 'https://pubmed.ncbi.nlm.nih.gov/35183770/']",G85317AM,N
Neu5Ac(a2-3/6)Gal(b1-4)GlcNAc(b1-2)[Neu5Ac(a2-3/6)Gal(b1-4)GlcNAc(b1-4)]Man(a1-3/6)[Neu5Ac(a2-3/6)Gal(b1-4)GlcNAc(b1-2)[Neu5Ac(a2-3/6)Gal(b1-4)GlcNAc(b1-6)]Man(a1-3/6)]Man(b1-4)GlcNAc(b1-4)GlcNAc,"{'Hex': 7, 'HexNAc': 6, 'Neu5Ac': 4}",67040,"['Cricetulus_griseus', 'Homo_sapiens']","['', '']",G42934IJ,N
Man6P(a1-2)Man(a1-3)[Man(a1-3)Man(a1-6)]Man(b1-4)GlcNAc(b1-4)GlcNAc,"{'Hex': 5, 'HexNAc': 2, 'P': 1}",25000,"['Dictyostelium_discoideum', 'Homo_sapiens']","['https://pubs.acs.org/doi/10.1021/pr300806b', '']",G20986XJ,N
GlcNAc(b1-2)[GlcNAc(b1-4)]Man(a1-3)[GlcNAc(b1-2)[GlcNAc(b1-4)][GlcNAc(b1-6)]Man(a1-6)][GlcNAc(b1-4)]Man(b1-4)GlcNAc(b1-4)GlcNAc,"{'Hex': 3, 'HexNAc': 8}",83000,"['Fundulus_heteroclitus', 'Gallus_gallus', 'Homo_sapiens']","['', '', 'https://www.frontiersin.org/articles/10.3389/fchem.2021.637730/full']",,N
Gal(b1-3/4)GlcNAc(b1-2)Man(a1-3/6)[GlcNAc(b1-2)Man(a1-3/6)][GlcNAc(b1-4)]Man(b1-4)GlcNAc(b1-4)GlcNAc,"{'Hex': 4, 'HexNAc': 5}",54000,"['Gallus_domesticus', 'Homo_sapiens']","['https://pubmed.ncbi.nlm.nih.gov/27459092/', 'https://pubmed.ncbi.nlm.nih.gov/26723536/']",G40013GE,N
Neu5Ac(a2-3)Gal(b1-3/4)GlcNAc(b1-2)Man(a1-3)[Man(a1-3)[Man(a1-6)]Man(a1-6)]Man(b1-4)GlcNAc(b1-4)GlcNAc,"{'Hex': 6, 'HexNAc': 3, 'Neu5Ac': 1}",36010,"['Gallus_domesticus', 'Homo_sapiens']","['https://pubmed.ncbi.nlm.nih.gov/38127648/', 'https://pubmed.ncbi.nlm.nih.gov/25210975/']",G92570PJ,N
Neu5Ac(a2-3/6)Gal(b1-3/4)GlcNAc(b1-2)Man(a1-3)[Neu5Ac(a2-3/6)Gal(b1-3/4)GlcNAc(b1-2)Man(a1-6)][GlcNAc(b1-4)]Man(b1-4)GlcNAc(b1-4)GlcNAc,"{'Hex': 5, 'HexNAc': 5, 'Neu5Ac': 2}",55020,"['Gallus_domesticus', 'Homo_sapiens']","['https://pubmed.ncbi.nlm.nih.gov/27459092/', '']",G47679MT,N
Neu5Ac(a2-6)Gal(b1-4)GlcNAc(b1-2)[Neu5Ac(a2-6)Gal(b1-4)GlcNAc(b1-4)]Man(a1-3)[Neu5Ac(a2-3)Gal(b1-4)GlcNAc(b1-2)Man(a1-6)]Man(b1-4)GlcNAc(b1-4)GlcNAc,"{'Hex': 6, 'HexNAc': 5, 'Neu5Ac': 3}",56030,"['Gallus_gallus', 'Homo_sapiens']","['https://pubmed.ncbi.nlm.nih.gov/35136109/', '']",G79351ZW,N
Gal(a1-3)Gal(b1-4)GlcNAc(b1-2)[Gal(a1-3)Gal(b1-4)GlcNAc(b1-4)]Man(a1-3)[Gal(a1-3)Gal(b1-4)GlcNAc(b1-2)Man(a1-6)][GlcNAc(b1-4)]Man(b1-4)GlcNAc(b1-4)GlcNAc,"{'Hex': 9, 'HexNAc': 6}",69000,"['Ginglymostoma_cirratum', 'Homo_sapiens']","['https://pubmed.ncbi.nlm.nih.gov/19156518/', 'https://www.frontiersin.org/articles/10.3389/fchem.2021.637730/full']",,N
Fuc(a1-3)[Gal(b1-4)]GlcNAc(b1-2)Man(a1-3)[Gal(b1-4)GlcNAc(b1-2)Man(a1-6)]Man(b1-4)GlcNAc(b1-4)GlcNAc,"{'Hex': 5, 'HexNAc': 4, 'dHex': 1}",45100,"['Homo_sapiens', 'MurineRespo_Virus']","['https://pubmed.ncbi.nlm.nih.gov/35183770/', 'https://pubmed.ncbi.nlm.nih.gov/6263875/']",G98485VQ,N
Fuc(a1-3)[Gal(b1-4)]GlcNAc(b1-2)Man(a1-3)[Man(a1-6)]Man(b1-4)GlcNAc(b1-4)GlcNAc,"{'Hex': 4, 'HexNAc': 3, 'dHex': 1}",34100,['Homo_sapiens'],['https://pubmed.ncbi.nlm.nih.gov/35183770/'],G41847IM,N
Gal(b1-3/4)GlcNAc(b1-2)Man(a1-3/6)[Man(a1-2/3/6)Man(a1-3/6)]Man(b1-4)GlcNAc(b1-4)GlcNAc,"{'Hex': 5, 'HexNAc': 3}",35000,"['Homo_sapiens', 'Rana_pipiens']","['', 'https://pubmed.ncbi.nlm.nih.gov/8400551/']",G95226CD,N
Gal(b1-4)GlcNAc(b1-2)[Fuc(a1-3)[Gal(b1-4)]GlcNAc(b1-4)]Man(a1-3)[Gal(b1-4)GlcNAc(b1-2)Man(a1-6)]Man(b1-4)GlcNAc(b1-4)GlcNAc,"{'Hex': 6, 'HexNAc': 5, 'dHex': 1}",56100,"['Homo_sapiens', 'Rattus_norvegicus']","['', 'gwb']",G07022LE,N
Gal(b1-4)GlcNAc(b1-2)[Fuc(a1-3)[Gal(b1-4)]GlcNAc(b1-4)]Man(a1-3)[Gal(b1-4)GlcNAc(b1-2)[Gal(b1-4)GlcNAc(b1-6)]Man(a1-6)]Man(b1-4)GlcNAc(b1-4)GlcNAc,"{'Hex': 7, 'HexNAc': 6, 'dHex': 1}",67100,"['Homo_sapiens', 'Rattus_norvegicus']","['', 'gwb']",G19594GQ,N
Gal(b1-4)GlcNAc(b1-2)[Gal(b1-4)GlcNAc(b1-6)]Man(a1-3)[Gal(b1-4)GlcNAc(b1-2)[Gal(b1-4)GlcNAc(b1-4)]Man(a1-6)]Man(b1-4)GlcNAc(b1-4)GlcNAc,"{'Hex': 7, 'HexNAc': 6}",67000,"['Homo_sapiens', 'undetermined', 'Rattus_norvegicus']","['', '', 'gwb']",G43558RC,N
Gal(b1-4)GlcNAc(b1-2)[GlcNAc(b1-4)]Man(a1-3)[Gal(b1-4)GlcNAc(b1-2)Man(a1-6)]Man(b1-4)GlcNAc(b1-4)GlcNAc,"{'Hex': 5, 'HexNAc': 5}",55000,"['Homo_sapiens', 'Torpedo_californica']","['https://pubmed.ncbi.nlm.nih.gov/33650863/', 'gwb']",G59986MY,N
Gal(b1-4)GlcNAc(b1-2)[GlcNAc(b1-4)]Man(a1-3)[Gal(b1-4)GlcNAc(b1-2)[Gal(b1-4)GlcNAc(b1-6)]Man(a1-6)]Man(b1-4)GlcNAc(b1-4)GlcNAc,"{'Hex': 6, 'HexNAc': 6}",66000,"['Homo_sapiens', 'Mus_musculus']","['https://pubmed.ncbi.nlm.nih.gov/35183770/', '']",G85422ZY,N
Gal(b1-4)GlcNAc(b1-2)[GlcNAc(b1-4)]Man(a1-3)[Man(a1-2)Man(a1-3)[Man(a1-2)Man(a1-6)]Man(a1-6)]Man(b1-4)GlcNAc(b1-4)GlcNAc,"{'Hex': 8, 'HexNAc': 4}",48000,"['Homo_sapiens', 'HumanInfluenzaA_Virus']","['https://pubmed.ncbi.nlm.nih.gov/35183770/', 'https://pubs.acs.org/doi/10.1021/acs.analchem.8b05372']",,N
GalNAc(b1-4)GlcNAc(b1-2)Man(a1-3)[GalNAc(b1-4)GlcNAc(b1-2)[GalNAc(b1-4)GlcNAc(b1-6)]Man(a1-6)]Man(b1-4)GlcNAc(b1-4)GlcNAc,"{'Hex': 3, 'HexNAc': 8}",83000,"['Homo_sapiens', 'Rattus_norvegicus']","['', 'https://pubmed.ncbi.nlm.nih.gov/38213790/']",G66474IG,N
GalNAc4S(b1-4)GlcNAc(b1-2)Man(a1-3)[Gal(b1-4)GlcNAc(b1-2)Man(a1-6)]Man(b1-4)GlcNAc(b1-4)GlcNAc,"{'Hex': 4, 'HexNAc': 5, 'S': 1}",54000,"['Homo_sapiens', 'Ovis_aries']","['', '']",G78890OB,N
GalNAc4S(b1-4)GlcNAc(b1-2)Man(a1-3)[Man(a1-6)]Man(b1-4)GlcNAc(b1-4)GlcNAc,"{'Hex': 3, 'HexNAc': 4, 'S': 1}",43000,"['Homo_sapiens', 'Ovis_aries']","['', '']",G19106CR,N
GalNAcOS(b1-4)GlcNAc(b1-2)Man(a1-3)[GlcNAc(b1-2)Man(a1-6)]Man(b1-4)GlcNAc(b1-4)GlcNAc,"{'Hex': 3, 'HexNAc': 5, 'S': 1}",53000,"['Homo_sapiens', 'Ovis_aries', 'Sus_scrofa']","['', '', '']",G21256CQ,N
Glc(a1-2)Man(a1-2)Man(a1-2)Man(a1-3)[Man(a1-2)Man(a1-3)[Man(a1-2)Man(a1-6)]Man(a1-6)]Man(b1-4)GlcNAc(b1-4)GlcNAc,"{'Hex': 10, 'HexNAc': 2}",210000,"['Homo_sapiens', 'Leishmania_mexicana']","['https://doi.org/10.1093/glycob/cwv042', '']",G49401NP,N
GlcNAc(b1-2)[GlcNAc(b1-4)]Man(a1-3/6)[GlcNAc(b1-2)Man(a1-3/6)]Man(b1-4)GlcNAc(b1-4)GlcNAc,"{'Hex': 3, 'HexNAc': 5}",53000,"['Homo_sapiens', 'Sus_scrofa']","['https://pubmed.ncbi.nlm.nih.gov/33170858/', 'https://pubmed.ncbi.nlm.nih.gov/33170858/']",,N
Neu5Ac(a2-3)Gal(b1-4)GlcNAc(b1-2)Man(a1-3)[Neu5Ac(a2-3)Gal(b1-4)GlcNAc(b1-2)[Neu5Ac(a2-6)Gal(b1-4)GlcNAc(b1-6)]Man(a1-6)]Man(b1-4)GlcNAc(b1-4)GlcNAc,"{'Hex': 6, 'HexNAc': 5, 'Neu5Ac': 3}",56030,['Homo_sapiens'],['https://pubmed.ncbi.nlm.nih.gov/36278935/'],G13291XJ,N
Neu5Ac(a2-3)Gal(b1-4)GlcNAc(b1-2)[Neu5Ac(a2-3)Gal(b1-4)GlcNAc(b1-6)]Man(a1-3)[Neu5Ac(a2-3)Gal(b1-4)GlcNAc(b1-2)Man(a1-6)]Man(b1-4)GlcNAc(b1-4)GlcNAc,"{'Hex': 6, 'HexNAc': 5, 'Neu5Ac': 3}",56030,"['Homo_sapiens', 'Sus_scrofa']","['', 'https://pubmed.ncbi.nlm.nih.gov/37005422/']",G66765ZA,N
Neu5Ac(a2-3)Gal(b1-4)GlcNAc(b1-2)[Neu5Ac(a2-3)Gal(b1-4)GlcNAc(b1-6)]Man(a1-3)[Neu5Ac(a2-6)Gal(b1-4)GlcNAc(b1-2)Man(a1-6)]Man(b1-4)GlcNAc(b1-4)GlcNAc,"{'Hex': 6, 'HexNAc': 5, 'Neu5Ac': 3}",56030,"['Homo_sapiens', 'Sus_scrofa']","['', 'https://pubmed.ncbi.nlm.nih.gov/37005422/']",G82847HG,N
Neu5Ac(a2-3)Gal(b1-4)GlcNAc(b1-2/4/6)[Gal(b1-4)GlcNAc(b1-2/4/6)]Man(a1-3/6)[Gal(b1-4)GlcNAc(b1-2)[Gal(b1-4)GlcNAc(b1-4/6)]Man(a1-3/6)]Man(b1-4)GlcNAc(b1-4)GlcNAc,"{'Hex': 7, 'HexNAc': 6, 'Neu5Ac': 1}",67010,"['Homo_sapiens', 'Larus_crassirostris']","['https://glycostore.org/searchTaxon/HOMO%20SAPIENS', 'https://pubmed.ncbi.nlm.nih.gov/19240272/']",,N
Neu5Ac(a2-3/6)Gal(b1-3/4)GlcNAc(b1-2)Man(a1-3/6)[Man(a1-3)[Man(a1-6)]Man(a1-3/6)]Man(b1-4)GlcNAc(b1-4)GlcNAc,"{'Hex': 6, 'HexNAc': 3, 'Neu5Ac': 1}",36010,"['Homo_sapiens', 'Rana_pipiens']","['', 'https://pubmed.ncbi.nlm.nih.gov/8400551/']",G92570PJ,N
Neu5Ac(a2-3/6)Gal(b1-4)GlcNAc(b1-2)Man(a1-6)[Gal(b1-4)GlcNAc(b1-2)Man(a1-3)][GlcNAc(b1-4)]Man(b1-4)GlcNAc(b1-4)GlcNAc,"{'Hex': 5, 'HexNAc': 5, 'Neu5Ac': 1}",55010,['Homo_sapiens'],['https://pubmed.ncbi.nlm.nih.gov/36902272/'],,N
Neu5Ac(a2-3/6)Gal(b1-4)GlcNAc(b1-2)Man(a1-6)[Gal(b1-4)GlcNAc(b1-2)[Gal(b1-4)GlcNAc(b1-4)]Man(a1-3)]Man(b1-4)GlcNAc(b1-4)GlcNAc,"{'Hex': 6, 'HexNAc': 5, 'Neu5Ac': 1}",56010,['Homo_sapiens'],[''],G90535GY,N
Neu5Ac(a2-3/6)Gal(b1-4)GlcNAc(b1-2)Man(a1-6)[Man(a1-3)]Man(b1-4)GlcNAc(b1-4)GlcNAc,"{'Hex': 4, 'HexNAc': 3, 'Neu5Ac': 1}",34010,['Homo_sapiens'],['https://pubmed.ncbi.nlm.nih.gov/36902272/'],G31565BP,N
Neu5Ac(a2-3/6)Gal(b1-4)GlcNAc(b1-2)[Gal(b1-4)GlcNAc(b1-4)]Man(a1-3)[Gal(b1-4)GlcNAc(b1-2)[Gal(b1-4)GlcNAc(b1-6)]Man(a1-6)]Man(b1-4)GlcNAc(b1-4)GlcNAc,"{'Hex': 7, 'HexNAc': 6, 'Neu5Ac': 1}",67010,"['Homo_sapiens', 'HumanInfluenzaA_Virus']","['https://pubmed.ncbi.nlm.nih.gov/35183770/', 'https://pubs.acs.org/doi/10.1021/acs.analchem.8b05372']",,N
Neu5Ac(a2-3/6)Gal(b1-4)GlcNAc(b1-2)[Gal(b1-4)GlcNAc(b1-4)]Man(a1-3)[GalOS(b1-4)GlcNAc(b1-2)Man(a1-6)]Man(b1-4)GlcNAc(b1-4)GlcNAc,"{'Hex': 6, 'HexNAc': 5, 'Neu5Ac': 1, 'S': 1}",56010,['Homo_sapiens'],['https://pubmed.ncbi.nlm.nih.gov/32737218/'],,N
Neu5Ac(a2-3/6)Gal(b1-4)GlcNAc(b1-2)[Gal(b1-4)GlcNAc(b1-4)]Man(a1-3)[Man(a1-3)[Man(a1-6)]Man(a1-6)]Man(b1-4)GlcNAc(b1-4)GlcNAc,"{'Hex': 7, 'HexNAc': 4, 'Neu5Ac': 1}",47010,"['Homo_sapiens', 'Oryzias_latipes']","['https://pubmed.ncbi.nlm.nih.gov/35183770/', 'https://www.tandfonline.com/doi/full/10.1080/09553002.2021.1864500']",,N
Neu5Ac(a2-3/6)Gal(b1-4)GlcNAc(b1-2)[Gal(b1-4)GlcNAc(b1-4)]Man(a1-3)[Neu5Ac(a2-3)[GalNAc(b1-4)]Gal(b1-4)GlcNAc(b1-2)Man(a1-6)]Man(b1-4)GlcNAc(b1-4)GlcNAc,"{'Hex': 6, 'HexNAc': 6, 'Neu5Ac': 2}",66020,['Homo_sapiens'],['https://pubmed.ncbi.nlm.nih.gov/32737218/'],,N
Neu5Ac(a2-3/6)Gal(b1-4)GlcNAc(b1-2)[Neu5Ac(a2-3/6)Gal(b1-4)GlcNAc(b1-4)]Man(a1-3)[GalOS(b1-4)GlcNAc(b1-2)Man(a1-6)]Man(b1-4)GlcNAc(b1-4)GlcNAc,"{'Hex': 6, 'HexNAc': 5, 'Neu5Ac': 2, 'S': 1}",56020,['Homo_sapiens'],['https://pubmed.ncbi.nlm.nih.gov/32737218/'],,N
Neu5Ac(a2-3/6)Gal(b1-4)GlcNAc(b1-2)[Neu5Ac(a2-3/6)Gal(b1-4)GlcNAc(b1-4)]Man(a1-3)[Man(a1-2)Man(a1-3)[Man(a1-2)Man(a1-6)]Man(a1-6)]Man(b1-4)GlcNAc(b1-4)GlcNAc,"{'Hex': 9, 'HexNAc': 4, 'Neu5Ac': 2}",49020,"['Homo_sapiens', 'HumanInfluenzaA_Virus']","['https://pubmed.ncbi.nlm.nih.gov/35183770/', 'https://pubs.acs.org/doi/10.1021/acs.analchem.8b05372']",,N
Neu5Ac(a2-3/6)Gal(b1-4)GlcNAc(b1-2)[Neu5Ac(a2-3/6)Gal(b1-4)GlcNAc(b1-4)]Man(a1-3)[Neu5Ac(a2-3)[GalNAc(b1-4)]Gal(b1-4)GlcNAc(b1-2)Man(a1-6)]Man(b1-4)GlcNAc(b1-4)GlcNAc,"{'Hex': 6, 'HexNAc': 6, 'Neu5Ac': 3}",66030,['Homo_sapiens'],['https://pubmed.ncbi.nlm.nih.gov/32737218/'],,N
Neu5Ac(a2-3/6)Gal(b1-4)GlcNAc(b1-3)Gal(b1-4)GlcNAc(b1-2)Man(a1-3)[Gal(b1-4)GlcNAc(b1-2)Man(a1-6)]Man(b1-4)GlcNAc(b1-4)GlcNAc,"{'Hex': 6, 'HexNAc': 5, 'Neu5Ac': 1}",56010,['Homo_sapiens'],['https://pubmed.ncbi.nlm.nih.gov/36902272/'],,N
Neu5Ac(a2-3/6)Gal(b1-4)[Fuc(a1-3)]GlcNAc(b1-2)Man(a1-3)[Gal(b1-4)GlcNAc(b1-2)Man(a1-6)]Man(b1-4)GlcNAc(b1-4)GlcNAc,"{'Hex': 5, 'HexNAc': 4, 'Neu5Ac': 1, 'dHex': 1}",45110,['Homo_sapiens'],['https://pubmed.ncbi.nlm.nih.gov/35183770/'],,N
Neu5Ac(a2-3/6)Gal(b1-4)[Fuc(a1-3)]GlcNAc(b1-2)Man(a1-3)[Man(a1-6)]Man(b1-4)GlcNAc(b1-4)GlcNAc,"{'Hex': 4, 'HexNAc': 3, 'Neu5Ac': 1, 'dHex': 1}",34110,['Homo_sapiens'],['https://pubmed.ncbi.nlm.nih.gov/35183770/'],G51579YE,N
Neu5Ac(a2-3/6)Gal(b1-4)[Neu5Ac(a2-3/6)]GlcNAc(b1-2)Man(a1-3)[Neu5Ac(a2-3/6)Gal(b1-4)GlcNAc(b1-2)[Neu5Ac(a2-3/6)GlcNAc(b1-6)]Man(a1-6)]Man(b1-4)GlcNAc(b1-4)GlcNAc,"{'Hex': 5, 'HexNAc': 5, 'Neu5Ac': 4}",55040,['Homo_sapiens'],['https://pubmed.ncbi.nlm.nih.gov/32737218/'],,N
Neu5Ac(a2-3/6)GlcNAc(b1-2)Man(a1-3)[Man(a1-6)]Man(b1-4)GlcNAc(b1-4)GlcNAc,"{'Hex': 3, 'HexNAc': 3, 'Neu5Ac': 1}",33010,['Homo_sapiens'],['https://pubmed.ncbi.nlm.nih.gov/32737218/'],,N
Neu5Ac(a2-6)Gal(b1-4)GlcNAc(b1-2)Man(a1-3)[Man(a1-2)Man6P(a1-6)[Man(a1-3)]Man(a1-6)]Man(b1-4)GlcNAc(b1-4)GlcNAc,"{'Hex': 7, 'HexNAc': 3, 'Neu5Ac': 1, 'P': 1}",37010,['Homo_sapiens'],['https://pubmed.ncbi.nlm.nih.gov/36902272/'],,N
Neu5Ac(a2-6)Gal(b1-4)GlcNAc(b1-2)Man(a1-3)[Neu5Ac(a2-3)Gal(b1-4)GlcNAc(b1-2)Man(a1-6)][GlcNAc(b1-4)]Man(b1-4)GlcNAc(b1-4)GlcNAc,"{'Hex': 5, 'HexNAc': 5, 'Neu5Ac': 2}",55020,"['Homo_sapiens', 'MurineLeukemia_Virus']","['', '']",G14998UC,N
Neu5Ac(a2-6)Gal(b1-4)GlcNAc(b1-2)Man(a1-3)[Neu5Ac(a2-3)Gal(b1-4)GlcNAc(b1-2)[Neu5Ac(a2-6)Gal(b1-4)GlcNAc(b1-6)]Man(a1-6)]Man(b1-4)GlcNAc(b1-4)GlcNAc,"{'Hex': 6, 'HexNAc': 5, 'Neu5Ac': 3}",56030,['Homo_sapiens'],['https://pubmed.ncbi.nlm.nih.gov/36278935/'],G82033VN,N
Neu5Ac(a2-6)Gal(b1-4)GlcNAc(b1-2)Man(a1-3)[Neu5Ac(a2-6)Gal(b1-4)GlcNAc(b1-2)[Neu5Ac(a2-6)Gal(b1-4)GlcNAc(b1-6)]Man(a1-6)]Man(b1-4)GlcNAc(b1-4)GlcNAc,"{'Hex': 6, 'HexNAc': 5, 'Neu5Ac': 3}",56030,['Homo_sapiens'],['https://pubmed.ncbi.nlm.nih.gov/36278935/'],G03346FO,N
Neu5Ac(a2-6)Gal(b1-4)GlcNAc(b1-2)Man(a1-3/6)[Man(a1-2/3/6)Man(a1-3/6)]Man(b1-4)GlcNAc(b1-4)GlcNAc,"{'Hex': 5, 'HexNAc': 3, 'Neu5Ac': 1}",35010,['Homo_sapiens'],[''],G82273ZM,N
Neu5Ac(a2-6)Gal(b1-4)GlcNAc(b1-2)Man(a1-6)[Man(a1-3)]Man(b1-4)GlcNAc(b1-4)GlcNAc,"{'Hex': 4, 'HexNAc': 3, 'Neu5Ac': 1}",34010,['Homo_sapiens'],['https://academic.oup.com/glycob/article/31/4/391/5943024'],G88421PE,N
Neu5Ac(a2-6)Gal(b1-4)GlcNAc(b1-2)[Neu5Ac(a2-3)Gal(b1-4)GlcNAc(b1-6)]Man(a1-3)[Neu5Ac(a2-6)Gal(b1-4)GlcNAc(b1-2)Man(a1-6)]Man(b1-4)GlcNAc(b1-4)GlcNAc,"{'Hex': 6, 'HexNAc': 5, 'Neu5Ac': 3}",56030,"['Homo_sapiens', 'Sus_scrofa']","['', 'https://pubmed.ncbi.nlm.nih.gov/37005422/']",G87807PF,N
Neu5Ac(a2-6)Gal(b1-4)GlcNAc(b1-2)[Neu5Ac(a2-3)Gal(b1-4)GlcNAc(b1-6)]Man(a1-6)[Neu5Ac(a2-6)Gal(b1-4)GlcNAc(b1-2)Man(a1-3)]Man(b1-4)GlcNAc(b1-4)GlcNAc,"{'Hex': 6, 'HexNAc': 5, 'Neu5Ac': 3}",56030,['Homo_sapiens'],[''],G78161IO,N
Neu5Ac(a2-6)Gal(b1-4)GlcNAc(b1-2)[Neu5Ac(a2-3)Gal(b1-4)[Fuc(a1-3)]GlcNAc(b1-4)]Man(a1-3)[Neu5Ac(a2-6)Gal(b1-4)GlcNAc(b1-2)Man(a1-6)]Man(b1-4)GlcNAc(b1-4)GlcNAc,"{'Hex': 6, 'HexNAc': 5, 'Neu5Ac': 3, 'dHex': 1}",56130,['Homo_sapiens'],[''],G97674NY,N
Neu5Ac(a2-6)Gal(b1-4)GlcNAc(b1-2)[Neu5Ac(a2-6)Gal(b1-4)GlcNAc(b1-6)]Man(a1-3)[Neu5Ac(a2-6)Gal(b1-4)GlcNAc(b1-2)Man(a1-6)]Man(b1-4)GlcNAc(b1-4)GlcNAc,"{'Hex': 6, 'HexNAc': 5, 'Neu5Ac': 3}",56030,"['Homo_sapiens', 'Sus_scrofa']","['', 'https://pubmed.ncbi.nlm.nih.gov/37005422/']",G34754UR,N
{Gal(b1-4)}GlcNAc(b1-2)[GlcNAc(b1-4)]Man(a1-3)[GlcNAc(b1-2)Man(a1-6)]Man(b1-4)GlcNAc(b1-4)GlcNAc,"{'Hex': 4, 'HexNAc': 5}",54000,"['Homo_sapiens', 'Rattus_norvegicus']","['https://pubmed.ncbi.nlm.nih.gov/38171687/', 'gwb']",,N
{Neu5Ac(a2-3/6)}Gal(b1-4)GlcNAc(b1-2)[Gal(b1-4)GlcNAc(b1-4)]Man(a1-3)[Gal(b1-4)GlcNAc(b1-2)Man(a1-6)]Man(b1-4)GlcNAc(b1-4)GlcNAc,"{'Hex': 6, 'HexNAc': 5, 'Neu5Ac': 1}",56010,"['Homo_sapiens', 'Cricetulus_griseus']","['https://pubmed.ncbi.nlm.nih.gov/37474491/', 'gwb']",,N
{Neu5Ac(a2-3/6)}Gal(b1-4)GlcNAc(b1-2)[Gal(b1-4)GlcNAc(b1-4)]Man(a1-3)[Gal(b1-4)GlcNAc(b1-2)[Gal(b1-4)GlcNAc(b1-6)]Man(a1-6)]Man(b1-4)GlcNAc(b1-4)GlcNAc,"{'Hex': 7, 'HexNAc': 6, 'Neu5Ac': 1}",67010,"['Homo_sapiens', 'Cricetulus_griseus']","['http://www.functionalglycomics.org/glycomics/SampleServlet?operationType=view&key=515', 'gwb']",,N
{Neu5Ac(a2-3/6)}Gal(b1-4)GlcNAc(b1-3)Gal(b1-4)GlcNAc(b1-2/4/6)[Gal(b1-4)GlcNAc(b1-2/4/6)]Man(a1-3/6)[Neu5Ac(a2-3/6)Gal(b1-4)GlcNAc(b1-2/4/6)[Gal(b1-4)GlcNAc(b1-2/4/6)]Man(a1-3/6)]Man(b1-4)GlcNAc(b1-4)GlcNAc,"{'Hex': 8, 'HexNAc': 7, 'Neu5Ac': 2}",78020,['Homo_sapiens'],['http://www.functionalglycomics.org/glycomics/SampleServlet?operationType=view&key=110'],,N
Gal(b1-4)GlcNAc(b1-2)[GlcNAc(b1-6)]Man(a1-6)[GlcNAc(b1-2)Man(a1-3)]Man(b1-4)GlcNAc(b1-4)GlcNAc,"{'Hex': 4, 'HexNAc': 5}",54000,"['Apis_mellifera', 'Homo_sapiens']","['https://pubmed.ncbi.nlm.nih.gov/31393126/', 'https://www.frontiersin.org/articles/10.3389/fchem.2021.637730/full']",,N
Neu5Ac(a2-3)Gal(b1-4)GlcNAc(b1-2)Man(a1-3)[Neu5Ac(a2-3)Gal(b1-4)GlcNAc(b1-2)[Neu5Ac(a2-3)Gal(b1-4)GlcNAc(b1-4)]Man(a1-6)]Man(b1-4)GlcNAc(b1-4)GlcNAc,"{'Hex': 6, 'HexNAc': 5, 'Neu5Ac': 3}",56030,"['Bos_taurus', 'Homo_sapiens']","['', '']",G74369SL,N
Neu5Ac(a2-3)Gal(b1-4)GlcNAc(b1-2)[Neu5Ac(a2-6)Gal(b1-4)GlcNAc(b1-4)]Man(a1-3)[Neu5Ac(a2-3)Gal(b1-4)GlcNAc(b1-2)Man(a1-6)]Man(b1-4)GlcNAc(b1-4)GlcNAc,"{'Hex': 6, 'HexNAc': 5, 'Neu5Ac': 3}",56030,"['Bos_taurus', 'Homo_sapiens']","['', '']",G48767NV,N
Neu5Ac(a2-6)Gal(b1-4)GlcNAc(b1-2)[Gal(b1-4)GlcNAc(b1-4)]Man(a1-3)[Gal(b1-4)GlcNAc(b1-2)Man(a1-6)]Man(b1-4)GlcNAc(b1-4)GlcNAc,"{'Hex': 6, 'HexNAc': 5, 'Neu5Ac': 1}",56010,"['Bos_taurus', 'Homo_sapiens']","['', '']",G84376FR,N
Gal(b1-4)GlcNAc(b1-2)Man(a1-3/6)[Man(a1-2/3/6)Man(a1-3/6)]Man(b1-4)GlcNAc(b1-4)GlcNAc,"{'Hex': 5, 'HexNAc': 3}",35000,"['Breviolum_minutum', 'Homo_sapiens']","['https://doi.org/10.1007/s00248-020-01487-9', '']",G95226CD,N
Neu5Ac(a2-3/6)Gal(b1-4)GlcNAc(b1-2)[Neu5Ac(a2-3/6)Gal(b1-4)GlcNAc(b1-4)]Man(a1-3/6)[Neu5Ac(a2-3/6)Gal(b1-4)GlcNAc(b1-2)Man(a1-3/6)]Man(b1-4)GlcNAc(b1-4)GlcNAc,"{'Hex': 6, 'HexNAc': 5, 'Neu5Ac': 3}",56030,"['Cricetulus_griseus', 'Homo_sapiens']","['', '']",G03700EN,N
Fuc(a1-2)Gal(b1-4)GlcNAc(b1-2)Man(a1-3)[Fuc(a1-2)Gal(b1-4)GlcNAc(b1-2)Man(a1-6)][GlcNAc(b1-4)]Man(b1-4)GlcNAc(b1-4)GlcNAc,"{'Hex': 5, 'HexNAc': 5, 'dHex': 2}",55200,['Homo_sapiens'],[''],G66265KN,N
Fuc(a1-2)Gal(b1-4)GlcNAc(b1-2)Man(a1-3)[Gal(b1-4)GlcNAc(b1-2)[Gal(b1-4)GlcNAc(b1-6)]Man(a1-6)]Man(b1-4)GlcNAc(b1-4)GlcNAc,"{'Hex': 6, 'HexNAc': 5, 'dHex': 1}",56100,['Homo_sapiens'],[''],G31587OK,N
Fuc(a1-2)Gal(b1-4)GlcNAc(b1-2)Man(a1-3)[GlcNAc(b1-2)Man(a1-6)]Man(b1-4)GlcNAc(b1-4)GlcNAc,"{'Hex': 4, 'HexNAc': 4, 'dHex': 1}",44100,['Homo_sapiens'],[''],G37827FY,N
Fuc(a1-2)Gal(b1-4)GlcNAc(b1-2)Man(a1-6)[Gal(b1-4)GlcNAc(b1-2)Man(a1-3)]Man(b1-4)GlcNAc(b1-4)GlcNAc,"{'Hex': 5, 'HexNAc': 4, 'dHex': 1}",45100,['Homo_sapiens'],[''],G71835BN,N
Fuc(a1-2)Gal(b1-4)GlcNAc(b1-2)Man(a1-6)[Gal(b1-4)GlcNAc(b1-2)Man(a1-3)][GlcNAc(b1-4)]Man(b1-4)GlcNAc(b1-4)GlcNAc,"{'Hex': 5, 'HexNAc': 5, 'dHex': 1}",55100,['Homo_sapiens'],[''],G91151XY,N
Fuc(a1-2)Gal(b1-4)GlcNAc(b1-2/6)[Gal(b1-4)GlcNAc(b1-2/6)]Man(a1-6)[Gal(b1-4)GlcNAc(b1-2)Man(a1-3)]Man(b1-4)GlcNAc(b1-4)GlcNAc,"{'Hex': 6, 'HexNAc': 5, 'dHex': 1}",56100,['Homo_sapiens'],[''],G85447US,N
Fuc(a1-2)Gal(b1-4)[Fuc(a1-3)]GlcNAc(b1-2)Man(a1-3)[Fuc(a1-2)Gal(b1-4)[Fuc(a1-3)]GlcNAc(b1-2)[Fuc(a1-2)Gal(b1-4)[Fuc(a1-3)]GlcNAc(b1-6)]Man(a1-6)]Man(b1-4)GlcNAc(b1-4)GlcNAc,"{'Hex': 6, 'HexNAc': 5, 'dHex': 6}",56600,['Homo_sapiens'],['https://pubmed.ncbi.nlm.nih.gov/35183770/'],,N
Fuc(a1-2)Gal(b1-4)[Fuc(a1-3)]GlcNAc(b1-2)Man(a1-3)[Fuc(a1-2)Gal(b1-4)[Fuc(a1-3)]GlcNAc(b1-2)[Fuc(a1-3)[Gal(b1-4)]GlcNAc(b1-6)]Man(a1-6)]Man(b1-4)GlcNAc(b1-4)GlcNAc,"{'Hex': 6, 'HexNAc': 5, 'dHex': 5}",56500,['Homo_sapiens'],['https://pubmed.ncbi.nlm.nih.gov/35183770/'],,N
Fuc(a1-2)Gal(b1-4)[Fuc(a1-3)]GlcNAc(b1-2)Man(a1-3)[Fuc(a1-2)Gal(b1-4)[Fuc(a1-3)]GlcNAc(b1-2)[Gal(b1-4)GlcNAc(b1-6)]Man(a1-6)]Man(b1-4)GlcNAc(b1-4)GlcNAc,"{'Hex': 6, 'HexNAc': 5, 'dHex': 4}",56400,['Homo_sapiens'],['https://pubmed.ncbi.nlm.nih.gov/35183770/'],,N
Fuc(a1-2)Gal(b1-4)[Fuc(a1-3)]GlcNAc(b1-2)Man(a1-3)[Fuc(a1-3)[Gal(b1-4)]GlcNAc(b1-2)Man(a1-6)]Man(b1-4)GlcNAc(b1-4)GlcNAc,"{'Hex': 5, 'HexNAc': 4, 'dHex': 3}",45300,['Homo_sapiens'],['https://pubmed.ncbi.nlm.nih.gov/35183770/'],G59742ZT,N
Fuc(a1-2)Gal(b1-4)[Fuc(a1-3)]GlcNAc(b1-2)Man(a1-3)[Fuc(a1-3)[Gal(b1-4)]GlcNAc(b1-2)[Fuc(a1-3)[Gal(b1-4)]GlcNAc(b1-6)]Man(a1-6)]Man(b1-4)GlcNAc(b1-4)GlcNAc,"{'Hex': 6, 'HexNAc': 5, 'dHex': 4}",56400,['Homo_sapiens'],['https://pubmed.ncbi.nlm.nih.gov/35183770/'],,N
Fuc(a1-2)Gal(b1-4)[Fuc(a1-3)]GlcNAc(b1-2)Man(a1-3)[Fuc(a1-3)[Gal(b1-4)]GlcNAc(b1-2)[Gal(b1-4)GlcNAc(b1-6)]Man(a1-6)]Man(b1-4)GlcNAc(b1-4)GlcNAc,"{'Hex': 6, 'HexNAc': 5, 'dHex': 3}",56300,['Homo_sapiens'],['https://pubmed.ncbi.nlm.nih.gov/35183770/'],,N
Fuc(a1-2)Gal(b1-4)[Fuc(a1-3)]GlcNAc(b1-2)Man(a1-3)[Fuc(a1-3)[GalNAc(b1-4)]GlcNAc(b1-2)Man(a1-6)][GlcNAc(b1-4)]Man(b1-4)GlcNAc(b1-4)GlcNAc,"{'Hex': 4, 'HexNAc': 6, 'dHex': 3}",64300,['Homo_sapiens'],['https://www.frontiersin.org/articles/10.3389/fchem.2021.637730/full'],,N
Fuc(a1-2)Gal(b1-4)[Fuc(a1-3)]GlcNAc(b1-2)Man(a1-3)[Gal(b1-4)GlcNAc(b1-2)Man(a1-6)]Man(b1-4)GlcNAc(b1-4)GlcNAc,"{'Hex': 5, 'HexNAc': 4, 'dHex': 2}",45200,['Homo_sapiens'],['https://pubmed.ncbi.nlm.nih.gov/35183770/'],,N
Fuc(a1-2)Gal(b1-4)[Fuc(a1-3)]GlcNAc(b1-2)Man(a1-3)[Gal(b1-4)GlcNAc(b1-2)Man(a1-6)][GlcNAc(b1-4)]Man(b1-4)GlcNAc(b1-4)GlcNAc,"{'Hex': 5, 'HexNAc': 5, 'dHex': 2}",55200,['Homo_sapiens'],['https://pubmed.ncbi.nlm.nih.gov/35183770/'],,N
Fuc(a1-2)Gal(b1-4)[Fuc(a1-3)]GlcNAc(b1-2)Man(a1-3)[Gal(b1-4)GlcNAc(b1-2)[Gal(b1-4)GlcNAc(b1-6)]Man(a1-6)]Man(b1-4)GlcNAc(b1-4)GlcNAc,"{'Hex': 6, 'HexNAc': 5, 'dHex': 2}",56200,['Homo_sapiens'],['https://pubmed.ncbi.nlm.nih.gov/35183770/'],,N
Fuc(a1-2)Gal(b1-4)[Fuc(a1-3)]GlcNAc(b1-2)Man(a1-3)[Gal(b1-4)GlcNAc(b1-2)[GlcNAc(b1-6)]Man(a1-6)]Man(b1-4)GlcNAc(b1-4)GlcNAc,"{'Hex': 5, 'HexNAc': 5, 'dHex': 2}",55200,['Homo_sapiens'],['https://pubmed.ncbi.nlm.nih.gov/35183770/'],,N
Fuc(a1-2)Gal(b1-4)[Fuc(a1-3)]GlcNAc(b1-2)Man(a1-3)[GlcNAc(b1-4)][Man(a1-6)]Man(b1-4)GlcNAc(b1-4)GlcNAc,"{'Hex': 4, 'HexNAc': 4, 'dHex': 2}",44200,['Homo_sapiens'],['https://pubmed.ncbi.nlm.nih.gov/35183770/'],,N
Fuc(a1-2)Gal(b1-4)[Fuc(a1-3)]GlcNAc(b1-2)Man(a1-3)[Man(a1-2)Man(a1-3/6)[Man(a1-3/6)]Man(a1-6)]Man(b1-4)GlcNAc(b1-4)GlcNAc,"{'Hex': 7, 'HexNAc': 3, 'dHex': 2}",37200,['Homo_sapiens'],['https://pubmed.ncbi.nlm.nih.gov/35183770/'],,N
Fuc(a1-2)Gal(b1-4)[Fuc(a1-3)]GlcNAc(b1-2)Man(a1-3)[Man(a1-3/6)Man(a1-6)][GlcNAc(b1-4)]Man(b1-4)GlcNAc(b1-4)GlcNAc,"{'Hex': 5, 'HexNAc': 4, 'dHex': 2}",45200,['Homo_sapiens'],['https://pubmed.ncbi.nlm.nih.gov/35183770/'],,N
Fuc(a1-2)Gal(b1-4)[Fuc(a1-3)]GlcNAc(b1-2)Man(a1-6)[Gal(b1-4)GlcNAc(b1-2)Man(a1-3)]Man(b1-4)GlcNAc(b1-4)GlcNAc,"{'Hex': 5, 'HexNAc': 4, 'dHex': 2}",45200,['Homo_sapiens'],['https://pubmed.ncbi.nlm.nih.gov/33650863/'],,N
Fuc(a1-2)Gal(b1-4)[Fuc(a1-3)]GlcNAc(b1-2)Man(a1-6)[Gal(b1-4)GlcNAc(b1-2)[Gal(b1-4)GlcNAc(b1-4)]Man(a1-3)][GlcNAc(b1-4)]Man(b1-4)GlcNAc(b1-4)GlcNAc,"{'Hex': 6, 'HexNAc': 6, 'dHex': 2}",66200,['Homo_sapiens'],['https://pubmed.ncbi.nlm.nih.gov/33650863/'],,N
Fuc(a1-2)Gal(b1-4)[Fuc(a1-3)]GlcNAc(b1-2)[Fuc(a1-2)Gal(b1-4)[Fuc(a1-3)]GlcNAc(b1-4)]Man(a1-3)[Man(a1-3)[Man(a1-6)]Man(a1-6)]Man(b1-4)GlcNAc(b1-4)GlcNAc,"{'Hex': 7, 'HexNAc': 4, 'dHex': 4}",47400,['Homo_sapiens'],['https://pubmed.ncbi.nlm.nih.gov/35183770/'],,N
Fuc(a1-2)Gal(b1-4)[Fuc(a1-3)]GlcNAc(b1-2)[Fuc(a1-3)[Gal(b1-4)]GlcNAc(b1-4)]Man(a1-3)[Man(a1-3/6)Man(a1-6)]Man(b1-4)GlcNAc(b1-4)GlcNAc,"{'Hex': 6, 'HexNAc': 4, 'dHex': 3}",46300,['Homo_sapiens'],['https://pubmed.ncbi.nlm.nih.gov/35183770/'],,N
Fuc(a1-2)Gal(b1-4)[Fuc(a1-3)]GlcNAc(b1-2)[Gal(b1-4)GlcNAc(b1-4)]Man(a1-3)[Fuc(a1-2)Gal(b1-4)[Fuc(a1-3)]GlcNAc(b1-2)[Fuc(a1-3)[Gal(b1-4)]GlcNAc(b1-6)]Man(a1-6)]Man(b1-4)GlcNAc(b1-4)GlcNAc,"{'Hex': 7, 'HexNAc': 6, 'dHex': 5}",67500,['Homo_sapiens'],['https://pubmed.ncbi.nlm.nih.gov/35183770/'],,N
Fuc(a1-2)Gal(b1-4)[Fuc(a1-3)]GlcNAc(b1-2)[Gal(b1-4)GlcNAc(b1-4)]Man(a1-3)[Fuc(a1-2)Gal(b1-4)[Fuc(a1-3)]GlcNAc(b1-2)[Gal(b1-4)GlcNAc(b1-4)][Gal(b1-4)GlcNAc(b1-6)]Man(a1-6)]Man(b1-4)GlcNAc(b1-4)GlcNAc,"{'Hex': 8, 'HexNAc': 7, 'dHex': 4}",78400,['Homo_sapiens'],['https://pubmed.ncbi.nlm.nih.gov/35183770/'],,N
Fuc(a1-2)Gal(b1-4)[Fuc(a1-3)]GlcNAc(b1-2)[Gal(b1-4)GlcNAc(b1-4)]Man(a1-3)[Gal(b1-4)GlcNAc(b1-2)[Gal(b1-4)GlcNAc(b1-6)]Man(a1-6)]Man(b1-4)GlcNAc(b1-4)GlcNAc,"{'Hex': 7, 'HexNAc': 6, 'dHex': 2}",67200,['Homo_sapiens'],['https://pubmed.ncbi.nlm.nih.gov/35183770/'],,N
Fuc(a1-2)Gal(b1-4)[Fuc(a1-3)]GlcNAc(b1-2)[Gal(b1-4)GlcNAc(b1-4)]Man(a1-3)[Man(a1-3/6)Man(a1-6)]Man(b1-4)GlcNAc(b1-4)GlcNAc,"{'Hex': 6, 'HexNAc': 4, 'dHex': 2}",46200,['Homo_sapiens'],['https://pubmed.ncbi.nlm.nih.gov/35183770/'],,N
Fuc(a1-2)Gal(b1-4)[Fuc(a1-3)]GlcNAc(b1-2)[GlcNAc(b1-4)]Man(a1-3)[Man(a1-3)[Man(a1-6)]Man(a1-6)]Man(b1-4)GlcNAc(b1-4)GlcNAc,"{'Hex': 6, 'HexNAc': 4, 'dHex': 2}",46200,['Homo_sapiens'],['https://pubmed.ncbi.nlm.nih.gov/35183770/'],,N
Fuc(a1-2)Gal(b1-4)[Fuc(a1-3)]GlcNAc(b1-2)[GlcNAc(b1-4)]Man(a1-3)[Man(a1-3/6)Man(a1-6)]Man(b1-4)GlcNAc(b1-4)GlcNAc,"{'Hex': 5, 'HexNAc': 4, 'dHex': 2}",45200,['Homo_sapiens'],['https://pubmed.ncbi.nlm.nih.gov/35183770/'],,N
Fuc(a1-2)Gal(b1-4)[Fuc(a1-3)]GlcNAc(b1-2/4)[Gal(b1-4)GlcNAc(b1-2/4)]Man(a1-3)[Neu5Ac(a2-3/6)Gal(b1-4)[Fuc(a1-3)]GlcNAc(b1-2/6)[Fuc(a1-3)[Gal(b1-4)]GlcNAc(b1-2/6)]Man(a1-6)]Man(b1-4)GlcNAc(b1-4)GlcNAc,"{'Hex': 7, 'HexNAc': 6, 'Neu5Ac': 1, 'dHex': 4}",67410,['Homo_sapiens'],['https://pubmed.ncbi.nlm.nih.gov/33650863/'],,N
Fuc(a1-2)Gal(b1-4)[Fuc(a1-3)]GlcNAc(b1-2/4)[Neu5Ac(a2-3/6)Gal(b1-4)GlcNAc(b1-2/4)]Man(a1-3)[Neu5Ac(a2-3/6)Gal(b1-4)GlcNAc(b1-2/6)[Fuc(a1-3)[Gal(b1-4)]GlcNAc(b1-2/6)]Man(a1-6)]Man(b1-4)GlcNAc(b1-4)GlcNAc,"{'Hex': 7, 'HexNAc': 6, 'Neu5Ac': 2, 'dHex': 3}",67320,['Homo_sapiens'],['https://pubmed.ncbi.nlm.nih.gov/33650863/'],,N
Fuc(a1-2)Gal(b1-4)[Fuc(a1-3)]GlcNAc(b1-2/6)[GlcNAc(b1-2/6)]Man(a1-6)[Gal(b1-4)GlcNAc(b1-2)[GlcNAc(b1-4)]Man(a1-3)]Man(b1-4)GlcNAc(b1-4)GlcNAc,"{'Hex': 5, 'HexNAc': 6, 'dHex': 2}",65200,['Homo_sapiens'],['https://pubmed.ncbi.nlm.nih.gov/33650863/'],,N
Fuc(a1-2)Gal(b1-4)[Fuc(a1-3)]GlcNAc(b1-3)Gal(b1-4)GlcNAc(b1-2/6)[GlcNAc(b1-2/6)]Man(a1-6)[Fuc(a1-2)Gal(b1-4)[Fuc(a1-3)]GlcNAc(b1-2)[Fuc(a1-2)Gal(b1-4)[Fuc(a1-3)]GlcNAc(b1-4)]Man(a1-3)]Man(b1-4)GlcNAc(b1-4)GlcNAc,"{'Hex': 7, 'HexNAc': 7, 'dHex': 6}",77600,['Homo_sapiens'],['https://pubmed.ncbi.nlm.nih.gov/33650863/'],,N
Fuc(a1-2)Gal(b1-4)[Fuc(a1-3)]GlcNAc(b1-3)Gal(b1-4)GlcNAc(b1-2/6)[GlcNAc(b1-2/6)]Man(a1-6)[Fuc(a1-2)Gal(b1-4)[Fuc(a1-3)]GlcNAc(b1-2/4)[Fuc(a1-3)[Gal(b1-4)]GlcNAc(b1-2/4)]Man(a1-3)]Man(b1-4)GlcNAc(b1-4)GlcNAc,"{'Hex': 7, 'HexNAc': 7, 'dHex': 5}",77500,['Homo_sapiens'],['https://pubmed.ncbi.nlm.nih.gov/33650863/'],,N
Fuc(a1-2)Gal(b1-4)[Fuc(a1-3)]GlcNAc(b1-6)[Gal(b1-4)GlcNAc(b1-2)]Man(a1-6)[Gal(b1-4)GlcNAc(b1-2)Man(a1-3)][GlcNAc(b1-4)]Man(b1-4)GlcNAc(b1-4)GlcNAc,"{'Hex': 6, 'HexNAc': 6, 'dHex': 2}",66200,['Homo_sapiens'],['https://pubmed.ncbi.nlm.nih.gov/32737218/'],,N
Fuc(a1-2)[Gal(a1-3)]Gal(b1-4)GlcNAc(b1-2)Man(a1-3)[Gal(b1-4)GlcNAc(b1-2)Man(a1-6)]Man(b1-4)GlcNAc(b1-4)GlcNAc,"{'Hex': 6, 'HexNAc': 4, 'dHex': 1}",46100,['Homo_sapiens'],[''],G01476WA,N
Fuc(a1-2)[Gal(a1-3)]Gal(b1-4)GlcNAc(b1-2)Man(a1-6)[Gal(b1-4)GlcNAc(b1-2)Man(a1-3)]Man(b1-4)GlcNAc(b1-4)GlcNAc,"{'Hex': 6, 'HexNAc': 4, 'dHex': 1}",46100,['Homo_sapiens'],[''],G08113XU,N
Fuc(a1-2)[GalNAc(a1-3)]Gal(b1-4)GlcNAc(b1-2)Man(a1-3)[Gal(b1-4)GlcNAc(b1-2)Man(a1-6)]Man(b1-4)GlcNAc(b1-4)GlcNAc,"{'Hex': 5, 'HexNAc': 5, 'dHex': 1}",55100,['Homo_sapiens'],[''],G09727XA,N
Fuc(a1-2)[GalNAc(a1-3)]Gal(b1-4)GlcNAc(b1-2)Man(a1-3)[Gal(b1-4)GlcNAc(b1-2)[Gal(b1-4)GlcNAc(b1-6)]Man(a1-6)]Man(b1-4)GlcNAc(b1-4)GlcNAc,"{'Hex': 6, 'HexNAc': 6, 'dHex': 1}",66100,['Homo_sapiens'],[''],G70617CF,N
Fuc(a1-2)[GalNAc(a1-3)]Gal(b1-4)GlcNAc(b1-2)Man(a1-3)[Neu5Ac(a2-3)Gal(b1-4)GlcNAc(b1-2)Man(a1-6)]Man(b1-4)GlcNAc(b1-4)GlcNAc,"{'Hex': 5, 'HexNAc': 5, 'Neu5Ac': 1, 'dHex': 1}",55110,['Homo_sapiens'],[''],G57504TA,N
Fuc(a1-2)[GalNAc(a1-3)]Gal(b1-4)GlcNAc(b1-2)Man(a1-6)[Gal(b1-4)GlcNAc(b1-2)Man(a1-3)]Man(b1-4)GlcNAc(b1-4)GlcNAc,"{'Hex': 5, 'HexNAc': 5, 'dHex': 1}",55100,['Homo_sapiens'],[''],G84901UD,N
Fuc(a1-2)[GalNAc(a1-3)]Gal(b1-4)GlcNAc(b1-2/6)[Gal(b1-4)GlcNAc(b1-2/6)]Man(a1-6)[Gal(b1-4)GlcNAc(b1-2)Man(a1-3)]Man(b1-4)GlcNAc(b1-4)GlcNAc,"{'Hex': 6, 'HexNAc': 6, 'dHex': 1}",66100,['Homo_sapiens'],[''],G01120GS,N
Fuc(a1-3)[Gal(b1-4)]GlcNAc(b1-2)Man(a1-3)[Fuc(a1-3)[Gal(b1-4)]GlcNAc(b1-2)[Gal(b1-4)GlcNAc(b1-6)]Man(a1-6)]Man(b1-4)GlcNAc(b1-4)GlcNAc,"{'Hex': 6, 'HexNAc': 5, 'dHex': 2}",56200,['Homo_sapiens'],['https://pubmed.ncbi.nlm.nih.gov/35183770/'],,N
Fuc(a1-3)[Gal(b1-4)]GlcNAc(b1-2)Man(a1-3)[Fuc(a1-3)[Gal(b1-4)]GlcNAc(b1-2)[GlcNAc(b1-6)]Man(a1-6)]Man(b1-4)GlcNAc(b1-4)GlcNAc,"{'Hex': 5, 'HexNAc': 5, 'dHex': 2}",55200,['Homo_sapiens'],['https://pubmed.ncbi.nlm.nih.gov/35183770/'],,N
Fuc(a1-3)[Gal(b1-4)]GlcNAc(b1-2)Man(a1-3)[Gal(b1-4)GlcNAc(b1-2)[Gal(b1-4)GlcNAc(b1-6)]Man(a1-6)]Man(b1-4)GlcNAc(b1-4)GlcNAc,"{'Hex': 6, 'HexNAc': 5, 'dHex': 1}",56100,['Homo_sapiens'],['https://pubmed.ncbi.nlm.nih.gov/35183770/'],,N
Fuc(a1-3)[Gal(b1-4)]GlcNAc(b1-2)Man(a1-3)[Gal(b1-4)GlcNAc(b1-2)[Gal(b1-4)GlcNAc(b1-6)]Man(a1-6)][GlcNAc(b1-4)]Man(b1-4)GlcNAc(b1-4)GlcNAc,"{'Hex': 6, 'HexNAc': 6, 'dHex': 1}",66100,['Homo_sapiens'],['https://pubmed.ncbi.nlm.nih.gov/35183770/'],,N
Fuc(a1-3)[Gal(b1-4)]GlcNAc(b1-2)Man(a1-3)[Gal(b1-4)GlcNAc(b1-2)[GlcNAc(b1-6)]Man(a1-6)]Man(b1-4)GlcNAc(b1-4)GlcNAc,"{'Hex': 5, 'HexNAc': 5, 'dHex': 1}",55100,['Homo_sapiens'],['https://pubmed.ncbi.nlm.nih.gov/35183770/'],,N
Fuc(a1-3)[Gal(b1-4)]GlcNAc(b1-2)Man(a1-3)[Gal(b1-4)GlcNAc(b1-2)[GlcNAc(b1-6)]Man(a1-6)][GlcNAc(b1-4)]Man(b1-4)GlcNAc(b1-4)GlcNAc,"{'Hex': 5, 'HexNAc': 6, 'dHex': 1}",65100,['Homo_sapiens'],['https://pubmed.ncbi.nlm.nih.gov/35183770/'],,N
Fuc(a1-3)[Gal(b1-4)]GlcNAc(b1-2)Man(a1-3)[GalNAc(b1-4)GlcNAc(b1-2)Man(a1-6)][GlcNAc(b1-4)]Man(b1-4)GlcNAc(b1-4)GlcNAc,"{'Hex': 4, 'HexNAc': 6, 'dHex': 1}",64100,['Homo_sapiens'],['https://pubmed.ncbi.nlm.nih.gov/35183770/'],G85471HV,N
Fuc(a1-3)[Gal(b1-4)]GlcNAc(b1-2)Man(a1-3)[GalNAc(b1-4)GlcNAc(b1-2)[Gal(b1-4)GlcNAc(b1-6)]Man(a1-6)][GlcNAc(b1-4)]Man(b1-4)GlcNAc(b1-4)GlcNAc,"{'Hex': 5, 'HexNAc': 7, 'dHex': 1}",75100,['Homo_sapiens'],['https://pubmed.ncbi.nlm.nih.gov/35183770/'],,N
Fuc(a1-3)[Gal(b1-4)]GlcNAc(b1-2)Man(a1-3)[GalNAc(b1-4)GlcNAc(b1-2)[GlcNAc(b1-6)]Man(a1-6)][GlcNAc(b1-4)]Man(b1-4)GlcNAc(b1-4)GlcNAc,"{'Hex': 4, 'HexNAc': 7, 'dHex': 1}",74100,['Homo_sapiens'],['https://pubmed.ncbi.nlm.nih.gov/35183770/'],,N
Fuc(a1-3)[Gal(b1-4)]GlcNAc(b1-2)Man(a1-3)[GlcNAc(b1-2)Man(a1-6)]Man(b1-4)GlcNAc(b1-4)GlcNAc,"{'Hex': 4, 'HexNAc': 4, 'dHex': 1}",44100,['Homo_sapiens'],['https://pubmed.ncbi.nlm.nih.gov/35183770/'],G49567KL,N
Fuc(a1-3)[Gal(b1-4)]GlcNAc(b1-2)Man(a1-3)[GlcNAc(b1-2)Man(a1-6)][GlcNAc(b1-4)]Man(b1-4)GlcNAc(b1-4)GlcNAc,"{'Hex': 4, 'HexNAc': 5, 'dHex': 1}",54100,['Homo_sapiens'],['https://pubmed.ncbi.nlm.nih.gov/35183770/'],G63935LM,N
Fuc(a1-3)[Gal(b1-4)]GlcNAc(b1-2)Man(a1-3)[GlcNAc(b1-2)[GlcNAc(b1-6)]Man(a1-6)]Man(b1-4)GlcNAc(b1-4)GlcNAc,"{'Hex': 4, 'HexNAc': 5, 'dHex': 1}",54100,['Homo_sapiens'],['https://pubmed.ncbi.nlm.nih.gov/35183770/'],,N
Fuc(a1-3)[Gal(b1-4)]GlcNAc(b1-2)Man(a1-3)[GlcNAc(b1-2)[GlcNAc(b1-6)]Man(a1-6)][GlcNAc(b1-4)]Man(b1-4)GlcNAc(b1-4)GlcNAc,"{'Hex': 4, 'HexNAc': 6, 'dHex': 1}",64100,['Homo_sapiens'],['https://pubmed.ncbi.nlm.nih.gov/35183770/'],,N
Fuc(a1-3)[Gal(b1-4)]GlcNAc(b1-2)Man(a1-3)[GlcNAc(b1-4)][Man(a1-6)]Man(b1-4)GlcNAc(b1-4)GlcNAc,"{'Hex': 4, 'HexNAc': 4, 'dHex': 1}",44100,['Homo_sapiens'],['https://pubmed.ncbi.nlm.nih.gov/35183770/'],G61819UR,N
Fuc(a1-3)[Gal(b1-4)]GlcNAc(b1-2)Man(a1-3)[Man(a1-2)Man(a1-3)[Man(a1-2)Man(a1-6)]Man(a1-6)][GlcNAc(b1-4)]Man(b1-4)GlcNAc(b1-4)GlcNAc,"{'Hex': 8, 'HexNAc': 4, 'dHex': 1}",48100,['Homo_sapiens'],['https://pubmed.ncbi.nlm.nih.gov/35183770/'],,N
Fuc(a1-3)[Gal(b1-4)]GlcNAc(b1-2)Man(a1-3)[Man(a1-2)Man(a1-3/6)[Man(a1-3/6)]Man(a1-6)]Man(b1-4)GlcNAc(b1-4)GlcNAc,"{'Hex': 7, 'HexNAc': 3, 'dHex': 1}",37100,['Homo_sapiens'],['https://pubmed.ncbi.nlm.nih.gov/35183770/'],,N
Fuc(a1-3)[Gal(b1-4)]GlcNAc(b1-2)Man(a1-3)[Man(a1-2)Man(a1-3/6)[Man(a1-3/6)]Man(a1-6)][GlcNAc(b1-4)]Man(b1-4)GlcNAc(b1-4)GlcNAc,"{'Hex': 7, 'HexNAc': 4, 'dHex': 1}",47100,['Homo_sapiens'],['https://pubmed.ncbi.nlm.nih.gov/35183770/'],,N
Fuc(a1-3)[Gal(b1-4)]GlcNAc(b1-2)Man(a1-3)[Man(a1-3/6)Man(a1-6)][GlcNAc(b1-4)]Man(b1-4)GlcNAc(b1-4)GlcNAc,"{'Hex': 5, 'HexNAc': 4, 'dHex': 1}",45100,['Homo_sapiens'],['https://pubmed.ncbi.nlm.nih.gov/35183770/'],,N
Fuc(a1-3)[Gal(b1-4)]GlcNAc(b1-2)[Fuc(a1-3)[Gal(b1-4)]GlcNAc(b1-4)]Man(a1-3)[Fuc(a1-3)[Gal(b1-4)]GlcNAc(b1-2)[Gal(b1-4)GlcNAc(b1-4)][Fuc(a1-3)[Gal(b1-4)]GlcNAc(b1-6)]Man(a1-6)]Man(b1-4)GlcNAc(b1-4)GlcNAc,"{'Hex': 8, 'HexNAc': 7, 'dHex': 4}",78400,['Homo_sapiens'],['https://pubmed.ncbi.nlm.nih.gov/35183770/'],,N
Fuc(a1-3)[Gal(b1-4)]GlcNAc(b1-2)[Fuc(a1-3)[Gal(b1-4)]GlcNAc(b1-4)]Man(a1-3)[Man(a1-3)[Man(a1-6)]Man(a1-6)]Man(b1-4)GlcNAc(b1-4)GlcNAc,"{'Hex': 7, 'HexNAc': 4, 'dHex': 2}",47200,['Homo_sapiens'],['https://pubmed.ncbi.nlm.nih.gov/35183770/'],,N
Fuc(a1-3)[Gal(b1-4)]GlcNAc(b1-2)[Fuc(a1-3)[Gal(b1-4)]GlcNAc(b1-4)]Man(a1-3)[Man(a1-3/6)Man(a1-6)]Man(b1-4)GlcNAc(b1-4)GlcNAc,"{'Hex': 6, 'HexNAc': 4, 'dHex': 2}",46200,['Homo_sapiens'],['https://pubmed.ncbi.nlm.nih.gov/35183770/'],,N
Fuc(a1-3)[Gal(b1-4)]GlcNAc(b1-2)[Fuc(a1-3)[Gal(b1-4)]GlcNAc(b1-4)]Man(a1-3)[Man(a1-3/6)Man(a1-6)][GlcNAc(b1-4)]Man(b1-4)GlcNAc(b1-4)GlcNAc,"{'Hex': 6, 'HexNAc': 5, 'dHex': 2}",56200,['Homo_sapiens'],['https://pubmed.ncbi.nlm.nih.gov/35183770/'],,N
Fuc(a1-3)[Gal(b1-4)]GlcNAc(b1-2)[Gal(b1-4)GlcNAc(b1-4)]Man(a1-3)[Gal(b1-4)GlcNAc(b1-2)[Gal(b1-4)GlcNAc(b1-4)][Gal(b1-4)GlcNAc(b1-6)]Man(a1-6)][GlcNAc(b1-4)]Man(b1-4)GlcNAc(b1-4)GlcNAc,"{'Hex': 8, 'HexNAc': 8, 'dHex': 1}",88100,['Homo_sapiens'],['https://pubmed.ncbi.nlm.nih.gov/35183770/'],,N
Fuc(a1-3)[Gal(b1-4)]GlcNAc(b1-2)[Gal(b1-4)GlcNAc(b1-4)]Man(a1-3)[Gal(b1-4)GlcNAc(b1-2)[Gal(b1-4)GlcNAc(b1-6)]Man(a1-6)]Man(b1-4)GlcNAc(b1-4)GlcNAc,"{'Hex': 7, 'HexNAc': 6, 'dHex': 1}",67100,['Homo_sapiens'],['https://pubmed.ncbi.nlm.nih.gov/35183770/'],G95490LA,N
Fuc(a1-3)[Gal(b1-4)]GlcNAc(b1-2)[Gal(b1-4)GlcNAc(b1-4)]Man(a1-3)[Gal(b1-4)GlcNAc(b1-2)[Gal(b1-4)GlcNAc(b1-6)]Man(a1-6)][GlcNAc(b1-4)]Man(b1-4)GlcNAc(b1-4)GlcNAc,"{'Hex': 7, 'HexNAc': 7, 'dHex': 1}",77100,['Homo_sapiens'],['https://pubmed.ncbi.nlm.nih.gov/35183770/'],G51956RJ,N
Fuc(a1-3)[Gal(b1-4)]GlcNAc(b1-2)[Gal(b1-4)GlcNAc(b1-4)]Man(a1-3)[Gal(b1-4)GlcNAc(b1-2)[Gal(b1-4)GlcNAc(b1-6)][GlcNAc(b1-4)]Man(a1-6)][GlcNAc(b1-4)]Man(b1-4)GlcNAc(b1-4)GlcNAc,"{'Hex': 7, 'HexNAc': 8, 'dHex': 1}",87100,['Homo_sapiens'],['https://pubmed.ncbi.nlm.nih.gov/35183770/'],,N
Fuc(a1-3)[Gal(b1-4)]GlcNAc(b1-2)[Gal(b1-4)GlcNAc(b1-4)]Man(a1-3)[Man(a1-2)Man(a1-3/6)[Man(a1-3/6)]Man(a1-6)]Man(b1-4)GlcNAc(b1-4)GlcNAc,"{'Hex': 8, 'HexNAc': 4, 'dHex': 1}",48100,['Homo_sapiens'],['https://pubmed.ncbi.nlm.nih.gov/35183770/'],,N
Fuc(a1-3)[Gal(b1-4)]GlcNAc(b1-2)[Gal(b1-4)GlcNAc(b1-4)]Man(a1-3)[Man(a1-2)Man(a1-3/6)[Man(a1-3/6)]Man(a1-6)][GlcNAc(b1-4)]Man(b1-4)GlcNAc(b1-4)GlcNAc,"{'Hex': 8, 'HexNAc': 5, 'dHex': 1}",58100,['Homo_sapiens'],['https://pubmed.ncbi.nlm.nih.gov/35183770/'],,N
Fuc(a1-3)[Gal(b1-4)]GlcNAc(b1-2)[Gal(b1-4)GlcNAc(b1-4)]Man(a1-3)[Man(a1-3/6)Man(a1-6)][GlcNAc(b1-4)]Man(b1-4)GlcNAc(b1-4)GlcNAc,"{'Hex': 6, 'HexNAc': 5, 'dHex': 1}",56100,['Homo_sapiens'],['https://pubmed.ncbi.nlm.nih.gov/35183770/'],,N
Fuc(a1-3)[Gal(b1-4)]GlcNAc(b1-2)[GalNAc(b1-4)GlcNAc(b1-4)]Man(a1-3)[Man(a1-2)Man(a1-3)[Man(a1-2)Man(a1-6)]Man(a1-6)][GlcNAc(b1-4)]Man(b1-4)GlcNAc(b1-4)GlcNAc,"{'Hex': 8, 'HexNAc': 6, 'dHex': 1}",68100,['Homo_sapiens'],['https://pubmed.ncbi.nlm.nih.gov/35183770/'],,N
Fuc(a1-3)[Gal(b1-4)]GlcNAc(b1-2)[GalNAc(b1-4)GlcNAc(b1-4)]Man(a1-3)[Man(a1-2)Man(a1-3/6)[Man(a1-3/6)]Man(a1-6)]Man(b1-4)GlcNAc(b1-4)GlcNAc,"{'Hex': 7, 'HexNAc': 5, 'dHex': 1}",57100,['Homo_sapiens'],['https://pubmed.ncbi.nlm.nih.gov/35183770/'],,N
Fuc(a1-3)[Gal(b1-4)]GlcNAc(b1-2)[GalNAc(b1-4)GlcNAc(b1-4)]Man(a1-3)[Man(a1-3)[Man(a1-6)]Man(a1-6)]Man(b1-4)GlcNAc(b1-4)GlcNAc,"{'Hex': 6, 'HexNAc': 5, 'dHex': 1}",56100,['Homo_sapiens'],['https://pubmed.ncbi.nlm.nih.gov/35183770/'],,N
Fuc(a1-3)[Gal(b1-4)]GlcNAc(b1-2)[GlcNAc(b1-4)]Man(a1-3)[Fuc(a1-3)[Gal(b1-4)]GlcNAc(b1-2)[GlcNAc(b1-6)]Man(a1-6)]Man(b1-4)GlcNAc(b1-4)GlcNAc,"{'Hex': 5, 'HexNAc': 6, 'dHex': 2}",65200,['Homo_sapiens'],['https://pubmed.ncbi.nlm.nih.gov/35183770/'],,N
Fuc(a1-3)[Gal(b1-4)]GlcNAc(b1-2)[GlcNAc(b1-4)]Man(a1-3)[Gal(b1-4)GlcNAc(b1-2)[Gal(b1-4)GlcNAc(b1-6)]Man(a1-6)]Man(b1-4)GlcNAc(b1-4)GlcNAc,"{'Hex': 6, 'HexNAc': 6, 'dHex': 1}",66100,['Homo_sapiens'],['https://pubmed.ncbi.nlm.nih.gov/35183770/'],G16967GJ,N
Fuc(a1-3)[Gal(b1-4)]GlcNAc(b1-2)[GlcNAc(b1-4)]Man(a1-3)[Gal(b1-4)GlcNAc(b1-2)[Gal(b1-4)GlcNAc(b1-6)]Man(a1-6)][GlcNAc(b1-4)]Man(b1-4)GlcNAc(b1-4)GlcNAc,"{'Hex': 6, 'HexNAc': 7, 'dHex': 1}",76100,['Homo_sapiens'],['https://pubmed.ncbi.nlm.nih.gov/35183770/'],G91180QG,N
Fuc(a1-3)[Gal(b1-4)]GlcNAc(b1-2)[GlcNAc(b1-4)]Man(a1-3)[GlcNAc(b1-2)[GlcNAc(b1-6)]Man(a1-6)][GlcNAc(b1-4)]Man(b1-4)GlcNAc(b1-4)GlcNAc,"{'Hex': 4, 'HexNAc': 7, 'dHex': 1}",74100,['Homo_sapiens'],['https://pubmed.ncbi.nlm.nih.gov/35183770/'],G43447HY,N
Fuc(a1-3)[Gal(b1-4)]GlcNAc(b1-2)[GlcNAc(b1-4)]Man(a1-3)[Man(a1-2)Man(a1-3/6)[Man(a1-3/6)]Man(a1-6)]Man(b1-4)GlcNAc(b1-4)GlcNAc,"{'Hex': 7, 'HexNAc': 4, 'dHex': 1}",47100,['Homo_sapiens'],['https://pubmed.ncbi.nlm.nih.gov/35183770/'],,N
Fuc(a1-3)[Gal(b1-4)]GlcNAc(b1-2)[GlcNAc(b1-4)]Man(a1-3)[Man(a1-3)[Man(a1-6)]Man(a1-6)]Man(b1-4)GlcNAc(b1-4)GlcNAc,"{'Hex': 6, 'HexNAc': 4, 'dHex': 1}",46100,['Homo_sapiens'],['https://pubmed.ncbi.nlm.nih.gov/35183770/'],G39906AT,N
Fuc(a1-3)[Gal(b1-4)]GlcNAc(b1-2)[GlcNAc(b1-4)]Man(a1-3)[Man(a1-3/6)Man(a1-6)]Man(b1-4)GlcNAc(b1-4)GlcNAc,"{'Hex': 5, 'HexNAc': 4, 'dHex': 1}",45100,['Homo_sapiens'],['https://pubmed.ncbi.nlm.nih.gov/35183770/'],,N
Fuc(a1-3)[Gal(b1-4)]GlcNAc(b1-2)[GlcNAc(b1-4)]Man(a1-3)[Man(a1-3/6)Man(a1-6)][GlcNAc(b1-4)]Man(b1-4)GlcNAc(b1-4)GlcNAc,"{'Hex': 5, 'HexNAc': 5, 'dHex': 1}",55100,['Homo_sapiens'],['https://pubmed.ncbi.nlm.nih.gov/35183770/'],,N
Fuc(a1-3)[Gal(b1-4)]GlcNAc(b1-3)Gal(b1-4)GlcNAc(b1-2)Man(a1-6)[Fuc(a1-2)Gal(b1-4)[Fuc(a1-3)]GlcNAc(b1-2/4)[Neu5Ac(a2-3/6)Gal(b1-4)GlcNAc(b1-2/4)]Man(a1-3)]Man(b1-4)GlcNAc(b1-4)GlcNAc,"{'Hex': 7, 'HexNAc': 6, 'Neu5Ac': 1, 'dHex': 3}",67310,['Homo_sapiens'],['https://pubmed.ncbi.nlm.nih.gov/33650863/'],,N
Fuc(a1-3)[Gal(b1-4)]GlcNAc(b1-3)Gal(b1-4)GlcNAc(b1-2)[Fuc(a1-3)[Gal(b1-4)]GlcNAc(b1-3)Gal(b1-4)GlcNAc(b1-6)]Man(a1-6)[Fuc(a1-2)Gal(b1-4)[Fuc(a1-3)]GlcNAc(b1-2/4)[Neu5Ac(a2-3/6)Gal(b1-4)GlcNAc(b1-2/4)]Man(a1-3)]Man(b1-4)GlcNAc(b1-4)GlcNAc,"{'Hex': 9, 'HexNAc': 8, 'Neu5Ac': 1, 'dHex': 4}",89410,['Homo_sapiens'],['https://pubmed.ncbi.nlm.nih.gov/33650863/'],,N
Fuc(a1-3)[Gal(b1-4)]GlcNAc(b1-3)Gal(b1-4)GlcNAc(b1-2)[Fuc(a1-3)[Gal(b1-4)]GlcNAc(b1-3)Gal(b1-4)GlcNAc(b1-6)]Man(a1-6)[Neu5Ac(a2-3/6)Gal(b1-4)[Fuc(a1-3)]GlcNAc(b1-2/4)[Neu5Ac(a2-3/6)Gal(b1-4)GlcNAc(b1-2/4)]Man(a1-3)]Man(b1-4)GlcNAc(b1-4)GlcNAc,"{'Hex': 9, 'HexNAc': 8, 'Neu5Ac': 2, 'dHex': 3}",89320,['Homo_sapiens'],['https://pubmed.ncbi.nlm.nih.gov/33650863/'],,N
Fuc(a1-3)[Gal(b1-4)]GlcNAc(b1-3)Gal(b1-4)GlcNAc(b1-2/4)[Neu5Ac(a2-3/6)Gal(b1-4)GlcNAc(b1-2/4)]Man(a1-3)[Fuc(a1-3)[Gal(b1-4)]GlcNAc(b1-3)Gal(b1-4)GlcNAc(b1-2)[Fuc(a1-3)[Gal(b1-4)]GlcNAc(b1-3)Gal(b1-4)GlcNAc(b1-6)]Man(a1-6)]Man(b1-4)GlcNAc(b1-4)GlcNAc,"{'Hex': 10, 'HexNAc': 9, 'Neu5Ac': 1, 'dHex': 3}",910310,['Homo_sapiens'],['https://pubmed.ncbi.nlm.nih.gov/33650863/'],,N
Fuc(a1-3)[GalNAc(b1-4)]GlcNAc(b1-2)Man(a1-3)[Fuc(a1-3)[GalNAc(b1-4)]GlcNAc(b1-2)Man(a1-6)]Man(b1-4)GlcNAc(b1-4)GlcNAc,"{'Hex': 3, 'HexNAc': 6, 'dHex': 2}",63200,['Homo_sapiens'],['https://pubmed.ncbi.nlm.nih.gov/35183770/'],G30372WK,N
Fuc(a1-3)[GalNAc(b1-4)]GlcNAc(b1-2)Man(a1-3)[Gal(b1-4)GlcNAc(b1-2)Man(a1-6)]Man(b1-4)GlcNAc(b1-4)GlcNAc,"{'Hex': 4, 'HexNAc': 5, 'dHex': 1}",54100,['Homo_sapiens'],['https://pubmed.ncbi.nlm.nih.gov/35183770/'],,N
Fuc(a1-3)[GalNAc(b1-4)]GlcNAc(b1-2)Man(a1-3)[GlcNAc(b1-2)Man(a1-6)]Man(b1-4)GlcNAc(b1-4)GlcNAc,"{'Hex': 3, 'HexNAc': 5, 'dHex': 1}",53100,['Homo_sapiens'],['https://pubmed.ncbi.nlm.nih.gov/35183770/'],G51749PV,N
Fuc(a1-3)[GalNAc(b1-4)]GlcNAc(b1-2)Man(a1-3)[GlcNAc(b1-4)][Man(a1-6)]Man(b1-4)GlcNAc(b1-4)GlcNAc,"{'Hex': 3, 'HexNAc': 5, 'dHex': 1}",53100,['Homo_sapiens'],['https://pubmed.ncbi.nlm.nih.gov/35183770/'],,N
Fuc(a1-3)[GalNAc(b1-4)]GlcNAc(b1-2)Man(a1-3)[Man(a1-3/6)Man(a1-6)]Man(b1-4)GlcNAc(b1-4)GlcNAc,"{'Hex': 4, 'HexNAc': 4, 'dHex': 1}",44100,['Homo_sapiens'],['https://pubmed.ncbi.nlm.nih.gov/35183770/'],,N
Fuc(a1-3)[GalNAc(b1-4)]GlcNAc(b1-2)Man(a1-6)[GlcNAc(b1-2)Man(a1-3)][GlcNAc(b1-4)]Man(b1-4)GlcNAc(b1-4)GlcNAc,"{'Hex': 3, 'HexNAc': 6, 'dHex': 1}",63100,['Homo_sapiens'],['https://pubmed.ncbi.nlm.nih.gov/36216861/'],,N
Fuc(a1-3/4)[Gal(b1-3/4)]GlcNAc(b1-2)Man(a1-3)[Fuc(a1-3/4)[Gal(b1-3/4)]GlcNAc(b1-2)Man(a1-6)][GlcNAc(b1-4)]Man(b1-4)GlcNAc(b1-4)GlcNAc,"{'Hex': 5, 'HexNAc': 5, 'dHex': 2}",55200,['Homo_sapiens'],['https://www.frontiersin.org/articles/10.3389/fchem.2021.637730/full'],,N
Fuc(a1-3/4)[GalNAc(b1-3/4)]GlcNAc(b1-2)Man(a1-3)[Man(a1-3)[Man(a1-6)]Man(a1-6)]Man(b1-4)GlcNAc(b1-4)GlcNAc,"{'Hex': 5, 'HexNAc': 4, 'dHex': 1}",45100,['Homo_sapiens'],['https://pubmed.ncbi.nlm.nih.gov/25210975/'],,N
Gal(a1-3)Gal(b1-3/4)GlcNAc(b1-2)Man(a1-3)[GlcNAc(b1-2)Man(a1-6)]Man(b1-4)GlcNAc(b1-4)GlcNAc,"{'Hex': 5, 'HexNAc': 4}",45000,['Homo_sapiens'],['https://www.frontiersin.org/articles/10.3389/fchem.2021.637730/full'],G83273WX,N
Gal(a1-3)Gal(b1-4)GlcNAc(b1-2)Man(a1-3)[GlcNAc(b1-2)Man(a1-6)]Man(b1-4)GlcNAc(b1-4)GlcNAc,"{'Hex': 5, 'HexNAc': 4}",45000,['Homo_sapiens'],['https://pubmed.ncbi.nlm.nih.gov/36315615/'],,N
Gal(a1-3)Gal(b1-4)GlcNAc(b1-2/4/6)[Gal(b1-4)GlcNAc(b1-2/4/6)]Man(a1-3/6)[Gal(a1-3)Gal(b1-4)GlcNAc(b1-2/4/6)[Gal(b1-4)GlcNAc(b1-2/4/6)]Man(a1-3/6)]Man(b1-4)GlcNAc(b1-4)GlcNAc,"{'Hex': 9, 'HexNAc': 6}",69000,['Homo_sapiens'],['https://pubmed.ncbi.nlm.nih.gov/38096130/'],,N
Gal(b1-3/4)GlcNAc(b1-2)Man(a1-3)[Gal(b1-4)GlcNAc(b1-2)Man(a1-6)]Man(b1-4)GlcNAc(b1-4)GlcNAc,"{'Hex': 5, 'HexNAc': 4}",45000,['Homo_sapiens'],[''],G31303GK,N
Gal(b1-3/4)GlcNAc(b1-2)Man(a1-3)[GalNAcOS(b1-3/4)GlcNAc(b1-2)Man(a1-6)]Man(b1-4)GlcNAc(b1-4)GlcNAc,"{'Hex': 4, 'HexNAc': 5, 'S': 1}",54000,['Homo_sapiens'],['https://www.frontiersin.org/articles/10.3389/fchem.2021.637730/full'],,N
Gal(b1-3/4)GlcNAc(b1-2)Man(a1-3/6)Man(b1-4)GlcNAc(b1-4)GlcNAc,"{'Hex': 3, 'HexNAc': 3}",33000,['Homo_sapiens'],[''],G20719UR,N
Gal(b1-3/4)GlcNAc(b1-2)[Gal(b1-3/4)GlcNAc(b1-4/6)]Man(a1-3/6)[Gal(b1-3/4)GlcNAc(b1-2)Man(a1-3/6)][GlcNAc(b1-4)]Man(b1-4)GlcNAc(b1-4)GlcNAc,"{'Hex': 6, 'HexNAc': 6}",66000,['Homo_sapiens'],['https://pubmed.ncbi.nlm.nih.gov/26723536/'],,N
Gal(b1-3/4)GlcNAc(b1-2/4)[GlcNAc(b1-2/4)]Man(a1-3)[Gal(b1-3/4)GlcNAc(b1-2/6)[GlcNAc(b1-2/6)]Man(a1-6)]Man(b1-4)GlcNAc(b1-4)GlcNAc,"{'Hex': 5, 'HexNAc': 6}",65000,['Homo_sapiens'],[''],G75051CY,N
Gal(b1-3/4)GlcNAc(b1-3)Gal(b1-3/4)GlcNAc(b1-3)Gal(b1-4)GlcNAc(b1-2)Man(a1-3)[Gal(b1-3/4)GlcNAc(b1-3)Gal(b1-4)GlcNAc(b1-2)Man(a1-6)]Man(b1-4)GlcNAc(b1-4)GlcNAc,"{'Hex': 8, 'HexNAc': 7}",78000,['Homo_sapiens'],['https://pubmed.ncbi.nlm.nih.gov/36216861/'],,N
Gal(b1-3/4)GlcNAc(b1-3)Gal(b1-3/4)GlcNAc(b1-3)Gal(b1-4)GlcNAc(b1-2)Man(a1-3)[Gal(b1-4)GlcNAc(b1-2)Man(a1-6)]Man(b1-4)GlcNAc(b1-4)GlcNAc,"{'Hex': 7, 'HexNAc': 6}",67000,['Homo_sapiens'],['https://pubmed.ncbi.nlm.nih.gov/36216861/'],,N
Gal(b1-3/4)GlcNAc(b1-3)Gal(b1-3/4)GlcNAc(b1-3)Gal(b1-4)GlcNAc(b1-2)Man(a1-3)[Gal(b1-4)GlcNAc(b1-2)Man(a1-6)][GlcNAc(b1-4)]Man(b1-4)GlcNAc(b1-4)GlcNAc,"{'Hex': 7, 'HexNAc': 7}",77000,['Homo_sapiens'],['https://pubmed.ncbi.nlm.nih.gov/36216861/'],,N
Gal(b1-3/4)GlcNAc(b1-3)Gal(b1-3/4)GlcNAc(b1-3)Gal(b1-4)GlcNAc(b1-2)Man(a1-3)[GalNAc(b1-4)GlcNAc(b1-2)Man(a1-6)]Man(b1-4)GlcNAc(b1-4)GlcNAc,"{'Hex': 6, 'HexNAc': 7}",76000,['Homo_sapiens'],['https://pubmed.ncbi.nlm.nih.gov/36216861/'],,N
Gal(b1-3/4)GlcNAc(b1-3)Gal(b1-3/4)[Fuc(a1-3/4)]GlcNAc(b1-3)Gal(b1-4)GlcNAc(b1-2)Man(a1-6)[Gal(b1-3/4)GlcNAc(b1-4)Gal(b1-4)GlcNAc(b1-2)Man(a1-3)]Man(b1-4)GlcNAc(b1-4)GlcNAc,"{'Hex': 8, 'HexNAc': 7, 'dHex': 1}",78100,['Homo_sapiens'],['https://pubmed.ncbi.nlm.nih.gov/36216861/'],,N
Gal(b1-3/4)GlcNAc(b1-3)Gal(b1-4)GlcNAc(b1-2)Man(a1-3)[Fuc(a1-3)[Gal(b1-4)]GlcNAc(b1-2)Man(a1-6)]Man(b1-4)GlcNAc(b1-4)GlcNAc,"{'Hex': 6, 'HexNAc': 5, 'dHex': 1}",56100,['Homo_sapiens'],['https://pubmed.ncbi.nlm.nih.gov/36216861/'],,N
Gal(b1-3/4)GlcNAc(b1-3)Gal(b1-4)GlcNAc(b1-2)Man(a1-3)[Gal(b1-3/4)GlcNAc(b1-3)Gal(b1-4)GlcNAc(b1-2)Man(a1-6)]Man(b1-4)GlcNAc(b1-4)GlcNAc,"{'Hex': 7, 'HexNAc': 6}",67000,['Homo_sapiens'],['https://pubmed.ncbi.nlm.nih.gov/36216861/'],,N
Gal(b1-3/4)GlcNAc(b1-3)Gal(b1-4)GlcNAc(b1-2)Man(a1-3)[Gal(b1-3/4)GlcNAc(b1-3)Gal(b1-4)GlcNAc(b1-2)Man(a1-6)][GlcNAc(b1-4)]Man(b1-4)GlcNAc(b1-4)GlcNAc,"{'Hex': 7, 'HexNAc': 7}",77000,['Homo_sapiens'],['https://pubmed.ncbi.nlm.nih.gov/36216861/'],,N
Gal(b1-3/4)GlcNAc(b1-3)Gal(b1-4)GlcNAc(b1-2)Man(a1-3)[Gal(b1-4)GlcNAc(b1-3)Man(a1-6)]Man(b1-4)GlcNAc(b1-4)GlcNAc,"{'Hex': 6, 'HexNAc': 5}",56000,['Homo_sapiens'],['https://pubmed.ncbi.nlm.nih.gov/36216861/'],,N
Gal(b1-3/4)GlcNAc(b1-3)Gal(b1-4)GlcNAc(b1-2)Man(a1-3/6)[GlcNAc(b1-2)Man(a1-3/6)]Man(b1-4)GlcNAc(b1-4)GlcNAc,"{'Hex': 5, 'HexNAc': 5}",55000,['Homo_sapiens'],['https://pubmed.ncbi.nlm.nih.gov/36216861/'],,N
Gal(b1-3/4)GlcNAc(b1-3)Gal(b1-4)GlcNAc(b1-2)Man(a1-3/6)[Man(a1-3/6)]Man(b1-4)GlcNAc(b1-4)GlcNAc,"{'Hex': 5, 'HexNAc': 4}",45000,['Homo_sapiens'],['https://pubmed.ncbi.nlm.nih.gov/36216861/'],,N
Gal(b1-3/4)GlcNAc(b1-3)Gal(b1-4)GlcNAc(b1-2)Man(a1-6)[Gal(b1-4)GlcNAc(b1-2)Man(a1-3)][GlcNAc(b1-4)]Man(b1-4)GlcNAc(b1-4)GlcNAc,"{'Hex': 6, 'HexNAc': 6}",66000,['Homo_sapiens'],['https://pubmed.ncbi.nlm.nih.gov/36216861/'],,N
Gal(b1-4)GlcNAc(b1-2)Man(a1-3)[Fuc(a1-3)[Gal(b1-4)]GlcNAc(b1-2/6)[Gal(b1-4)GlcNAc(b1-2/6)]Man(a1-6)][GlcNAc(b1-4)]Man(b1-4)GlcNAc(b1-4)GlcNAc,"{'Hex': 6, 'HexNAc': 6, 'dHex': 1}",66100,['Homo_sapiens'],['https://pubmed.ncbi.nlm.nih.gov/33650863/'],,N
Gal(b1-4)GlcNAc(b1-2)Man(a1-3)[Gal(b1-4)GlcNAc(a1-2)Man(a1-6)]Man(b1-4)GlcNAc(b1-4)GlcNAc,"{'Hex': 5, 'HexNAc': 4}",45000,['Homo_sapiens'],['http://www.functionalglycomics.org/glycomics/SampleServlet?operationType=view&key=110'],,N
Gal(b1-4)GlcNAc(b1-2)Man(a1-3)[Gal(b1-4)GlcNAc(a1-2)Man(a1-6)][GlcNAc(b1-4)]Man(b1-4)GlcNAc(b1-4)GlcNAc,"{'Hex': 5, 'HexNAc': 5}",55000,['Homo_sapiens'],['http://www.functionalglycomics.org/glycomics/SampleServlet?operationType=view&key=110'],,N
Gal(b1-4)GlcNAc(b1-2)Man(a1-3)[Gal(b1-4)GlcNAc(b1-2)[Fuc(a1-3)[Gal(b1-4)]GlcNAc(b1-6)]Man(a1-6)][GlcNAc(b1-4)]Man(b1-4)GlcNAc(b1-4)GlcNAc,"{'Hex': 6, 'HexNAc': 6, 'dHex': 1}",66100,['Homo_sapiens'],['https://pubmed.ncbi.nlm.nih.gov/32737218/'],,N
Gal(b1-4)GlcNAc(b1-2)Man(a1-3)[Gal(b1-4)GlcNAc(b1-2)[GlcNAc(b1-6)]Man(a1-6)]Man(b1-4)GlcNAc(b1-4)GlcNAc,"{'Hex': 5, 'HexNAc': 5}",55000,['Homo_sapiens'],['https://pubmed.ncbi.nlm.nih.gov/35183770/'],G78803YD,N
Gal(b1-4)GlcNAc(b1-2)Man(a1-3)[Gal(b1-4)GlcNAc(b1-2)[GlcNAc(b1-6)]Man(a1-6)][GlcNAc(b1-4)]Man(b1-4)GlcNAc(b1-4)GlcNAc,"{'Hex': 5, 'HexNAc': 6}",65000,['Homo_sapiens'],['https://pubmed.ncbi.nlm.nih.gov/35183770/'],,N
Gal(b1-4)GlcNAc(b1-2)Man(a1-3)[Gal(b1-4)GlcNAc(b1-6)Man(a1-6)]Man(b1-4)GlcNAc(b1-4)GlcNAc,"{'Hex': 5, 'HexNAc': 4}",45000,['Homo_sapiens'],[''],G10295MW,N
Gal(b1-4)GlcNAc(b1-2)Man(a1-3)[GlcNAc(b1-2)[GlcNAc(b1-6)]Man(a1-6)]Man(b1-4)GlcNAc(b1-4)GlcNAc,"{'Hex': 4, 'HexNAc': 5}",54000,['Homo_sapiens'],['https://pubmed.ncbi.nlm.nih.gov/35183770/'],G01265XZ,N
Gal(b1-4)GlcNAc(b1-2)Man(a1-3)[GlcNAc(b1-2)[GlcNAc(b1-6)]Man(a1-6)][GlcNAc(b1-4)]Man(b1-4)GlcNAc(b1-4)GlcNAc,"{'Hex': 4, 'HexNAc': 6}",64000,['Homo_sapiens'],['https://pubmed.ncbi.nlm.nih.gov/35183770/'],,N
Gal(b1-4)GlcNAc(b1-2)Man(a1-3)[Man(a1-2)Man(a1-3)[Man(a1-2)Man(a1-6)]Man(a1-6)][GlcNAc(b1-4)]Man(b1-4)GlcNAc(b1-4)GlcNAc,"{'Hex': 8, 'HexNAc': 4}",48000,['Homo_sapiens'],['https://pubmed.ncbi.nlm.nih.gov/35183770/'],,N
Gal(b1-4)GlcNAc(b1-2)Man(a1-3)[Man(a1-2)Man(a1-3/6)[Man(a1-3/6)]Man(a1-6)]Man(b1-4)GlcNAc(b1-4)GlcNAc,"{'Hex': 7, 'HexNAc': 3}",37000,['Homo_sapiens'],['https://pubmed.ncbi.nlm.nih.gov/35183770/'],,N
Gal(b1-4)GlcNAc(b1-2)Man(a1-3)[Man(a1-2)Man(a1-3/6)[Man(a1-3/6)]Man(a1-6)][GlcNAc(b1-4)]Man(b1-4)GlcNAc(b1-4)GlcNAc,"{'Hex': 7, 'HexNAc': 4}",47000,['Homo_sapiens'],['https://pubmed.ncbi.nlm.nih.gov/35183770/'],,N
Gal(b1-4)GlcNAc(b1-2)Man(a1-3)[Man(a1-3)[Man6P(a1-6)]Man(a1-6)]Man(b1-4)GlcNAc(b1-4)GlcNAc,"{'Hex': 6, 'HexNAc': 3, 'P': 1}",36000,['Homo_sapiens'],['https://pubmed.ncbi.nlm.nih.gov/36902272/'],,N
Gal(b1-4)GlcNAc(b1-2)Man(a1-3)[Man6P(a1-2)Man(a1-6)[Man(a1-3)]Man(a1-6)]Man(b1-4)GlcNAc(b1-4)GlcNAc,"{'Hex': 7, 'HexNAc': 3, 'P': 1}",37000,['Homo_sapiens'],[''],G05808PZ,N
Gal(b1-4)GlcNAc(b1-2)Man(a1-3/6)[Gal(b1-4)GlcNAc(b1-2)[Gal(b1-4)GlcNAc(b1-4/6)]Man(a1-3/6)]Man(b1-4)GlcNAc(b1-4)GlcNAc,"{'Hex': 6, 'HexNAc': 5}",56000,['Homo_sapiens'],['http://www.functionalglycomics.org/glycomics/SampleServlet?operationType=view&key=253'],G56282EF,N
Gal(b1-4)GlcNAc(b1-2)Man(a1-6)[GlcNAc(b1-4)Man(a1-3)]Man(b1-4)GlcNAc(b1-4)GlcNAc,"{'Hex': 4, 'HexNAc': 4}",44000,['Homo_sapiens'],[''],G93624ZP,N
Gal(b1-4)GlcNAc(b1-2)[Gal(b1-4)GlcNAc(b1-4)]Man(a1-3)[Fuc(a1-3)[Gal(b1-4)]GlcNAc(b1-2)[Gal(b1-4)GlcNAc(b1-6)]Man(a1-6)]Man(b1-4)GlcNAc(b1-4)GlcNAc,"{'Hex': 7, 'HexNAc': 6, 'dHex': 1}",67100,['Homo_sapiens'],[''],G88382QE,N
Gal(b1-4)GlcNAc(b1-2)[Gal(b1-4)GlcNAc(b1-4)]Man(a1-3)[Gal(b1-4)GlcNAc(b1-2)[Fuc(a1-3)[Gal(b1-4)]GlcNAc(b1-6)]Man(a1-6)]Man(b1-4)GlcNAc(b1-4)GlcNAc,"{'Hex': 7, 'HexNAc': 6, 'dHex': 1}",67100,['Homo_sapiens'],[''],G40906DZ,N
Gal(b1-4)GlcNAc(b1-2)[Gal(b1-4)GlcNAc(b1-4)]Man(a1-3)[Gal(b1-4)GlcNAc(b1-2)[Gal(b1-4)GlcNAc(b1-4)][Gal(b1-4)GlcNAc(b1-6)]Man(a1-6)]Man(b1-4)GlcNAc(b1-4)GlcNAc,"{'Hex': 8, 'HexNAc': 7}",78000,['Homo_sapiens'],['https://pubmed.ncbi.nlm.nih.gov/35183770/'],G84347HP,N
Gal(b1-4)GlcNAc(b1-2)[Gal(b1-4)GlcNAc(b1-4)]Man(a1-3)[Gal(b1-4)GlcNAc(b1-2)[Gal(b1-4)GlcNAc(b1-4)][Gal(b1-4)GlcNAc(b1-6)]Man(a1-6)][GlcNAc(b1-4)]Man(b1-4)GlcNAc(b1-4)GlcNAc,"{'Hex': 8, 'HexNAc': 8}",88000,['Homo_sapiens'],['https://pubmed.ncbi.nlm.nih.gov/35183770/'],,N
Gal(b1-4)GlcNAc(b1-2)[Gal(b1-4)GlcNAc(b1-4)]Man(a1-3)[Gal(b1-4)GlcNAc(b1-2)[Gal(b1-4)GlcNAc(b1-6)][GlcNAc(b1-4)]Man(a1-6)]Man(b1-4)GlcNAc(b1-4)GlcNAc,"{'Hex': 7, 'HexNAc': 7}",77000,['Homo_sapiens'],['https://pubmed.ncbi.nlm.nih.gov/35183770/'],,N
Gal(b1-4)GlcNAc(b1-2)[Gal(b1-4)GlcNAc(b1-4)]Man(a1-3)[Gal(b1-4)GlcNAc(b1-2)[Gal(b1-4)GlcNAc(b1-6)][GlcNAc(b1-4)]Man(a1-6)][GlcNAc(b1-4)]Man(b1-4)GlcNAc(b1-4)GlcNAc,"{'Hex': 7, 'HexNAc': 8}",87000,['Homo_sapiens'],['https://pubmed.ncbi.nlm.nih.gov/35183770/'],,N
Gal(b1-4)GlcNAc(b1-2)[Gal(b1-4)GlcNAc(b1-4)]Man(a1-3)[Gal(b1-4)GlcNAc(b1-2)[GlcNAc(b1-6)]Man(a1-6)]Man(b1-4)GlcNAc(b1-4)GlcNAc,"{'Hex': 6, 'HexNAc': 6}",66000,"['Homo_sapiens', 'Oryzias_latipes']","['', 'https://www.tandfonline.com/doi/full/10.1080/09553002.2021.1864500']",G73308YY,N
Gal(b1-4)GlcNAc(b1-2)[Gal(b1-4)GlcNAc(b1-4)]Man(a1-3)[Man(a1-2)Man(a1-3/6)[Man(a1-3/6)]Man(a1-6)]Man(b1-4)GlcNAc(b1-4)GlcNAc,"{'Hex': 8, 'HexNAc': 4}",48000,['Homo_sapiens'],['https://pubmed.ncbi.nlm.nih.gov/35183770/'],,N
Gal(b1-4)GlcNAc(b1-2)[Gal(b1-4)GlcNAc(b1-4)]Man(a1-3)[Man(a1-3/6)Man(a1-6)][GlcNAc(b1-4)]Man(b1-4)GlcNAc(b1-4)GlcNAc,"{'Hex': 6, 'HexNAc': 5}",56000,['Homo_sapiens'],['https://pubmed.ncbi.nlm.nih.gov/35183770/'],,N
Gal(b1-4)GlcNAc(b1-2)[Gal(b1-4)GlcNAc(b1-4)][Gal(b1-4)GlcNAc(b1-6)]Man(a1-3)[Gal(b1-4)GlcNAc(b1-2)[Gal(b1-4)GlcNAc(b1-4)][Gal(b1-4)GlcNAc(b1-6)]Man(a1-6)]Man(b1-4)GlcNAc(b1-4)GlcNAc,"{'Hex': 9, 'HexNAc': 8}",89000,['Homo_sapiens'],['https://pubmed.ncbi.nlm.nih.gov/35183770/'],,N
Gal(b1-4)GlcNAc(b1-2)[Gal(b1-4)GlcNAc(b1-4)][Gal(b1-4)GlcNAc(b1-6)]Man(a1-3/6)[GlcNAc(b1-2)[GlcNAc(b1-4/6)]Man(a1-3/6)][GlcNAc(b1-4)]Man(b1-4)GlcNAc(b1-4)GlcNAc,"{'Hex': 6, 'HexNAc': 8}",86000,['Homo_sapiens'],['https://pubmed.ncbi.nlm.nih.gov/38096130/'],,N
Gal(b1-4)GlcNAc(b1-2)[Gal(b1-4)GlcNAc(b1-4)][GlcNAc(b1-6)]Man(a1-3)[Gal(b1-4)GlcNAc(b1-2)[Gal(b1-4)GlcNAc(b1-6)][GlcNAc(b1-4)]Man(a1-6)]Man(b1-4)GlcNAc(b1-4)GlcNAc,"{'Hex': 7, 'HexNAc': 8}",87000,['Homo_sapiens'],['https://pubmed.ncbi.nlm.nih.gov/35183770/'],,N
Gal(b1-4)GlcNAc(b1-2)[Gal(b1-4)GlcNAc(b1-4/6)]Man(a1-3/6)[GlcNAc(b1-2)Man(a1-3/6)][GlcNAc(b1-4)]Man(b1-4)GlcNAc(b1-4)GlcNAc,"{'Hex': 5, 'HexNAc': 6}",65000,['Homo_sapiens'],['http://www.functionalglycomics.org/glycomics/SampleServlet?operationType=view&key=123'],,N
Gal(b1-4)GlcNAc(b1-2)[GlcNAc(b1-4)]Man(a1-3)[Gal(b1-4)GlcNAc(b1-2)[GlcNAc(b1-6)]Man(a1-6)]Man(b1-4)GlcNAc(b1-4)GlcNAc,"{'Hex': 5, 'HexNAc': 6}",65000,['Homo_sapiens'],['https://pubmed.ncbi.nlm.nih.gov/35183770/'],G99645NK,N
Gal(b1-4)GlcNAc(b1-2)[GlcNAc(b1-4)]Man(a1-3)[Gal(b1-4)GlcNAc(b1-2)[GlcNAc(b1-6)]Man(a1-6)][GlcNAc(b1-4)]Man(b1-4)GlcNAc(b1-4)GlcNAc,"{'Hex': 5, 'HexNAc': 7}",75000,['Homo_sapiens'],['https://pubmed.ncbi.nlm.nih.gov/35183770/'],G53802DN,N
Gal(b1-4)GlcNAc(b1-2)[GlcNAc(b1-4)]Man(a1-3)[Gal(b1-4)GlcNAc(b1-6)[Gal(b1-4)GlcNAc(b1-2)]Man(a1-6)]Man(b1-4)GlcNAc(b1-4)GlcNAc,"{'Hex': 6, 'HexNAc': 6}",66000,['Homo_sapiens'],['https://pubmed.ncbi.nlm.nih.gov/36278935/'],,N
Gal(b1-4)GlcNAc(b1-2)[GlcNAc(b1-4)]Man(a1-3)[GlcNAc(b1-2)[GlcNAc(b1-6)]Man(a1-6)]Man(b1-4)GlcNAc(b1-4)GlcNAc,"{'Hex': 4, 'HexNAc': 6}",64000,['Homo_sapiens'],['https://pubmed.ncbi.nlm.nih.gov/35183770/'],G08418PB,N
Gal(b1-4)GlcNAc(b1-2)[GlcNAc(b1-4)]Man(a1-3)[GlcNAc(b1-2)[GlcNAc(b1-6)][GlcNAc(b1-4)]Man(a1-6)]Man(b1-4)GlcNAc(b1-4)GlcNAc,"{'Hex': 4, 'HexNAc': 7}",74000,['Homo_sapiens'],['https://pubmed.ncbi.nlm.nih.gov/35183770/'],G04019SU,N
Gal(b1-4)GlcNAc(b1-2)[GlcNAc(b1-4)]Man(a1-3)[Man(a1-2)Man(a1-3/6)[Man(a1-3/6)]Man(a1-6)]Man(b1-4)GlcNAc(b1-4)GlcNAc,"{'Hex': 7, 'HexNAc': 4}",47000,['Homo_sapiens'],['https://pubmed.ncbi.nlm.nih.gov/35183770/'],,N
Gal(b1-4)GlcNAc(b1-2)[GlcNAc(b1-4)]Man(a1-3)[Man(a1-3)[Man(a1-6)]Man(a1-6)][GlcNAc(b1-4)]Man(b1-4)GlcNAc(b1-4)GlcNAc,"{'Hex': 6, 'HexNAc': 5}",56000,['Homo_sapiens'],['https://pubmed.ncbi.nlm.nih.gov/35183770/'],G53471VF,N
Gal(b1-4)GlcNAc(b1-2)[GlcNAc(b1-4)]Man(a1-3)[Man(a1-3/6)Man(a1-6)]Man(b1-4)GlcNAc(b1-4)GlcNAc,"{'Hex': 5, 'HexNAc': 4}",45000,['Homo_sapiens'],['https://pubmed.ncbi.nlm.nih.gov/35183770/'],,N
Gal(b1-4)GlcNAc(b1-2)[GlcNAc(b1-4)]Man(a1-3)[Man(a1-3/6)Man(a1-6)][GlcNAc(b1-4)]Man(b1-4)GlcNAc(b1-4)GlcNAc,"{'Hex': 5, 'HexNAc': 5}",55000,['Homo_sapiens'],['https://pubmed.ncbi.nlm.nih.gov/35183770/'],,N
Gal(b1-4)GlcNAc(b1-2)[GlcNAc(b1-4)][GlcNAc(b1-6)]Man(a1-3)[Gal(b1-4)GlcNAc(b1-2)[GlcNAc(b1-4)][GlcNAc(b1-6)]Man(a1-6)]Man(b1-4)GlcNAc(b1-4)GlcNAc,"{'Hex': 5, 'HexNAc': 8}",85000,['Homo_sapiens'],['https://pubmed.ncbi.nlm.nih.gov/35183770/'],,N
Gal(b1-4)GlcNAc(b1-3)Gal(b1-4)GlcNAc(b1-2)Man(a1-3)[Neu5Ac(a2-3/6)Gal(b1-4)GlcNAc(b1-2)[Neu5Ac(a2-3/6)Gal(b1-4)GlcNAc(b1-6)]Man(a1-6)]Man(b1-4)GlcNAc(b1-4)GlcNAc,"{'Hex': 7, 'HexNAc': 6, 'Neu5Ac': 2}",67020,['Homo_sapiens'],['https://pubmed.ncbi.nlm.nih.gov/33650863/'],,N
Gal(b1-4)GlcNAc(b1-3)Gal(b1-4)GlcNAc(b1-2)Man(a1-3)[Neu5Ac(a2-3/6)Gal(b1-4)GlcNAc(b1-2/6)[Gal(b1-4)GlcNAc(b1-2/6)]Man(a1-6)]Man(b1-4)GlcNAc(b1-4)GlcNAc,"{'Hex': 7, 'HexNAc': 6, 'Neu5Ac': 1}",67010,['Homo_sapiens'],['https://pubmed.ncbi.nlm.nih.gov/33650863/'],,N
Gal(b1-4)GlcNAc(b1-3)Gal(b1-4)GlcNAc(b1-2)Man(a1-3)[Neu5Ac(a2-3/6)Gal(b1-4)GlcNAc(b1-6)[Gal(b1-4)GlcNAc(b1-2)]Man(a1-6)]Man(b1-4)GlcNAc(b1-4)GlcNAc,"{'Hex': 7, 'HexNAc': 6, 'Neu5Ac': 1}",67010,['Homo_sapiens'],['https://pubmed.ncbi.nlm.nih.gov/32737218/'],,N
Gal(b1-4)GlcNAc(b1-3)Gal(b1-4)GlcNAc(b1-2)Man(a1-3/6)[Neu5Ac(a2-3/6)Gal(b1-4)GlcNAc(b1-2)Man(a1-3/6)]Man(b1-4)GlcNAc(b1-4)GlcNAc,"{'Hex': 6, 'HexNAc': 5, 'Neu5Ac': 1}",56010,['Homo_sapiens'],['http://www.functionalglycomics.org/glycomics/SampleServlet?operationType=view&key=317'],,N
Gal(b1-4)GlcNAc(b1-3)Gal(b1-4)GlcNAc(b1-2)[Gal(b1-4)GlcNAc(b1-3)Gal(b1-4)GlcNAc(b1-4/6)]Man(a1-3/6)[Gal(b1-4)GlcNAc(b1-2)[Gal(b1-4)GlcNAc(b1-4/6)]Man(a1-3/6)]Man(b1-4)GlcNAc(b1-4)GlcNAc,"{'Hex': 9, 'HexNAc': 8}",89000,['Homo_sapiens'],['https://pubmed.ncbi.nlm.nih.gov/38096130/'],,N
Gal(b1-4)GlcNAc(b1-3)Gal(b1-4)GlcNAc(b1-2)[Gal(b1-4)GlcNAc(b1-6)]Man(a1-6)[Gal(b1-4)GlcNAc(b1-4)[Gal(b1-4)GlcNAc(b1-6)]Man(a1-3)]Man(b1-4)GlcNAc(b1-4)GlcNAc,"{'Hex': 8, 'HexNAc': 7}",78000,['Homo_sapiens'],[''],G17207FU,N
Gal(b1-4)GlcNAc(b1-3)Gal(b1-4)GlcNAc(b1-2)[Gal(b1-4)GlcNAc(b1-6)]Man(a1-6)[Neu5Ac(a2-3/6)Gal(b1-4)GlcNAc(b1-2)[Neu5Ac(a2-3/6)Gal(b1-4)GlcNAc(b1-4)]Man(a1-3)]Man(b1-4)GlcNAc(b1-4)GlcNAc,"{'Hex': 8, 'HexNAc': 7, 'Neu5Ac': 2}",78020,['Homo_sapiens'],['https://pubmed.ncbi.nlm.nih.gov/33650863/'],,N
Gal(b1-4)GlcNAc(b1-3)Gal(b1-4)GlcNAc(b1-2/4/6)[Gal(b1-4)GlcNAc(b1-2/4/6)]Man(a1-3/6)[Gal(b1-4)GlcNAc(b1-2)[Gal(b1-4)GlcNAc(b1-4/6)]Man(a1-3/6)][GlcNAc(b1-4)]Man(b1-4)GlcNAc(b1-4)GlcNAc,"{'Hex': 8, 'HexNAc': 8}",88000,['Homo_sapiens'],['https://pubmed.ncbi.nlm.nih.gov/38096130/'],,N
Gal(b1-4)GlcNAc(b1-3)Gal(b1-4)GlcNAc(b1-2/4/6)[Neu5Ac(a2-3/6)Gal(b1-4)GlcNAc(b1-2/4/6)]Man(a1-3/6)[Gal(b1-4)GlcNAc(b1-2)[Gal(b1-4)GlcNAc(b1-4/6)]Man(a1-3/6)]Man(b1-4)GlcNAc(b1-4)GlcNAc,"{'Hex': 8, 'HexNAc': 7, 'Neu5Ac': 1}",78010,['Homo_sapiens'],['https://pubmed.ncbi.nlm.nih.gov/38096130/'],,N
Gal(b1-4)GlcNAc(b1-3)Gal(b1-4)GlcNAc(b1-2/6)[GlcNAc(b1-2/6)]Man(a1-6)[Fuc(a1-3)[Gal(b1-4)]GlcNAc(b1-2)[Fuc(a1-3)[Gal(b1-4)]GlcNAc(b1-4)]Man(a1-3)]Man(b1-4)GlcNAc(b1-4)GlcNAc,"{'Hex': 7, 'HexNAc': 7, 'dHex': 2}",77200,['Homo_sapiens'],['https://pubmed.ncbi.nlm.nih.gov/33650863/'],,N
Gal(b1-4)GlcNAc(b1-3)Gal(b1-4)GlcNAc(b1-6)[Gal(b1-4)GlcNAc(b1-2)]Man(a1-6)[Gal(b1-4)GlcNAc(b1-4)[Gal(b1-4)GlcNAc(b1-6)]Man(a1-3)]Man(b1-4)GlcNAc(b1-4)GlcNAc,"{'Hex': 8, 'HexNAc': 7}",78000,['Homo_sapiens'],[''],G89325VN,N
Gal(b1-4)GlcNAc(b1-4)Man(a1-3)[Gal(b1-4)GlcNAc(b1-2)Man(a1-6)]Man(b1-4)GlcNAc(b1-4)GlcNAc,"{'Hex': 5, 'HexNAc': 4}",45000,['Homo_sapiens'],[''],G00986YT,N
Gal(b1-4)GlcNAc(b1-4)Man(a1-3)[GlcNAc(b1-2)Man(a1-6)]Man(b1-4)GlcNAc(b1-4)GlcNAc,"{'Hex': 4, 'HexNAc': 4}",44000,['Homo_sapiens'],[''],G81397LO,N
Gal(b1-4)GlcNAc(b1-4)Man(a1-3)[Man(a1-3)[Man(a1-6)]Man(a1-6)]Man(b1-4)GlcNAc(b1-4)GlcNAc,"{'Hex': 6, 'HexNAc': 3}",36000,['Homo_sapiens'],['http://www.functionalglycomics.org/glycomics/SampleServlet?operationType=view&key=254'],G24657IT,N
Gal(b1-4)GlcNAc(b1-6)Man(a1-6)[Man(a1-3)]Man(b1-4)GlcNAc(b1-4)GlcNAc,"{'Hex': 4, 'HexNAc': 3}",34000,['Homo_sapiens'],[''],G56269EA,N
Gal(b1-4)GlcNAc6S(b1-2)Man(a1-3)[Gal(b1-4)GlcNAc6S(b1-2)Man(a1-6)]Man(b1-4)GlcNAc(b1-4)GlcNAc,"{'Hex': 5, 'HexNAc': 4, 'S': 2}",45000,['Homo_sapiens'],['https://pubmed.ncbi.nlm.nih.gov/36902272/'],G45408HY,N
Gal(b1-4)[Neu5Ac(a2-3/6)]GlcNAc(b1-2)Man(a1-3)[Gal(b1-4)GlcNAc(b1-2)Man(a1-6)]Man(b1-4)GlcNAc(b1-4)GlcNAc,"{'Hex': 5, 'HexNAc': 4, 'Neu5Ac': 1}",45010,['Homo_sapiens'],['https://pubmed.ncbi.nlm.nih.gov/35183770/'],,N
Gal(b1-4)[Neu5Ac(a2-3/6)]GlcNAc(b1-2)Man(a1-3)[Gal(b1-4)GlcNAc(b1-2)[Gal(b1-4)GlcNAc(b1-6)]Man(a1-6)]Man(b1-4)GlcNAc(b1-4)GlcNAc,"{'Hex': 6, 'HexNAc': 5, 'Neu5Ac': 1}",56010,['Homo_sapiens'],['https://pubmed.ncbi.nlm.nih.gov/35183770/'],,N
Gal(b1-4)[Neu5Ac(a2-3/6)]GlcNAc(b1-2)Man(a1-3)[Gal(b1-4)GlcNAc(b1-2)[GlcNAc(b1-6)]Man(a1-6)]Man(b1-4)GlcNAc(b1-4)GlcNAc,"{'Hex': 5, 'HexNAc': 5, 'Neu5Ac': 1}",55010,['Homo_sapiens'],['https://pubmed.ncbi.nlm.nih.gov/35183770/'],,N
Gal(b1-4)[Neu5Ac(a2-3/6)]GlcNAc(b1-2)Man(a1-3)[Gal(b1-4)[Neu5Ac(a2-3/6)]GlcNAc(b1-2)Man(a1-6)]Man(b1-4)GlcNAc(b1-4)GlcNAc,"{'Hex': 5, 'HexNAc': 4, 'Neu5Ac': 2}",45020,['Homo_sapiens'],['https://pubmed.ncbi.nlm.nih.gov/35183770/'],,N
Gal(b1-4)[Neu5Ac(a2-3/6)]GlcNAc(b1-2)Man(a1-3)[Gal(b1-4)[Neu5Ac(a2-3/6)]GlcNAc(b1-2)[Gal(b1-4)[Neu5Ac(a2-3/6)]GlcNAc(b1-6)]Man(a1-6)]Man(b1-4)GlcNAc(b1-4)GlcNAc,"{'Hex': 6, 'HexNAc': 5, 'Neu5Ac': 3}",56030,['Homo_sapiens'],['https://pubmed.ncbi.nlm.nih.gov/35183770/'],,N
Gal(b1-4)[Neu5Ac(a2-3/6)]GlcNAc(b1-2)Man(a1-3)[GlcNAc(b1-2)Man(a1-6)]Man(b1-4)GlcNAc(b1-4)GlcNAc,"{'Hex': 4, 'HexNAc': 4, 'Neu5Ac': 1}",44010,['Homo_sapiens'],['https://pubmed.ncbi.nlm.nih.gov/35183770/'],,N
Gal(b1-4)[Neu5Ac(a2-3/6)]GlcNAc(b1-2)Man(a1-3)[GlcNAc(b1-2)Man(a1-6)][GlcNAc(b1-4)]Man(b1-4)GlcNAc(b1-4)GlcNAc,"{'Hex': 4, 'HexNAc': 5, 'Neu5Ac': 1}",54010,['Homo_sapiens'],['https://pubmed.ncbi.nlm.nih.gov/35183770/'],,N
Gal(b1-4)[Neu5Ac(a2-3/6)]GlcNAc(b1-2)Man(a1-3)[GlcNAc(b1-2)[GlcNAc(b1-6)]Man(a1-6)]Man(b1-4)GlcNAc(b1-4)GlcNAc,"{'Hex': 4, 'HexNAc': 5, 'Neu5Ac': 1}",54010,['Homo_sapiens'],['https://pubmed.ncbi.nlm.nih.gov/35183770/'],,N
Gal(b1-4)[Neu5Ac(a2-3/6)]GlcNAc(b1-2)Man(a1-3)[Man(a1-2)Man(a1-3/6)[Man(a1-3/6)]Man(a1-6)]Man(b1-4)GlcNAc(b1-4)GlcNAc,"{'Hex': 7, 'HexNAc': 3, 'Neu5Ac': 1}",37010,['Homo_sapiens'],['https://pubmed.ncbi.nlm.nih.gov/35183770/'],,N
Gal(b1-4)[Neu5Ac(a2-3/6)]GlcNAc(b1-2)Man(a1-3)[Man(a1-3)[Man(a1-6)]Man(a1-6)]Man(b1-4)GlcNAc(b1-4)GlcNAc,"{'Hex': 6, 'HexNAc': 3, 'Neu5Ac': 1}",36010,['Homo_sapiens'],['https://pubmed.ncbi.nlm.nih.gov/35183770/'],,N
Gal(b1-4)[Neu5Ac(a2-3/6)]GlcNAc(b1-2)Man(a1-3)[Man(a1-3/6)Man(a1-6)]Man(b1-4)GlcNAc(b1-4)GlcNAc,"{'Hex': 5, 'HexNAc': 3, 'Neu5Ac': 1}",35010,['Homo_sapiens'],['https://pubmed.ncbi.nlm.nih.gov/35183770/'],,N
Gal(b1-4)[Neu5Ac(a2-3/6)]GlcNAc(b1-2)Man(a1-3)[Man(a1-3/6)Man(a1-6)][GlcNAc(b1-4)]Man(b1-4)GlcNAc(b1-4)GlcNAc,"{'Hex': 5, 'HexNAc': 4, 'Neu5Ac': 1}",45010,['Homo_sapiens'],['https://pubmed.ncbi.nlm.nih.gov/35183770/'],,N
Gal(b1-4)[Neu5Ac(a2-3/6)]GlcNAc(b1-2)Man(a1-3)[Man(a1-6)]Man(b1-4)GlcNAc(b1-4)GlcNAc,"{'Hex': 4, 'HexNAc': 3, 'Neu5Ac': 1}",34010,['Homo_sapiens'],['https://pubmed.ncbi.nlm.nih.gov/35183770/'],,N
Gal(b1-4)[Neu5Ac(a2-3/6)]GlcNAc(b1-2)[GlcNAc(b1-4)]Man(a1-3)[Man(a1-3)[Man(a1-6)]Man(a1-6)]Man(b1-4)GlcNAc(b1-4)GlcNAc,"{'Hex': 6, 'HexNAc': 4, 'Neu5Ac': 1}",46010,['Homo_sapiens'],['https://pubmed.ncbi.nlm.nih.gov/35183770/'],,N
Gal(b1-4)[Neu5Ac(a2-3/6)]GlcNAc(b1-2)[GlcNAc(b1-4)]Man(a1-3)[Man(a1-3/6)Man(a1-6)]Man(b1-4)GlcNAc(b1-4)GlcNAc,"{'Hex': 5, 'HexNAc': 4, 'Neu5Ac': 1}",45010,['Homo_sapiens'],['https://pubmed.ncbi.nlm.nih.gov/35183770/'],,N
Gal3S(b1-4)GlcNAc(b1-2)[Gal3S(b1-4)GlcNAc(b1-4)]Man(a1-3)[Gal(b1-4)GlcNAc(b1-2)Man(a1-6)]Man(b1-4)GlcNAc(b1-4)GlcNAc,"{'Hex': 6, 'HexNAc': 5, 'S': 2}",56000,['Homo_sapiens'],[''],G36533LR,N
GalNAc(b1-3/4)GlcNAc(b1-2)Man(a1-3)[GalNAc(b1-3/4)GlcNAc(b1-2)Man(a1-6)]Man(b1-4)GlcNAc(b1-4)GlcNAc,"{'Hex': 3, 'HexNAc': 6}",63000,['Homo_sapiens'],['https://pubmed.ncbi.nlm.nih.gov/35934376/'],,N
GalNAc(b1-3/4)GlcNAc(b1-2/4/6)[GlcNAc(b1-2/4/6)]Man(a1-3/6)[GlcNAc(b1-2)[GlcNAc(b1-4/6)]Man(a1-3/6)]Man(b1-4)GlcNAc(b1-4)GlcNAc,"{'Hex': 3, 'HexNAc': 7}",73000,['Homo_sapiens'],['https://www.frontiersin.org/articles/10.3389/fchem.2021.637730/full'],,N
GalNAc(b1-4)GlcNAc(b1-2)Man(a1-3)[Gal(b1-4)GlcNAc(b1-2)Man(a1-6)][GlcNAc(b1-4)]Man(b1-4)GlcNAc(b1-4)GlcNAc,"{'Hex': 4, 'HexNAc': 6}",64000,['Homo_sapiens'],['https://pubmed.ncbi.nlm.nih.gov/36216861/'],,N
GalNAc(b1-4)GlcNAc(b1-2)Man(a1-3)[Gal(b1-4)GlcNAc(b1-2)[Gal(b1-4)GlcNAc(b1-6)]Man(a1-6)]Man(b1-4)GlcNAc(b1-4)GlcNAc,"{'Hex': 5, 'HexNAc': 6}",65000,"['Homo_sapiens', 'HumanInfluenzaA_Virus']","['', 'https://pubs.acs.org/doi/10.1021/acs.analchem.8b05372']",G79996DQ,N
GalNAc(b1-4)GlcNAc(b1-2)Man(a1-3)[Gal(b1-4)GlcNAc(b1-2)[Gal(b1-4)GlcNAc(b1-6)]Man(a1-6)][GlcNAc(b1-4)]Man(b1-4)GlcNAc(b1-4)GlcNAc,"{'Hex': 5, 'HexNAc': 7}",75000,['Homo_sapiens'],['https://pubmed.ncbi.nlm.nih.gov/35183770/'],,N
GalNAc(b1-4)GlcNAc(b1-2)Man(a1-3)[GalNAc(b1-4)GlcNAc(b1-2)Man(a1-6)][GlcNAc(b1-4)]Man(b1-4)GlcNAc(b1-4)GlcNAc,"{'Hex': 3, 'HexNAc': 7}",73000,['Homo_sapiens'],['https://pubmed.ncbi.nlm.nih.gov/35183770/'],,N
GalNAc(b1-4)GlcNAc(b1-2)Man(a1-3)[GalNAc(b1-4)GlcNAc(b1-2)[GlcNAc(b1-6)]Man(a1-6)]Man(b1-4)GlcNAc(b1-4)GlcNAc,"{'Hex': 3, 'HexNAc': 7}",73000,['Homo_sapiens'],['https://pubmed.ncbi.nlm.nih.gov/35183770/'],,N
GalNAc(b1-4)GlcNAc(b1-2)Man(a1-3)[GlcNAc(b1-2)Man(a1-6)][GlcNAc(b1-4)]Man(b1-4)GlcNAc(b1-4)GlcNAc,"{'Hex': 3, 'HexNAc': 6}",63000,['Homo_sapiens'],['https://pubmed.ncbi.nlm.nih.gov/35183770/'],,N
GalNAc(b1-4)GlcNAc(b1-2)Man(a1-3)[GlcNAc(b1-2)[GlcNAc(b1-6)]Man(a1-6)]Man(b1-4)GlcNAc(b1-4)GlcNAc,"{'Hex': 3, 'HexNAc': 6}",63000,['Homo_sapiens'],[''],G70859XP,N
GalNAc(b1-4)GlcNAc(b1-2)Man(a1-3)[GlcNAc(b1-4)][Man(a1-6)]Man(b1-4)GlcNAc(b1-4)GlcNAc,"{'Hex': 3, 'HexNAc': 5}",53000,['Homo_sapiens'],['https://pubmed.ncbi.nlm.nih.gov/35183770/'],G53605PF,N
GalNAc(b1-4)GlcNAc(b1-2)Man(a1-3)[Man(a1-2)Man(a1-3)[Man(a1-2)Man(a1-6)]Man(a1-6)]Man(b1-4)GlcNAc(b1-4)GlcNAc,"{'Hex': 7, 'HexNAc': 4}",47000,['Homo_sapiens'],['https://pubmed.ncbi.nlm.nih.gov/35183770/'],,N
GalNAc(b1-4)GlcNAc(b1-2)Man(a1-3)[Man(a1-2)Man(a1-3)[Man(a1-2)Man(a1-6)]Man(a1-6)][GlcNAc(b1-4)]Man(b1-4)GlcNAc(b1-4)GlcNAc,"{'Hex': 7, 'HexNAc': 5}",57000,['Homo_sapiens'],['https://pubmed.ncbi.nlm.nih.gov/35183770/'],,N
GalNAc(b1-4)GlcNAc(b1-2)Man(a1-3)[Man(a1-2)Man(a1-3/6)[Man(a1-3/6)]Man(a1-6)]Man(b1-4)GlcNAc(b1-4)GlcNAc,"{'Hex': 6, 'HexNAc': 4}",46000,['Homo_sapiens'],['https://pubmed.ncbi.nlm.nih.gov/35183770/'],,N
GalNAc(b1-4)GlcNAc(b1-2)Man(a1-3)[Man(a1-3)[Man(a1-6)]Man(a1-6)][GlcNAc(b1-4)]Man(b1-4)GlcNAc(b1-4)GlcNAc,"{'Hex': 5, 'HexNAc': 5}",55000,['Homo_sapiens'],['https://pubmed.ncbi.nlm.nih.gov/35183770/'],,N
GalNAc(b1-4)GlcNAc(b1-2)Man(a1-3)[Man(a1-3/6)Man(a1-6)]Man(b1-4)GlcNAc(b1-4)GlcNAc,"{'Hex': 4, 'HexNAc': 4}",44000,"['Homo_sapiens', 'HumanInfluenzaA_Virus']","['https://pubmed.ncbi.nlm.nih.gov/33897975/', 'https://pubs.acs.org/doi/10.1021/acs.analchem.8b05372']",,N
GalNAc(b1-4)GlcNAc(b1-2)Man(a1-3)[Man(a1-3/6)Man(a1-6)][GlcNAc(b1-4)]Man(b1-4)GlcNAc(b1-4)GlcNAc,"{'Hex': 4, 'HexNAc': 5}",54000,['Homo_sapiens'],['https://pubmed.ncbi.nlm.nih.gov/35183770/'],,N
GalNAc(b1-4)GlcNAc(b1-2)[Gal(b1-4)GlcNAc(b1-4)]Man(a1-3)[Gal(b1-4)GlcNAc(b1-2)[Gal(b1-4)GlcNAc(b1-4)][Gal(b1-4)GlcNAc(b1-6)]Man(a1-6)]Man(b1-4)GlcNAc(b1-4)GlcNAc,"{'Hex': 7, 'HexNAc': 8}",87000,['Homo_sapiens'],['https://pubmed.ncbi.nlm.nih.gov/35183770/'],,N
GalNAc(b1-4)GlcNAc(b1-2)[Gal(b1-4)GlcNAc(b1-4)]Man(a1-3)[Gal(b1-4)GlcNAc(b1-2)[Gal(b1-4)GlcNAc(b1-6)]Man(a1-6)]Man(b1-4)GlcNAc(b1-4)GlcNAc,"{'Hex': 6, 'HexNAc': 7}",76000,['Homo_sapiens'],['https://www.frontiersin.org/articles/10.3389/fchem.2021.637730/full'],G28298VW,N
GalNAc(b1-4)GlcNAc(b1-2)[Gal(b1-4)GlcNAc(b1-4)]Man(a1-3)[GalNAc(b1-4)GlcNAc(b1-2)Man(a1-6)]Man(b1-4)GlcNAc(b1-4)GlcNAc,"{'Hex': 4, 'HexNAc': 7}",74000,"['Homo_sapiens', 'Oryzias_latipes']","['', 'https://www.tandfonline.com/doi/full/10.1080/09553002.2021.1864500']",G78813BX,N
GalNAc(b1-4)GlcNAc(b1-2)[Gal(b1-4)GlcNAc(b1-4)]Man(a1-3)[GalNAc(b1-4)GlcNAc(b1-2)[Gal(b1-4)GlcNAc(b1-6)]Man(a1-6)]Man(b1-4)GlcNAc(b1-4)GlcNAc,"{'Hex': 5, 'HexNAc': 8}",85000,['Homo_sapiens'],[''],G29574TI,N
GalNAc(b1-4)GlcNAc(b1-2)[Gal(b1-4)GlcNAc(b1-4)]Man(a1-3)[GalNAc(b1-4)GlcNAc(b1-2)[GalNAc(b1-4)GlcNAc(b1-6)]Man(a1-6)]Man(b1-4)GlcNAc(b1-4)GlcNAc,"{'Hex': 4, 'HexNAc': 9}",94000,['Homo_sapiens'],['https://www.frontiersin.org/articles/10.3389/fchem.2021.637730/full'],G31186LT,N
GalNAc(b1-4)GlcNAc(b1-2)[Gal(b1-4)GlcNAc(b1-4)]Man(a1-3)[Man(a1-2)Man(a1-3/6)[Man(a1-3/6)]Man(a1-6)]Man(b1-4)GlcNAc(b1-4)GlcNAc,"{'Hex': 7, 'HexNAc': 5}",57000,['Homo_sapiens'],['https://pubmed.ncbi.nlm.nih.gov/35183770/'],,N
GalNAc(b1-4)GlcNAc(b1-2)[Gal(b1-4)GlcNAc(b1-4)]Man(a1-3)[Man(a1-2)Man(a1-3/6)[Man(a1-3/6)]Man(a1-6)][GlcNAc(b1-4)]Man(b1-4)GlcNAc(b1-4)GlcNAc,"{'Hex': 7, 'HexNAc': 6}",67000,['Homo_sapiens'],['https://pubmed.ncbi.nlm.nih.gov/35183770/'],,N
GalNAc(b1-4)GlcNAc(b1-2)[Gal(b1-4)GlcNAc(b1-4)]Man(a1-3)[Man(a1-3)[Man(a1-6)]Man(a1-6)][GlcNAc(b1-4)]Man(b1-4)GlcNAc(b1-4)GlcNAc,"{'Hex': 6, 'HexNAc': 6}",66000,['Homo_sapiens'],['https://pubmed.ncbi.nlm.nih.gov/35183770/'],,N
GalNAc(b1-4)GlcNAc(b1-2)[GalNAc(b1-4)GlcNAc(b1-4)]Man(a1-3)[Man(a1-2)Man(a1-3)[Man(a1-2)Man(a1-6)]Man(a1-6)]Man(b1-4)GlcNAc(b1-4)GlcNAc,"{'Hex': 7, 'HexNAc': 6}",67000,['Homo_sapiens'],['https://pubmed.ncbi.nlm.nih.gov/35183770/'],,N
GalNAc(b1-4)GlcNAc(b1-2)[GalNAc(b1-4)GlcNAc(b1-4)]Man(a1-3)[Man(a1-2)Man(a1-3/6)[Man(a1-3/6)]Man(a1-6)]Man(b1-4)GlcNAc(b1-4)GlcNAc,"{'Hex': 6, 'HexNAc': 6}",66000,['Homo_sapiens'],['https://pubmed.ncbi.nlm.nih.gov/35183770/'],,N
GalNAc(b1-4)GlcNAc(b1-2)[GalNAc(b1-4)GlcNAc(b1-4)]Man(a1-3)[Man(a1-3/6)Man(a1-6)]Man(b1-4)GlcNAc(b1-4)GlcNAc,"{'Hex': 4, 'HexNAc': 6}",64000,['Homo_sapiens'],['https://pubmed.ncbi.nlm.nih.gov/35183770/'],,N
GalNAc(b1-4)GlcNAc(b1-2)[GalNAc(b1-4)GlcNAc(b1-4/6)]Man(a1-3/6)[Gal(b1-4)GlcNAc(b1-2)[Gal(b1-4)GlcNAc(b1-4/6)]Man(a1-3/6)]Man(b1-4)GlcNAc(b1-4)GlcNAc,"{'Hex': 5, 'HexNAc': 8}",85000,['Homo_sapiens'],['https://pubmed.ncbi.nlm.nih.gov/38096130/'],,N
GalNAc(b1-4)GlcNAc(b1-2)[GalNAc(b1-4)GlcNAc(b1-4/6)]Man(a1-3/6)[GalNAc(b1-4)GlcNAc(b1-2)Man(a1-3/6)][GalNAc(b1-4)]Man(b1-4)GlcNAc(b1-4)GlcNAc,"{'Hex': 3, 'HexNAc': 9}",93000,['Homo_sapiens'],['https://pubmed.ncbi.nlm.nih.gov/38096130/'],,N
GalNAc(b1-4)GlcNAc(b1-2)[GalNAc(b1-4)GlcNAc(b1-4/6)]Man(a1-3/6)[GalNAc(b1-4)GlcNAc(b1-2/4/6)[GlcNAc(b1-2/4/6)]Man(a1-3/6)]Man(b1-4)GlcNAc(b1-4)GlcNAc,"{'Hex': 3, 'HexNAc': 9}",93000,['Homo_sapiens'],['https://pubmed.ncbi.nlm.nih.gov/38096130/'],,N
GalNAc(b1-4)GlcNAc(b1-2)[GlcNAc(b1-4)]Man(a1-3)[Gal(b1-4)GlcNAc(b1-2)[Gal(b1-4)GlcNAc(b1-6)]Man(a1-6)]Man(b1-4)GlcNAc(b1-4)GlcNAc,"{'Hex': 5, 'HexNAc': 7}",75000,['Homo_sapiens'],['https://pubmed.ncbi.nlm.nih.gov/35183770/'],,N
GalNAc(b1-4)GlcNAc(b1-2)[GlcNAc(b1-4)]Man(a1-3)[Man(a1-3)[Man(a1-6)]Man(a1-6)]Man(b1-4)GlcNAc(b1-4)GlcNAc,"{'Hex': 5, 'HexNAc': 5}",55000,['Homo_sapiens'],['https://pubmed.ncbi.nlm.nih.gov/35183770/'],G12110NN,N
GalNAc4S(b1-4)GlcNAc(b1-2)Man(a1-3)[GlcNAc(b1-2)Man(a1-6)]Man(b1-4)GlcNAc(b1-4)GlcNAc,"{'Hex': 3, 'HexNAc': 5, 'S': 1}",53000,['Homo_sapiens'],[''],G99897FQ,N
GalNAcOS(b1-4)GlcNAc(b1-2)Man(a1-3)[Gal(b1-4)GlcNAc(b1-2)Man(a1-6)]Man(b1-4)GlcNAc(b1-4)GlcNAc,"{'Hex': 4, 'HexNAc': 5, 'S': 1}",54000,"['Homo_sapiens', 'Ovis_aries']","['', '']",G46374MQ,N
GalNAcOS(b1-4)GlcNAc(b1-2)Man(a1-3)[Man(a1-6)]Man(b1-4)GlcNAc(b1-4)GlcNAc,"{'Hex': 3, 'HexNAc': 4, 'S': 1}",43000,"['Homo_sapiens', 'Ovis_aries']","['', '']",G49129IG,N
Glc(a1-3)Man(a1-2)Man(a1-2)Man(a1-3)[Man(a1-2)Man(a1-3)[Man(a1-2)Man(a1-6)]Man(a1-6)][GlcNAc(b1-4)]Man(b1-4)GlcNAc(b1-4)GlcNAc,"{'Hex': 10, 'HexNAc': 3}",310000,['Homo_sapiens'],['https://pubmed.ncbi.nlm.nih.gov/35183770/'],,N
GlcNAc(b1-2)Man(a1-3)[GlcNAc(a1-2)Man(a1-6)][GlcNAc(b1-4)]Man(b1-4)GlcNAc(b1-4)GlcNAc,"{'Hex': 3, 'HexNAc': 5}",53000,['Homo_sapiens'],['http://www.functionalglycomics.org/glycomics/SampleServlet?operationType=view&key=110'],,N
GlcNAc(b1-2)Man(a1-3)[GlcNAc(b1-4)Man(a1-6)][GlcNAc(b1-4)]Man(b1-4)GlcNAc(b1-4)GlcNAc,"{'Hex': 3, 'HexNAc': 5}",53000,['Homo_sapiens'],['https://pubs.acs.org/doi/10.1021/acs.jproteome.9b00073'],,N
GlcNAc(b1-2)Man(a1-3)[GlcNAc(b1-6)Man(a1-6)]Man(b1-4)GlcNAc(b1-4)GlcNAc,"{'Hex': 3, 'HexNAc': 4}",43000,['Homo_sapiens'],[''],G74090KZ,N
GlcNAc(b1-2)Man(a1-3)[Man(a1-3)[Man(a1-6)]Man(a1-6)][Gal(b1-4)GlcNAc(b1-4)]Man(b1-4)GlcNAc(b1-4)GlcNAc,"{'Hex': 6, 'HexNAc': 4}",46000,['Homo_sapiens'],['https://analyticalsciencejournals.onlinelibrary.wiley.com/doi/abs/10.1002/rcm.3470'],,N
GlcNAc(b1-3)Gal(b1-3/4)GlcNAc(b1-3)Gal(b1-4)GlcNAc(b1-2)Man(a1-6)[Gal(b1-3/4)GlcNAc(b1-3)Gal(b1-4)GlcNAc(b1-2)Man(a1-3)][GlcNAc(b1-4)]Man(b1-4)GlcNAc(b1-4)GlcNAc,"{'Hex': 7, 'HexNAc': 8}",87000,['Homo_sapiens'],['https://pubmed.ncbi.nlm.nih.gov/36216861/'],,N
GlcNAc(b1-3)Gal(b1-4)GlcNAc(b1-2)Man(a1-3/6)[GlcNAc(b1-2)Man(a1-3/6)]Man(b1-4)GlcNAc(b1-4)GlcNAc,"{'Hex': 4, 'HexNAc': 5}",54000,['Homo_sapiens'],['https://pubmed.ncbi.nlm.nih.gov/36216861/'],,N
GlcNAc(b1-3)Gal(b1-4)GlcNAc(b1-2/4/6)[Gal(b1-4)GlcNAc(b1-2/4/6)]Man(a1-3/6)[Gal(b1-4)GlcNAc(b1-2)[Gal(b1-4)GlcNAc(b1-4/6)]Man(a1-3/6)][GlcNAc(b1-4)]Man(b1-4)GlcNAc(b1-4)GlcNAc,"{'Hex': 7, 'HexNAc': 8}",87000,['Homo_sapiens'],['https://pubmed.ncbi.nlm.nih.gov/38096130/'],,N
GlcNAc(b1-3/4)GlcNAc(b1-2)Man(a1-3/6)[Gal(b1-4)GlcNAc(b1-2)Man(a1-3/6)]Man(b1-4)GlcNAc(b1-4)GlcNAc,"{'Hex': 4, 'HexNAc': 5}",54000,['Homo_sapiens'],['https://www.mcponline.org/article/S1535-9476(20)35140-9/fulltext'],,N
GlcNAc(b1-4)Man(a1-3)[GlcNAc(b1-2)Man(a1-6)]Man(b1-4)GlcNAc(b1-4)GlcNAc,"{'Hex': 3, 'HexNAc': 4}",43000,['Homo_sapiens'],[''],G42679AH,N
GlcNAc(b1-6)Man(a1-6)[Man(a1-3)]Man(b1-4)GlcNAc(b1-4)GlcNAc,"{'Hex': 3, 'HexNAc': 3}",33000,['Homo_sapiens'],[''],G85041WE,N
Man(a1-2)Man(a1-2)Man(a1-3)[GlcNAc(b1-2)Man(a1-3/6)[Man(a1-2)Man(a1-3/6)]Man(a1-6)]Man(b1-4)GlcNAc(b1-4)GlcNAc,"{'Hex': 8, 'HexNAc': 3}",38000,['Homo_sapiens'],['https://www.frontiersin.org/articles/10.3389/fchem.2021.637730/full'],,N
Man(a1-2)Man(a1-2)Man(a1-3)[Man(a1-2)Man(a1-3/6)[Man(a1-3/6)]Man(a1-6)][GlcNAc(b1-4)]Man(b1-4)GlcNAc(b1-4)GlcNAc,"{'Hex': 8, 'HexNAc': 3}",38000,['Homo_sapiens'],['https://pubmed.ncbi.nlm.nih.gov/35183770/'],,N
Man(a1-2)Man(a1-2)Man(a1-3/6)[Man(a1-2)Man(a1-3/6)]Man(a1-6)[Man(a1-2)Man(a1-2)Man(a1-3)]Man(b1-4)GlcNAc(b1-4)GlcNAc,"{'Hex': 10, 'HexNAc': 2}",210000,['Homo_sapiens'],['https://pubmed.ncbi.nlm.nih.gov/33650863/'],G32907KG,N
Man(a1-2)Man(a1-2/3/6)Man(a1-3/6)Man(b1-4)GlcNAc(b1-4)GlcNAc,"{'Hex': 4, 'HexNAc': 2}",24000,['Homo_sapiens'],[''],G65334TH,N
Man(a1-2)Man(a1-3)[Man(a1-2)Man(a1-6)]Man(a1-6)[GlcNAc(b1-2)Man(a1-3)][GlcNAc(b1-4)]Man(b1-4)GlcNAc(b1-4)GlcNAc,"{'Hex': 7, 'HexNAc': 4}",47000,['Homo_sapiens'],['https://pubmed.ncbi.nlm.nih.gov/35183770/'],,N
Man(a1-2)Man(a1-3)[Man(a1-2)Man(a1-6)]Man(a1-6)[GlcNAc(b1-2)[GlcNAc(b1-4)]Man(a1-3)]Man(b1-4)GlcNAc(b1-4)GlcNAc,"{'Hex': 7, 'HexNAc': 4}",47000,['Homo_sapiens'],['https://pubmed.ncbi.nlm.nih.gov/35183770/'],,N
Man(a1-2)Man(a1-3)[Man(a1-3)[Man(a1-6)]Man(a1-6)][GlcNAc(b1-4)]Man(b1-4)GlcNAc(b1-4)GlcNAc,"{'Hex': 6, 'HexNAc': 3}",36000,['Homo_sapiens'],['https://pubmed.ncbi.nlm.nih.gov/35183770/'],G64713KE,N
Man(a1-2)Man(a1-3/6)[Man(a1-3/6)]Man(a1-6)[Man(a1-2)Man(a1-3)][GlcNAc(b1-4)]Man(b1-4)GlcNAc(b1-4)GlcNAc,"{'Hex': 7, 'HexNAc': 3}",37000,['Homo_sapiens'],['https://pubmed.ncbi.nlm.nih.gov/35183770/'],,N
Man(a1-2)Man(a1-6)[Man(a1-3)]Man(a1-6)[GlcNAc(b1-2)Man(a1-3)]Man(b1-4)GlcNAc(b1-4)GlcNAc,"{'Hex': 6, 'HexNAc': 3}",36000,"['Homo_sapiens', 'HumanInfluenzaA_Virus']","['', 'https://pubs.acs.org/doi/10.1021/acs.analchem.8b05372']",G71470CO,N
Man(a1-2/3/6)Man(a1-3/6)Man(b1-4)GlcNAc(b1-4)GlcNAc,"{'Hex': 3, 'HexNAc': 2}",23000,['Homo_sapiens'],['https://pubmed.ncbi.nlm.nih.gov/36278935/'],G47681GN,N
Man6P(a1-2)Man(a1-6)[Man(a1-3)]Man(a1-6)[Man(a1-2)Man(a1-3)]Man(b1-4)GlcNAc(b1-4)GlcNAc,"{'Hex': 7, 'HexNAc': 2, 'P': 1}",27000,['Homo_sapiens'],[''],G46264GY,N
Man6P(a1-2)Man(a1-6)[Man(a1-3)]Man(a1-6)[Man6P(a1-2)Man(a1-3)]Man(b1-4)GlcNAc(b1-4)GlcNAc,"{'Hex': 7, 'HexNAc': 2, 'P': 2}",27000,['Homo_sapiens'],[''],G92752RB,N
Neu5Ac(a2-3)Gal(b1-4)GlcNAc(b1-2)Man(a1-3)[Fuc(a1-2)[GalNAc(a1-3)]Gal(b1-4)GlcNAc(b1-2)Man(a1-6)]Man(b1-4)GlcNAc(b1-4)GlcNAc,"{'Hex': 5, 'HexNAc': 5, 'Neu5Ac': 1, 'dHex': 1}",55110,['Homo_sapiens'],[''],G00531ZU,N
Neu5Ac(a2-3)Gal(b1-4)GlcNAc(b1-2)Man(a1-3)[Fuc(a1-3)[Gal(b1-4)]GlcNAc(b1-2)Man(a1-6)]Man(b1-4)GlcNAc(b1-4)GlcNAc,"{'Hex': 5, 'HexNAc': 4, 'Neu5Ac': 1, 'dHex': 1}",45110,['Homo_sapiens'],[''],G69982RY,N
Neu5Ac(a2-3)Gal(b1-4)GlcNAc(b1-2)Man(a1-3)[Man(a1-2)Man6P(a1-6)[Man(a1-3)]Man(a1-6)]Man(b1-4)GlcNAc(b1-4)GlcNAc,"{'Hex': 7, 'HexNAc': 3, 'Neu5Ac': 1, 'P': 1}",37010,['Homo_sapiens'],['https://pubmed.ncbi.nlm.nih.gov/36902272/'],,N
Neu5Ac(a2-3)Gal(b1-4)GlcNAc(b1-2)Man(a1-3)[Neu5Ac(a2-3)Gal(b1-4)GlcNAc(b1-2)Man(a1-6)][GlcNAc(b1-4)]Man(b1-4)GlcNAc(b1-4)GlcNAc,"{'Hex': 5, 'HexNAc': 5, 'Neu5Ac': 2}",55020,"['Homo_sapiens', 'MurineLeukemia_Virus']","['', '']",G93204KY,N
Neu5Ac(a2-3)Gal(b1-4)GlcNAc(b1-2)Man(a1-3)[Neu5Ac(a2-3)Gal(b1-4)GlcNAc(b1-2)[Gal(b1-4)GlcNAc(b1-6)]Man(a1-6)]Man(b1-4)GlcNAc(b1-4)GlcNAc,"{'Hex': 6, 'HexNAc': 5, 'Neu5Ac': 2}",56020,['Homo_sapiens'],[''],G99074EO,N
Neu5Ac(a2-3)Gal(b1-4)GlcNAc(b1-2)Man(a1-3)[Neu5Ac(a2-3)Gal(b1-4)GlcNAc(b1-6)[Gal(b1-4)GlcNAc(b1-2)]Man(a1-6)]Man(b1-4)GlcNAc(b1-4)GlcNAc,"{'Hex': 6, 'HexNAc': 5, 'Neu5Ac': 2}",56020,['Homo_sapiens'],[''],G73759SD,N
Neu5Ac(a2-3)Gal(b1-4)GlcNAc(b1-2)Man(a1-3/6)[Gal(b1-4)GlcNAc(b1-2)Man(a1-3/6)][GlcNAc(b1-4)]Man(b1-4)GlcNAc(b1-4)GlcNAc,"{'Hex': 5, 'HexNAc': 5, 'Neu5Ac': 1}",55010,"['Homo_sapiens', 'Macaca_mulatta']","['https://glycostore.org/searchTaxon/HOMO%20SAPIENS', 'https://pubmed.ncbi.nlm.nih.gov/36131114/']",,N
Neu5Ac(a2-3)Gal(b1-4)GlcNAc(b1-2)Man(a1-3/6)[Man(a1-3)[Man(a1-6)]Man(a1-6)]Man(b1-4)GlcNAc(b1-4)GlcNAc,"{'Hex': 6, 'HexNAc': 3, 'Neu5Ac': 1}",36010,['Homo_sapiens'],['https://www.mcponline.org/article/S1535-9476(20)35140-9/fulltext'],G92570PJ,N
Neu5Ac(a2-3)Gal(b1-4)GlcNAc(b1-2)Man(a1-3/6)[Neu5Ac(a2-6)Gal(b1-4)GlcNAc(b1-2)[Neu5Ac(a2-6)Gal(b1-4)GlcNAc(b1-4/6)]Man(a1-3/6)]Man(b1-4)GlcNAc(b1-4)GlcNAc,"{'Hex': 6, 'HexNAc': 5, 'Neu5Ac': 3}",56030,['Homo_sapiens'],[''],G03700EN,N
Neu5Ac(a2-3)Gal(b1-4)GlcNAc(b1-2)Man(a1-6)[Gal3S(b1-4)GlcNAc(b1-2)Man(a1-3)]Man(b1-4)GlcNAc(b1-4)GlcNAc,"{'Hex': 5, 'HexNAc': 4, 'Neu5Ac': 1, 'S': 1}",45010,['Homo_sapiens'],[''],G94047VH,N
Neu5Ac(a2-3)Gal(b1-4)GlcNAc(b1-2)Man(a1-6)[Gal3S(b1-4)GlcNAc(b1-2)[Gal3S(b1-4)GlcNAc(b1-4)]Man(a1-3)]Man(b1-4)GlcNAc(b1-4)GlcNAc,"{'Hex': 6, 'HexNAc': 5, 'Neu5Ac': 1, 'S': 2}",56010,['Homo_sapiens'],[''],G41455NO,N
Neu5Ac(a2-3)Gal(b1-4)GlcNAc(b1-2)Man(a1-6)[GalNAcOS(b1-4)GlcNAc(b1-2)Man(a1-3)]Man(b1-4)GlcNAc(b1-4)GlcNAc,"{'Hex': 4, 'HexNAc': 5, 'Neu5Ac': 1, 'S': 1}",54010,"['Homo_sapiens', 'Ovis_aries']","['', '']",G94366XH,N
Neu5Ac(a2-3)Gal(b1-4)GlcNAc(b1-2)[Gal(b1-4)GlcNAc(b1-4)]Man(a1-3)[Neu5Ac(a2-3)Gal(b1-4)GlcNAc(b1-2)[Neu5Ac(a2-6)Gal(b1-4)GlcNAc(b1-6)]Man(a1-6)]Man(b1-4)GlcNAc(b1-4)GlcNAc,"{'Hex': 7, 'HexNAc': 6, 'Neu5Ac': 3}",67030,['Homo_sapiens'],['https://pubmed.ncbi.nlm.nih.gov/36278935/'],,N
Neu5Ac(a2-3)Gal(b1-4)GlcNAc(b1-2)[Gal3S(b1-4)GlcNAc(b1-4)]Man(a1-3)[Neu5Ac(a2-3)Gal(b1-4)GlcNAc(b1-2)[Neu5Ac(a2-3)Gal(b1-4)GlcNAc(b1-6)]Man(a1-6)]Man(b1-4)GlcNAc(b1-4)GlcNAc,"{'Hex': 7, 'HexNAc': 6, 'Neu5Ac': 3, 'S': 1}",67030,['Homo_sapiens'],[''],G32829EU,N
Neu5Ac(a2-3)Gal(b1-4)GlcNAc(b1-2)[Neu5Ac(a2-3)Gal(b1-4)GlcNAc(b1-4)]Man(a1-3)[Neu5Ac(a2-6)Gal(b1-4)GlcNAc(b1-2)Man(a1-6)]Man(b1-4)GlcNAc(b1-4)GlcNAc,"{'Hex': 6, 'HexNAc': 5, 'Neu5Ac': 3}",56030,['Homo_sapiens'],[''],G38658JL,N
Neu5Ac(a2-3)Gal(b1-4)GlcNAc(b1-2)[Neu5Ac(a2-3)Gal(b1-4)GlcNAc(b1-4)]Man(a1-3)[Neu5Ac(a2-6)Gal(b1-4)GlcNAc(b1-2)[Neu5Ac(a2-6)Gal(b1-4)GlcNAc(b1-6)]Man(a1-6)]Man(b1-4)GlcNAc(b1-4)GlcNAc,"{'Hex': 7, 'HexNAc': 6, 'Neu5Ac': 4}",67040,['Homo_sapiens'],[''],G77812KJ,N
Neu5Ac(a2-3)Gal(b1-4)GlcNAc(b1-2)[Neu5Ac(a2-3)Gal(b1-4)GlcNAc(b1-6)]Man(a1-6)[Gal3S(b1-4)GlcNAc(b1-2)[Gal3S(b1-4)GlcNAc(b1-4)]Man(a1-3)]Man(b1-4)GlcNAc(b1-4)GlcNAc,"{'Hex': 7, 'HexNAc': 6, 'Neu5Ac': 2, 'S': 2}",67020,['Homo_sapiens'],[''],G04023GJ,N
Neu5Ac(a2-3)Gal(b1-4)GlcNAc(b1-2)[Neu5Ac(a2-6)Gal(b1-4)GlcNAc(b1-6)]Man(a1-6)[Gal(b1-4)GlcNAc(b1-2)Man(a1-3)]Man(b1-4)GlcNAc(b1-4)GlcNAc,"{'Hex': 6, 'HexNAc': 5, 'Neu5Ac': 2}",56020,['Homo_sapiens'],['https://pubmed.ncbi.nlm.nih.gov/36278935/'],,N
Neu5Ac(a2-3)Gal(b1-4)GlcNAc(b1-2/4/6)[Neu5Ac(a2-6)Gal(b1-4)GlcNAc(b1-2/4/6)]Man(a1-3/6)[Gal(b1-4)GlcNAc(b1-2)Man(a1-3/6)]Man(b1-4)GlcNAc(b1-4)GlcNAc,"{'Hex': 6, 'HexNAc': 5, 'Neu5Ac': 2}",56020,['Homo_sapiens'],[''],,N
Neu5Ac(a2-3)Gal(b1-4)GlcNAc(b1-4)[Gal3S(b1-4)GlcNAc(b1-2)]Man(a1-3)[Neu5Ac(a2-3)Gal(b1-4)GlcNAc(b1-2)Man(a1-6)]Man(b1-4)GlcNAc(b1-4)GlcNAc,"{'Hex': 6, 'HexNAc': 5, 'Neu5Ac': 2, 'S': 1}",56020,['Homo_sapiens'],[''],G65449BO,N
Neu5Ac(a2-3)Gal(b1-4)GlcNAc(b1-4)[Gal3S(b1-4)GlcNAc(b1-2)]Man(a1-3)[Neu5Ac(a2-3)Gal(b1-4)GlcNAc(b1-2)[Neu5Ac(a2-3)Gal(b1-4)GlcNAc(b1-6)]Man(a1-6)]Man(b1-4)GlcNAc(b1-4)GlcNAc,"{'Hex': 7, 'HexNAc': 6, 'Neu5Ac': 3, 'S': 1}",67030,['Homo_sapiens'],[''],G70116BN,N
Neu5Ac(a2-3)Gal(b1-4)[Fuc(a1-3)]GlcNAc(b1-2)Man(a1-3/6)[Fuc(a1-3)[Gal(b1-4)]GlcNAc(b1-2)Man(a1-3/6)]Man(b1-4)GlcNAc(b1-4)GlcNAc,"{'Hex': 5, 'HexNAc': 4, 'Neu5Ac': 1, 'dHex': 2}",45210,['Homo_sapiens'],[''],,N
Neu5Ac(a2-3)GalNAc(b1-3/4)GlcNAc(b1-2)Man(a1-3/6)[Gal(b1-4)GlcNAc(b1-2)Man(a1-3/6)]Man(b1-4)GlcNAc(b1-4)GlcNAc,"{'Hex': 4, 'HexNAc': 5, 'Neu5Ac': 1}",54010,['Homo_sapiens'],['https://www.mcponline.org/article/S1535-9476(20)35140-9/fulltext'],,N
Neu5Ac(a2-3)GalNAc(b1-3/4)GlcNAc(b1-2)Man(a1-3/6)[GlcNAc(b1-2)Man(a1-3/6)]Man(b1-4)GlcNAc(b1-4)GlcNAc,"{'Hex': 3, 'HexNAc': 5, 'Neu5Ac': 1}",53010,['Homo_sapiens'],['https://www.mcponline.org/article/S1535-9476(20)35140-9/fulltext'],,N
Neu5Ac(a2-3)[GalNAc(b1-4)]Gal(b1-4)GlcNAc(b1-2)Man(a1-3)[Gal(b1-4)GlcNAc(b1-2)Man(a1-6)]Man(b1-4)GlcNAc(b1-4)GlcNAc,"{'Hex': 5, 'HexNAc': 5, 'Neu5Ac': 1}",55010,['Homo_sapiens'],['https://pubmed.ncbi.nlm.nih.gov/33650863/'],,N
Neu5Ac(a2-3)[GalNAc(b1-4)]Gal(b1-4)GlcNAc(b1-2)Man(a1-3)[Man(a1-6)]Man(b1-4)GlcNAc(b1-4)GlcNAc,"{'Hex': 4, 'HexNAc': 4, 'Neu5Ac': 1}",44010,['Homo_sapiens'],['https://pubmed.ncbi.nlm.nih.gov/33650863/'],,N
Neu5Ac(a2-3)[GalNAc(b1-4)]Gal(b1-4)GlcNAc(b1-2)Man(a1-3)[Neu5Ac(a2-3/6)Gal(b1-4)GlcNAc(b1-2)Man(a1-6)]Man(b1-4)GlcNAc(b1-4)GlcNAc,"{'Hex': 5, 'HexNAc': 5, 'Neu5Ac': 2}",55020,['Homo_sapiens'],['https://pubmed.ncbi.nlm.nih.gov/33650863/'],,N
Neu5Ac(a2-3)[GalNAc(b1-4)]Gal(b1-4)GlcNAc(b1-2)Man(a1-6)[Gal(b1-4)GlcNAc(b1-2)[Gal(b1-4)GlcNAc(b1-4)]Man(a1-3)]Man(b1-4)GlcNAc(b1-4)GlcNAc,"{'Hex': 6, 'HexNAc': 6, 'Neu5Ac': 1}",66010,['Homo_sapiens'],['https://pubmed.ncbi.nlm.nih.gov/33650863/'],,N
Neu5Ac(a2-3)[GalNAc(b1-4)]Gal(b1-4)GlcNAc(b1-2)[Neu5Ac(a2-3)[GalNAc(b1-4)]Gal(b1-4)GlcNAc(b1-6)]Man(a1-6)[Gal3S(b1-4)GlcNAc(b1-2)[Gal3S(b1-4)GlcNAc(b1-4)]Man(a1-3)]Man(b1-4)GlcNAc(b1-4)GlcNAc,"{'Hex': 7, 'HexNAc': 8, 'Neu5Ac': 2, 'S': 2}",87020,['Homo_sapiens'],[''],G94876HV,N
Neu5Ac(a2-3)[GalNAc(b1-4)]Gal(b1-4)GlcNAc(b1-2/4)[Gal(b1-4)GlcNAc(b1-2/4)]Man(a1-3)[Neu5Ac(a2-3)[GalNAc(b1-4)]Gal(b1-4)GlcNAc(b1-2)Man(a1-6)]Man(b1-4)GlcNAc(b1-4)GlcNAc,"{'Hex': 6, 'HexNAc': 7, 'Neu5Ac': 2}",76020,['Homo_sapiens'],['https://pubmed.ncbi.nlm.nih.gov/33650863/'],,N
Neu5Ac(a2-3)[GalNAc(b1-4)]Gal(b1-4)GlcNAc(b1-2/4)[Neu5Ac(a2-3/6)Gal(b1-4)GlcNAc(b1-2/4)]Man(a1-3)[Neu5Ac(a2-3)[GalNAc(b1-4)]Gal(b1-4)GlcNAc(b1-2)Man(a1-6)]Man(b1-4)GlcNAc(b1-4)GlcNAc,"{'Hex': 6, 'HexNAc': 7, 'Neu5Ac': 3}",76030,['Homo_sapiens'],['https://pubmed.ncbi.nlm.nih.gov/33650863/'],,N
Neu5Ac(a2-3)[GalNAc(b1-4)]Gal(b1-4)GlcNAc(b1-6)[Gal3S(b1-4)GlcNAc(b1-2)]Man(a1-6)[Gal3S(b1-4)GlcNAc(b1-2)[Gal3S(b1-4)GlcNAc(b1-4)]Man(a1-3)]Man(b1-4)GlcNAc(b1-4)GlcNAc,"{'Hex': 7, 'HexNAc': 7, 'Neu5Ac': 1, 'S': 3}",77010,['Homo_sapiens'],[''],G67173FM,N
Neu5Ac(a2-3)[GalNAc(b1-4)]GlcNAc(b1-2)Man(a1-3)[Man(a1-6)]Man(b1-4)GlcNAc(b1-4)GlcNAc,"{'Hex': 3, 'HexNAc': 4, 'Neu5Ac': 1}",43010,['Homo_sapiens'],['https://pubmed.ncbi.nlm.nih.gov/32737218/'],,N
Neu5Ac(a2-3/6)Gal(b1-3/4)GlcNAc(b1-2)[Gal(b1-3/4)GlcNAc(b1-4)]Man(a1-3)[Gal(b1-3/4)GlcNAc(b1-2)[Gal(b1-3/4)GlcNAc(b1-6)]Man(a1-6)][GlcNAc(b1-4)]Man(b1-4)GlcNAc(b1-4)GlcNAc,"{'Hex': 7, 'HexNAc': 7, 'Neu5Ac': 1}",77010,['Homo_sapiens'],['https://www.frontiersin.org/articles/10.3389/fchem.2021.637730/full'],,N
Neu5Ac(a2-3/6)Gal(b1-3/4)GlcNAc(b1-2)[Neu5Ac(a2-3/6)Gal(b1-3/4)GlcNAc(b1-4)]Man(a1-3)[Neu5Ac(a2-3/6)Gal(b1-3/4)GlcNAc(b1-2)[Neu5Ac(a2-3/6)Gal(b1-3/4)GlcNAc(b1-?)]Man(a1-6)]Man(b1-4)GlcNAc(b1-4)GlcNAc,"{'Hex': 7, 'HexNAc': 6, 'Neu5Ac': 4}",67040,['Homo_sapiens'],['https://pubmed.ncbi.nlm.nih.gov/26723536/'],G42934IJ,N
Neu5Ac(a2-3/6)Gal(b1-3/4)GlcNAc(b1-2)[Neu5Ac(a2-3/6)Gal(b1-3/4)GlcNAc(b1-4/6)]Man(a1-3/6)[Gal(b1-3/4)GlcNAc(b1-2)Man(a1-3/6)]Man(b1-4)GlcNAc(b1-4)GlcNAc,"{'Hex': 6, 'HexNAc': 5, 'Neu5Ac': 2}",56020,['Homo_sapiens'],[''],,N
Neu5Ac(a2-3/6)Gal(b1-3/4)GlcNAc(b1-2)[Neu5Ac(a2-3/6)Gal(b1-3/4)GlcNAc(b1-4/6)]Man(a1-3/6)[Gal(b1-3/4)GlcNAc(b1-2)[Gal(b1-3/4)GlcNAc(b1-4/6)]Man(a1-3/6)]Man(b1-4)GlcNAc(b1-4)GlcNAc,"{'Hex': 7, 'HexNAc': 6, 'Neu5Ac': 2}",67020,['Homo_sapiens'],[''],,N
Neu5Ac(a2-3/6)Gal(b1-3/4)GlcNAc(b1-2)[Neu5Ac(a2-3/6)Gal(b1-3/4)GlcNAc(b1-4/6)]Man(a1-3/6)[Man(a1-2/3/6)Man(a1-3/6)]Man(b1-4)GlcNAc(b1-4)GlcNAc,"{'Hex': 6, 'HexNAc': 4, 'Neu5Ac': 2}",46020,['Homo_sapiens'],[''],,N
Neu5Ac(a2-3/6)Gal(b1-3/4)GlcNAc(b1-2)[Neu5Ac(a2-3/6)Gal(b1-3/4)GlcNAc(b1-4/6)]Man(a1-3/6)[Man(a1-3/6)]Man(b1-4)GlcNAc(b1-4)GlcNAc,"{'Hex': 5, 'HexNAc': 4, 'Neu5Ac': 2}",45020,['Homo_sapiens'],[''],G00875VP,N
Neu5Ac(a2-3/6)Gal(b1-3/4)GlcNAc(b1-2)[Neu5Ac(a2-3/6)Gal(b1-3/4)GlcNAc(b1-4/6)]Man(a1-3/6)[Neu5Ac(a2-3/6)Gal(b1-3/4)GlcNAc(b1-2)[Gal(b1-3/4)GlcNAc(b1-4/6)]Man(a1-3/6)]Man(b1-4)GlcNAc(b1-4)GlcNAc,"{'Hex': 7, 'HexNAc': 6, 'Neu5Ac': 3}",67030,['Homo_sapiens'],['https://pubmed.ncbi.nlm.nih.gov/32483971/'],,N
Neu5Ac(a2-3/6)Gal(b1-3/4)GlcNAc(b1-2)[Neu5Ac(a2-3/6)Gal(b1-3/4)GlcNAc(b1-4/6)]Man(a1-3/6)[Neu5Ac(a2-3/6)Gal(b1-3/4)GlcNAc(b1-2)[Neu5Ac(a2-3/6)Gal(b1-3/4)GlcNAc(b1-4/6)]Man(a1-3/6)]Man(b1-4)GlcNAc(b1-4)GlcNAc,"{'Hex': 7, 'HexNAc': 6, 'Neu5Ac': 4}",67040,['Homo_sapiens'],['https://pubmed.ncbi.nlm.nih.gov/32483971/'],G42934IJ,N
Neu5Ac(a2-3/6)Gal(b1-3/4)GlcNAc(b1-2)[Neu5Ac(a2-3/6)Gal(b1-3/4)GlcNAc(b1-4/6)]Man(a1-3/6)[Neu5Ac(a2-3/6)Gal(b1-3/4)GlcNAc(b1-2/4/6)[Gal(b1-3/4)GlcNAc(b1-2/4/6)]Man(a1-3/6)]Man(b1-4)GlcNAc(b1-4)GlcNAc,"{'Hex': 7, 'HexNAc': 6, 'Neu5Ac': 3}",67030,['Homo_sapiens'],['https://pubmed.ncbi.nlm.nih.gov/32483971/'],,N
Neu5Ac(a2-3/6)Gal(b1-3/4)GlcNAc(b1-2)[Neu5Ac(a2-3/6)Gal(b1-4)GlcNAc(b1-4)]Man(a1-3)[Neu5Ac(a2-3/6)Gal(b1-4)GlcNAc(b1-2)Man(a1-6)]Man(b1-4)GlcNAc(b1-4)GlcNAc,"{'Hex': 6, 'HexNAc': 5, 'Neu5Ac': 3}",56030,['Homo_sapiens'],['https://www.mdpi.com/2227-9059/8/10/410/htm'],G03700EN,N
Neu5Ac(a2-3/6)Gal(b1-3/4)GlcNAc(b1-2/4/6)[Gal(b1-3/4)GlcNAc(b1-2/4/6)]Man(a1-3/6)[Neu5Ac(a2-3/6)Gal(b1-3/4)GlcNAc(b1-2)Man(a1-3/6)]Man(b1-4)GlcNAc(b1-4)GlcNAc,"{'Hex': 6, 'HexNAc': 5, 'Neu5Ac': 2}",56020,['Homo_sapiens'],[''],G18720ZB,N
Neu5Ac(a2-3/6)Gal(b1-3/4)GlcNAc(b1-3)Gal(b1-3/4)GlcNAc(b1-2)[Fuc(a1-3)[Gal(b1-4)]GlcNAc(b1-6)]Man(a1-6)[Fuc(a1-3)[Gal(b1-4)]GlcNAc(b1-2)Man(a1-3)[GlcNAc(b1-2)Man(a1-6)]Man(a1-3)]Man(b1-4)GlcNAc(b1-4)GlcNAc,"{'Hex': 9, 'HexNAc': 7, 'Neu5Ac': 1, 'dHex': 2}",79210,['Homo_sapiens'],['https://www.frontiersin.org/articles/10.3389/fchem.2021.637730/full'],,N
Neu5Ac(a2-3/6)Gal(b1-3/4)[Neu5Ac(a2-3/6)]GlcNAc(b1-2/4/6)[Neu5Ac(a2-3/6)Gal(b1-3/4)GlcNAc(b1-2/4/6)]Man(a1-3/6)[Neu5Ac(a2-3/6)Gal(b1-3/4)GlcNAc(b1-2)Man(a1-3/6)]Man(b1-4)GlcNAc(b1-4)GlcNAc,"{'Hex': 6, 'HexNAc': 5, 'Neu5Ac': 4}",56040,['Homo_sapiens'],['https://pubmed.ncbi.nlm.nih.gov/32483971/'],G37626KE,N
Neu5Ac(a2-3/6)Gal(b1-4)GlcNAc(b1-2)Man(a1-3)[Fuc(a1-3)[Gal(b1-4)]GlcNAc(b1-2)Man(a1-6)]Man(b1-4)GlcNAc(b1-4)GlcNAc,"{'Hex': 5, 'HexNAc': 4, 'Neu5Ac': 1, 'dHex': 1}",45110,['Homo_sapiens'],['https://pubmed.ncbi.nlm.nih.gov/35183770/'],,N
Neu5Ac(a2-3/6)Gal(b1-4)GlcNAc(b1-2)Man(a1-3)[Fuc(a1-3)[Gal(b1-4)]GlcNAc(b1-2)Man(a1-6)][GlcNAc(b1-4)]Man(b1-4)GlcNAc(b1-4)GlcNAc,"{'Hex': 5, 'HexNAc': 5, 'Neu5Ac': 1, 'dHex': 1}",55110,['Homo_sapiens'],['https://pubmed.ncbi.nlm.nih.gov/35183770/'],,N
Neu5Ac(a2-3/6)Gal(b1-4)GlcNAc(b1-2)Man(a1-3)[Fuc(a1-3)[Gal(b1-4)]GlcNAc(b1-2)[Fuc(a1-3)[Gal(b1-4)]GlcNAc(b1-6)]Man(a1-6)]Man(b1-4)GlcNAc(b1-4)GlcNAc,"{'Hex': 6, 'HexNAc': 5, 'Neu5Ac': 1, 'dHex': 2}",56210,['Homo_sapiens'],['https://pubmed.ncbi.nlm.nih.gov/35183770/'],,N
Neu5Ac(a2-3/6)Gal(b1-4)GlcNAc(b1-2)Man(a1-3)[Fuc(a1-3)[Gal(b1-4)]GlcNAc(b1-2)[Fuc(a1-3)[Gal(b1-4)]GlcNAc(b1-6)]Man(a1-6)][GlcNAc(b1-4)]Man(b1-4)GlcNAc(b1-4)GlcNAc,"{'Hex': 6, 'HexNAc': 6, 'Neu5Ac': 1, 'dHex': 2}",66210,['Homo_sapiens'],['https://pubmed.ncbi.nlm.nih.gov/35183770/'],,N
Neu5Ac(a2-3/6)Gal(b1-4)GlcNAc(b1-2)Man(a1-3)[Fuc(a1-3)[Gal(b1-4)]GlcNAc(b1-2)[Gal(b1-4)GlcNAc(b1-6)]Man(a1-6)]Man(b1-4)GlcNAc(b1-4)GlcNAc,"{'Hex': 6, 'HexNAc': 5, 'Neu5Ac': 1, 'dHex': 1}",56110,['Homo_sapiens'],['https://pubmed.ncbi.nlm.nih.gov/35183770/'],,N
Neu5Ac(a2-3/6)Gal(b1-4)GlcNAc(b1-2)Man(a1-3)[Fuc(a1-3)[Gal(b1-4)]GlcNAc(b1-2)[Gal(b1-4)GlcNAc(b1-6)]Man(a1-6)][GlcNAc(b1-4)]Man(b1-4)GlcNAc(b1-4)GlcNAc,"{'Hex': 6, 'HexNAc': 6, 'Neu5Ac': 1, 'dHex': 1}",66110,['Homo_sapiens'],['https://pubmed.ncbi.nlm.nih.gov/35183770/'],,N
Neu5Ac(a2-3/6)Gal(b1-4)GlcNAc(b1-2)Man(a1-3)[Fuc(a1-3)[Gal(b1-4)]GlcNAc(b1-2)[GlcNAc(b1-6)]Man(a1-6)]Man(b1-4)GlcNAc(b1-4)GlcNAc,"{'Hex': 5, 'HexNAc': 5, 'Neu5Ac': 1, 'dHex': 1}",55110,['Homo_sapiens'],['https://pubmed.ncbi.nlm.nih.gov/35183770/'],,N
Neu5Ac(a2-3/6)Gal(b1-4)GlcNAc(b1-2)Man(a1-3)[Gal(b1-4)GlcNAc(b1-2)[Gal(b1-4)GlcNAc(b1-6)]Man(a1-6)][GlcNAc(b1-4)]Man(b1-4)GlcNAc(b1-4)GlcNAc,"{'Hex': 6, 'HexNAc': 6, 'Neu5Ac': 1}",66010,['Homo_sapiens'],['https://pubmed.ncbi.nlm.nih.gov/35183770/'],,N
Neu5Ac(a2-3/6)Gal(b1-4)GlcNAc(b1-2)Man(a1-3)[Gal(b1-4)GlcNAc(b1-2)[GlcNAc(b1-6)]Man(a1-6)]Man(b1-4)GlcNAc(b1-4)GlcNAc,"{'Hex': 5, 'HexNAc': 5, 'Neu5Ac': 1}",55010,['Homo_sapiens'],['https://pubmed.ncbi.nlm.nih.gov/35183770/'],,N
Neu5Ac(a2-3/6)Gal(b1-4)GlcNAc(b1-2)Man(a1-3)[Gal(b1-4)GlcNAc(b1-2)[GlcNAc(b1-6)]Man(a1-6)][GlcNAc(b1-4)]Man(b1-4)GlcNAc(b1-4)GlcNAc,"{'Hex': 5, 'HexNAc': 6, 'Neu5Ac': 1}",65010,['Homo_sapiens'],['https://pubmed.ncbi.nlm.nih.gov/35183770/'],,N
Neu5Ac(a2-3/6)Gal(b1-4)GlcNAc(b1-2)Man(a1-3)[GalNAc(b1-4)GlcNAc(b1-2)Man(a1-6)]Man(b1-4)GlcNAc(b1-4)GlcNAc,"{'Hex': 4, 'HexNAc': 5, 'Neu5Ac': 1}",54010,['Homo_sapiens'],['https://pubmed.ncbi.nlm.nih.gov/36902272/'],,N
Neu5Ac(a2-3/6)Gal(b1-4)GlcNAc(b1-2)Man(a1-3)[GlcNAc(b1-2)[GlcNAc(b1-6)]Man(a1-6)]Man(b1-4)GlcNAc(b1-4)GlcNAc,"{'Hex': 4, 'HexNAc': 5, 'Neu5Ac': 1}",54010,['Homo_sapiens'],['https://pubmed.ncbi.nlm.nih.gov/35183770/'],,N
Neu5Ac(a2-3/6)Gal(b1-4)GlcNAc(b1-2)Man(a1-3)[GlcNAc(b1-4)][Man(a1-6)]Man(b1-4)GlcNAc(b1-4)GlcNAc,"{'Hex': 4, 'HexNAc': 4, 'Neu5Ac': 1}",44010,['Homo_sapiens'],['https://pubmed.ncbi.nlm.nih.gov/35183770/'],G18630TP,N
Neu5Ac(a2-3/6)Gal(b1-4)GlcNAc(b1-2)Man(a1-3)[Man(a1-3)Man(a1-6)]Man(b1-4)GlcNAc(b1-4)GlcNAc,"{'Hex': 5, 'HexNAc': 3, 'Neu5Ac': 1}",35010,['Homo_sapiens'],[''],G82273ZM,N
Neu5Ac(a2-3/6)Gal(b1-4)GlcNAc(b1-2)Man(a1-3)[Man(a1-3/6)Man(a1-6)][GlcNAc(b1-4)]Man(b1-4)GlcNAc(b1-4)GlcNAc,"{'Hex': 5, 'HexNAc': 4, 'Neu5Ac': 1}",45010,['Homo_sapiens'],['https://pubmed.ncbi.nlm.nih.gov/35183770/'],,N
Neu5Ac(a2-3/6)Gal(b1-4)GlcNAc(b1-2)Man(a1-3)[Neu5Ac(a2-3/6)Gal(b1-4)GlcNAc(b1-2)[GlcNAc(b1-6)]Man(a1-6)]Man(b1-4)GlcNAc(b1-4)GlcNAc,"{'Hex': 5, 'HexNAc': 5, 'Neu5Ac': 2}",55020,['Homo_sapiens'],['https://pubmed.ncbi.nlm.nih.gov/35183770/'],,N
Neu5Ac(a2-3/6)Gal(b1-4)GlcNAc(b1-2)Man(a1-3)[Neu5Ac(a2-3/6)Gal(b1-4)GlcNAc(b1-2)[Neu5Ac(a2-3/6)GlcNAc(b1-6)]Man(a1-6)]Man(b1-4)GlcNAc(b1-4)GlcNAc,"{'Hex': 5, 'HexNAc': 5, 'Neu5Ac': 3}",55030,['Homo_sapiens'],['https://pubmed.ncbi.nlm.nih.gov/33650863/'],,N
Neu5Ac(a2-3/6)Gal(b1-4)GlcNAc(b1-2)Man(a1-3)[Neu5Ac(a2-3/6)Gal(b1-4)[Neu5Ac(a2-3/6)]GlcNAc(b1-2)Man(a1-6)]Man(b1-4)GlcNAc(b1-4)GlcNAc,"{'Hex': 5, 'HexNAc': 4, 'Neu5Ac': 3}",45030,['Homo_sapiens'],['https://pubmed.ncbi.nlm.nih.gov/33650863/'],,N
Neu5Ac(a2-3/6)Gal(b1-4)GlcNAc(b1-2)Man(a1-3)[Neu5Ac(a2-3/6)GalOS(b1-4)GlcNAc(b1-2)Man(a1-6)]Man(b1-4)GlcNAc(b1-4)GlcNAc,"{'Hex': 5, 'HexNAc': 4, 'Neu5Ac': 2, 'S': 1}",45020,['Homo_sapiens'],['https://pubmed.ncbi.nlm.nih.gov/32737218/'],,N
Neu5Ac(a2-3/6)Gal(b1-4)GlcNAc(b1-2)Man(a1-3)[Neu5Ac(a2-6)GlcNAc(b1-2)Man(a1-6)]Man(b1-4)GlcNAc(b1-4)GlcNAc,"{'Hex': 4, 'HexNAc': 4, 'Neu5Ac': 2}",44020,['Homo_sapiens'],['https://pubmed.ncbi.nlm.nih.gov/33650863/'],G23437FV,N
Neu5Ac(a2-3/6)Gal(b1-4)GlcNAc(b1-2)Man(a1-3/6)[Man(a1-3)[Man(a1-6)]Man(a1-3/6)]Man(b1-4)GlcNAc(b1-4)GlcNAc,"{'Hex': 6, 'HexNAc': 3, 'Neu5Ac': 1}",36010,['Homo_sapiens'],['http://www.functionalglycomics.org/glycomics/SampleServlet?operationType=view&key=110'],G92570PJ,N
Neu5Ac(a2-3/6)Gal(b1-4)GlcNAc(b1-2)Man(a1-3/6)[Neu5Ac(a2-3/6)GalNAc(b1-3/4)GlcNAc(b1-2)Man(a1-3/6)]Man(b1-4)GlcNAc(b1-4)GlcNAc,"{'Hex': 4, 'HexNAc': 5, 'Neu5Ac': 2}",54020,['Homo_sapiens'],['https://www.mcponline.org/article/S1535-9476(20)35140-9/fulltext'],,N
Neu5Ac(a2-3/6)Gal(b1-4)GlcNAc(b1-2)Man(a1-6)[Gal(b1-4)[Neu5Ac(a2-3/6)]GlcNAc(b1-2)Man(a1-3)]Man(b1-4)GlcNAc(b1-4)GlcNAc,"{'Hex': 5, 'HexNAc': 4, 'Neu5Ac': 2}",45020,['Homo_sapiens'],['https://pubmed.ncbi.nlm.nih.gov/35183770/'],,N
Neu5Ac(a2-3/6)Gal(b1-4)GlcNAc(b1-2)Man(a1-6)[GalNAc(b1-4)GlcNAc(b1-2)Man(a1-3)]Man(b1-4)GlcNAc(b1-4)GlcNAc,"{'Hex': 4, 'HexNAc': 5, 'Neu5Ac': 1}",54010,['Homo_sapiens'],['https://pubmed.ncbi.nlm.nih.gov/33650863/'],,N
Neu5Ac(a2-3/6)Gal(b1-4)GlcNAc(b1-2)Man(a1-6)[GlcNAc(b1-2)Man(a1-3)][GlcNAc(b1-4)]Man(b1-4)GlcNAc(b1-4)GlcNAc,"{'Hex': 4, 'HexNAc': 5, 'Neu5Ac': 1}",54010,['Homo_sapiens'],['https://pubmed.ncbi.nlm.nih.gov/33583051/'],G41323XJ,N
Neu5Ac(a2-3/6)Gal(b1-4)GlcNAc(b1-2)Man(a1-6)[Man(a1-2)Man(a1-3)]Man(b1-4)GlcNAc(b1-4)GlcNAc,"{'Hex': 5, 'HexNAc': 3, 'Neu5Ac': 1}",35010,['Homo_sapiens'],['https://pubmed.ncbi.nlm.nih.gov/33583051/'],,N
Neu5Ac(a2-3/6)Gal(b1-4)GlcNAc(b1-2)[Fuc(a1-3)[Gal(b1-4)]GlcNAc(b1-4)]Man(a1-3)[Man(a1-2)Man(a1-3/6)[Man(a1-3/6)]Man(a1-6)]Man(b1-4)GlcNAc(b1-4)GlcNAc,"{'Hex': 8, 'HexNAc': 4, 'Neu5Ac': 1, 'dHex': 1}",48110,['Homo_sapiens'],['https://pubmed.ncbi.nlm.nih.gov/35183770/'],,N
Neu5Ac(a2-3/6)Gal(b1-4)GlcNAc(b1-2)[Fuc(a1-3)[Gal(b1-4)]GlcNAc(b1-4)]Man(a1-3)[Man(a1-3)[Man(a1-6)]Man(a1-6)]Man(b1-4)GlcNAc(b1-4)GlcNAc,"{'Hex': 7, 'HexNAc': 4, 'Neu5Ac': 1, 'dHex': 1}",47110,['Homo_sapiens'],['https://pubmed.ncbi.nlm.nih.gov/35183770/'],,N
Neu5Ac(a2-3/6)Gal(b1-4)GlcNAc(b1-2)[Fuc(a1-3)[Gal(b1-4)]GlcNAc(b1-4)]Man(a1-3)[Man(a1-3/6)Man(a1-6)]Man(b1-4)GlcNAc(b1-4)GlcNAc,"{'Hex': 6, 'HexNAc': 4, 'Neu5Ac': 1, 'dHex': 1}",46110,['Homo_sapiens'],['https://pubmed.ncbi.nlm.nih.gov/35183770/'],,N
Neu5Ac(a2-3/6)Gal(b1-4)GlcNAc(b1-2)[Gal(b1-4)GlcNAc(b1-4)]Man(a1-3)[Fuc(a1-3)[Gal(b1-4)]GlcNAc(b1-2)[Fuc(a1-3)[Gal(b1-4)]GlcNAc(b1-6)]Man(a1-6)]Man(b1-4)GlcNAc(b1-4)GlcNAc,"{'Hex': 7, 'HexNAc': 6, 'Neu5Ac': 1, 'dHex': 2}",67210,['Homo_sapiens'],['https://pubmed.ncbi.nlm.nih.gov/35183770/'],,N
Neu5Ac(a2-3/6)Gal(b1-4)GlcNAc(b1-2)[Gal(b1-4)GlcNAc(b1-4)]Man(a1-3)[Fuc(a1-3)[Gal(b1-4)]GlcNAc(b1-2)[Fuc(a1-3)[Gal(b1-4)]GlcNAc(b1-6)]Man(a1-6)][GlcNAc(b1-4)]Man(b1-4)GlcNAc(b1-4)GlcNAc,"{'Hex': 7, 'HexNAc': 7, 'Neu5Ac': 1, 'dHex': 2}",77210,['Homo_sapiens'],['https://pubmed.ncbi.nlm.nih.gov/35183770/'],,N
Neu5Ac(a2-3/6)Gal(b1-4)GlcNAc(b1-2)[Gal(b1-4)GlcNAc(b1-4)]Man(a1-3)[Fuc(a1-3)[Gal(b1-4)]GlcNAc(b1-2)[Gal(b1-4)GlcNAc(b1-4)][Fuc(a1-3)[Gal(b1-4)]GlcNAc(b1-6)]Man(a1-6)]Man(b1-4)GlcNAc(b1-4)GlcNAc,"{'Hex': 8, 'HexNAc': 7, 'Neu5Ac': 1, 'dHex': 2}",78210,['Homo_sapiens'],['https://pubmed.ncbi.nlm.nih.gov/35183770/'],,N
Neu5Ac(a2-3/6)Gal(b1-4)GlcNAc(b1-2)[Gal(b1-4)GlcNAc(b1-4)]Man(a1-3)[Fuc(a1-3)[Gal(b1-4)]GlcNAc(b1-2)[Gal(b1-4)GlcNAc(b1-6)]Man(a1-6)]Man(b1-4)GlcNAc(b1-4)GlcNAc,"{'Hex': 7, 'HexNAc': 6, 'Neu5Ac': 1, 'dHex': 1}",67110,['Homo_sapiens'],['https://pubmed.ncbi.nlm.nih.gov/35183770/'],,N
Neu5Ac(a2-3/6)Gal(b1-4)GlcNAc(b1-2)[Gal(b1-4)GlcNAc(b1-4)]Man(a1-3)[Gal(b1-4)GlcNAc(b1-2)[Gal(b1-4)GlcNAc(b1-4)][Gal(b1-4)GlcNAc(b1-6)]Man(a1-6)]Man(b1-4)GlcNAc(b1-4)GlcNAc,"{'Hex': 8, 'HexNAc': 7, 'Neu5Ac': 1}",78010,['Homo_sapiens'],['https://pubmed.ncbi.nlm.nih.gov/35183770/'],,N
Neu5Ac(a2-3/6)Gal(b1-4)GlcNAc(b1-2)[Gal(b1-4)GlcNAc(b1-4)]Man(a1-3)[Gal(b1-4)GlcNAc(b1-2)[Gal(b1-4)GlcNAc(b1-6)]Man(a1-6)][GlcNAc(b1-4)]Man(b1-4)GlcNAc(b1-4)GlcNAc,"{'Hex': 7, 'HexNAc': 7, 'Neu5Ac': 1}",77010,['Homo_sapiens'],['https://pubmed.ncbi.nlm.nih.gov/35183770/'],,N
Neu5Ac(a2-3/6)Gal(b1-4)GlcNAc(b1-2)[Gal(b1-4)GlcNAc(b1-4)]Man(a1-3)[Man(a1-2)Man(a1-3)[Man(a1-2)Man(a1-6)]Man(a1-6)]Man(b1-4)GlcNAc(b1-4)GlcNAc,"{'Hex': 9, 'HexNAc': 4, 'Neu5Ac': 1}",49010,['Homo_sapiens'],['https://pubmed.ncbi.nlm.nih.gov/35183770/'],,N
Neu5Ac(a2-3/6)Gal(b1-4)GlcNAc(b1-2)[Gal(b1-4)GlcNAc(b1-4)]Man(a1-3)[Man(a1-2)Man(a1-3/6)[Man(a1-3/6)]Man(a1-6)]Man(b1-4)GlcNAc(b1-4)GlcNAc,"{'Hex': 8, 'HexNAc': 4, 'Neu5Ac': 1}",48010,['Homo_sapiens'],['https://pubmed.ncbi.nlm.nih.gov/35183770/'],,N
Neu5Ac(a2-3/6)Gal(b1-4)GlcNAc(b1-2)[Gal(b1-4)GlcNAc(b1-4)]Man(a1-3)[Man(a1-3)[Man(a1-6)]Man(a1-6)][GlcNAc(b1-4)]Man(b1-4)GlcNAc(b1-4)GlcNAc,"{'Hex': 7, 'HexNAc': 5, 'Neu5Ac': 1}",57010,['Homo_sapiens'],['https://pubmed.ncbi.nlm.nih.gov/35183770/'],G59529PB,N
Neu5Ac(a2-3/6)Gal(b1-4)GlcNAc(b1-2)[Gal(b1-4)GlcNAc(b1-4)]Man(a1-3)[Man(a1-3/6)Man(a1-6)][GlcNAc(b1-4)]Man(b1-4)GlcNAc(b1-4)GlcNAc,"{'Hex': 6, 'HexNAc': 5, 'Neu5Ac': 1}",56010,['Homo_sapiens'],['https://pubmed.ncbi.nlm.nih.gov/35183770/'],,N
Neu5Ac(a2-3/6)Gal(b1-4)GlcNAc(b1-2)[Gal(b1-4)GlcNAc(b1-4)]Man(a1-3)[Neu5Ac(a2-3/6)Gal(b1-4)GlcNAc(b1-2)[Gal(b1-4)GlcNAc(b1-4)][Gal(b1-4)GlcNAc(b1-6)]Man(a1-6)]Man(b1-4)GlcNAc(b1-4)GlcNAc,"{'Hex': 8, 'HexNAc': 7, 'Neu5Ac': 2}",78020,['Homo_sapiens'],['https://pubmed.ncbi.nlm.nih.gov/35183770/'],,N
Neu5Ac(a2-3/6)Gal(b1-4)GlcNAc(b1-2)[Gal(b1-4)GlcNAc(b1-4)]Man(a1-3)[Neu5Ac(a2-3/6)Gal(b1-4)GlcNAc(b1-2)[Gal(b1-4)GlcNAc(b1-6)]Man(a1-6)]Man(b1-4)GlcNAc(b1-4)GlcNAc,"{'Hex': 7, 'HexNAc': 6, 'Neu5Ac': 2}",67020,['Homo_sapiens'],['https://pubmed.ncbi.nlm.nih.gov/35183770/'],,N
Neu5Ac(a2-3/6)Gal(b1-4)GlcNAc(b1-2)[Gal(b1-4)GlcNAc(b1-4)]Man(a1-3)[Neu5Ac(a2-3/6)Gal(b1-4)GlcNAc(b1-2)[Neu5Ac(a2-3/6)Gal(b1-4)GlcNAc(b1-6)]Man(a1-6)]Man(b1-4)GlcNAc(b1-4)GlcNAc,"{'Hex': 7, 'HexNAc': 6, 'Neu5Ac': 3}",67030,['Homo_sapiens'],['https://pubmed.ncbi.nlm.nih.gov/35183770/'],,N
Neu5Ac(a2-3/6)Gal(b1-4)GlcNAc(b1-2)[Gal(b1-4)GlcNAc(b1-4)]Man(a1-3)[Neu5Ac(a2-3/6)GalNAc(b1-4)GlcNAc(b1-2)Man(a1-6)]Man(b1-4)GlcNAc(b1-4)GlcNAc,"{'Hex': 5, 'HexNAc': 6, 'Neu5Ac': 2}",65020,['Homo_sapiens'],['https://pubmed.ncbi.nlm.nih.gov/33650863/'],,N
Neu5Ac(a2-3/6)Gal(b1-4)GlcNAc(b1-2)[Gal(b1-4)GlcNAc(b1-4)][Gal(b1-4)GlcNAc(b1-6)]Man(a1-3)[Gal(b1-4)GlcNAc(b1-2)[Gal(b1-4)GlcNAc(b1-4)][Gal(b1-4)GlcNAc(b1-6)]Man(a1-6)]Man(b1-4)GlcNAc(b1-4)GlcNAc,"{'Hex': 9, 'HexNAc': 8, 'Neu5Ac': 1}",89010,['Homo_sapiens'],['https://pubmed.ncbi.nlm.nih.gov/35183770/'],,N
Neu5Ac(a2-3/6)Gal(b1-4)GlcNAc(b1-2)[Gal(b1-4)GlcNAc(b1-4)][Gal(b1-4)GlcNAc(b1-6)]Man(a1-3)[Neu5Ac(a2-3/6)Gal(b1-4)GlcNAc(b1-2)[Gal(b1-4)GlcNAc(b1-4)][Gal(b1-4)GlcNAc(b1-6)]Man(a1-6)]Man(b1-4)GlcNAc(b1-4)GlcNAc,"{'Hex': 9, 'HexNAc': 8, 'Neu5Ac': 2}",89020,['Homo_sapiens'],['https://pubmed.ncbi.nlm.nih.gov/35183770/'],,N
Neu5Ac(a2-3/6)Gal(b1-4)GlcNAc(b1-2)[GalNAc(b1-4)GlcNAc(b1-4)]Man(a1-3)[Man(a1-2)Man(a1-3/6)[Man(a1-3/6)]Man(a1-6)]Man(b1-4)GlcNAc(b1-4)GlcNAc,"{'Hex': 7, 'HexNAc': 5, 'Neu5Ac': 1}",57010,['Homo_sapiens'],['https://pubmed.ncbi.nlm.nih.gov/35183770/'],,N
Neu5Ac(a2-3/6)Gal(b1-4)GlcNAc(b1-2)[GalNAc(b1-4)GlcNAc(b1-4)]Man(a1-3)[Man(a1-3)[Man(a1-6)]Man(a1-6)]Man(b1-4)GlcNAc(b1-4)GlcNAc,"{'Hex': 6, 'HexNAc': 5, 'Neu5Ac': 1}",56010,['Homo_sapiens'],['https://pubmed.ncbi.nlm.nih.gov/35183770/'],,N
Neu5Ac(a2-3/6)Gal(b1-4)GlcNAc(b1-2)[GlcNAc(b1-4)]Man(a1-3)[Fuc(a1-3)[Gal(b1-4)]GlcNAc(b1-2)[Fuc(a1-3)[Gal(b1-4)]GlcNAc(b1-6)]Man(a1-6)]Man(b1-4)GlcNAc(b1-4)GlcNAc,"{'Hex': 6, 'HexNAc': 6, 'Neu5Ac': 1, 'dHex': 2}",66210,['Homo_sapiens'],['https://pubmed.ncbi.nlm.nih.gov/35183770/'],,N
Neu5Ac(a2-3/6)Gal(b1-4)GlcNAc(b1-2)[GlcNAc(b1-4)]Man(a1-3)[Gal(b1-4)GlcNAc(b1-2)[Gal(b1-4)GlcNAc(b1-6)]Man(a1-6)]Man(b1-4)GlcNAc(b1-4)GlcNAc,"{'Hex': 6, 'HexNAc': 6, 'Neu5Ac': 1}",66010,['Homo_sapiens'],['https://pubmed.ncbi.nlm.nih.gov/35183770/'],G88235NV,N
Neu5Ac(a2-3/6)Gal(b1-4)GlcNAc(b1-2)[GlcNAc(b1-4)]Man(a1-3)[Man(a1-2)Man(a1-3/6)[Man(a1-3/6)]Man(a1-6)]Man(b1-4)GlcNAc(b1-4)GlcNAc,"{'Hex': 7, 'HexNAc': 4, 'Neu5Ac': 1}",47010,['Homo_sapiens'],['https://pubmed.ncbi.nlm.nih.gov/35183770/'],,N
Neu5Ac(a2-3/6)Gal(b1-4)GlcNAc(b1-2)[GlcNAc(b1-4)]Man(a1-3)[Man(a1-2)Man(a1-3/6)[Man(a1-3/6)]Man(a1-6)][GlcNAc(b1-4)]Man(b1-4)GlcNAc(b1-4)GlcNAc,"{'Hex': 7, 'HexNAc': 5, 'Neu5Ac': 1}",57010,['Homo_sapiens'],['https://pubmed.ncbi.nlm.nih.gov/35183770/'],,N
Neu5Ac(a2-3/6)Gal(b1-4)GlcNAc(b1-2)[GlcNAc(b1-4)]Man(a1-3)[Man(a1-3)[Man(a1-6)]Man(a1-6)]Man(b1-4)GlcNAc(b1-4)GlcNAc,"{'Hex': 6, 'HexNAc': 4, 'Neu5Ac': 1}",46010,['Homo_sapiens'],['https://pubmed.ncbi.nlm.nih.gov/35183770/'],G96585HS,N
Neu5Ac(a2-3/6)Gal(b1-4)GlcNAc(b1-2)[GlcNAc(b1-4)]Man(a1-3)[Neu5Ac(a2-3/6)Gal(b1-4)GlcNAc(b1-2)[Gal(b1-4)GlcNAc(b1-6)]Man(a1-6)]Man(b1-4)GlcNAc(b1-4)GlcNAc,"{'Hex': 6, 'HexNAc': 6, 'Neu5Ac': 2}",66020,['Homo_sapiens'],['https://pubmed.ncbi.nlm.nih.gov/35183770/'],,N
Neu5Ac(a2-3/6)Gal(b1-4)GlcNAc(b1-2)[GlcNAc(b1-4)]Man(a1-3)[Neu5Ac(a2-3/6)Gal(b1-4)GlcNAc(b1-2)[Neu5Ac(a2-3/6)Gal(b1-4)GlcNAc(b1-6)]Man(a1-6)]Man(b1-4)GlcNAc(b1-4)GlcNAc,"{'Hex': 6, 'HexNAc': 6, 'Neu5Ac': 3}",66030,['Homo_sapiens'],['https://pubmed.ncbi.nlm.nih.gov/35183770/'],G02038EU,N
Neu5Ac(a2-3/6)Gal(b1-4)GlcNAc(b1-2)[Neu5Ac(a2-3/6)Gal(b1-4)GlcNAc(b1-4)]Man(a1-3)[Gal(b1-4)GlcNAc(b1-2)[Gal(b1-4)GlcNAc(b1-6)]Man(a1-6)]Man(b1-4)GlcNAc(b1-4)GlcNAc,"{'Hex': 7, 'HexNAc': 6, 'Neu5Ac': 2}",67020,['Homo_sapiens'],['https://pubmed.ncbi.nlm.nih.gov/32737218/'],,N
Neu5Ac(a2-3/6)Gal(b1-4)GlcNAc(b1-2)[Neu5Ac(a2-3/6)Gal(b1-4)GlcNAc(b1-4)]Man(a1-3)[GalOS(b1-4)GlcNAc(b1-2)[GalOS(b1-4)GlcNAc(b1-6)]Man(a1-6)]Man(b1-4)GlcNAc(b1-4)GlcNAc,"{'Hex': 7, 'HexNAc': 6, 'Neu5Ac': 2, 'S': 2}",67020,['Homo_sapiens'],['https://pubmed.ncbi.nlm.nih.gov/32737218/'],,N
Neu5Ac(a2-3/6)Gal(b1-4)GlcNAc(b1-2)[Neu5Ac(a2-3/6)Gal(b1-4)GlcNAc(b1-4)]Man(a1-3)[GalOS(b1-4)GlcNAc(b1-2/6)[Gal(b1-4)GlcNAc(b1-2/6)]Man(a1-6)]Man(b1-4)GlcNAc(b1-4)GlcNAc,"{'Hex': 7, 'HexNAc': 6, 'Neu5Ac': 2, 'S': 1}",67020,['Homo_sapiens'],['https://pubmed.ncbi.nlm.nih.gov/33650863/'],,N
Neu5Ac(a2-3/6)Gal(b1-4)GlcNAc(b1-2)[Neu5Ac(a2-3/6)Gal(b1-4)GlcNAc(b1-4)]Man(a1-3)[Man(a1-2)Man(a1-3/6)[Man(a1-3/6)]Man(a1-6)]Man(b1-4)GlcNAc(b1-4)GlcNAc,"{'Hex': 8, 'HexNAc': 4, 'Neu5Ac': 2}",48020,['Homo_sapiens'],['https://pubmed.ncbi.nlm.nih.gov/35183770/'],,N
Neu5Ac(a2-3/6)Gal(b1-4)GlcNAc(b1-2)[Neu5Ac(a2-3/6)Gal(b1-4)GlcNAc(b1-4)]Man(a1-3)[Man(a1-3/6)Man(a1-6)][GlcNAc(b1-4)]Man(b1-4)GlcNAc(b1-4)GlcNAc,"{'Hex': 6, 'HexNAc': 5, 'Neu5Ac': 2}",56020,['Homo_sapiens'],['https://pubmed.ncbi.nlm.nih.gov/35183770/'],,N
Neu5Ac(a2-3/6)Gal(b1-4)GlcNAc(b1-2)[Neu5Ac(a2-3/6)Gal(b1-4)GlcNAc(b1-4)]Man(a1-3)[Neu5Ac(a2-3)[GalNAc(b1-4)]Gal(b1-4)GlcNAc(b1-2/6)[Gal(b1-4)GlcNAc(b1-2/6)]Man(a1-6)]Man(b1-4)GlcNAc(b1-4)GlcNAc,"{'Hex': 7, 'HexNAc': 7, 'Neu5Ac': 3}",77030,['Homo_sapiens'],['https://pubmed.ncbi.nlm.nih.gov/33650863/'],,N
Neu5Ac(a2-3/6)Gal(b1-4)GlcNAc(b1-2)[Neu5Ac(a2-3/6)Gal(b1-4)GlcNAc(b1-4)]Man(a1-3)[Neu5Ac(a2-3)[GalNAc(b1-4)]Gal(b1-4)GlcNAc(b1-2/6)[Neu5Ac(a2-3/6)Gal(b1-4)GlcNAc(b1-2/6)]Man(a1-6)]Man(b1-4)GlcNAc(b1-4)GlcNAc,"{'Hex': 7, 'HexNAc': 7, 'Neu5Ac': 4}",77040,['Homo_sapiens'],['https://pubmed.ncbi.nlm.nih.gov/33650863/'],,N
Neu5Ac(a2-3/6)Gal(b1-4)GlcNAc(b1-2)[Neu5Ac(a2-3/6)Gal(b1-4)GlcNAc(b1-4)]Man(a1-3)[Neu5Ac(a2-3/6)Gal(b1-4)GlcNAc(b1-2)[Gal(b1-4)GlcNAc(b1-6)]Man(a1-6)]Man(b1-4)GlcNAc(b1-4)GlcNAc,"{'Hex': 7, 'HexNAc': 6, 'Neu5Ac': 3}",67030,['Homo_sapiens'],['https://pubmed.ncbi.nlm.nih.gov/32737218/'],,N
Neu5Ac(a2-3/6)Gal(b1-4)GlcNAc(b1-2)[Neu5Ac(a2-3/6)Gal(b1-4)GlcNAc(b1-4)]Man(a1-3)[Neu5Ac(a2-3/6)Gal(b1-4)GlcNAc(b1-2)[GalOS(b1-4)GlcNAc(b1-6)]Man(a1-6)]Man(b1-4)GlcNAc(b1-4)GlcNAc,"{'Hex': 7, 'HexNAc': 6, 'Neu5Ac': 3, 'S': 1}",67030,['Homo_sapiens'],['https://pubmed.ncbi.nlm.nih.gov/32737218/'],,N
Neu5Ac(a2-3/6)Gal(b1-4)GlcNAc(b1-2)[Neu5Ac(a2-3/6)Gal(b1-4)GlcNAc(b1-4)]Man(a1-3)[Neu5Ac(a2-3/6)Gal(b1-4)GlcNAc(b1-2)[Neu5Ac(a2-3/6)GlcNAc(b1-6)]Man(a1-6)]Man(b1-4)GlcNAc(b1-4)GlcNAc,"{'Hex': 6, 'HexNAc': 6, 'Neu5Ac': 4}",66040,['Homo_sapiens'],['https://pubmed.ncbi.nlm.nih.gov/33650863/'],,N
Neu5Ac(a2-3/6)Gal(b1-4)GlcNAc(b1-2)[Neu5Ac(a2-3/6)Gal(b1-4)GlcNAc(b1-4)]Man(a1-3)[Neu5Ac(a2-3/6)Gal(b1-4)GlcNAc(b1-2/6)[Gal(b1-4)GlcNAc(b1-2/6)]Man(a1-6)]Man(b1-4)GlcNAc(b1-4)GlcNAc,"{'Hex': 7, 'HexNAc': 6, 'Neu5Ac': 3}",67030,['Homo_sapiens'],['https://pubmed.ncbi.nlm.nih.gov/33650863/'],,N
Neu5Ac(a2-3/6)Gal(b1-4)GlcNAc(b1-2)[Neu5Ac(a2-3/6)Gal(b1-4)GlcNAc(b1-4)]Man(a1-3)[Neu5Ac(a2-3/6)Gal(b1-4)GlcNAc(b1-2/6)[GalNAcOS(b1-4)GlcNAc(b1-2/6)]Man(a1-6)]Man(b1-4)GlcNAc(b1-4)GlcNAc,"{'Hex': 6, 'HexNAc': 7, 'Neu5Ac': 3, 'S': 1}",76030,['Homo_sapiens'],['https://pubmed.ncbi.nlm.nih.gov/33650863/'],,N
Neu5Ac(a2-3/6)Gal(b1-4)GlcNAc(b1-2)[Neu5Ac(a2-3/6)Gal(b1-4)GlcNAc(b1-4)]Man(a1-3)[Neu5Ac(a2-3/6)Gal(b1-4)GlcNAc(b1-2/6)[GalOS(b1-4)GlcNAc(b1-2/6)]Man(a1-6)]Man(b1-4)GlcNAc(b1-4)GlcNAc,"{'Hex': 7, 'HexNAc': 6, 'Neu5Ac': 3, 'S': 1}",67030,['Homo_sapiens'],['https://pubmed.ncbi.nlm.nih.gov/33650863/'],,N
Neu5Ac(a2-3/6)Gal(b1-4)GlcNAc(b1-2)[Neu5Ac(a2-3/6)Gal(b1-4)GlcNAc(b1-4)]Man(a1-3)[Neu5Ac(a2-3/6)Gal(b1-4)[Neu5Ac(a2-3/6)]GlcNAc(b1-2)Man(a1-6)]Man(b1-4)GlcNAc(b1-4)GlcNAc,"{'Hex': 6, 'HexNAc': 5, 'Neu5Ac': 4}",56040,['Homo_sapiens'],['https://pubmed.ncbi.nlm.nih.gov/33650863/'],,N
Neu5Ac(a2-3/6)Gal(b1-4)GlcNAc(b1-2)[Neu5Ac(a2-3/6)Gal(b1-4)GlcNAc(b1-4/6)]Man(a1-3/6)[Neu5Ac(a2-3/6)Gal(b1-4)GlcNAc(b1-2)Man(a1-3/6)][GlcNAc(b1-4)]Man(b1-4)GlcNAc(b1-4)GlcNAc,"{'Hex': 6, 'HexNAc': 6, 'Neu5Ac': 3}",66030,['Homo_sapiens'],['https://pubmed.ncbi.nlm.nih.gov/38096130/'],,N
Neu5Ac(a2-3/6)Gal(b1-4)GlcNAc(b1-2)[Neu5Ac(a2-3/6)Gal(b1-4)GlcNAc(b1-6)]Man(a1-3/6)[Neu5Ac(a2-3/6)Gal(b1-4)GlcNAc(b1-2)Man(a1-3/6)]Man(b1-4)GlcNAc(b1-4)GlcNAc,"{'Hex': 6, 'HexNAc': 5, 'Neu5Ac': 3}",56030,['Homo_sapiens'],[''],G03700EN,N
Neu5Ac(a2-3/6)Gal(b1-4)GlcNAc(b1-2)[Neu5Ac(a2-3/6)Gal(b1-4)GlcNAc(b1-6)]Man(a1-6)[Gal(b1-4)[Neu5Ac(a2-3/6)]GlcNAc(b1-2)Man(a1-3)]Man(b1-4)GlcNAc(b1-4)GlcNAc,"{'Hex': 6, 'HexNAc': 5, 'Neu5Ac': 3}",56030,['Homo_sapiens'],['https://pubmed.ncbi.nlm.nih.gov/35183770/'],,N
Neu5Ac(a2-3/6)Gal(b1-4)GlcNAc(b1-2/4)[Gal(b1-4)GlcNAc(b1-2/4)]Man(a1-3)[Neu5Ac(a2-3)[GalNAc(b1-4)]Gal(b1-4)GlcNAc(b1-2/6)[Gal(b1-4)GlcNAc(b1-2/6)]Man(a1-6)]Man(b1-4)GlcNAc(b1-4)GlcNAc,"{'Hex': 7, 'HexNAc': 7, 'Neu5Ac': 2}",77020,['Homo_sapiens'],['https://pubmed.ncbi.nlm.nih.gov/33650863/'],,N
Neu5Ac(a2-3/6)Gal(b1-4)GlcNAc(b1-2/4/6)[Gal(b1-4)GlcNAc(b1-2/4/6)]Man(a1-3/6)[Gal(b1-4)GlcNAc(b1-2)Man(a1-3/6)][GlcNAc(b1-4)]Man(b1-4)GlcNAc(b1-4)GlcNAc,"{'Hex': 6, 'HexNAc': 6, 'Neu5Ac': 1}",66010,['Homo_sapiens'],['http://www.functionalglycomics.org/glycomics/SampleServlet?operationType=view&key=203'],,N
Neu5Ac(a2-3/6)Gal(b1-4)GlcNAc(b1-3)Gal(b1-4)GlcNAc(b1-2)Man(a1-6)[Gal(b1-4)GlcNAc(b1-2)Man(a1-3)]Man(b1-4)GlcNAc(b1-4)GlcNAc,"{'Hex': 6, 'HexNAc': 5, 'Neu5Ac': 1}",56010,['Homo_sapiens'],['https://pubmed.ncbi.nlm.nih.gov/32737218/'],,N
Neu5Ac(a2-3/6)Gal(b1-4)GlcNAc(b1-3)Gal(b1-4)GlcNAc(b1-2)[Neu5Ac(a2-3/6)Gal(b1-4)GlcNAc(b1-3)Gal(b1-4)GlcNAc(b1-6)]Man(a1-6)[Neu5Ac(a2-3/6)Gal(b1-4)GlcNAc(b1-2)[Neu5Ac(a2-3/6)Gal(b1-4)GlcNAc(b1-4)]Man(a1-3)]Man(b1-4)GlcNAc(b1-4)GlcNAc,"{'Hex': 9, 'HexNAc': 8, 'Neu5Ac': 4}",89040,['Homo_sapiens'],['https://pubmed.ncbi.nlm.nih.gov/33650863/'],,N
Neu5Ac(a2-3/6)Gal(b1-4)GlcNAc(b1-3)Gal(b1-4)GlcNAc(b1-2)[Neu5Ac(a2-3/6)Gal(b1-4)GlcNAc(b1-3)Gal(b1-4)GlcNAc(b1-6)]Man(a1-6)[Neu5Ac(a2-3/6)Gal(b1-4)[Neu5Ac(a2-3/6)]GlcNAc(b1-2/4)[Neu5Ac(a2-3/6)Gal(b1-4)GlcNAc(b1-2/4)]Man(a1-3)]Man(b1-4)GlcNAc(b1-4)GlcNAc,"{'Hex': 9, 'HexNAc': 8, 'Neu5Ac': 5}",89050,['Homo_sapiens'],['https://pubmed.ncbi.nlm.nih.gov/33650863/'],,N
Neu5Ac(a2-3/6)Gal(b1-4)GlcNAc(b1-3)Gal(b1-4)GlcNAc(b1-2)[Neu5Ac(a2-3/6)Gal(b1-4)GlcNAc(b1-6)]Man(a1-6)[Neu5Ac(a2-3/6)Gal(b1-4)GlcNAc(b1-2)[Neu5Ac(a2-3/6)Gal(b1-4)GlcNAc(b1-4)]Man(a1-3)]Man(b1-4)GlcNAc(b1-4)GlcNAc,"{'Hex': 8, 'HexNAc': 7, 'Neu5Ac': 4}",78040,['Homo_sapiens'],['https://pubmed.ncbi.nlm.nih.gov/33650863/'],G85809SI,N
Neu5Ac(a2-3/6)Gal(b1-4)GlcNAc(b1-3)Gal(b1-4)GlcNAc(b1-2)[Neu5Ac(a2-3/6)Gal(b1-4)GlcNAc(b1-6)]Man(a1-6)[Neu5Ac(a2-3/6)Gal(b1-4)GlcNAc(b1-2/4)[Gal(b1-4)GlcNAc(b1-2/4)]Man(a1-3)]Man(b1-4)GlcNAc(b1-4)GlcNAc,"{'Hex': 8, 'HexNAc': 7, 'Neu5Ac': 3}",78030,['Homo_sapiens'],['https://pubmed.ncbi.nlm.nih.gov/33650863/'],G91194LC,N
Neu5Ac(a2-3/6)Gal(b1-4)GlcNAc(b1-3)Gal(b1-4)GlcNAc(b1-2)[Neu5Ac(a2-3/6)GlcNAc(b1-6)]Man(a1-6)[Neu5Ac(a2-3/6)Gal(b1-4)[Neu5Ac(a2-3/6)]GlcNAc(b1-2/4)[Neu5Ac(a2-3/6)Gal(b1-4)GlcNAc(b1-2/4)]Man(a1-3)]Man(b1-4)GlcNAc(b1-4)GlcNAc,"{'Hex': 7, 'HexNAc': 7, 'Neu5Ac': 5}",77050,['Homo_sapiens'],['https://pubmed.ncbi.nlm.nih.gov/33650863/'],,N
Neu5Ac(a2-3/6)Gal(b1-4)GlcNAc(b1-3)Gal(b1-4)GlcNAc(b1-2/4)[Neu5Ac(a2-3/6)Gal(b1-4)[Neu5Ac(a2-3/6)]GlcNAc(b1-2/4)]Man(a1-3)[Neu5Ac(a2-3/6)Gal(b1-4)GlcNAc(b1-3)Gal(b1-4)GlcNAc(b1-2)[Neu5Ac(a2-3/6)Gal(b1-4)GlcNAc(b1-3)Gal(b1-4)GlcNAc(b1-6)]Man(a1-6)]Man(b1-4)GlcNAc(b1-4)GlcNAc,"{'Hex': 10, 'HexNAc': 9, 'Neu5Ac': 5}",910050,['Homo_sapiens'],['https://pubmed.ncbi.nlm.nih.gov/33650863/'],,N
Neu5Ac(a2-3/6)Gal(b1-4)GlcNAc(b1-3)Gal(b1-4)GlcNAc(b1-2/6)[Fuc(a1-3)[Gal(b1-4)]GlcNAc(b1-3)Gal(b1-4)GlcNAc(b1-2/6)]Man(a1-6)[Fuc(a1-3)[Gal(b1-4)]GlcNAc(b1-3)Gal(b1-4)GlcNAc(b1-2/4)[Neu5Ac(a2-3/6)Gal(b1-4)[Fuc(a1-3)]GlcNAc(b1-2/4)]Man(a1-3)]Man(b1-4)GlcNAc(b1-4)GlcNAc,"{'Hex': 10, 'HexNAc': 9, 'Neu5Ac': 2, 'dHex': 3}",910320,['Homo_sapiens'],['https://pubmed.ncbi.nlm.nih.gov/33650863/'],,N
Neu5Ac(a2-3/6)Gal(b1-4)GlcNAc(b1-3)Gal(b1-4)GlcNAc(b1-2/6)[Fuc(a1-3)[Gal(b1-4)]GlcNAc(b1-3)Gal(b1-4)GlcNAc(b1-2/6)]Man(a1-6)[Neu5Ac(a2-3/6)Gal(b1-4)GlcNAc(b1-2/4)[Fuc(a1-3)[Gal(b1-4)]GlcNAc(b1-2/4)]Man(a1-3)]Man(b1-4)GlcNAc(b1-4)GlcNAc,"{'Hex': 9, 'HexNAc': 8, 'Neu5Ac': 2, 'dHex': 2}",89220,['Homo_sapiens'],['https://pubmed.ncbi.nlm.nih.gov/33650863/'],,N
Neu5Ac(a2-3/6)Gal(b1-4)GlcNAc(b1-3)Gal(b1-4)GlcNAc(b1-6)[Neu5Ac(a2-3/6)Gal(b1-4)GlcNAc(b1-2)]Man(a1-6)[Neu5Ac(a2-3/6)Gal(b1-4)GlcNAc(b1-2)[Neu5Ac(a2-3/6)Gal(b1-4)GlcNAc(b1-4)]Man(a1-3)]Man(b1-4)GlcNAc(b1-4)GlcNAc,"{'Hex': 8, 'HexNAc': 7, 'Neu5Ac': 4}",78040,['Homo_sapiens'],['https://pubmed.ncbi.nlm.nih.gov/32737218/'],G47391TI,N
Neu5Ac(a2-3/6)Gal(b1-4)GlcNAc(b1-4)[Gal(b1-4)GlcNAc(b1-2)]Man(a1-3)[Gal(b1-4)GlcNAc(b1-2)Man(a1-6)]Man(b1-4)GlcNAc(b1-4)GlcNAc,"{'Hex': 6, 'HexNAc': 5, 'Neu5Ac': 1}",56010,['Homo_sapiens'],[''],,N
Neu5Ac(a2-3/6)Gal(b1-4)[Fuc(a1-3)]GlcNAc(b1-2)Man(a1-3)[Fuc(a1-2)Gal(b1-4)[Fuc(a1-3)]GlcNAc(b1-2)[Fuc(a1-3)[Gal(b1-4)]GlcNAc(b1-6)]Man(a1-6)]Man(b1-4)GlcNAc(b1-4)GlcNAc,"{'Hex': 6, 'HexNAc': 5, 'Neu5Ac': 1, 'dHex': 4}",56410,['Homo_sapiens'],['https://pubmed.ncbi.nlm.nih.gov/35183770/'],,N
Neu5Ac(a2-3/6)Gal(b1-4)[Fuc(a1-3)]GlcNAc(b1-2)Man(a1-3)[Fuc(a1-3)[Gal(b1-4)]GlcNAc(b1-2)Man(a1-6)]Man(b1-4)GlcNAc(b1-4)GlcNAc,"{'Hex': 5, 'HexNAc': 4, 'Neu5Ac': 1, 'dHex': 2}",45210,['Homo_sapiens'],['https://pubmed.ncbi.nlm.nih.gov/35183770/'],,N
Neu5Ac(a2-3/6)Gal(b1-4)[Fuc(a1-3)]GlcNAc(b1-2)Man(a1-3)[Fuc(a1-3)[Gal(b1-4)]GlcNAc(b1-2)Man(a1-6)][GlcNAc(b1-4)]Man(b1-4)GlcNAc(b1-4)GlcNAc,"{'Hex': 5, 'HexNAc': 5, 'Neu5Ac': 1, 'dHex': 2}",55210,['Homo_sapiens'],['https://pubmed.ncbi.nlm.nih.gov/35183770/'],G10409DZ,N
Neu5Ac(a2-3/6)Gal(b1-4)[Fuc(a1-3)]GlcNAc(b1-2)Man(a1-3)[Fuc(a1-3)[Gal(b1-4)]GlcNAc(b1-2)[Fuc(a1-3)[Gal(b1-4)]GlcNAc(b1-4)]Man(a1-6)]Man(b1-4)GlcNAc(b1-4)GlcNAc,"{'Hex': 6, 'HexNAc': 5, 'Neu5Ac': 1, 'dHex': 3}",56310,['Homo_sapiens'],['https://pubmed.ncbi.nlm.nih.gov/35183770/'],,N
Neu5Ac(a2-3/6)Gal(b1-4)[Fuc(a1-3)]GlcNAc(b1-2)Man(a1-3)[Fuc(a1-3)[Gal(b1-4)]GlcNAc(b1-2)[Fuc(a1-3/4)GlcNAc(b1-6)]Man(a1-6)]Man(b1-4)GlcNAc(b1-4)GlcNAc,"{'Hex': 5, 'HexNAc': 5, 'Neu5Ac': 1, 'dHex': 3}",55310,['Homo_sapiens'],['https://pubmed.ncbi.nlm.nih.gov/33650863/'],,N
Neu5Ac(a2-3/6)Gal(b1-4)[Fuc(a1-3)]GlcNAc(b1-2)Man(a1-3)[Fuc(a1-3)[Gal(b1-4)]GlcNAc(b1-2)[Gal(b1-4)GlcNAc(b1-6)]Man(a1-6)]Man(b1-4)GlcNAc(b1-4)GlcNAc,"{'Hex': 6, 'HexNAc': 5, 'Neu5Ac': 1, 'dHex': 2}",56210,['Homo_sapiens'],['https://pubmed.ncbi.nlm.nih.gov/35183770/'],,N
Neu5Ac(a2-3/6)Gal(b1-4)[Fuc(a1-3)]GlcNAc(b1-2)Man(a1-3)[Fuc(a1-3)[Gal(b1-4)]GlcNAc(b1-2)[GlcNAc(b1-6)]Man(a1-6)]Man(b1-4)GlcNAc(b1-4)GlcNAc,"{'Hex': 5, 'HexNAc': 5, 'Neu5Ac': 1, 'dHex': 2}",55210,['Homo_sapiens'],['https://pubmed.ncbi.nlm.nih.gov/35183770/'],,N
Neu5Ac(a2-3/6)Gal(b1-4)[Fuc(a1-3)]GlcNAc(b1-2)Man(a1-3)[Gal(b1-4)GlcNAc(b1-2)[Gal(b1-4)GlcNAc(b1-6)]Man(a1-6)]Man(b1-4)GlcNAc(b1-4)GlcNAc,"{'Hex': 6, 'HexNAc': 5, 'Neu5Ac': 1, 'dHex': 1}",56110,['Homo_sapiens'],['https://pubmed.ncbi.nlm.nih.gov/35183770/'],,N
Neu5Ac(a2-3/6)Gal(b1-4)[Fuc(a1-3)]GlcNAc(b1-2)Man(a1-3)[Gal(b1-4)GlcNAc(b1-2)[GlcNAc(b1-6)]Man(a1-6)]Man(b1-4)GlcNAc(b1-4)GlcNAc,"{'Hex': 5, 'HexNAc': 5, 'Neu5Ac': 1, 'dHex': 1}",55110,['Homo_sapiens'],['https://pubmed.ncbi.nlm.nih.gov/35183770/'],,N
Neu5Ac(a2-3/6)Gal(b1-4)[Fuc(a1-3)]GlcNAc(b1-2)Man(a1-3)[GlcNAc(b1-2)[GlcNAc(b1-6)]Man(a1-6)]Man(b1-4)GlcNAc(b1-4)GlcNAc,"{'Hex': 4, 'HexNAc': 5, 'Neu5Ac': 1, 'dHex': 1}",54110,['Homo_sapiens'],['https://pubmed.ncbi.nlm.nih.gov/35183770/'],,N
Neu5Ac(a2-3/6)Gal(b1-4)[Fuc(a1-3)]GlcNAc(b1-2)Man(a1-3)[Man(a1-3/6)Man(a1-6)]Man(b1-4)GlcNAc(b1-4)GlcNAc,"{'Hex': 5, 'HexNAc': 3, 'Neu5Ac': 1, 'dHex': 1}",35110,['Homo_sapiens'],['https://pubmed.ncbi.nlm.nih.gov/35183770/'],G96129HU,N
Neu5Ac(a2-3/6)Gal(b1-4)[Fuc(a1-3)]GlcNAc(b1-2)Man(a1-3)[Man(a1-3/6)Man(a1-6)][GlcNAc(b1-4)]Man(b1-4)GlcNAc(b1-4)GlcNAc,"{'Hex': 5, 'HexNAc': 4, 'Neu5Ac': 1, 'dHex': 1}",45110,['Homo_sapiens'],['https://pubmed.ncbi.nlm.nih.gov/35183770/'],,N
Neu5Ac(a2-3/6)Gal(b1-4)[Fuc(a1-3)]GlcNAc(b1-2)Man(a1-3)[Neu5Ac(a2-3/6)Gal(b1-4)GlcNAc(b1-2)Man(a1-6)]Man(b1-4)GlcNAc(b1-4)GlcNAc,"{'Hex': 5, 'HexNAc': 4, 'Neu5Ac': 2, 'dHex': 1}",45120,['Homo_sapiens'],['https://pubmed.ncbi.nlm.nih.gov/33897975/'],,N
Neu5Ac(a2-3/6)Gal(b1-4)[Fuc(a1-3)]GlcNAc(b1-2)Man(a1-3)[Neu5Ac(a2-3/6)Gal(b1-4)GlcNAc(b1-2)[Gal(b1-4)GlcNAc(b1-6)]Man(a1-6)]Man(b1-4)GlcNAc(b1-4)GlcNAc,"{'Hex': 6, 'HexNAc': 5, 'Neu5Ac': 2, 'dHex': 1}",56120,['Homo_sapiens'],['https://pubmed.ncbi.nlm.nih.gov/35183770/'],,N
Neu5Ac(a2-3/6)Gal(b1-4)[Fuc(a1-3)]GlcNAc(b1-2)Man(a1-3)[Neu5Ac(a2-3/6)Gal(b1-4)GlcNAc(b1-2)[Neu5Ac(a2-3/6)Gal(b1-4)GlcNAc(b1-6)]Man(a1-6)]Man(b1-4)GlcNAc(b1-4)GlcNAc,"{'Hex': 6, 'HexNAc': 5, 'Neu5Ac': 3, 'dHex': 1}",56130,['Homo_sapiens'],['https://pubmed.ncbi.nlm.nih.gov/35183770/'],,N
Neu5Ac(a2-3/6)Gal(b1-4)[Fuc(a1-3)]GlcNAc(b1-2)Man(a1-3)[Neu5Ac(a2-3/6)Gal(b1-4)GlcNAc(b1-2)[Neu5Ac(a2-3/6)Gal(b1-4)[Fuc(a1-3)]GlcNAc(b1-6)]Man(a1-6)]Man(b1-4)GlcNAc(b1-4)GlcNAc,"{'Hex': 6, 'HexNAc': 5, 'Neu5Ac': 3, 'dHex': 2}",56230,['Homo_sapiens'],['https://pubmed.ncbi.nlm.nih.gov/32737218/'],,N
Neu5Ac(a2-3/6)Gal(b1-4)[Fuc(a1-3)]GlcNAc(b1-2)Man(a1-3)[Neu5Ac(a2-3/6)Gal(b1-4)[Fuc(a1-3)]GlcNAc(b1-2)[Fuc(a1-3)[Gal(b1-4)]GlcNAc(b1-4)]Man(a1-6)]Man(b1-4)GlcNAc(b1-4)GlcNAc,"{'Hex': 6, 'HexNAc': 5, 'Neu5Ac': 2, 'dHex': 3}",56320,['Homo_sapiens'],['https://pubmed.ncbi.nlm.nih.gov/35183770/'],,N
Neu5Ac(a2-3/6)Gal(b1-4)[Fuc(a1-3)]GlcNAc(b1-2)Man(a1-3)[Neu5Ac(a2-3/6)Gal(b1-4)[Fuc(a1-3)]GlcNAc(b1-2)[Gal(b1-4)GlcNAc(b1-6)]Man(a1-6)]Man(b1-4)GlcNAc(b1-4)GlcNAc,"{'Hex': 6, 'HexNAc': 5, 'Neu5Ac': 2, 'dHex': 2}",56220,['Homo_sapiens'],['https://pubmed.ncbi.nlm.nih.gov/35183770/'],,N
Neu5Ac(a2-3/6)Gal(b1-4)[Fuc(a1-3)]GlcNAc(b1-2)Man(a1-3)[Neu5Ac(a2-3/6)Gal(b1-4)[Fuc(a1-3)]GlcNAc(b1-2)[GlcNAc(b1-6)]Man(a1-6)]Man(b1-4)GlcNAc(b1-4)GlcNAc,"{'Hex': 5, 'HexNAc': 5, 'Neu5Ac': 2, 'dHex': 2}",55220,['Homo_sapiens'],['https://pubmed.ncbi.nlm.nih.gov/33650863/'],,N
Neu5Ac(a2-3/6)Gal(b1-4)[Fuc(a1-3)]GlcNAc(b1-2)Man(a1-3)[Neu5Ac(a2-3/6)Gal(b1-4)[Fuc(a1-3)]GlcNAc(b1-2)[Neu5Ac(a2-3/6)Gal(b1-4)[Fuc(a1-3)]GlcNAc(b1-6)]Man(a1-6)]Man(b1-4)GlcNAc(b1-4)GlcNAc,"{'Hex': 6, 'HexNAc': 5, 'Neu5Ac': 3, 'dHex': 3}",56330,['Homo_sapiens'],['https://pubmed.ncbi.nlm.nih.gov/35183770/'],,N
Neu5Ac(a2-3/6)Gal(b1-4)[Fuc(a1-3)]GlcNAc(b1-2)Man(a1-6)[GlcNAc(b1-2)Man(a1-3)][GlcNAc(b1-4)]Man(b1-4)GlcNAc(b1-4)GlcNAc,"{'Hex': 4, 'HexNAc': 5, 'Neu5Ac': 1, 'dHex': 1}",54110,['Homo_sapiens'],['https://pubmed.ncbi.nlm.nih.gov/36902272/'],G25304PN,N
Neu5Ac(a2-3/6)Gal(b1-4)[Fuc(a1-3)]GlcNAc(b1-2)[Fuc(a1-3)[Gal(b1-4)]GlcNAc(b1-4)]Man(a1-3)[Fuc(a1-2)Gal(b1-4)[Fuc(a1-3)]GlcNAc(b1-2)[Fuc(a1-3)[Gal(b1-4)]GlcNAc(b1-6)]Man(a1-6)]Man(b1-4)GlcNAc(b1-4)GlcNAc,"{'Hex': 7, 'HexNAc': 6, 'Neu5Ac': 1, 'dHex': 5}",67510,['Homo_sapiens'],['https://pubmed.ncbi.nlm.nih.gov/35183770/'],,N
Neu5Ac(a2-3/6)Gal(b1-4)[Fuc(a1-3)]GlcNAc(b1-2)[Fuc(a1-3)[Gal(b1-4)]GlcNAc(b1-4)]Man(a1-3)[Fuc(a1-2)Gal(b1-4)[Fuc(a1-3)]GlcNAc(b1-2)[GlcNAc(b1-6)]Man(a1-6)]Man(b1-4)GlcNAc(b1-4)GlcNAc,"{'Hex': 6, 'HexNAc': 6, 'Neu5Ac': 1, 'dHex': 4}",66410,['Homo_sapiens'],['https://pubmed.ncbi.nlm.nih.gov/33650863/'],,N
Neu5Ac(a2-3/6)Gal(b1-4)[Fuc(a1-3)]GlcNAc(b1-2)[Fuc(a1-3)[Gal(b1-4)]GlcNAc(b1-4)]Man(a1-3)[Gal(b1-4)GlcNAc(b1-2)[GlcNAc(b1-6)]Man(a1-6)]Man(b1-4)GlcNAc(b1-4)GlcNAc,"{'Hex': 6, 'HexNAc': 6, 'Neu5Ac': 1, 'dHex': 2}",66210,['Homo_sapiens'],['https://pubmed.ncbi.nlm.nih.gov/33650863/'],,N
Neu5Ac(a2-3/6)Gal(b1-4)[Fuc(a1-3)]GlcNAc(b1-2)[Fuc(a1-3)[Gal(b1-4)]GlcNAc(b1-4)]Man(a1-3)[Man(a1-3)[Man(a1-6)]Man(a1-6)]Man(b1-4)GlcNAc(b1-4)GlcNAc,"{'Hex': 7, 'HexNAc': 4, 'Neu5Ac': 1, 'dHex': 2}",47210,['Homo_sapiens'],['https://pubmed.ncbi.nlm.nih.gov/35183770/'],G31223SI,N
Neu5Ac(a2-3/6)Gal(b1-4)[Fuc(a1-3)]GlcNAc(b1-2)[Fuc(a1-3)[Gal(b1-4)]GlcNAc(b1-4)]Man(a1-3)[Man(a1-3/6)Man(a1-6)]Man(b1-4)GlcNAc(b1-4)GlcNAc,"{'Hex': 6, 'HexNAc': 4, 'Neu5Ac': 1, 'dHex': 2}",46210,['Homo_sapiens'],['https://pubmed.ncbi.nlm.nih.gov/35183770/'],,N
Neu5Ac(a2-3/6)Gal(b1-4)[Fuc(a1-3)]GlcNAc(b1-2)[Fuc(a1-3)[Gal(b1-4)]GlcNAc(b1-4)]Man(a1-3)[Neu5Ac(a2-3/6)Gal(b1-4)GlcNAc(b1-2)[Neu5Ac(a2-3/6)Gal(b1-4)GlcNAc(b1-6)]Man(a1-6)]Man(b1-4)GlcNAc(b1-4)GlcNAc,"{'Hex': 7, 'HexNAc': 6, 'Neu5Ac': 3, 'dHex': 2}",67230,['Homo_sapiens'],['https://pubmed.ncbi.nlm.nih.gov/35183770/'],,N
Neu5Ac(a2-3/6)Gal(b1-4)[Fuc(a1-3)]GlcNAc(b1-2)[Gal(b1-4)GlcNAc(b1-4)]Man(a1-3)[Fuc(a1-3)[Gal(b1-4)]GlcNAc(b1-2)[Fuc(a1-3)[Gal(b1-4)]GlcNAc(b1-6)]Man(a1-6)]Man(b1-4)GlcNAc(b1-4)GlcNAc,"{'Hex': 7, 'HexNAc': 6, 'Neu5Ac': 1, 'dHex': 3}",67310,['Homo_sapiens'],['https://pubmed.ncbi.nlm.nih.gov/35183770/'],,N
Neu5Ac(a2-3/6)Gal(b1-4)[Fuc(a1-3)]GlcNAc(b1-2)[Gal(b1-4)GlcNAc(b1-4)]Man(a1-3)[Fuc(a1-3)[Gal(b1-4)]GlcNAc(b1-2)[Gal(b1-4)GlcNAc(b1-6)]Man(a1-6)]Man(b1-4)GlcNAc(b1-4)GlcNAc,"{'Hex': 7, 'HexNAc': 6, 'Neu5Ac': 1, 'dHex': 2}",67210,['Homo_sapiens'],['https://pubmed.ncbi.nlm.nih.gov/35183770/'],,N
Neu5Ac(a2-3/6)Gal(b1-4)[Fuc(a1-3)]GlcNAc(b1-2)[Gal(b1-4)GlcNAc(b1-4)]Man(a1-3)[Gal(b1-4)GlcNAc(b1-2)[Gal(b1-4)GlcNAc(b1-6)]Man(a1-6)]Man(b1-4)GlcNAc(b1-4)GlcNAc,"{'Hex': 7, 'HexNAc': 6, 'Neu5Ac': 1, 'dHex': 1}",67110,['Homo_sapiens'],['https://pubmed.ncbi.nlm.nih.gov/35183770/'],,N
Neu5Ac(a2-3/6)Gal(b1-4)[Fuc(a1-3)]GlcNAc(b1-2)[Gal(b1-4)GlcNAc(b1-4)]Man(a1-3)[Man(a1-3/6)Man(a1-6)]Man(b1-4)GlcNAc(b1-4)GlcNAc,"{'Hex': 6, 'HexNAc': 4, 'Neu5Ac': 1, 'dHex': 1}",46110,['Homo_sapiens'],['https://pubmed.ncbi.nlm.nih.gov/35183770/'],,N
Neu5Ac(a2-3/6)Gal(b1-4)[Fuc(a1-3)]GlcNAc(b1-2)[GalNAc(b1-4)GlcNAc(b1-4)]Man(a1-3)[Man(a1-2)Man(a1-3/6)[Man(a1-3/6)]Man(a1-6)]Man(b1-4)GlcNAc(b1-4)GlcNAc,"{'Hex': 7, 'HexNAc': 5, 'Neu5Ac': 1, 'dHex': 1}",57110,['Homo_sapiens'],['https://pubmed.ncbi.nlm.nih.gov/35183770/'],,N
Neu5Ac(a2-3/6)Gal(b1-4)[Fuc(a1-3)]GlcNAc(b1-2)[GlcNAc(b1-4)]Man(a1-3)[Fuc(a1-3)[Gal(b1-4)]GlcNAc(b1-2)[Fuc(a1-3)[Gal(b1-4)]GlcNAc(b1-6)]Man(a1-6)]Man(b1-4)GlcNAc(b1-4)GlcNAc,"{'Hex': 6, 'HexNAc': 6, 'Neu5Ac': 1, 'dHex': 3}",66310,['Homo_sapiens'],['https://pubmed.ncbi.nlm.nih.gov/35183770/'],,N
Neu5Ac(a2-3/6)Gal(b1-4)[Fuc(a1-3)]GlcNAc(b1-2)[GlcNAc(b1-4)]Man(a1-3)[Fuc(a1-3)[Gal(b1-4)]GlcNAc(b1-2)[Gal(b1-4)GlcNAc(b1-6)]Man(a1-6)]Man(b1-4)GlcNAc(b1-4)GlcNAc,"{'Hex': 6, 'HexNAc': 6, 'Neu5Ac': 1, 'dHex': 2}",66210,['Homo_sapiens'],['https://pubmed.ncbi.nlm.nih.gov/35183770/'],,N
Neu5Ac(a2-3/6)Gal(b1-4)[Fuc(a1-3)]GlcNAc(b1-2)[GlcNAc(b1-4)]Man(a1-3)[Gal(b1-4)GlcNAc(b1-2)[Gal(b1-4)GlcNAc(b1-6)]Man(a1-6)]Man(b1-4)GlcNAc(b1-4)GlcNAc,"{'Hex': 6, 'HexNAc': 6, 'Neu5Ac': 1, 'dHex': 1}",66110,['Homo_sapiens'],['https://pubmed.ncbi.nlm.nih.gov/35183770/'],G05343DC,N
Neu5Ac(a2-3/6)Gal(b1-4)[Fuc(a1-3)]GlcNAc(b1-2)[GlcNAc(b1-4)]Man(a1-3)[Man(a1-3/6)Man(a1-6)]Man(b1-4)GlcNAc(b1-4)GlcNAc,"{'Hex': 5, 'HexNAc': 4, 'Neu5Ac': 1, 'dHex': 1}",45110,['Homo_sapiens'],['https://pubmed.ncbi.nlm.nih.gov/35183770/'],,N
Neu5Ac(a2-3/6)Gal(b1-4)[Fuc(a1-3)]GlcNAc(b1-2)[Neu5Ac(a2-3/6)Gal(b1-4)GlcNAc(b1-4)]Man(a1-3)[Neu5Ac(a2-3/6)Gal(b1-4)GlcNAc(b1-2)[Neu5Ac(a2-3/6)Gal(b1-4)GlcNAc(b1-6)]Man(a1-6)]Man(b1-4)GlcNAc(b1-4)GlcNAc,"{'Hex': 7, 'HexNAc': 6, 'Neu5Ac': 4, 'dHex': 1}",67140,['Homo_sapiens'],['https://pubmed.ncbi.nlm.nih.gov/35183770/'],,N
Neu5Ac(a2-3/6)Gal(b1-4)[Fuc(a1-3)]GlcNAc(b1-2)[Neu5Ac(a2-3/6)Gal(b1-4)GlcNAc(b1-4)]Man(a1-3)[Neu5Ac(a2-3/6)Gal(b1-4)GlcNAc(b1-2)[Neu5Ac(a2-3/6)Gal(b1-4)[Fuc(a1-3)]GlcNAc(b1-6)]Man(a1-6)]Man(b1-4)GlcNAc(b1-4)GlcNAc,"{'Hex': 7, 'HexNAc': 6, 'Neu5Ac': 4, 'dHex': 2}",67240,['Homo_sapiens'],['https://pubmed.ncbi.nlm.nih.gov/32737218/'],G64822OJ,N
Neu5Ac(a2-3/6)Gal(b1-4)[Fuc(a1-3)]GlcNAc(b1-3)Gal(b1-4)GlcNAc(b1-2)[Neu5Ac(a2-3/6)Gal(b1-4)[Fuc(a1-3)]GlcNAc(b1-3)Gal(b1-4)GlcNAc(b1-6)]Man(a1-6)[Fuc(a1-3)[Gal(b1-4)]GlcNAc(b1-2)Man(a1-3)]Man(b1-4)GlcNAc(b1-4)GlcNAc,"{'Hex': 8, 'HexNAc': 7, 'Neu5Ac': 2, 'dHex': 3}",78320,['Homo_sapiens'],['https://pubmed.ncbi.nlm.nih.gov/33650863/'],,N
Neu5Ac(a2-3/6)Gal(b1-4)[Fuc(a1-3)]GlcNAc(b1-3)Gal(b1-4)GlcNAc(b1-2/6)[Fuc(a1-3)[Gal(b1-4)]GlcNAc(b1-3)Gal(b1-4)GlcNAc(b1-2/6)]Man(a1-6)[Fuc(a1-2)Gal(b1-4)[Fuc(a1-3)]GlcNAc(b1-2)Man(a1-3)]Man(b1-4)GlcNAc(b1-4)GlcNAc,"{'Hex': 8, 'HexNAc': 7, 'Neu5Ac': 1, 'dHex': 4}",78410,['Homo_sapiens'],['https://pubmed.ncbi.nlm.nih.gov/33650863/'],,N
Neu5Ac(a2-3/6)Gal(b1-4)[Neu5Ac(a2-3/6)]GlcNAc(b1-2)Man(a1-3)[Man(a1-3)[Man(a1-6)]Man(a1-6)]Man(b1-4)GlcNAc(b1-4)GlcNAc,"{'Hex': 6, 'HexNAc': 3, 'Neu5Ac': 2}",36020,['Homo_sapiens'],['https://pubmed.ncbi.nlm.nih.gov/35183770/'],,N
Neu5Ac(a2-3/6)Gal(b1-4)[Neu5Ac(a2-3/6)]GlcNAc(b1-2)Man(a1-3)[Man(a1-3/6)Man(a1-6)]Man(b1-4)GlcNAc(b1-4)GlcNAc,"{'Hex': 5, 'HexNAc': 3, 'Neu5Ac': 2}",35020,['Homo_sapiens'],['https://pubmed.ncbi.nlm.nih.gov/35183770/'],,N
Neu5Ac(a2-3/6)Gal(b1-4)[Neu5Ac(a2-3/6)]GlcNAc(b1-2)Man(a1-3)[Neu5Ac(a2-3/6)Gal(b1-4)GlcNAc(b1-2)Man(a1-6)]Man(b1-4)GlcNAc(b1-4)GlcNAc,"{'Hex': 5, 'HexNAc': 4, 'Neu5Ac': 3}",45030,['Homo_sapiens'],['https://pubmed.ncbi.nlm.nih.gov/35183770/'],,N
Neu5Ac(a2-3/6)Gal(b1-4)[Neu5Ac(a2-3/6)]GlcNAc(b1-2)Man(a1-3)[Neu5Ac(a2-3/6)Gal(b1-4)GlcNAc(b1-2)[Neu5Ac(a2-3/6)Gal(b1-4)GlcNAc(b1-6)]Man(a1-6)]Man(b1-4)GlcNAc(b1-4)GlcNAc,"{'Hex': 6, 'HexNAc': 5, 'Neu5Ac': 4}",56040,['Homo_sapiens'],['https://pubmed.ncbi.nlm.nih.gov/35183770/'],,N
Neu5Ac(a2-3/6)Gal(b1-4)[Neu5Ac(a2-3/6)]GlcNAc(b1-2)Man(a1-3)[Neu5Ac(a2-3/6)GlcNAc(b1-2)Man(a1-6)]Man(b1-4)GlcNAc(b1-4)GlcNAc,"{'Hex': 4, 'HexNAc': 4, 'Neu5Ac': 3}",44030,['Homo_sapiens'],['https://pubmed.ncbi.nlm.nih.gov/32737218/'],,N
Neu5Ac(a2-3/6)Gal(b1-4)[Neu5Ac(a2-3/6)]GlcNAc(b1-2)Man(a1-3)[Neu5Ac(a2-6)GlcNAc(b1-2)Man(a1-6)]Man(b1-4)GlcNAc(b1-4)GlcNAc,"{'Hex': 4, 'HexNAc': 4, 'Neu5Ac': 3}",44030,['Homo_sapiens'],['https://pubmed.ncbi.nlm.nih.gov/33650863/'],,N
Neu5Ac(a2-3/6)Gal(b1-4)[Neu5Ac(a2-3/6)]GlcNAc(b1-2)[GlcNAc(b1-4)]Man(a1-3)[Neu5Ac(a2-3/6)Gal(b1-4)GlcNAc(b1-2)[GlcNAc(b1-6)]Man(a1-6)]Man(b1-4)GlcNAc(b1-4)GlcNAc,"{'Hex': 5, 'HexNAc': 6, 'Neu5Ac': 3}",65030,['Homo_sapiens'],['https://pubmed.ncbi.nlm.nih.gov/35183770/'],,N
Neu5Ac(a2-3/6)Gal(b1-4)[Neu5Ac(a2-3/6)]GlcNAc(b1-2/4)[Neu5Ac(a2-3/6)Gal(b1-4)GlcNAc(b1-2/4)]Man(a1-3)[Man(a1-3/6)Man(a1-6)]Man(b1-4)GlcNAc(b1-4)GlcNAc,"{'Hex': 6, 'HexNAc': 4, 'Neu5Ac': 3}",46030,['Homo_sapiens'],['https://pubmed.ncbi.nlm.nih.gov/33650863/'],,N
Neu5Ac(a2-3/6)Gal(b1-4)[Neu5Ac(a2-3/6)]GlcNAc(b1-2/4)[Neu5Ac(a2-3/6)Gal(b1-4)GlcNAc(b1-2/4)]Man(a1-3)[Neu5Ac(a2-3/6)Gal(b1-4)GlcNAc(b1-2)[Neu5Ac(a2-3/6)GlcNAc(b1-6)]Man(a1-6)]Man(b1-4)GlcNAc(b1-4)GlcNAc,"{'Hex': 6, 'HexNAc': 6, 'Neu5Ac': 5}",66050,['Homo_sapiens'],['https://pubmed.ncbi.nlm.nih.gov/33650863/'],,N
Neu5Ac(a2-3/6)GalNAc(b1-3/4)GlcNAc(b1-2)Man(a1-3/6)[Man(a1-3/6)]Man(b1-4)GlcNAc(b1-4)GlcNAc,"{'Hex': 3, 'HexNAc': 4, 'Neu5Ac': 1}",43010,['Homo_sapiens'],['https://www.mcponline.org/article/S1535-9476(20)35140-9/fulltext'],,N
Neu5Ac(a2-3/6)GalNAc(b1-4)GlcNAc(b1-2)Man(a1-3)[Gal(b1-4)GlcNAc(b1-2)[Gal(b1-4)GlcNAc(b1-6)]Man(a1-6)]Man(b1-4)GlcNAc(b1-4)GlcNAc,"{'Hex': 5, 'HexNAc': 6, 'Neu5Ac': 1}",65010,['Homo_sapiens'],['https://pubmed.ncbi.nlm.nih.gov/35183770/'],,N
Neu5Ac(a2-3/6)GalNAc(b1-4)GlcNAc(b1-2)Man(a1-3)[Gal(b1-4)[Neu5Ac(a2-3/6)]GlcNAc(b1-2)Man(a1-6)]Man(b1-4)GlcNAc(b1-4)GlcNAc,"{'Hex': 4, 'HexNAc': 5, 'Neu5Ac': 2}",54020,['Homo_sapiens'],['https://pubmed.ncbi.nlm.nih.gov/35183770/'],,N
Neu5Ac(a2-3/6)GalNAc(b1-4)GlcNAc(b1-2)Man(a1-3)[GalNAc(b1-4)GlcNAc(b1-2)Man(a1-6)]Man(b1-4)GlcNAc(b1-4)GlcNAc,"{'Hex': 3, 'HexNAc': 6, 'Neu5Ac': 1}",63010,['Homo_sapiens'],['https://pubmed.ncbi.nlm.nih.gov/33650863/'],G75269BP,N
Neu5Ac(a2-3/6)GalNAc(b1-4)GlcNAc(b1-2)Man(a1-3)[GlcNAc(b1-2)Man(a1-6)]Man(b1-4)GlcNAc(b1-4)GlcNAc,"{'Hex': 3, 'HexNAc': 5, 'Neu5Ac': 1}",53010,['Homo_sapiens'],['https://pubmed.ncbi.nlm.nih.gov/35183770/'],,N
Neu5Ac(a2-3/6)GalNAc(b1-4)GlcNAc(b1-2)Man(a1-3)[GlcNAc(b1-2)[GlcNAc(b1-6)]Man(a1-6)]Man(b1-4)GlcNAc(b1-4)GlcNAc,"{'Hex': 3, 'HexNAc': 6, 'Neu5Ac': 1}",63010,['Homo_sapiens'],['https://pubmed.ncbi.nlm.nih.gov/35183770/'],,N
Neu5Ac(a2-3/6)GalNAc(b1-4)GlcNAc(b1-2)Man(a1-3)[Man(a1-2)Man(a1-3/6)[Man(a1-3/6)]Man(a1-6)]Man(b1-4)GlcNAc(b1-4)GlcNAc,"{'Hex': 6, 'HexNAc': 4, 'Neu5Ac': 1}",46010,['Homo_sapiens'],['https://pubmed.ncbi.nlm.nih.gov/35183770/'],,N
Neu5Ac(a2-3/6)GalNAc(b1-4)GlcNAc(b1-2)Man(a1-3)[Neu5Ac(a2-3)[GalNAc(b1-4)]Gal(b1-4)GlcNAc(b1-2)Man(a1-6)]Man(b1-4)GlcNAc(b1-4)GlcNAc,"{'Hex': 4, 'HexNAc': 6, 'Neu5Ac': 2}",64020,['Homo_sapiens'],['https://pubmed.ncbi.nlm.nih.gov/33650863/'],,N
Neu5Ac(a2-3/6)GalNAc(b1-4)GlcNAc(b1-2)Man(a1-3)[Neu5Ac(a2-3/6)Gal(b1-4)GlcNAc(b1-2)[Gal(b1-4)GlcNAc(b1-6)]Man(a1-6)]Man(b1-4)GlcNAc(b1-4)GlcNAc,"{'Hex': 5, 'HexNAc': 6, 'Neu5Ac': 2}",65020,['Homo_sapiens'],['https://pubmed.ncbi.nlm.nih.gov/35183770/'],,N
Neu5Ac(a2-3/6)GalNAc(b1-4)GlcNAc(b1-2)Man(a1-3)[Neu5Ac(a2-3/6)Gal(b1-4)GlcNAc(b1-2)[Neu5Ac(a2-3/6)Gal(b1-4)GlcNAc(b1-6)]Man(a1-6)]Man(b1-4)GlcNAc(b1-4)GlcNAc,"{'Hex': 5, 'HexNAc': 6, 'Neu5Ac': 3}",65030,['Homo_sapiens'],['https://pubmed.ncbi.nlm.nih.gov/35183770/'],,N
Neu5Ac(a2-3/6)GalNAc(b1-4)GlcNAc(b1-2)Man(a1-6)[GalNAcOS(b1-4)GlcNAc(b1-2)Man(a1-3)]Man(b1-4)GlcNAc(b1-4)GlcNAc,"{'Hex': 3, 'HexNAc': 6, 'Neu5Ac': 1, 'S': 1}",63010,['Homo_sapiens'],['https://pubmed.ncbi.nlm.nih.gov/32737218/'],,N
Neu5Ac(a2-6)Gal(b1-3/4)GlcNAc(b1-2)Man(a1-3/6)[Man(a1-2/3/6)Man(a1-3/6)]Man(b1-4)GlcNAc(b1-4)GlcNAc,"{'Hex': 5, 'HexNAc': 3, 'Neu5Ac': 1}",35010,['Homo_sapiens'],[''],G82273ZM,N
Neu5Ac(a2-6)Gal(b1-3/4)GlcNAc(b1-2)Man(a1-6)[Fuc(a1-3/4)[Gal(b1-3/4)]GlcNAc(b1-2)Man(a1-3)]Man(b1-4)GlcNAc(b1-4)GlcNAc,"{'Hex': 5, 'HexNAc': 4, 'Neu5Ac': 1, 'dHex': 1}",45110,['Homo_sapiens'],['https://pubmed.ncbi.nlm.nih.gov/25210975/'],,N
Neu5Ac(a2-6)Gal(b1-4)GlcNAc(b1-2)Man(a1-3)[Gal(b1-3)Gal(b1-4)GlcNAc(b1-2)Man(a1-6)]Man(b1-4)GlcNAc(b1-4)GlcNAc,"{'Hex': 6, 'HexNAc': 4, 'Neu5Ac': 1}",46010,['Homo_sapiens'],[''],G85652EW,N
Neu5Ac(a2-6)Gal(b1-4)GlcNAc(b1-2)Man(a1-3)[Neu5Ac(a2-3)Gal(b1-4)[Fuc(a1-3)]GlcNAc(b1-2)Man(a1-6)]Man(b1-4)GlcNAc(b1-4)GlcNAc,"{'Hex': 5, 'HexNAc': 4, 'Neu5Ac': 2, 'dHex': 1}",45120,['Homo_sapiens'],[''],G25632TA,N
Neu5Ac(a2-6)Gal(b1-4)GlcNAc(b1-2)Man(a1-3/6)[GalNAc4S(b1-4)GlcNAc(b1-2)Man(a1-3/6)]Man(b1-4)GlcNAc(b1-4)GlcNAc,"{'Hex': 4, 'HexNAc': 5, 'Neu5Ac': 1, 'S': 1}",54010,['Homo_sapiens'],[''],G31124JV,N
Neu5Ac(a2-6)Gal(b1-4)GlcNAc(b1-2)Man(a1-3/6)[Neu5Ac(a2-6)Gal(b1-4)GlcNAc(b1-2)[Neu5Ac(a2-6)Gal(b1-4)GlcNAc(b1-4/6)]Man(a1-3/6)]Man(b1-4)GlcNAc(b1-4)GlcNAc,"{'Hex': 6, 'HexNAc': 5, 'Neu5Ac': 3}",56030,['Homo_sapiens'],[''],G03700EN,N
Neu5Ac(a2-6)Gal(b1-4)GlcNAc(b1-2)Man(a1-6)[Gal(b1-4)GlcNAc(b1-2)Man(a1-3)][GlcNAc(b1-4)]Man(b1-4)GlcNAc(b1-4)GlcNAc,"{'Hex': 5, 'HexNAc': 5, 'Neu5Ac': 1}",55010,['Homo_sapiens'],['https://pubmed.ncbi.nlm.nih.gov/37005422/'],,N
Neu5Ac(a2-6)Gal(b1-4)GlcNAc(b1-2)Man(a1-6)[GalNAc4S(b1-4)GlcNAc(b1-2)Man(a1-3)]Man(b1-4)GlcNAc(b1-4)GlcNAc,"{'Hex': 4, 'HexNAc': 5, 'Neu5Ac': 1, 'S': 1}",54010,['Homo_sapiens'],[''],G53985AY,N
Neu5Ac(a2-6)Gal(b1-4)GlcNAc(b1-2)Man(a1-6)[GlcNAc(b1-2)Man(a1-3)][GlcNAc(b1-4)]Man(b1-4)GlcNAc(b1-4)GlcNAc,"{'Hex': 4, 'HexNAc': 5, 'Neu5Ac': 1}",54010,['Homo_sapiens'],['https://www.mdpi.com/2077-0383/10/3/516'],,N
Neu5Ac(a2-6)Gal(b1-4)GlcNAc(b1-2)[Fuc(a1-3)[Gal(b1-4)]GlcNAc(b1-4)]Man(a1-3)[Neu5Ac(a2-6)Gal(b1-4)GlcNAc(b1-2)Man(a1-6)]Man(b1-4)GlcNAc(b1-4)GlcNAc,"{'Hex': 6, 'HexNAc': 5, 'Neu5Ac': 2, 'dHex': 1}",56120,['Homo_sapiens'],[''],G72356VO,N
Neu5Ac(a2-6)Gal(b1-4)GlcNAc(b1-2)[Gal3S(b1-4)GlcNAc(b1-4)]Man(a1-3)[Gal(b1-4)GlcNAc(b1-2)Man(a1-6)]Man(b1-4)GlcNAc(b1-4)GlcNAc,"{'Hex': 6, 'HexNAc': 5, 'Neu5Ac': 1, 'S': 1}",56010,['Homo_sapiens'],[''],G55600PH,N
Neu5Ac(a2-6)Gal(b1-4)GlcNAc(b1-2)[Gal3S(b1-4)GlcNAc(b1-4)]Man(a1-3)[Neu5Ac(a2-3)Gal(b1-4)GlcNAc(b1-2)Man(a1-6)]Man(b1-4)GlcNAc(b1-4)GlcNAc,"{'Hex': 6, 'HexNAc': 5, 'Neu5Ac': 2, 'S': 1}",56020,['Homo_sapiens'],[''],G69170UT,N
Neu5Ac(a2-6)Gal(b1-4)GlcNAc(b1-2)[GlcNAc(b1-4)]Man(a1-3)[Gal(b1-4)GlcNAc(b1-2)[Gal(b1-4)GlcNAc(b1-6)]Man(a1-6)]Man(b1-4)GlcNAc(b1-4)GlcNAc,"{'Hex': 6, 'HexNAc': 6, 'Neu5Ac': 1}",66010,['Homo_sapiens'],['https://www.frontiersin.org/articles/10.3389/fchem.2021.637730/full'],,N
Neu5Ac(a2-6)Gal(b1-4)GlcNAc(b1-2)[Neu5Ac(a2-3)Gal(b1-4)GlcNAc(b1-4)]Man(a1-3)[Neu5Ac(a2-3)Gal(b1-4)GlcNAc(b1-2)[Neu5Ac(a2-3)Gal(b1-4)GlcNAc(b1-6)]Man(a1-6)]Man(b1-4)GlcNAc(b1-4)GlcNAc,"{'Hex': 7, 'HexNAc': 6, 'Neu5Ac': 4}",67040,['Homo_sapiens'],[''],G70072FZ,N
Neu5Ac(a2-6)Gal(b1-4)GlcNAc(b1-2)[Neu5Ac(a2-3)Gal(b1-4)GlcNAc(b1-4)]Man(a1-3)[Neu5Ac(a2-6)GlcNAc(b1-2)Man(a1-6)]Man(b1-4)GlcNAc(b1-4)GlcNAc,"{'Hex': 5, 'HexNAc': 5, 'Neu5Ac': 3}",55030,['Homo_sapiens'],['https://doi.org/10.1111/febs.14431'],,N
Neu5Ac(a2-6)Gal(b1-4)GlcNAc(b1-2)[Neu5Ac(a2-3)Gal(b1-4)[Fuc(a1-3)]GlcNAc(b1-4)]Man(a1-3)[Neu5Ac(a2-3)Gal(b1-4)GlcNAc(b1-2)Man(a1-6)]Man(b1-4)GlcNAc(b1-4)GlcNAc,"{'Hex': 6, 'HexNAc': 5, 'Neu5Ac': 3, 'dHex': 1}",56130,['Homo_sapiens'],[''],G43702IX,N
Neu5Ac(a2-6)Gal(b1-4)GlcNAc(b1-2)[Neu5Ac(a2-3)Gal(b1-4)[Fuc(a1-3)]GlcNAc(b1-4)]Man(a1-3)[Neu5Ac(a2-6)GlcNAc(b1-2)Man(a1-6)]Man(b1-4)GlcNAc(b1-4)GlcNAc,"{'Hex': 5, 'HexNAc': 5, 'Neu5Ac': 3, 'dHex': 1}",55130,['Homo_sapiens'],['https://doi.org/10.1111/febs.14431'],,N
Neu5Ac(a2-6)Gal(b1-4)GlcNAc(b1-2)[Neu5Ac(a2-3)[GalNAc(b1-4)]Gal(b1-4)GlcNAc(b1-4)]Man(a1-3)[Gal(b1-4)GlcNAc(b1-2)Man(a1-6)]Man(b1-4)GlcNAc(b1-4)GlcNAc,"{'Hex': 6, 'HexNAc': 6, 'Neu5Ac': 2}",66020,['Homo_sapiens'],[''],G05360PA,N
Neu5Ac(a2-6)Gal(b1-4)GlcNAc(b1-2)[Neu5Ac(a2-6)Gal(b1-4)GlcNAc(b1-4)]Man(a1-3)[Neu5Ac(a2-6)GlcNAc(b1-2)Man(a1-6)]Man(b1-4)GlcNAc(b1-4)GlcNAc,"{'Hex': 5, 'HexNAc': 5, 'Neu5Ac': 3}",55030,['Homo_sapiens'],['https://doi.org/10.1111/febs.14431'],,N
Neu5Ac(a2-6)Gal(b1-4)GlcNAc(b1-2)[Neu5Ac(a2-6)Gal(b1-4)GlcNAc(b1-4/6)]Man(a1-3/6)[Gal(b1-4)GlcNAc(b1-2)Man(a1-3/6)]Man(b1-4)GlcNAc(b1-4)GlcNAc,"{'Hex': 6, 'HexNAc': 5, 'Neu5Ac': 2}",56020,['Homo_sapiens'],[''],,N
Neu5Ac(a2-6)Gal(b1-4)GlcNAc(b1-2)[Neu5Ac(a2-6)Gal(b1-4)GlcNAc(b1-4/6)]Man(a1-3/6)[Neu5Ac(a2-6)Gal(b1-4)GlcNAc(b1-2)Man(a1-3/6)]Man(b1-4)GlcNAc(b1-4)GlcNAc,"{'Hex': 6, 'HexNAc': 5, 'Neu5Ac': 3}",56030,['Homo_sapiens'],['https://pubmed.ncbi.nlm.nih.gov/35640092/'],G03700EN,N
Neu5Ac(a2-6)Gal(b1-4)GlcNAc(b1-2)[Neu5Ac(a2-6)Gal(b1-4)GlcNAc(b1-6)]Man(a1-6)[Gal(b1-4)GlcNAc(b1-2)Man(a1-3)]Man(b1-4)GlcNAc(b1-4)GlcNAc,"{'Hex': 6, 'HexNAc': 5, 'Neu5Ac': 2}",56020,['Homo_sapiens'],['https://pubmed.ncbi.nlm.nih.gov/36278935/'],,N
Neu5Ac(a2-6)Gal(b1-4)GlcNAc(b1-2/4/6)[Gal(b1-4)GlcNAc(b1-2/4/6)]Man(a1-3/6)[Gal(b1-4)GlcNAc(b1-2)Man(a1-3/6)]Man(b1-4)GlcNAc(b1-4)GlcNAc,"{'Hex': 6, 'HexNAc': 5, 'Neu5Ac': 1}",56010,['Homo_sapiens'],[''],,N
Neu5Ac(a2-6)Gal(b1-4)GlcNAc(b1-2/4/6)[Gal(b1-4)GlcNAc(b1-2/4/6)]Man(a1-3/6)[Gal(b1-4)GlcNAc(b1-2)[Gal(b1-4)GlcNAc(b1-4/6)]Man(a1-3/6)]Man(b1-4)GlcNAc(b1-4)GlcNAc,"{'Hex': 7, 'HexNAc': 6, 'Neu5Ac': 1}",67010,['Homo_sapiens'],['https://glycostore.org/searchTaxon/HOMO%20SAPIENS'],,N
Neu5Ac(a2-6)Gal(b1-4)GlcNAc(b1-6)[Gal(b1-4)GlcNAc(b1-2)]Man(a1-6)[Gal(b1-4)GlcNAc(b1-2)Man(a1-3)]Man(b1-4)GlcNAc(b1-4)GlcNAc,"{'Hex': 6, 'HexNAc': 5, 'Neu5Ac': 1}",56010,['Homo_sapiens'],['https://pubmed.ncbi.nlm.nih.gov/36278935/'],,N
Neu5Ac(a2-6)Gal(b1-4)GlcNAc(b1-6)[Gal(b1-4)GlcNAc(b1-2)]Man(a1-6)[Gal(b1-4)GlcNAc(b1-2)[Gal(b1-4)GlcNAc(b1-4)]Man(a1-3)]Man(b1-4)GlcNAc(b1-4)GlcNAc,"{'Hex': 7, 'HexNAc': 6, 'Neu5Ac': 1}",67010,['Homo_sapiens'],['https://pubmed.ncbi.nlm.nih.gov/36278935/'],,N
Neu5Ac(a2-6)Gal(b1-4)[Fuc(a1-3)]GlcNAc(b1-2)Man(a1-3)[Man(a1-6)]Man(b1-4)GlcNAc(b1-4)GlcNAc,"{'Hex': 4, 'HexNAc': 3, 'Neu5Ac': 1, 'dHex': 1}",34110,['Homo_sapiens'],['https://pubmed.ncbi.nlm.nih.gov/25190359/'],G90290ME,N
Neu5Ac(a2-6)GalNAc(b1-3/4)GlcNAc(b1-2)Man(a1-3)[GlcNAc(b1-2)Man(a1-6)]Man(b1-4)GlcNAc(b1-4)GlcNAc,"{'Hex': 3, 'HexNAc': 5, 'Neu5Ac': 1}",53010,['Homo_sapiens'],['https://www.mcponline.org/article/S1535-9476(20)35140-9/fulltext'],,N
Neu5Ac(a2-6)GalNAc(b1-3/4)GlcNAc(b1-2)Man(a1-3/6)[Man(a1-2/3/6)Man(a1-3/6)]Man(b1-4)GlcNAc(b1-4)GlcNAc,"{'Hex': 4, 'HexNAc': 4, 'Neu5Ac': 1}",44010,['Homo_sapiens'],['https://www.mcponline.org/article/S1535-9476(20)35140-9/fulltext'],,N
Neu5Ac(a2-6)GalNAc(b1-3/4)GlcNAc(b1-2)Man(a1-6)[GlcNAc(b1-2)Man(a1-3)]Man(b1-4)GlcNAc(b1-4)GlcNAc,"{'Hex': 3, 'HexNAc': 5, 'Neu5Ac': 1}",53010,['Homo_sapiens'],['https://www.mcponline.org/article/S1535-9476(20)35140-9/fulltext'],,N
Neu5Ac(a2-6)GalNAc(b1-4)GlcNAc(b1-2)Man(a1-3)[Man(a1-6)]Man(b1-4)GlcNAc(b1-4)GlcNAc,"{'Hex': 3, 'HexNAc': 4, 'Neu5Ac': 1}",43010,['Homo_sapiens'],[''],G53933HU,N
Neu5Ac(a2-6)GalNAc(b1-4)GlcNAc(b1-2)Man(a1-3)[Neu5Ac(a2-3)Gal(b1-4)GlcNAc(b1-2)Man(a1-6)]Man(b1-4)GlcNAc(b1-4)GlcNAc,"{'Hex': 4, 'HexNAc': 5, 'Neu5Ac': 2}",54020,['Homo_sapiens'],[''],G84329MX,N
Neu5Ac(a2-6)GalNAc(b1-4)GlcNAc(b1-2)Man(a1-3)[Neu5Ac(a2-3)Gal(b1-4)GlcNAc(b1-2)Man(a1-6)][GlcNAc(b1-4)]Man(b1-4)GlcNAc(b1-4)GlcNAc,"{'Hex': 4, 'HexNAc': 6, 'Neu5Ac': 2}",64020,['Homo_sapiens'],[''],G39540XG,N
Neu5Ac(a2-6)GalNAc(b1-4)GlcNAc(b1-2)Man(a1-3/6)[GalNAc(b1-4)GlcNAc(b1-2)Man(a1-3/6)]Man(b1-4)GlcNAc(b1-4)GlcNAc,"{'Hex': 3, 'HexNAc': 6, 'Neu5Ac': 1}",63010,['Homo_sapiens'],[''],G75269BP,N
Neu5Ac(a2-6)GalNAc(b1-4)GlcNAc(b1-2)Man(a1-3/6)[Man(a1-3/6)]Man(b1-4)GlcNAc(b1-4)GlcNAc,"{'Hex': 3, 'HexNAc': 4, 'Neu5Ac': 1}",43010,['Homo_sapiens'],[''],,N
Neu5Ac(a2-6)GlcNAc(b1-2)Man(a1-3)[Neu5Ac(a2-6)GlcNAc(b1-2)Man(a1-6)]Man(b1-4)GlcNAc(b1-4)GlcNAc,"{'Hex': 3, 'HexNAc': 4, 'Neu5Ac': 2}",43020,"['Homo_sapiens', 'Mus_musculus']","['', '']",G70548CP,N
{Fuc(a1-2/3/4)}Gal(b1-3/4)GlcNAc(b1-3)Gal(b1-4)GlcNAc(b1-2)Man(a1-3)[Gal(b1-3/4)GlcNAc(b1-3)Gal(b1-4)GlcNAc(b1-2)Man(a1-6)]Man(b1-4)GlcNAc(b1-4)GlcNAc,"{'Hex': 7, 'HexNAc': 6, 'dHex': 1}",67100,['Homo_sapiens'],['https://pubmed.ncbi.nlm.nih.gov/36216861/'],,N
{Fuc(a1-2/3/4)}Gal(b1-3/4)GlcNAc(b1-3)Gal(b1-4)GlcNAc(b1-2)Man(a1-6)[Gal(b1-4)GlcNAc(b1-2)Man(a1-3)][GlcNAc(b1-4)]Man(b1-4)GlcNAc(b1-4)GlcNAc,"{'Hex': 6, 'HexNAc': 6, 'dHex': 1}",66100,['Homo_sapiens'],['https://pubmed.ncbi.nlm.nih.gov/36216861/'],,N
{Fuc(a1-2/3/4)}Gal(b1-3/4)GlcNAc(b1-3)Gal(b1-4)GlcNAc(b1-2)Man(a1-6)[GlcNAc(b1-2)Man(a1-3)][GlcNAc(b1-4)]Man(b1-4)GlcNAc(b1-4)GlcNAc,"{'Hex': 5, 'HexNAc': 6, 'dHex': 1}",65100,['Homo_sapiens'],['https://pubmed.ncbi.nlm.nih.gov/36216861/'],,N
{Fuc(a1-?)}Neu5Ac(a2-3/6)Gal(b1-4)GlcNAc(b1-2)[Gal(b1-4)GlcNAc(b1-4/6)]Man(a1-3/6)[Neu5Ac(a2-3/6)Gal(b1-4)GlcNAc(b1-2)Man(a1-3/6)]Man(b1-4)GlcNAc(b1-4)GlcNAc,"{'Hex': 6, 'HexNAc': 5, 'Neu5Ac': 2, 'dHex': 1}",56120,['Homo_sapiens'],['https://pubmed.ncbi.nlm.nih.gov/36902272/'],,N
{Fuc(a1-?)}Neu5Ac(a2-3/6)GalNAc(b1-4)GlcNAc(b1-2)Man(a1-3)[Neu5Ac(a2-3/6)Gal(b1-4)GlcNAc(b1-2)Man(a1-6)]Man(b1-4)GlcNAc(b1-4)GlcNAc,"{'Hex': 4, 'HexNAc': 5, 'Neu5Ac': 2, 'dHex': 1}",54120,['Homo_sapiens'],['https://pubmed.ncbi.nlm.nih.gov/36902272/'],,N
{Gal(b1-3/4)GlcNAc(b1-3)}{Gal(b1-3/4)GlcNAc(b1-3)}{Fuc(a1-2/3/4)}Gal(b1-4)GlcNAc(b1-2)Man(a1-3)[Gal(b1-4)GlcNAc(b1-2)Man(a1-6)]Man(b1-4)GlcNAc(b1-4)GlcNAc,"{'Hex': 7, 'HexNAc': 6, 'dHex': 1}",67100,['Homo_sapiens'],['https://pubmed.ncbi.nlm.nih.gov/36216861/'],,N
{Gal(b1-3/4)GlcNAc(b1-3)}{Gal(b1-3/4)GlcNAc(b1-3)}{Gal(b1-3/4)GlcNAc(b1-3)}{Gal(b1-3/4)GlcNAc(b1-3)}Gal(b1-4)GlcNAc(b1-2)Man(a1-3)[Gal(b1-4)GlcNAc(b1-2)Man(a1-6)]Man(b1-4)GlcNAc(b1-4)GlcNAc,"{'Hex': 9, 'HexNAc': 8}",89000,['Homo_sapiens'],['https://pubmed.ncbi.nlm.nih.gov/36216861/'],,N
{Gal(b1-3/4)GlcNAc(b1-3)}{Gal(b1-3/4)GlcNAc(b1-3)}{Gal(b1-3/4)GlcNAc(b1-3)}{Gal(b1-3/4)GlcNAc(b1-3)}{Gal(b1-3/4)GlcNAc(b1-3)}Gal(b1-4)GlcNAc(b1-2)Man(a1-3)[Gal(b1-4)GlcNAc(b1-2)Man(a1-6)]Man(b1-4)GlcNAc(b1-4)GlcNAc,"{'Hex': 10, 'HexNAc': 9}",910000,['Homo_sapiens'],['https://pubmed.ncbi.nlm.nih.gov/36216861/'],,N
{Gal(b1-3/4)GlcNAc(b1-3)}{Gal(b1-3/4)GlcNAc(b1-3)}{Gal(b1-3/4)GlcNAc(b1-3)}{Gal(b1-3/4)GlcNAc(b1-3)}{Gal(b1-3/4)GlcNAc(b1-3)}{GlcNAc(b1-3)}Gal(b1-4)GlcNAc(b1-2)Man(a1-3)[Gal(b1-4)GlcNAc(b1-2)Man(a1-6)]Man(b1-4)GlcNAc(b1-4)GlcNAc,"{'Hex': 10, 'HexNAc': 10}",1010000,['Homo_sapiens'],['https://pubmed.ncbi.nlm.nih.gov/36216861/'],,N
{Gal(b1-3/4)GlcNAc(b1-3/4/6)}Gal(b1-4)GlcNAc(b1-2)Man(a1-3)[Gal(b1-4)GlcNAc(b1-2)Man(a1-6)]Man(b1-4)GlcNAc(b1-4)GlcNAc,"{'Hex': 6, 'HexNAc': 5}",56000,['Homo_sapiens'],['http://www.functionalglycomics.org/glycomics/SampleServlet?operationType=view&key=317'],,N
{Gal(b1-4)GlcNAc(b1-3)}{Gal(b1-4)GlcNAc(b1-3)}{Gal(b1-4)GlcNAc(b1-3)}{Gal(b1-4)GlcNAc(b1-3)}{Gal(b1-4)GlcNAc(b1-3)}Gal(b1-4)GlcNAc(b1-2)[Gal(b1-4)GlcNAc(b1-4)]Man(a1-3)[Gal(b1-4)GlcNAc(b1-2)[Gal(b1-4)GlcNAc(b1-6)]Man(a1-6)]Man(b1-4)GlcNAc(b1-4)GlcNAc,"{'Hex': 12, 'HexNAc': 11}",1112000,['Homo_sapiens'],['http://www.functionalglycomics.org/glycomics/SampleServlet?operationType=view&key=497'],,N
{Gal(b1-4)GlcNAc(b1-3)}{Gal(b1-4)GlcNAc(b1-3)}{Gal(b1-4)GlcNAc(b1-3)}{Gal(b1-4)GlcNAc(b1-3)}{Gal(b1-4)GlcNAc(b1-3)}{Gal(b1-4)GlcNAc(b1-3)}{Gal(b1-4)GlcNAc(b1-3)}{Neu5Ac(a2-3/6)}{Neu5Ac(a2-3/6)}Gal(b1-4)GlcNAc(b1-2)[Gal(b1-4)GlcNAc(b1-4)]Man(a1-3)[Gal(b1-4)GlcNAc(b1-2)[Gal(b1-4)GlcNAc(b1-6)]Man(a1-6)]Man(b1-4)GlcNAc(b1-4)GlcNAc,"{'Hex': 14, 'HexNAc': 13, 'Neu5Ac': 2}",1314020,['Homo_sapiens'],['http://www.functionalglycomics.org/glycomics/SampleServlet?operationType=view&key=317'],,N
{Gal(b1-4)GlcNAc(b1-3)}{Gal(b1-4)GlcNAc(b1-3)}{Gal(b1-4)GlcNAc(b1-3)}{Gal(b1-4)GlcNAc(b1-3)}{Gal(b1-4)GlcNAc(b1-3)}{Gal(b1-4)GlcNAc(b1-3)}{Neu5Ac(a2-3/6)}{Neu5Ac(a2-3/6)}Gal(b1-4)GlcNAc(b1-2)[Gal(b1-4)GlcNAc(b1-4)]Man(a1-3)[Gal(b1-4)GlcNAc(b1-2)[Gal(b1-4)GlcNAc(b1-6)]Man(a1-6)]Man(b1-4)GlcNAc(b1-4)GlcNAc,"{'Hex': 13, 'HexNAc': 12, 'Neu5Ac': 2}",1213020,['Homo_sapiens'],['http://www.functionalglycomics.org/glycomics/SampleServlet?operationType=view&key=317'],,N
{Gal(b1-4)GlcNAc(b1-3)}{Gal(b1-4)GlcNAc(b1-3)}{Gal(b1-4)GlcNAc(b1-3)}{Gal(b1-4)GlcNAc(b1-3)}{Gal(b1-4)GlcNAc(b1-3)}{Neu5Ac(a2-3/6)}{Neu5Ac(a2-3/6)}Gal(b1-4)GlcNAc(b1-2)[Gal(b1-4)GlcNAc(b1-4)]Man(a1-3)[Gal(b1-4)GlcNAc(b1-2)[Gal(b1-4)GlcNAc(b1-6)]Man(a1-6)]Man(b1-4)GlcNAc(b1-4)GlcNAc,"{'Hex': 12, 'HexNAc': 11, 'Neu5Ac': 2}",1112020,['Homo_sapiens'],['http://www.functionalglycomics.org/glycomics/SampleServlet?operationType=view&key=317'],,N
{Gal(b1-4)GlcNAc(b1-3)}{Gal(b1-4)GlcNAc(b1-3)}{Gal(b1-4)GlcNAc(b1-3)}{Gal(b1-4)GlcNAc(b1-3)}{Neu5Ac(a2-3/6)}Gal(b1-4)GlcNAc(b1-2)[Gal(b1-4)GlcNAc(b1-4)]Man(a1-3)[Gal(b1-4)GlcNAc(b1-2)[Gal(b1-4)GlcNAc(b1-6)]Man(a1-6)]Man(b1-4)GlcNAc(b1-4)GlcNAc,"{'Hex': 11, 'HexNAc': 10, 'Neu5Ac': 1}",1011010,['Homo_sapiens'],['http://www.functionalglycomics.org/glycomics/SampleServlet?operationType=view&key=497'],,N
{Gal(b1-4)GlcNAc(b1-3)}{Gal(b1-4)GlcNAc(b1-3)}{Gal(b1-4)GlcNAc(b1-3)}{Gal(b1-4)GlcNAc(b1-3)}{Neu5Ac(a2-3/6)}{Neu5Ac(a2-3/6)}Gal(b1-4)GlcNAc(b1-2)[Gal(b1-4)GlcNAc(b1-4)]Man(a1-3)[Gal(b1-4)GlcNAc(b1-2)[Gal(b1-4)GlcNAc(b1-6)]Man(a1-6)]Man(b1-4)GlcNAc(b1-4)GlcNAc,"{'Hex': 11, 'HexNAc': 10, 'Neu5Ac': 2}",1011020,['Homo_sapiens'],['http://www.functionalglycomics.org/glycomics/SampleServlet?operationType=view&key=317'],,N
{Gal(b1-4)GlcNAc(b1-3)}{Gal(b1-4)GlcNAc(b1-3)}{Gal(b1-4)GlcNAc(b1-3)}{Neu5Ac(a2-3/6)}{Neu5Ac(a2-3/6)}Gal(b1-4)GlcNAc(b1-2)[Gal(b1-4)GlcNAc(b1-4)]Man(a1-3)[Gal(b1-4)GlcNAc(b1-2)[Gal(b1-4)GlcNAc(b1-6)]Man(a1-6)]Man(b1-4)GlcNAc(b1-4)GlcNAc,"{'Hex': 10, 'HexNAc': 9, 'Neu5Ac': 2}",910020,['Homo_sapiens'],['http://www.functionalglycomics.org/glycomics/SampleServlet?operationType=view&key=497'],,N
{Gal(b1-4)GlcNAc(b1-3)}{Gal(b1-4)GlcNAc(b1-3)}{Neu5Ac(a2-3/6)}{Neu5Ac(a2-3/6)}Gal(b1-4)GlcNAc(b1-2)[Gal(b1-4)GlcNAc(b1-4)]Man(a1-3)[Gal(b1-4)GlcNAc(b1-2)[Gal(b1-4)GlcNAc(b1-6)]Man(a1-6)]Man(b1-4)GlcNAc(b1-4)GlcNAc,"{'Hex': 9, 'HexNAc': 8, 'Neu5Ac': 2}",89020,['Homo_sapiens'],['http://www.functionalglycomics.org/glycomics/SampleServlet?operationType=view&key=499'],,N
{Gal(b1-4)GlcNAc(b1-3)}{Gal(b1-4)GlcNAc(b1-3)}{Neu5Ac(a2-3/6)}{Neu5Ac(a2-3/6)}{Neu5Ac(a2-3/6)}Gal(b1-4)GlcNAc(b1-2)[Gal(b1-4)GlcNAc(b1-4)]Man(a1-3)[Gal(b1-4)GlcNAc(b1-2)[Gal(b1-4)GlcNAc(b1-6)]Man(a1-6)]Man(b1-4)GlcNAc(b1-4)GlcNAc,"{'Hex': 9, 'HexNAc': 8, 'Neu5Ac': 3}",89030,['Homo_sapiens'],['http://www.functionalglycomics.org/glycomics/SampleServlet?operationType=view&key=499'],,N
{Gal(b1-4)GlcNAc(b1-3)}{Neu5Ac(a2-3/6)}{Neu5Ac(a2-3/6)}Gal(b1-4)GlcNAc(b1-2)[Gal(b1-4)GlcNAc(b1-4)]Man(a1-3)[Gal(b1-4)GlcNAc(b1-2)[Gal(b1-4)GlcNAc(b1-6)]Man(a1-6)]Man(b1-4)GlcNAc(b1-4)GlcNAc,"{'Hex': 8, 'HexNAc': 7, 'Neu5Ac': 2}",78020,['Homo_sapiens'],['http://www.functionalglycomics.org/glycomics/SampleServlet?operationType=view&key=499'],,N
{Gal(b1-4)GlcNAc(b1-3)}{Neu5Ac(a2-3/6)}{Neu5Ac(a2-3/6)}{Neu5Ac(a2-3/6)}Gal(b1-4)GlcNAc(b1-2)[Gal(b1-4)GlcNAc(b1-4)]Man(a1-3)[Gal(b1-4)GlcNAc(b1-2)[Gal(b1-4)GlcNAc(b1-6)]Man(a1-6)]Man(b1-4)GlcNAc(b1-4)GlcNAc,"{'Hex': 8, 'HexNAc': 7, 'Neu5Ac': 3}",78030,['Homo_sapiens'],['http://www.functionalglycomics.org/glycomics/SampleServlet?operationType=view&key=497'],,N
{Gal(b1-4)GlcNAc(b1-3/4/6)}{Gal(b1-4)GlcNAc(b1-3/4/6)}Gal(b1-4)GlcNAc(b1-2)Man(a1-3/6)[Gal(b1-4)GlcNAc(b1-2)[Gal(b1-4)GlcNAc(b1-4/6)]Man(a1-3/6)]Man(b1-4)GlcNAc(b1-4)GlcNAc,"{'Hex': 8, 'HexNAc': 7}",78000,['Homo_sapiens'],['http://www.functionalglycomics.org/glycomics/SampleServlet?operationType=view&key=317'],,N
{Gal(b1-4)GlcNAc(b1-3/4/6)}{Gal(b1-4)GlcNAc(b1-3/4/6)}{Gal(b1-4)GlcNAc(b1-3/4/6)}{Gal(b1-4)GlcNAc(b1-3/4/6)}{Neu5Ac(a2-3/6)}Gal(b1-4)GlcNAc(b1-2)Man(a1-3/6)[Gal(b1-4)GlcNAc(b1-2)[Gal(b1-4)GlcNAc(b1-4/6)]Man(a1-3/6)]Man(b1-4)GlcNAc(b1-4)GlcNAc,"{'Hex': 10, 'HexNAc': 9, 'Neu5Ac': 1}",910010,['Homo_sapiens'],['http://www.functionalglycomics.org/glycomics/SampleServlet?operationType=view&key=317'],,N
{Gal(b1-4)GlcNAc(b1-3/4/6)}{Gal(b1-4)GlcNAc(b1-3/4/6)}{Gal(b1-4)GlcNAc(b1-3/4/6)}{Neu5Ac(a2-3/6)}Gal(b1-4)GlcNAc(b1-2)Man(a1-3/6)[Gal(b1-4)GlcNAc(b1-2)[Gal(b1-4)GlcNAc(b1-4/6)]Man(a1-3/6)]Man(b1-4)GlcNAc(b1-4)GlcNAc,"{'Hex': 9, 'HexNAc': 8, 'Neu5Ac': 1}",89010,['Homo_sapiens'],['http://www.functionalglycomics.org/glycomics/SampleServlet?operationType=view&key=317'],,N
{Gal(b1-4)GlcNAc(b1-3/4/6)}{Gal(b1-4)GlcNAc(b1-3/4/6)}{Neu5Ac(a2-3/6)}Gal(b1-4)GlcNAc(b1-2)Man(a1-3/6)[Gal(b1-4)GlcNAc(b1-2)[Gal(b1-4)GlcNAc(b1-4/6)]Man(a1-3/6)]Man(b1-4)GlcNAc(b1-4)GlcNAc,"{'Hex': 8, 'HexNAc': 7, 'Neu5Ac': 1}",78010,['Homo_sapiens'],['http://www.functionalglycomics.org/glycomics/SampleServlet?operationType=view&key=317'],,N
{Gal(b1-4)GlcNAc(b1-3/4/6)}{Gal(b1-4)GlcNAc(b1-3/4/6)}{Neu5Ac(a2-3/6)}{Neu5Ac(a2-3/6)}Gal(b1-4)GlcNAc(b1-2)Man(a1-3/6)[Gal(b1-4)GlcNAc(b1-2)[Gal(b1-4)GlcNAc(b1-4/6)]Man(a1-3/6)]Man(b1-4)GlcNAc(b1-4)GlcNAc,"{'Hex': 8, 'HexNAc': 7, 'Neu5Ac': 2}",78020,['Homo_sapiens'],['http://www.functionalglycomics.org/glycomics/SampleServlet?operationType=view&key=317'],,N
{Gal(b1-4)GlcNAc(b1-3/4/6)}{Neu5Ac(a2-3/6)}Gal(b1-4)GlcNAc(b1-2)Man(a1-3/6)[Gal(b1-4)GlcNAc(b1-2)[Gal(b1-4)GlcNAc(b1-4/6)]Man(a1-3/6)]Man(b1-4)GlcNAc(b1-4)GlcNAc,"{'Hex': 7, 'HexNAc': 6, 'Neu5Ac': 1}",67010,['Homo_sapiens'],['http://www.functionalglycomics.org/glycomics/SampleServlet?operationType=view&key=317'],,N
{Gal(b1-4)GlcNAc(b1-3/4/6)}{Neu5Ac(a2-3/6)}{Neu5Ac(a2-3/6)}Gal(b1-4)GlcNAc(b1-2)Man(a1-3/6)[Gal(b1-4)GlcNAc(b1-2)[Gal(b1-4)GlcNAc(b1-4/6)]Man(a1-3/6)]Man(b1-4)GlcNAc(b1-4)GlcNAc,"{'Hex': 7, 'HexNAc': 6, 'Neu5Ac': 2}",67020,['Homo_sapiens'],['http://www.functionalglycomics.org/glycomics/SampleServlet?operationType=view&key=317'],,N
{GlcNAc(b1-4/6)}GlcNAc(b1-2)[GlcNAc(b1-4)]Man(a1-3)[GlcNAc(b1-2)Man(a1-6)]Man(b1-4)GlcNAc(b1-4)GlcNAc,"{'Hex': 3, 'HexNAc': 6}",63000,['Homo_sapiens'],['https://pubmed.ncbi.nlm.nih.gov/36216861/'],,N
{GlcNAc(b1-4/6)}Neu5Ac(a2-3/6)Gal(b1-4)GlcNAc(b1-2)Man(a1-3)[Gal(b1-4)GlcNAc(b1-2)Man(a1-6)]Man(b1-4)GlcNAc(b1-4)GlcNAc,"{'Hex': 5, 'HexNAc': 5, 'Neu5Ac': 1}",55010,['Homo_sapiens'],['http://www.functionalglycomics.org/glycomics/SampleServlet?operationType=view&key=531'],,N
{Neu5Ac(a2-3/6)}Fuc(a1-3)[Gal(b1-4)]GlcNAc(b1-2)[Gal(b1-4)GlcNAc(b1-4)]Man(a1-3)[Fuc(a1-3)[Gal(b1-4)]GlcNAc(b1-2)Man(a1-6)]Man(b1-4)GlcNAc(b1-4)GlcNAc,"{'Hex': 6, 'HexNAc': 5, 'Neu5Ac': 1, 'dHex': 2}",56210,['Homo_sapiens'],['https://pubmed.ncbi.nlm.nih.gov/38171687/'],,N
{Neu5Ac(a2-3/6)}Gal(a1-3)Gal(b1-4)GlcNAc(b1-2)Man(a1-3/6)[Neu5Ac(a2-3/6)Gal(b1-4)GlcNAc(b1-2)Man(a1-3/6)]Man(b1-4)GlcNAc(b1-4)GlcNAc,"{'Hex': 6, 'HexNAc': 4, 'Neu5Ac': 2}",46020,['Homo_sapiens'],['https://pubmed.ncbi.nlm.nih.gov/38171687/'],,N
{Neu5Ac(a2-3/6)}Gal(b1-3/4)GlcNAc(b1-3)Gal(b1-4)GlcNAc(b1-2/4/6)[Gal(b1-4)GlcNAc(b1-2/4/6)]Man(a1-3/6)[Neu5Ac(a2-3/6)Gal(b1-4)GlcNAc(b1-2/4/6)[Gal(b1-4)GlcNAc(b1-2/4/6)]Man(a1-3/6)]Man(b1-4)GlcNAc(b1-4)GlcNAc,"{'Hex': 8, 'HexNAc': 7, 'Neu5Ac': 2}",78020,['Homo_sapiens'],['http://www.functionalglycomics.org/glycomics/SampleServlet?operationType=view&key=203'],,N
{Neu5Ac(a2-3/6)}Gal(b1-4)GlcNAc(b1-2)Man(a1-3/6)[Gal(b1-4)GlcNAc(b1-2)[Gal(b1-4)GlcNAc(b1-4/6)]Man(a1-3/6)]Man(b1-4)GlcNAc(b1-4)GlcNAc,"{'Hex': 6, 'HexNAc': 5, 'Neu5Ac': 1}",56010,['Homo_sapiens'],['http://www.functionalglycomics.org/glycomics/SampleServlet?operationType=view&key=515'],,N
{Neu5Ac(a2-3/6)}Gal(b1-4)GlcNAc(b1-2)[Gal(b1-4)GlcNAc(b1-4/6)]Man(a1-3/6)[Gal(b1-4)GlcNAc(b1-2)Man(a1-3/6)]Man(b1-4)GlcNAc(b1-4)GlcNAc,"{'Hex': 6, 'HexNAc': 5, 'Neu5Ac': 1}",56010,['Homo_sapiens'],['http://www.functionalglycomics.org/glycomics/SampleServlet?operationType=view&key=531'],,N
{Neu5Ac(a2-3/6)}{Neu5Ac(a2-3/6)}Gal(b1-4)GlcNAc(b1-2)Man(a1-3/6)[Gal(b1-4)GlcNAc(b1-2)[Gal(b1-4)GlcNAc(b1-4/6)]Man(a1-3/6)]Man(b1-4)GlcNAc(b1-4)GlcNAc,"{'Hex': 6, 'HexNAc': 5, 'Neu5Ac': 2}",56020,['Homo_sapiens'],['http://www.functionalglycomics.org/glycomics/SampleServlet?operationType=view&key=515'],,N
{Neu5Ac(a2-3/6)}{Neu5Ac(a2-3/6)}{Neu5Ac(a2-3/6)}Gal(b1-4)GlcNAc(b1-2)[Gal(b1-4)GlcNAc(b1-4)]Man(a1-3)[Gal(b1-4)GlcNAc(b1-2)[Gal(b1-4)GlcNAc(b1-6)]Man(a1-6)]Man(b1-4)GlcNAc(b1-4)GlcNAc,"{'Hex': 7, 'HexNAc': 6, 'Neu5Ac': 3}",67030,['Homo_sapiens'],['http://www.functionalglycomics.org/glycomics/SampleServlet?operationType=view&key=515'],,N
{Neu5Ac(a2-3/6/8)}Neu5Ac(a2-3/6)Gal(b1-4)GlcNAc(b1-2)[Neu5Ac(a2-3/6)Gal(b1-4)GlcNAc(b1-4/6)]Man(a1-3/6)[Neu5Ac(a2-3/6)Gal(b1-4)GlcNAc(b1-2)Man(a1-3/6)]Man(b1-4)GlcNAc(b1-4)GlcNAc,"{'Hex': 6, 'HexNAc': 5, 'Neu5Ac': 4}",56040,['Homo_sapiens'],['http://www.functionalglycomics.org/glycomics/SampleServlet?operationType=view&key=221'],,N
{Neu5Gc(a2-3/6)}Gal(b1-4)GlcNAc(b1-2)Man(a1-3/6)[Gal(b1-4)GlcNAc(b1-2)[Gal(b1-4)GlcNAc(b1-4/6)]Man(a1-3/6)]Man(b1-4)GlcNAc(b1-4)GlcNAc,"{'Hex': 6, 'HexNAc': 5, 'Neu5Gc': 1}",56001,['Homo_sapiens'],['http://www.functionalglycomics.org/glycomics/SampleServlet?operationType=view&key=547'],,N
Neu5Ac(a2-3/6)Gal(b1-4)GlcNAc(b1-2)[Neu5Ac(a2-3/6)Gal(b1-4)GlcNAc(b1-4)]Man(a1-3)[Gal(b1-4)GlcNAc(b1-2)Man(a1-6)][GlcNAc(b1-4)]Man(b1-4)GlcNAc(b1-4)GlcNAc,"{'Hex': 6, 'HexNAc': 6, 'Neu5Ac': 2}",66020,"['HumanImmunoDeficiency_Virus', 'Homo_sapiens']","['', 'gwb']",G24371XA,N
Neu5Ac(a2-3/6)Gal(b1-4)GlcNAc(b1-2)[Neu5Ac(a2-3/6)Gal(b1-4)GlcNAc(b1-4)]Man(a1-3)[Man(a1-2)Man(a1-3)[Man(a1-2)Man(a1-6)]Man(a1-6)][GlcNAc(b1-4)]Man(b1-4)GlcNAc(b1-4)GlcNAc,"{'Hex': 9, 'HexNAc': 5, 'Neu5Ac': 2}",59020,"['HumanImmunoDeficiency_Virus', 'Homo_sapiens']","['', 'gwb']",G36280LM,N
Fuc(a1-2)Gal(b1-4)GlcNAc(b1-2)Man(a1-3)[Fuc(a1-2)Gal(b1-4)GlcNAc(b1-2)Man(a1-6)]Man(b1-4)GlcNAc(b1-4)GlcNAc,"{'Hex': 5, 'HexNAc': 4, 'dHex': 2}",45200,['Homo_sapiens'],[''],G04751OE,N
Fuc(a1-3)[Gal(b1-4)]GlcNAc(b1-2)Man(a1-3)[Fuc(a1-3)[Gal(b1-4)]GlcNAc(b1-2)Man(a1-6)]Man(a1-6)[GlcNAc(b1-2)Man(a1-3)[GlcNAc(b1-2)Man(a1-6)]Man(a1-3)][GlcNAc(b1-4)]Man(b1-4)GlcNAc(b1-4)GlcNAc,"{'Hex': 9, 'HexNAc': 7, 'dHex': 2}",79200,['Homo_sapiens'],['https://www.frontiersin.org/articles/10.3389/fchem.2021.637730/full'],,N
Fuc(a1-3)[Gal(b1-4)]GlcNAc(b1-2)[Gal(b1-4)GlcNAc(b1-4)]Man(a1-3)[Gal(b1-4)GlcNAc(b1-2)Man(a1-6)]Man(b1-4)GlcNAc(b1-4)GlcNAc,"{'Hex': 6, 'HexNAc': 5, 'dHex': 1}",56100,['Homo_sapiens'],[''],G53096UD,N
Fuc(a1-3)[Gal(b1-4)]GlcNAc(b1-2/4/6)[Gal(b1-4)GlcNAc(b1-2/4/6)]Man(a1-3/6)[Gal(b1-4)GlcNAc(b1-2)[Gal(b1-4)GlcNAc(b1-4/6)]Man(a1-3/6)]Man(b1-4)GlcNAc(b1-4)GlcNAc,"{'Hex': 7, 'HexNAc': 6, 'dHex': 1}",67100,['Homo_sapiens'],['https://glycostore.org/searchTaxon/HOMO%20SAPIENS'],,N
Fuc(a1-3)[Gal(b1-4)]GlcNAc(b1-3)Gal(b1-4)[Fuc(a1-3)]GlcNAc(b1-2)Man(a1-6)[Gal(b1-4)GlcNAc(b1-2)Man(a1-3)]Man(b1-4)GlcNAc(b1-4)GlcNAc,"{'Hex': 6, 'HexNAc': 5, 'dHex': 2}",56200,['Homo_sapiens'],[''],G36225RM,N
Fuc(a1-3)[Gal(b1-4)]GlcNAc(b1-3)Gal(b1-4)[Fuc(a1-3)]GlcNAc(b1-2)Man(a1-6)[Neu5Ac(a2-6)Gal(b1-4)GlcNAc(b1-2)Man(a1-3)]Man(b1-4)GlcNAc(b1-4)GlcNAc,"{'Hex': 6, 'HexNAc': 5, 'Neu5Ac': 1, 'dHex': 2}",56210,['Homo_sapiens'],[''],G95260HV,N
Fuc(a1-3)[Gal(b1-4)]GlcNAc(b1-4)[Gal(b1-4)GlcNAc(b1-6)]Man(a1-3)[Fuc(a1-2)[Gal(b1-4)]GlcNAc(b1-2)[Gal(b1-4)GlcNAc(b1-6)]Man(a1-6)]Man(b1-4)GlcNAc(b1-4)GlcNAc,"{'Hex': 7, 'HexNAc': 6, 'dHex': 2}",67200,['Homo_sapiens'],[''],,N
Fuc(a1-3)[Gal(b1-4)]GlcNAc(b1-4)[Gal(b1-4)GlcNAc(b1-6)]Man(a1-3)[Fuc(a1-3)[Gal(b1-4)]GlcNAc(b1-2)[Gal(b1-4)GlcNAc(b1-6)]Man(a1-6)]Man(b1-4)GlcNAc(b1-4)GlcNAc,"{'Hex': 7, 'HexNAc': 6, 'dHex': 2}",67200,['Homo_sapiens'],[''],G01308XT,N
Fuc(a1-3/4)[Gal(b1-3/4)]GlcNAc(b1-2)Man(a1-3/6)[Gal(b1-3/4)GlcNAc(b1-2)Man(a1-3/6)]Man(b1-4)GlcNAc(b1-4)GlcNAc,"{'Hex': 5, 'HexNAc': 4, 'dHex': 1}",45100,['Homo_sapiens'],[''],,N
Gal(b1-3/4)GlcNAc(b1-2)Man(a1-3/6)Man(a1-3)Man(a1-6)Man(a1-3/6)Man(b1-4)GlcNAc(b1-4)GlcNAc,"{'Hex': 6, 'HexNAc': 3}",36000,['Homo_sapiens'],['https://www.mcponline.org/article/S1535-9476(20)35140-9/fulltext'],,N
Gal(b1-4)GlcNAc(a1-2)[Fuc(a1-3)[Gal(b1-4)]GlcNAc(b1-4)]Man(a1-3)[Gal(b1-4)GlcNAc(b1-2)Man(a1-6)]Man(b1-4)GlcNAc(b1-4)GlcNAc,"{'Hex': 6, 'HexNAc': 5, 'dHex': 1}",56100,['Homo_sapiens'],[''],G70800WO,N
Gal(b1-4)GlcNAc(a1-2)[Fuc(a1-3)[Gal(b1-4)]GlcNAc(b1-4)]Man(a1-3)[Gal(b1-4)GlcNAc(b1-2)[Gal(b1-4)GlcNAc(b1-6)]Man(a1-6)]Man(b1-4)GlcNAc(b1-4)GlcNAc,"{'Hex': 7, 'HexNAc': 6, 'dHex': 1}",67100,['Homo_sapiens'],[''],G60274JN,N
Gal(b1-4)GlcNAc(a1-2)[Fuc(a1-3)[Gal(b1-4)]GlcNAc(b1-4)]Man(a1-3)[Gal(b1-4)GlcNAc(b1-2)[Glc(a1-4)GalNAc(b1-6)]Man(a1-6)]Man(b1-4)GlcNAc(b1-4)GlcNAc,"{'Hex': 7, 'HexNAc': 6, 'dHex': 1}",67100,['Homo_sapiens'],[''],G25328BM,N
Gal(b1-4)GlcNAc(a1-2)[Gal(b1-4)GlcNAc(b1-4)]Man(a1-3)[Gal(b1-4)GlcNAc(b1-2)[Gal(b1-4)GlcNAc(b1-6)]Man(a1-6)]Man(b1-4)GlcNAc(b1-4)GlcNAc,"{'Hex': 7, 'HexNAc': 6}",67000,['Homo_sapiens'],[''],G53031JB,N
Gal(b1-4)GlcNAc(b1-2)Man(a1-3)[Fuc(a1-3)[Gal(b1-4)]GlcNAc(b1-2)Man(a1-6)][GlcNAc(b1-4)]Man(b1-4)GlcNAc(b1-4)GlcNAc,"{'Hex': 5, 'HexNAc': 5, 'dHex': 1}",55100,['Homo_sapiens'],[''],G38753OV,N
Gal(b1-4)GlcNAc(b1-2)Man(a1-3)[Fuc(a1-3)[Gal(b1-4)]GlcNAc(b1-2)[Gal(b1-4)GlcNAc(b1-6)]Man(a1-6)]Man(b1-4)GlcNAc(b1-4)GlcNAc,"{'Hex': 6, 'HexNAc': 5, 'dHex': 1}",56100,['Homo_sapiens'],[''],G66653BX,N
Gal(b1-4)GlcNAc(b1-2)Man(a1-3)[Gal(b1-4)GlcNAc(b1-2)[Fuc(a1-3)[Gal(b1-4)]GlcNAc(b1-6)]Man(a1-6)]Man(b1-4)GlcNAc(b1-4)GlcNAc,"{'Hex': 6, 'HexNAc': 5, 'dHex': 1}",56100,['Homo_sapiens'],[''],G35837ET,N
Gal(b1-4)GlcNAc(b1-2)Man(a1-3)[ManOP(a1-2)Man(a1-6)[Man(a1-3)]Man(a1-6)]Man(b1-4)GlcNAc(b1-4)GlcNAc,"{'Hex': 7, 'HexNAc': 3, 'P': 1}",37000,['Homo_sapiens'],[''],,N
Gal(b1-4)GlcNAc(b1-2)Man(b1-6)[GlcNAc(b1-4)Man(a1-3)]Man(b1-4)GlcNAc(b1-4)GlcNAc,"{'Hex': 4, 'HexNAc': 4}",44000,['Homo_sapiens'],[''],,N
Gal(b1-4)GlcNAc(b1-2)[Fuc(a1-3)[Gal(b1-4)]GlcNAc(b1-3)]Man(b1-3)[Gal(b1-4)GlcNAc(b1-2)Man(b1-6)]Man(b1-4)GlcNAc(b1-4)GlcNAc,"{'Hex': 6, 'HexNAc': 5, 'dHex': 1}",56100,['Homo_sapiens'],[''],G64282SO,N
Gal(b1-4)GlcNAc(b1-2)[Fuc(a1-3)[Gal(b1-4)]GlcNAc(b1-3)]Man(b1-3)[Gal(b1-4)GlcNAc(b1-6)]Man(b1-4)GlcNAc(b1-4)GlcNAc,"{'Hex': 5, 'HexNAc': 5, 'dHex': 1}",55100,['Homo_sapiens'],[''],G50499BR,N
Gal(b1-4)GlcNAc(b1-2)[Fuc(a1-3)[Gal(b1-4)]GlcNAc(b1-4)]Man(a1-3)[Fuc(a1-3)[Gal(b1-4)]GlcNAc(b1-2)[Gal(b1-4)GlcNAc(b1-6)]Man(a1-6)]Man(b1-4)GlcNAc(b1-4)GlcNAc,"{'Hex': 7, 'HexNAc': 6, 'dHex': 2}",67200,['Homo_sapiens'],[''],G09393NL,N
Gal(b1-4)GlcNAc(b1-2)[Fuc(a1-3)[Gal(b1-4)]GlcNAc(b1-4)]Man(a1-3)[Gal(b1-4)GlcNAc(b1-2)Man(a1-6)][GlcNAc(b1-4)]Man(b1-4)GlcNAc(b1-4)GlcNAc,"{'Hex': 6, 'HexNAc': 6, 'dHex': 1}",66100,['Homo_sapiens'],['https://pubmed.ncbi.nlm.nih.gov/33897975/'],,N
Gal(b1-4)GlcNAc(b1-2)[Fuc(a1-3)[Gal(b1-4)]GlcNAc(b1-4)]Man(a1-3/6)[Gal(b1-4)GlcNAc(b1-2)Man(a1-3/6)]Man(b1-4)GlcNAc(b1-4)GlcNAc,"{'Hex': 6, 'HexNAc': 5, 'dHex': 1}",56100,['Homo_sapiens'],[''],G20697MN,N
Gal(b1-4)GlcNAc(b1-2)[Gal(b1-4)GlcNAc(b1-6)]Man(a1-3)[Gal(b1-4)GlcNAc(b1-2)Man(a1-6)]Man(b1-4)GlcNAc(b1-4)GlcNAc,"{'Hex': 6, 'HexNAc': 5}",56000,['Homo_sapiens'],[''],G53272SL,N
Gal(b1-4)GlcNAc(b1-3)Gal(b1-3)GlcNAc(b1-6)[Gal(b1-4)GlcNAc(b1-2)]Man(a1-6)[Gal(b1-4)GlcNAc(b1-2)[Gal(b1-4)GlcNAc(b1-4)]Man(a1-3)]Man(b1-4)GlcNAc(b1-4)GlcNAc,"{'Hex': 8, 'HexNAc': 7}",78000,['Homo_sapiens'],[''],G31822CM,N
Gal(b1-4)GlcNAc(b1-3)Gal(b1-4)GlcNAc(b1-2)Man(a1-3)[Fuc(a1-3)[Gal(b1-4)]GlcNAc(b1-2)Man(a1-6)]Man(b1-4)GlcNAc(b1-4)GlcNAc,"{'Hex': 6, 'HexNAc': 5, 'dHex': 1}",56100,['Homo_sapiens'],[''],G84368MT,N
Gal(b1-4)GlcNAc(b1-3)Gal(b1-4)GlcNAc(b1-2)Man(a1-6)[Gal(b1-4)GlcNAc(b1-2)Man(a1-3)]Man(b1-4)GlcNAc(b1-4)GlcNAc,"{'Hex': 6, 'HexNAc': 5}",56000,['Homo_sapiens'],[''],G82320NZ,N
Gal(b1-4)GlcNAc(b1-3)Gal(b1-4)GlcNAc(b1-2)Man(a1-6)[Neu5Ac(a2-3/6)Gal(b1-4)GlcNAc(b1-2)[Neu5Ac(a2-3/6)Gal(b1-4)GlcNAc(b1-4)]Man(a1-3)][GlcNAc(b1-4)]Man(b1-4)GlcNAc(b1-4)GlcNAc,"{'Hex': 7, 'HexNAc': 7, 'Neu5Ac': 2}",77020,['Homo_sapiens'],['https://pubmed.ncbi.nlm.nih.gov/33897975/'],,N
Gal(b1-4)GlcNAc(b1-3)Gal(b1-4)GlcNAc(b1-2)[Gal(b1-3)GlcNAc(b1-6)]Man(a1-6)[Gal(b1-4)GlcNAc(b1-2)[Gal(b1-4)GlcNAc(b1-4)]Man(a1-3)]Man(b1-4)GlcNAc(b1-4)GlcNAc,"{'Hex': 8, 'HexNAc': 7}",78000,['Homo_sapiens'],[''],G81294ZY,N
Gal(b1-4)GlcNAc(b1-3)Gal(b1-4)GlcNAc(b1-3)Gal(b1-4)GlcNAc(b1-3)Gal(b1-4)GlcNAc(b1-2)Man(a1-6)[Neu5Ac(a2-6)Gal(b1-4)GlcNAc(b1-2)Man(a1-3)]Man(b1-4)GlcNAc(b1-4)GlcNAc,"{'Hex': 8, 'HexNAc': 7, 'Neu5Ac': 1}",78010,['Homo_sapiens'],[''],G67410LQ,N
Gal(b1-4)GlcNAc(b1-3)Gal(b1-4)GlcNAc(b1-3)Gal(b1-4)GlcNAc(b1-3)Gal(b1-4)GlcNAc(b1-3)Gal(b1-4)GlcNAc(b1-3)Gal(b1-4)GlcNAc(b1-2)Man(a1-6)[Neu5Ac(a2-6)Gal(b1-4)GlcNAc(b1-3)Gal(b1-4)GlcNAc(b1-2)Man(a1-3)][GlcNAc(b1-4)]Man(b1-4)GlcNAc(b1-4)GlcNAc,"{'Hex': 11, 'HexNAc': 11, 'Neu5Ac': 1}",1111010,['Homo_sapiens'],[''],G23577TY,N
Gal(b1-4)GlcNAc(b1-3)Gal(b1-4)[Fuc(a1-3)]GlcNAc(b1-2)Man(a1-6)[Fuc(a1-3)[Gal(b1-4)]GlcNAc(b1-2)Man(a1-3)]Man(b1-4)GlcNAc(b1-4)GlcNAc,"{'Hex': 6, 'HexNAc': 5, 'dHex': 2}",56200,['Homo_sapiens'],[''],G57937LQ,N
Gal(b1-4)GlcNAc(b1-3)Gal(b1-4)[Fuc(a1-3)]GlcNAc(b1-2)Man(a1-6)[Gal(b1-4)GlcNAc(b1-2)Man(a1-3)]Man(b1-4)GlcNAc(b1-4)GlcNAc,"{'Hex': 6, 'HexNAc': 5, 'dHex': 1}",56100,['Homo_sapiens'],[''],G13537KO,N
Gal(b1-4)GlcNAc(b1-4)Gal(b1-4)GlcNAc(b1-2)[Gal(b1-4)GlcNAc(b1-6)]Man(a1-6)[Gal(b1-4)GlcNAc(b1-2)[Gal(b1-4)GlcNAc(b1-4)]Man(a1-3)]Man(b1-4)GlcNAc(b1-4)GlcNAc,"{'Hex': 8, 'HexNAc': 7}",78000,['Homo_sapiens'],[''],G86377SM,N
Gal(b1-4)GlcNAc(b1-4)Gal(b1-4)GlcNAc(b1-6)[Gal(b1-4)GlcNAc(b1-2)]Man(a1-6)[Gal(b1-4)GlcNAc(b1-2)[Gal(b1-4)GlcNAc(b1-4)]Man(a1-3)]Man(b1-4)GlcNAc(b1-4)GlcNAc,"{'Hex': 8, 'HexNAc': 7}",78000,['Homo_sapiens'],[''],G36306KM,N
Gal(b1-4)GlcNAc(b1-4)Man(a1-3)[Gal(b1-4)GlcNAc(b1-6)Man(a1-6)]Man(b1-4)GlcNAc(b1-4)GlcNAc,"{'Hex': 5, 'HexNAc': 4}",45000,['Homo_sapiens'],[''],G29078QN,N
Gal(b1-?)GlcNAcOS(b1-?)Man(a1-?)[Man(a1-3)[Man(a1-6)]Man(a1-3/6)]Man(b1-4)GlcNAc(b1-4)GlcNAc,"{'Hex': 6, 'HexNAc': 3, 'S': 1}",36000,['Homo_sapiens'],[''],,N
GalNAc(b1-4)GlcNAc(b1-2)Glc(a1-6)[GlcNAc(b1-2)Glc(a1-3)]Man(b1-4)GlcNAc(b1-4)GlcNAc,"{'Hex': 3, 'HexNAc': 5}",53000,['Homo_sapiens'],[''],G57705QQ,N
GalNAc(b1-4)GlcNAc(b1-2)Man(a1-3)[Gal(b1-4)GlcNAc(b1-2)[GalNAc(b1-4)GlcNAc(b1-6)]Man(a1-6)]Man(b1-4)GlcNAc(b1-4)GlcNAc,"{'Hex': 4, 'HexNAc': 7}",74000,['Homo_sapiens'],[''],G37552GO,N
GalNAc(b1-4)GlcNAc(b1-2)Man(a1-3)[GalNAc(b1-4)GlcNAc(b1-6)[GlcNAc(b1-2)]Man(a1-6)]Man(b1-4)GlcNAc(b1-4)GlcNAc,"{'Hex': 3, 'HexNAc': 7}",73000,['Homo_sapiens'],[''],G70881GL,N
GalNAc(b1-4)GlcNAc(b1-2)[Gal(b1-4)GlcNAc(b1-4)]Man(a1-3)[Gal(b1-4)GlcNAc(b1-2)Man(a1-6)]Man(b1-4)GlcNAc(b1-4)GlcNAc,"{'Hex': 5, 'HexNAc': 6}",65000,['Homo_sapiens'],[''],G38115KZ,N
GalNAc(b1-4)GlcNAc(b1-2)[Gal(b1-4)GlcNAc(b1-4)]Man(a1-3)[GlcNAc(b1-2)Man(a1-6)]Man(b1-4)GlcNAc(b1-4)GlcNAc,"{'Hex': 4, 'HexNAc': 6}",64000,['Homo_sapiens'],[''],G87217OF,N
GalNAc(b1-4)GlcNAc(b1-2)[GlcNAc(b1-4)]Man(a1-3)[GalNAc(b1-4)GlcNAc(b1-2)Man(a1-6)]Man(b1-4)GlcNAc(b1-4)GlcNAc,"{'Hex': 3, 'HexNAc': 7}",73000,['Homo_sapiens'],[''],G92219PK,N
GalNAc(b1-4)GlcNAc(b1-2)[GlcNAc(b1-4)]Man(a1-3)[GalNAc(b1-4)GlcNAc(b1-2)[GalNAc(b1-4)GlcNAc(b1-6)]Man(a1-6)]Man(b1-4)GlcNAc(b1-4)GlcNAc,"{'Hex': 3, 'HexNAc': 9}",93000,['Homo_sapiens'],[''],G09513RD,N
GalNAc(b1-4)GlcNAc(b1-2)[GlcNAc(b1-4)]Man(a1-3)[GalNAc(b1-4)GlcNAc(b1-2)[GlcNAc(b1-6)]Man(a1-6)]Man(b1-4)GlcNAc(b1-4)GlcNAc,"{'Hex': 3, 'HexNAc': 8}",83000,['Homo_sapiens'],[''],G97948YW,N
GalNAc(b1-4)GlcNAc(b1-2)[GlcNAc(b1-4)]Man(a1-3)[GlcNAc(b1-2)Man(a1-6)]Man(b1-4)GlcNAc(b1-4)GlcNAc,"{'Hex': 3, 'HexNAc': 6}",63000,['Homo_sapiens'],[''],G29434RB,N
GalNAc(b1-4)GlcNAc(b1-2)[GlcNAc(b1-4)]Man(a1-3)[GlcNAc(b1-2)[GlcNAc(b1-6)]Man(a1-6)]Man(b1-4)GlcNAc(b1-4)GlcNAc,"{'Hex': 3, 'HexNAc': 7}",73000,['Homo_sapiens'],[''],G39794DN,N
GalNAcOS(b1-4)GlcNAc(b1-2)Man(a1-3)[Man(a1-3/6)Man(a1-6)]Man(b1-4)GlcNAc(b1-4)GlcNAc,"{'Hex': 4, 'HexNAc': 4, 'S': 1}",44000,['Homo_sapiens'],['https://pubmed.ncbi.nlm.nih.gov/33897975/'],,N
GalOS(b1-4)GlcNAc(b1-2)[GalOS(b1-4)GlcNAc(b1-4)]Man(a1-3)[Gal(b1-4)GlcNAc(b1-2)Man(a1-6)]Man(b1-4)GlcNAc(b1-4)GlcNAc,"{'Hex': 6, 'HexNAc': 5, 'S': 2}",56000,['Homo_sapiens'],[''],,N
GalOS(b1-4)GlcNAc(b1-2)[GalOS(b1-4)GlcNAc(b1-4)]Man(a1-3)[Neu5Ac(a2-3)Gal(b1-4)GlcNAc(b1-2)Man(a1-6)]Man(b1-4)GlcNAc(b1-4)GlcNAc,"{'Hex': 6, 'HexNAc': 5, 'Neu5Ac': 1, 'S': 2}",56010,['Homo_sapiens'],[''],,N
Glc(b1-4)GlcNAc(b1-2)Man(a1-3)[Glc(b1-4)GlcNAc(b1-2)Man(a1-6)]Man(b1-4)GlcNAc(b1-4)GlcNAc,"{'Hex': 5, 'HexNAc': 4}",45000,['Homo_sapiens'],[''],G68963BB,N
Glc(b1-4)GlcNAc(b1-2)Man(a1-3)[GlcNAc(b1-2)Man(a1-6)]Man(b1-4)GlcNAc(b1-4)GlcNAc,"{'Hex': 4, 'HexNAc': 4}",44000,['Homo_sapiens'],[''],G26939ZY,N
Glc(b1-4)GlcNAc(b1-2)Man(a1-3)[Man(a1-6)]Man(b1-4)GlcNAc(b1-4)GlcNAc,"{'Hex': 4, 'HexNAc': 3}",34000,['Homo_sapiens'],[''],G35823EX,N
GlcNAc(b1-4)Man(a1-3)[GlcNAc(b1-6)Man(a1-6)]Man(b1-4)GlcNAc(b1-4)GlcNAc,"{'Hex': 3, 'HexNAc': 4}",43000,['Homo_sapiens'],[''],G26664GH,N
GlcNAc(b1-4)Man(a1-6)[Man(a1-3)]Man(b1-4)GlcNAc(b1-4)GlcNAc,"{'Hex': 3, 'HexNAc': 3}",33000,['Homo_sapiens'],[''],G80650PW,N
Man(a1-2)Man(a1-2)Man(a1-3)[Man(a1-2)Man(a1-6)]Man(a1-6)[Man(a1-2)Man(a1-2)Man(a1-3)]Man(b1-4)GlcNAc(b1-4)GlcNAc,"{'Hex': 10, 'HexNAc': 2}",210000,['Homo_sapiens'],[''],G32907KG,N
Man(a1-2)Man(a1-2)Man(a1-3)[Man(a1-3)[Man(a1-6)]Man(a1-6)][GlcNAc(b1-4)]Man(b1-4)GlcNAc(b1-4)GlcNAc,"{'Hex': 7, 'HexNAc': 3}",37000,['Homo_sapiens'],['https://www.sciencedirect.com/science/article/pii/S0092867421005031?via%3Dihub'],,N
Man(a1-2)Man(a1-2)Man(a1-?)[Man(a1-2)Man(a1-?)]Man(a1-?)[Man(a1-2)Man(a1-2)Man(a1-?)]Man(b1-4)GlcNAc(b1-4)GlcNAc,"{'Hex': 10, 'HexNAc': 2}",210000,['Homo_sapiens'],[''],G32907KG,N
Man(a1-3)[Man(a1-6)]Man(a1-3/6)[ManOS(?1-?)Man(a1-3/6)]Man(b1-4)GlcNAc(b1-4)GlcNAc,"{'Hex': 6, 'HexNAc': 2, 'S': 1}",26000,['Homo_sapiens'],[''],,N
ManOP(a1-2)Man(a1-3)[Man(a1-3)Man(a1-6)]Man(b1-4)GlcNAc(b1-4)GlcNAc,"{'Hex': 5, 'HexNAc': 2, 'P': 1}",25000,['Homo_sapiens'],[''],,N
ManOP(a1-2)Man(a1-3)[Man(a1-3)[Man(a1-6)]Man(a1-6)]Man(b1-4)GlcNAc(b1-4)GlcNAc,"{'Hex': 6, 'HexNAc': 2, 'P': 1}",26000,['Homo_sapiens'],[''],,N
ManOP(a1-2)Man(a1-6)[Man(a1-3)]Man(a1-6)[Man(a1-2)Man(a1-3)]Man(b1-4)GlcNAc(b1-4)GlcNAc,"{'Hex': 7, 'HexNAc': 2, 'P': 1}",27000,['Homo_sapiens'],[''],,N
ManOP(a1-2)Man(a1-6)[Man(a1-3)]Man(a1-6)[Man6P(a1-2)Man(a1-3)]Man(b1-4)GlcNAc(b1-4)GlcNAc,"{'Hex': 7, 'HexNAc': 2, 'P': 2}",27000,['Homo_sapiens'],[''],,N
Neu5Ac(a2-3)Gal(b1-3/4)GlcNAc(b1-2)Man(a1-2/3/6)Man(a1-3/6)Man(b1-4)GlcNAc(b1-4)GlcNAc,"{'Hex': 4, 'HexNAc': 3, 'Neu5Ac': 1}",34010,['Homo_sapiens'],['https://www.mcponline.org/article/S1535-9476(20)35140-9/fulltext'],,N
Neu5Ac(a2-3)Gal(b1-3/4)GlcNAc(b1-2)Man(a1-3)[Gal(b1-3/4)GlcNAc(b1-2)Man(a1-6)]Man(b1-4)GlcNAc(b1-4)GlcNAc,"{'Hex': 5, 'HexNAc': 4, 'Neu5Ac': 1}",45010,['Homo_sapiens'],['https://pubmed.ncbi.nlm.nih.gov/25210975/'],G71269BI,N
Neu5Ac(a2-3)Gal(b1-3/4)GlcNAc(b1-2)Man(a1-3)[Man(a1-?)Man(b1-6)]Man(b1-4)GlcNAc(b1-4)GlcNAc,"{'Hex': 5, 'HexNAc': 3, 'Neu5Ac': 1}",35010,['Homo_sapiens'],['https://pubmed.ncbi.nlm.nih.gov/25210975/'],,N
Neu5Ac(a2-3)Gal(b1-3/4)GlcNAc(b1-2)Man(a1-3/6)Man(a1-2/3/6)Man(a1-3/6)Man(b1-4)GlcNAc(b1-4)GlcNAc,"{'Hex': 5, 'HexNAc': 3, 'Neu5Ac': 1}",35010,['Homo_sapiens'],['https://www.mcponline.org/article/S1535-9476(20)35140-9/fulltext'],,N
Neu5Ac(a2-3)Gal(b1-4)GlcNAc(b1-2)Man(a1-3)[GlcNAc(b1-2)Man(a1-6)][GlcNAc(b1-4)]Man(b1-4)GlcNAc(b1-4)GlcNAc,"{'Hex': 4, 'HexNAc': 5, 'Neu5Ac': 1}",54010,['Homo_sapiens'],['https://glycostore.org/searchTaxon/HOMO%20SAPIENS'],G55015QS,N
Neu5Ac(a2-3)Gal(b1-4)GlcNAc(b1-2)Man(a1-3)[Neu5Ac(a2-3)Gal(b1-4)GlcNAc(b1-2)[Gal(b1-4)GlcNAc(b1-4)]Man(a1-6)]Man(b1-4)GlcNAc(b1-4)GlcNAc,"{'Hex': 6, 'HexNAc': 5, 'Neu5Ac': 2}",56020,['Homo_sapiens'],[''],G72407WU,N
Neu5Ac(a2-3)Gal(b1-4)GlcNAc(b1-2)Man(a1-3)[Neu5Ac(a2-3)Gal(b1-4)GlcNAc(b1-2)[Neu5Ac(a2-6)Gal(b1-4)GlcNAc(b1-4)]Man(a1-6)]Man(b1-4)GlcNAc(b1-4)GlcNAc,"{'Hex': 6, 'HexNAc': 5, 'Neu5Ac': 3}",56030,['Homo_sapiens'],[''],G70947EQ,N
Neu5Ac(a2-3)Gal(b1-4)GlcNAc(b1-2)Man(a1-3)[Neu5Ac(a2-3)Gal(b1-4)GlcNAc(b1-4)[Gal(b1-4)GlcNAc(b1-2)]Man(a1-6)]Man(b1-4)GlcNAc(b1-4)GlcNAc,"{'Hex': 6, 'HexNAc': 5, 'Neu5Ac': 2}",56020,['Homo_sapiens'],[''],G39299DH,N
Neu5Ac(a2-3)Gal(b1-4)GlcNAc(b1-2)Man(a1-3)[Neu5Ac(a2-6)Gal(b1-4)GlcNAc(b1-2)[Neu5Ac(a2-3)Gal(b1-4)GlcNAc(b1-4)]Man(a1-6)]Man(b1-4)GlcNAc(b1-4)GlcNAc,"{'Hex': 6, 'HexNAc': 5, 'Neu5Ac': 3}",56030,['Homo_sapiens'],[''],G23296IL,N
Neu5Ac(a2-3)Gal(b1-4)GlcNAc(b1-2)Man(a1-3)[Neu5Ac(a2-6)Gal(b1-4)GlcNAc(b1-2)[Neu5Ac(a2-3)Gal(b1-4)GlcNAc(b1-6)]Man(a1-6)]Man(b1-4)GlcNAc(b1-4)GlcNAc,"{'Hex': 6, 'HexNAc': 5, 'Neu5Ac': 3}",56030,['Homo_sapiens'],[''],G63919RG,N
Neu5Ac(a2-3)Gal(b1-4)GlcNAc(b1-2)Man(a1-3)[Neu5Ac(a2-6)Gal(b1-4)GlcNAc(b1-2)[Neu5Ac(a2-6)Gal(b1-4)GlcNAc(b1-4)]Man(a1-6)]Man(b1-4)GlcNAc(b1-4)GlcNAc,"{'Hex': 6, 'HexNAc': 5, 'Neu5Ac': 3}",56030,['Homo_sapiens'],[''],G98790NR,N
Neu5Ac(a2-3)Gal(b1-4)GlcNAc(b1-2)Man(a1-3)[Neu5Ac(a2-6)Gal(b1-4)GlcNAc(b1-2)[Neu5Ac(a2-6)Gal(b1-4)GlcNAc(b1-6)]Man(a1-6)]Man(b1-4)GlcNAc(b1-4)GlcNAc,"{'Hex': 6, 'HexNAc': 5, 'Neu5Ac': 3}",56030,['Homo_sapiens'],[''],G19104OH,N
Neu5Ac(a2-3)Gal(b1-4)GlcNAc(b1-2)Man(a1-6)[Fuc(a1-3)[Gal(b1-4)]GlcNAc(b1-2)Man(a1-3)]Man(b1-4)GlcNAc(b1-4)GlcNAc,"{'Hex': 5, 'HexNAc': 4, 'Neu5Ac': 1, 'dHex': 1}",45110,['Homo_sapiens'],[''],G54505OS,N
Neu5Ac(a2-3)Gal(b1-4)GlcNAc(b1-2)Man(a1-6)[GalOS(b1-4)GlcNAc(b1-2)Man(a1-3)]Man(b1-4)GlcNAc(b1-4)GlcNAc,"{'Hex': 5, 'HexNAc': 4, 'Neu5Ac': 1, 'S': 1}",45010,['Homo_sapiens'],[''],,N
Neu5Ac(a2-3)Gal(b1-4)GlcNAc(b1-2)Man(a1-6)[GlcNAc(b1-2)Man(a1-3)]Man(b1-4)GlcNAc(b1-4)GlcNAc,"{'Hex': 4, 'HexNAc': 4, 'Neu5Ac': 1}",44010,['Homo_sapiens'],['https://glycostore.org/searchTaxon/HOMO%20SAPIENS'],,N
Neu5Ac(a2-3)Gal(b1-4)GlcNAc(b1-2)Man(a1-6)[GlcNAc(b1-2)Man(a1-3)][GlcNAc(b1-4)]Man(b1-4)GlcNAc(b1-4)GlcNAc,"{'Hex': 4, 'HexNAc': 5, 'Neu5Ac': 1}",54010,['Homo_sapiens'],['https://glycostore.org/searchTaxon/HOMO%20SAPIENS'],,N
Neu5Ac(a2-3)Gal(b1-4)GlcNAc(b1-2)[Gal(b1-4)GlcNAc(b1-4)]Man(a1-6)[Gal(b1-4)GlcNAc(b1-2)Man(a1-3)]Man(b1-4)GlcNAc(b1-4)GlcNAc,"{'Hex': 6, 'HexNAc': 5, 'Neu5Ac': 1}",56010,['Homo_sapiens'],[''],G64693IG,N
Neu5Ac(a2-3)Gal(b1-4)GlcNAc(b1-2)[Gal(b1-4)GlcNAc(b1-6)]Man(a1-6)[Gal(b1-4)GlcNAc(b1-2)Man(a1-3)]Man(b1-4)GlcNAc(b1-4)GlcNAc,"{'Hex': 6, 'HexNAc': 5, 'Neu5Ac': 1}",56010,['Homo_sapiens'],[''],G11034PZ,N
Neu5Ac(a2-3)Gal(b1-4)GlcNAc(b1-2)[GalOS(b1-4)GlcNAc(b1-4)]Man(a1-3)[Neu5Ac(a2-3)Gal(b1-4)GlcNAc(b1-2)[Neu5Ac(a2-3)Gal(b1-4)GlcNAc(b1-6)]Man(a1-6)]Man(b1-4)GlcNAc(b1-4)GlcNAc,"{'Hex': 7, 'HexNAc': 6, 'Neu5Ac': 3, 'S': 1}",67030,['Homo_sapiens'],[''],,N
Neu5Ac(a2-3)Gal(b1-4)GlcNAc(b1-2)[Neu5Ac(a2-3)Gal(b1-4)GlcNAc(b1-4)]Man(a1-3)[Neu5Ac(a2-3)Gal(b1-4)GlcNAc(b1-2)Man(a1-6)][GlcNAc(b1-4)]Man(b1-4)GlcNAc(b1-4)GlcNAc,"{'Hex': 6, 'HexNAc': 6, 'Neu5Ac': 3}",66030,['Homo_sapiens'],['https://glycostore.org/searchTaxon/HOMO%20SAPIENS'],,N
Neu5Ac(a2-3)Gal(b1-4)GlcNAc(b1-2)[Neu5Ac(a2-3)Gal(b1-4)GlcNAc(b1-4)]Man(a1-3)[Neu5Ac(a2-3)Gal(b1-4)GlcNAc(b1-2)[Neu5Ac(a2-3)Gal(b1-4)GlcNAc(b1-6)]Man(a1-6)][GlcNAc(b1-4)]Man(b1-4)GlcNAc(b1-4)GlcNAc,"{'Hex': 7, 'HexNAc': 7, 'Neu5Ac': 4}",77040,['Homo_sapiens'],['https://glycostore.org/searchTaxon/HOMO%20SAPIENS'],,N
Neu5Ac(a2-3)Gal(b1-4)GlcNAc(b1-2)[Neu5Ac(a2-3)Gal(b1-4)GlcNAc(b1-4)]Man(a1-3)[Neu5Ac(a2-3)Gal(b1-4)GlcNAc(b1-2)[Neu5Ac(a2-6)Gal(b1-4)GlcNAc(b1-6)]Man(a1-6)]Man(b1-4)GlcNAc(b1-4)GlcNAc,"{'Hex': 7, 'HexNAc': 6, 'Neu5Ac': 4}",67040,['Homo_sapiens'],[''],G86095OE,N
Neu5Ac(a2-3)Gal(b1-4)GlcNAc(b1-2)[Neu5Ac(a2-3)Gal(b1-4)GlcNAc(b1-4)]Man(a1-3)[Neu5Ac(a2-6)Gal(b1-4)GlcNAc(b1-2)[Neu5Ac(a2-3)Gal(b1-4)GlcNAc(b1-6)]Man(a1-6)]Man(b1-4)GlcNAc(b1-4)GlcNAc,"{'Hex': 7, 'HexNAc': 6, 'Neu5Ac': 4}",67040,['Homo_sapiens'],[''],G25731WL,N
Neu5Ac(a2-3)Gal(b1-4)GlcNAc(b1-2)[Neu5Ac(a2-3)Gal(b1-4)GlcNAc(b1-6)]Man(a1-3)[Neu5Ac(a2-3)Gal(b1-4)GlcNAc(b1-2)[Neu5Ac(a2-3)Gal(b1-4)GlcNAc(b1-4)]Man(a1-6)]Man(b1-4)GlcNAc(b1-4)GlcNAc,"{'Hex': 7, 'HexNAc': 6, 'Neu5Ac': 4}",67040,['Homo_sapiens'],[''],G79099UV,N
Neu5Ac(a2-3)Gal(b1-4)GlcNAc(b1-2)[Neu5Ac(a2-3)Gal(b1-4)GlcNAc(b1-6)]Man(a1-3)[Neu5Ac(a2-3)Gal(b1-4)GlcNAc(b1-2)[Neu5Ac(a2-6)Gal(b1-4)GlcNAc(b1-4)]Man(a1-6)]Man(b1-4)GlcNAc(b1-4)GlcNAc,"{'Hex': 7, 'HexNAc': 6, 'Neu5Ac': 4}",67040,['Homo_sapiens'],[''],G78648QN,N
Neu5Ac(a2-3)Gal(b1-4)GlcNAc(b1-2)[Neu5Ac(a2-3)Gal(b1-4)GlcNAc(b1-6)]Man(a1-3)[Neu5Ac(a2-6)Gal(b1-4)GlcNAc(b1-2)[Neu5Ac(a2-3)Gal(b1-4)GlcNAc(b1-4)]Man(a1-6)]Man(b1-4)GlcNAc(b1-4)GlcNAc,"{'Hex': 7, 'HexNAc': 6, 'Neu5Ac': 4}",67040,['Homo_sapiens'],[''],G44688UB,N
Neu5Ac(a2-3)Gal(b1-4)GlcNAc(b1-2)[Neu5Ac(a2-3)Gal(b1-4)GlcNAc(b1-6)]Man(a1-3)[Neu5Ac(a2-6)Gal(b1-4)GlcNAc(b1-2)[Neu5Ac(a2-6)Gal(b1-4)GlcNAc(b1-4)]Man(a1-6)]Man(b1-4)GlcNAc(b1-4)GlcNAc,"{'Hex': 7, 'HexNAc': 6, 'Neu5Ac': 4}",67040,['Homo_sapiens'],[''],G74074HU,N
Neu5Ac(a2-3)Gal(b1-4)GlcNAc(b1-2)[Neu5Ac(a2-3)Gal(b1-4)GlcNAc(b1-6)]Man(a1-6)[Gal(b1-4)GlcNAc(b1-2)Man(a1-3)]Man(b1-4)GlcNAc(b1-4)GlcNAc,"{'Hex': 6, 'HexNAc': 5, 'Neu5Ac': 2}",56020,['Homo_sapiens'],[''],G56549DH,N
Neu5Ac(a2-3)Gal(b1-4)GlcNAc(b1-2)[Neu5Ac(a2-3)Gal(b1-4)GlcNAc(b1-6)]Man(a1-6)[GalOS(b1-4)GlcNAc(b1-2)[GalOS(b1-4)GlcNAc(b1-4)]Man(a1-3)]Man(b1-4)GlcNAc(b1-4)GlcNAc,"{'Hex': 7, 'HexNAc': 6, 'Neu5Ac': 2, 'S': 2}",67020,['Homo_sapiens'],[''],,N
Neu5Ac(a2-3)Gal(b1-4)GlcNAc(b1-2)[Neu5Ac(a2-6)Gal(b1-4)GlcNAc(b1-4)]Man(a1-3)[Neu5Ac(a2-3)Gal(b1-4)GlcNAc(b1-2)[Neu5Ac(a2-3)Gal(b1-4)GlcNAc(b1-6)]Man(a1-6)]Man(b1-4)GlcNAc(b1-4)GlcNAc,"{'Hex': 7, 'HexNAc': 6, 'Neu5Ac': 4}",67040,['Homo_sapiens'],[''],G88122ZQ,N
Neu5Ac(a2-3)Gal(b1-4)GlcNAc(b1-2)[Neu5Ac(a2-6)Gal(b1-4)GlcNAc(b1-4)]Man(a1-3)[Neu5Ac(a2-3)Gal(b1-4)GlcNAc(b1-2)[Neu5Ac(a2-6)Gal(b1-4)GlcNAc(b1-6)]Man(a1-6)]Man(b1-4)GlcNAc(b1-4)GlcNAc,"{'Hex': 7, 'HexNAc': 6, 'Neu5Ac': 4}",67040,['Homo_sapiens'],[''],G84777MO,N
Neu5Ac(a2-3)Gal(b1-4)GlcNAc(b1-2)[Neu5Ac(a2-6)Gal(b1-4)GlcNAc(b1-4)]Man(a1-3)[Neu5Ac(a2-6)Gal(b1-4)GlcNAc(b1-2)Man(a1-6)]Man(b1-4)GlcNAc(b1-4)GlcNAc,"{'Hex': 6, 'HexNAc': 5, 'Neu5Ac': 3}",56030,['Homo_sapiens'],[''],G32364DF,N
Neu5Ac(a2-3)Gal(b1-4)GlcNAc(b1-2)[Neu5Ac(a2-6)Gal(b1-4)GlcNAc(b1-4)]Man(a1-3)[Neu5Ac(a2-6)Gal(b1-4)GlcNAc(b1-2)[Neu5Ac(a2-3)Gal(b1-4)GlcNAc(b1-6)]Man(a1-6)]Man(b1-4)GlcNAc(b1-4)GlcNAc,"{'Hex': 7, 'HexNAc': 6, 'Neu5Ac': 4}",67040,['Homo_sapiens'],[''],G20662UG,N
Neu5Ac(a2-3)Gal(b1-4)GlcNAc(b1-2)[Neu5Ac(a2-6)Gal(b1-4)GlcNAc(b1-4)]Man(a1-3)[Neu5Ac(a2-6)Gal(b1-4)GlcNAc(b1-2)[Neu5Ac(a2-6)Gal(b1-4)GlcNAc(b1-6)]Man(a1-6)]Man(b1-4)GlcNAc(b1-4)GlcNAc,"{'Hex': 7, 'HexNAc': 6, 'Neu5Ac': 4}",67040,['Homo_sapiens'],[''],G41800OU,N
Neu5Ac(a2-3)Gal(b1-4)GlcNAc(b1-2)[Neu5Ac(a2-6)Gal(b1-4)GlcNAc(b1-6)]Man(a1-3)[Neu5Ac(a2-3)Gal(b1-4)GlcNAc(b1-2)Man(a1-6)]Man(b1-4)GlcNAc(b1-4)GlcNAc,"{'Hex': 6, 'HexNAc': 5, 'Neu5Ac': 3}",56030,['Homo_sapiens'],[''],G20885BK,N
Neu5Ac(a2-3)Gal(b1-4)GlcNAc(b1-2)[Neu5Ac(a2-6)Gal(b1-4)GlcNAc(b1-6)]Man(a1-3)[Neu5Ac(a2-3)Gal(b1-4)GlcNAc(b1-2)[Neu5Ac(a2-3)Gal(b1-4)GlcNAc(b1-4)]Man(a1-6)]Man(b1-4)GlcNAc(b1-4)GlcNAc,"{'Hex': 7, 'HexNAc': 6, 'Neu5Ac': 4}",67040,['Homo_sapiens'],[''],G99943EE,N
Neu5Ac(a2-3)Gal(b1-4)GlcNAc(b1-2)[Neu5Ac(a2-6)Gal(b1-4)GlcNAc(b1-6)]Man(a1-3)[Neu5Ac(a2-3)Gal(b1-4)GlcNAc(b1-2)[Neu5Ac(a2-6)Gal(b1-4)GlcNAc(b1-4)]Man(a1-6)]Man(b1-4)GlcNAc(b1-4)GlcNAc,"{'Hex': 7, 'HexNAc': 6, 'Neu5Ac': 4}",67040,['Homo_sapiens'],[''],G53800MQ,N
Neu5Ac(a2-3)Gal(b1-4)GlcNAc(b1-2)[Neu5Ac(a2-6)Gal(b1-4)GlcNAc(b1-6)]Man(a1-3)[Neu5Ac(a2-6)Gal(b1-4)GlcNAc(b1-2)Man(a1-6)]Man(b1-4)GlcNAc(b1-4)GlcNAc,"{'Hex': 6, 'HexNAc': 5, 'Neu5Ac': 3}",56030,['Homo_sapiens'],[''],G98453VS,N
Neu5Ac(a2-3)Gal(b1-4)GlcNAc(b1-2)[Neu5Ac(a2-6)Gal(b1-4)GlcNAc(b1-6)]Man(a1-3)[Neu5Ac(a2-6)Gal(b1-4)GlcNAc(b1-2)[Neu5Ac(a2-3)Gal(b1-4)GlcNAc(b1-4)]Man(a1-6)]Man(b1-4)GlcNAc(b1-4)GlcNAc,"{'Hex': 7, 'HexNAc': 6, 'Neu5Ac': 4}",67040,['Homo_sapiens'],[''],G99403QU,N
Neu5Ac(a2-3)Gal(b1-4)GlcNAc(b1-2)[Neu5Ac(a2-6)Gal(b1-4)GlcNAc(b1-6)]Man(a1-3)[Neu5Ac(a2-6)Gal(b1-4)GlcNAc(b1-2)[Neu5Ac(a2-6)Gal(b1-4)GlcNAc(b1-4)]Man(a1-6)]Man(b1-4)GlcNAc(b1-4)GlcNAc,"{'Hex': 7, 'HexNAc': 6, 'Neu5Ac': 4}",67040,['Homo_sapiens'],[''],G22949KX,N
Neu5Ac(a2-3)Gal(b1-4)GlcNAc(b1-4)[Gal(b1-4)GlcNAc(b1-2)]Man(a1-6)[Gal(b1-4)GlcNAc(b1-2)Man(a1-3)]Man(b1-4)GlcNAc(b1-4)GlcNAc,"{'Hex': 6, 'HexNAc': 5, 'Neu5Ac': 1}",56010,['Homo_sapiens'],[''],G17164DX,N
Neu5Ac(a2-3)Gal(b1-4)GlcNAc(b1-4)[GalOS(b1-4)GlcNAc(b1-2)]Man(a1-3)[Neu5Ac(a2-3)Gal(b1-4)GlcNAc(b1-2)Man(a1-6)]Man(b1-4)GlcNAc(b1-4)GlcNAc,"{'Hex': 6, 'HexNAc': 5, 'Neu5Ac': 2, 'S': 1}",56020,['Homo_sapiens'],[''],,N
Neu5Ac(a2-3)Gal(b1-4)GlcNAc(b1-4)[GalOS(b1-4)GlcNAc(b1-2)]Man(a1-3)[Neu5Ac(a2-3)Gal(b1-4)GlcNAc(b1-2)[Neu5Ac(a2-3)Gal(b1-4)GlcNAc(b1-6)]Man(a1-6)]Man(b1-4)GlcNAc(b1-4)GlcNAc,"{'Hex': 7, 'HexNAc': 6, 'Neu5Ac': 3, 'S': 1}",67030,['Homo_sapiens'],[''],,N
Neu5Ac(a2-3)Gal(b1-4)[Fuc(a1-3)]GlcNAc(b1-2)Man(a1-3/6)[Neu5Ac(a2-3)Gal(b1-4)GlcNAc(b1-2)Man(a1-3/6)]Man(b1-4)GlcNAc(b1-4)GlcNAc,"{'Hex': 5, 'HexNAc': 4, 'Neu5Ac': 2, 'dHex': 1}",45120,['Homo_sapiens'],['https://glycostore.org/searchTaxon/HOMO%20SAPIENS'],,N
Neu5Ac(a2-3)[GalNAc(b1-4)]Gal(b1-4)GlcNAc(b1-2)[Neu5Ac(a2-3)[GalNAc(b1-4)]Gal(b1-4)GlcNAc(b1-6)]Man(a1-6)[GalOS(b1-4)GlcNAc(b1-2)[GalOS(b1-4)GlcNAc(b1-4)]Man(a1-3)]Man(b1-4)GlcNAc(b1-4)GlcNAc,"{'Hex': 7, 'HexNAc': 8, 'Neu5Ac': 2, 'S': 2}",87020,['Homo_sapiens'],[''],,N
Neu5Ac(a2-3)[GalNAc(b1-4)]Gal(b1-4)GlcNAc(b1-6)[GalOS(b1-4)GlcNAc(b1-2)]Man(a1-6)[GalOS(b1-4)GlcNAc(b1-2)[GalOS(b1-4)GlcNAc(b1-4)]Man(a1-3)]Man(b1-4)GlcNAc(b1-4)GlcNAc,"{'Hex': 7, 'HexNAc': 7, 'Neu5Ac': 1, 'S': 3}",77010,['Homo_sapiens'],[''],,N
Neu5Ac(a2-3/6)Gal(b1-3/4)GlcNAc(b1-2)Man(a1-3/6)[Man(a1-?)Man(a1-?)[Man(a1-?)]Man(a1-3/6)]Man(b1-4)GlcNAc(b1-4)GlcNAc,"{'Hex': 7, 'HexNAc': 3, 'Neu5Ac': 1}",37010,['Homo_sapiens'],[''],,N
Neu5Ac(a2-3/6)Gal(b1-3/4)GlcNAc(b1-2)Man(a1-3/6)[Neu5Ac(a2-3/6)Gal(b1-3/4)GlcNAc(b1-2)Man(a1-3/6)]Man(b1-4)GlcNAc(b1-4)GlcNAc,"{'Hex': 5, 'HexNAc': 4, 'Neu5Ac': 2}",45020,['Homo_sapiens'],[''],G72001PU,N
Neu5Ac(a2-3/6)Gal(b1-3/4)GlcNAc(b1-2)[Gal(b1-?)GlcNAc(b1-?)]Man(a1-3)[Neu5Ac(a2-3/6)Gal(b1-3/4)GlcNAc(b1-2)Man(a1-6)]Man(b1-4)GlcNAc(b1-4)GlcNAc,"{'Hex': 6, 'HexNAc': 5, 'Neu5Ac': 2}",56020,['Homo_sapiens'],['https://pubmed.ncbi.nlm.nih.gov/25210975/'],,N
Neu5Ac(a2-3/6)Gal(b1-4)GlcNAc(b1-2)Man(a1-3)[Man(a1-2)Man(a1-3/6)Man(a1-6)]Man(b1-4)GlcNAc(b1-4)GlcNAc,"{'Hex': 6, 'HexNAc': 3, 'Neu5Ac': 1}",36010,['Homo_sapiens'],['https://www.sciencedirect.com/science/article/pii/S0092867421005031?via%3Dihub'],,N
Neu5Ac(a2-3/6)Gal(b1-4)GlcNAc(b1-2)Man(a1-3)[Man(a1-2)Man(a1-3/6)[Man(a1-3/6)]Man(a1-6)]Man(b1-4)GlcNAc(b1-4)GlcNAc,"{'Hex': 7, 'HexNAc': 3, 'Neu5Ac': 1}",37010,['Homo_sapiens'],['https://www.sciencedirect.com/science/article/pii/S0092867421005031?via%3Dihub'],,N
Neu5Ac(a2-3/6)Gal(b1-4)GlcNAc(b1-2)Man(a1-3)[Neu5Ac(a2-3)Gal(b1-4)GlcNAc(b1-2)Man(a1-6)]Man(b1-4)GlcNAc(b1-4)GlcNAc,"{'Hex': 5, 'HexNAc': 4, 'Neu5Ac': 2}",45020,['Homo_sapiens'],[''],G72001PU,N
Neu5Ac(a2-3/6)Gal(b1-4)GlcNAc(b1-2)Man(a1-6)[GalNAcOS(b1-4)GlcNAc(b1-2)Man(a1-3)]Man(b1-4)GlcNAc(b1-4)GlcNAc,"{'Hex': 4, 'HexNAc': 5, 'Neu5Ac': 1, 'S': 1}",54010,['Homo_sapiens'],['https://pubmed.ncbi.nlm.nih.gov/33897975/'],,N
Neu5Ac(a2-3/6)Gal(b1-4)GlcNAc(b1-2)[Gal(b1-4)GlcNAc(b1-4)]Man(a1-3)[GlcNAc(b1-2)Man(a1-6)]Man(b1-4)GlcNAc(b1-4)GlcNAc,"{'Hex': 5, 'HexNAc': 5, 'Neu5Ac': 1}",55010,['Homo_sapiens'],['https://www.sciencedirect.com/science/article/pii/S0092867421005031?via%3Dihub'],,N
Neu5Ac(a2-3/6)Gal(b1-4)GlcNAc(b1-2)[Gal(b1-4)GlcNAc(b1-4)]Man(a1-3/6)[Gal(b1-4)GlcNAc(b1-2)Man(a1-3/6)]Man(b1-4)GlcNAc(b1-4)GlcNAc,"{'Hex': 6, 'HexNAc': 5, 'Neu5Ac': 1}",56010,['Homo_sapiens'],[''],,N
Neu5Ac(a2-3/6)Gal(b1-4)GlcNAc(b1-2)[Gal(b1-4)GlcNAc(b1-4)]Man(a1-3/6)[Neu5Ac(a2-3/6)Gal(b1-4)GlcNAc(b1-2)Man(a1-3/6)]Man(b1-4)GlcNAc(b1-4)GlcNAc,"{'Hex': 6, 'HexNAc': 5, 'Neu5Ac': 2}",56020,['Homo_sapiens'],[''],,N
Neu5Ac(a2-3/6)Gal(b1-4)GlcNAc(b1-2)[Neu5Ac(a2-3/6)Gal(b1-4)GlcNAc(b1-4)]Man(a1-3)[Neu5Ac(a2-3)Gal(b1-4)GlcNAc(b1-2)Man(a1-6)]Man(b1-4)GlcNAc(b1-4)GlcNAc,"{'Hex': 6, 'HexNAc': 5, 'Neu5Ac': 3}",56030,['Homo_sapiens'],[''],G03700EN,N
Neu5Ac(a2-3/6)Gal(b1-4)GlcNAc(b1-2)[Neu5Ac(a2-3/6)Gal(b1-4)GlcNAc(b1-4)]Man(a1-3)[Neu5Ac(a2-3)Gal(b1-4)[Fuc(a1-3)]GlcNAc(b1-2)Man(a1-6)]Man(b1-4)GlcNAc(b1-4)GlcNAc,"{'Hex': 6, 'HexNAc': 5, 'Neu5Ac': 3, 'dHex': 1}",56130,['Homo_sapiens'],[''],G51324UL,N
Neu5Ac(a2-3/6)Gal(b1-4)GlcNAc(b1-2)[Neu5Ac(a2-3/6)Gal(b1-4)GlcNAc(b1-4)]Man(a1-3)[Neu5Ac(a2-3/6)Gal(b1-4)GlcNAc(b1-2)Man(a1-6)][GlcNAc(b1-4)]Man(b1-4)GlcNAc(b1-4)GlcNAc,"{'Hex': 6, 'HexNAc': 6, 'Neu5Ac': 3}",66030,['Homo_sapiens'],['https://pubmed.ncbi.nlm.nih.gov/33897975/'],,N
Neu5Ac(a2-3/6)Gal(b1-4)GlcNAc(b1-2)[Neu5Ac(a2-3/6)Gal(b1-4)GlcNAc(b1-4)]Man(a1-3)[Neu5Ac(a2-3/6)Gal(b1-4)GlcNAc(b1-2)[Fuc(a1-3)[Gal(b1-4)]GlcNAc(b1-6)]Man(a1-6)]Man(b1-4)GlcNAc(b1-4)GlcNAc,"{'Hex': 7, 'HexNAc': 6, 'Neu5Ac': 3, 'dHex': 1}",67130,['Homo_sapiens'],[''],G32111TP,N
Neu5Ac(a2-3/6)Gal(b1-4)GlcNAc(b1-2)[Neu5Ac(a2-3/6)Gal(b1-4)GlcNAc(b1-4)]Man(a1-3)[Neu5Ac(a2-3/6)Gal(b1-4)GlcNAc(b1-2)[Neu5Ac(a2-3)Gal(b1-4)[Fuc(a1-3)]GlcNAc(b1-6)]Man(a1-6)]Man(b1-4)GlcNAc(b1-4)GlcNAc,"{'Hex': 7, 'HexNAc': 6, 'Neu5Ac': 4, 'dHex': 1}",67140,['Homo_sapiens'],[''],G69802ND,N
Neu5Ac(a2-3/6)Gal(b1-4)GlcNAc(b1-2)[Neu5Ac(a2-3/6)Gal(b1-4)GlcNAc(b1-4)]Man(a1-3)[Neu5Ac(a2-3/6)GalNAc(b1-4)GlcNAc(b1-2)Man(a1-6)]Man(b1-4)GlcNAc(b1-4)GlcNAc,"{'Hex': 5, 'HexNAc': 6, 'Neu5Ac': 3}",65030,['Homo_sapiens'],['https://pubmed.ncbi.nlm.nih.gov/33897975/'],,N
Neu5Ac(a2-3/6)Gal(b1-4)GlcNAc(b1-2)[Neu5Ac(a2-3/6)Gal(b1-4)[Fuc(a1-3)]GlcNAc(b1-4)]Man(a1-3)[Neu5Ac(a2-3/6)Gal(b1-4)GlcNAc(b1-2)Man(a1-6)][GlcNAc(b1-4)]Man(b1-4)GlcNAc(b1-4)GlcNAc,"{'Hex': 6, 'HexNAc': 6, 'Neu5Ac': 3, 'dHex': 1}",66130,['Homo_sapiens'],['https://pubmed.ncbi.nlm.nih.gov/33897975/'],,N
Neu5Ac(a2-3/6)Gal(b1-4)GlcNAc(b1-4)Man(a1-6)[GlcNAc(b1-4)Man(a1-3)]Man(b1-4)GlcNAc(b1-4)GlcNAc,"{'Hex': 4, 'HexNAc': 4, 'Neu5Ac': 1}",44010,['Homo_sapiens'],[''],G88509SO,N
Neu5Ac(a2-3/6)Gal(b1-4)GlcNAc(b1-4)[Gal(b1-4)GlcNAc(b1-2)]Man(a1-3/6)[Gal(b1-4)GlcNAc(b1-2)Man(a1-3/6)]Man(b1-4)GlcNAc(b1-4)GlcNAc,"{'Hex': 6, 'HexNAc': 5, 'Neu5Ac': 1}",56010,['Homo_sapiens'],[''],,N
Neu5Ac(a2-3/6)Gal(b1-4)GlcNAc(b1-4)[Gal(b1-4)GlcNAc(b1-2)]Man(a1-3/6)[Neu5Ac(a2-3/6)Gal(b1-4)GlcNAc(b1-2)Man(a1-3/6)]Man(b1-4)GlcNAc(b1-4)GlcNAc,"{'Hex': 6, 'HexNAc': 5, 'Neu5Ac': 2}",56020,['Homo_sapiens'],[''],G38473PC,N
Neu5Ac(a2-3/6)Gal(b1-4)GlcNAc(b1-6)[Gal(b1-4)GlcNAc(b1-2)]Man(a1-6)[GlcNAc(b1-2)Man(a1-3)]Man(b1-4)GlcNAc(b1-4)GlcNAc,"{'Hex': 5, 'HexNAc': 5, 'Neu5Ac': 1}",55010,['Homo_sapiens'],[''],G00830CM,N
Neu5Ac(a2-3/6)Gal(b1-4)[Fuc(a1-3)]GlcNAc(b1-2)Man(a1-3/6)[Neu5Ac(a2-3/6)Gal(b1-4)GlcNAc(b1-2)Man(a1-3/6)]Man(b1-4)GlcNAc(b1-4)GlcNAc,"{'Hex': 5, 'HexNAc': 4, 'Neu5Ac': 2, 'dHex': 1}",45120,['Homo_sapiens'],['https://glycostore.org/searchTaxon/HOMO%20SAPIENS'],,N
Neu5Ac(a2-3/6)Gal(b1-4)[Fuc(a1-3)]GlcNAc(b1-2)Man(a1-6)[GalOS(b1-4)GlcNAc(b1-2)Man(a1-3)]Man(b1-4)GlcNAc(b1-4)GlcNAc,"{'Hex': 5, 'HexNAc': 4, 'Neu5Ac': 1, 'dHex': 1, 'S': 1}",45110,['Homo_sapiens'],['https://pubmed.ncbi.nlm.nih.gov/33897975/'],,N
Neu5Ac(a2-3/6)Gal(b1-4)[Fuc(a1-3)]GlcNAc(b1-2/4/6)[Neu5Ac(a2-3/6)Gal(b1-4)GlcNAc(b1-2/4/6)]Man(a1-3/6)[Neu5Ac(a2-3/6)Gal(b1-4)GlcNAc(b1-2)[Neu5Ac(a2-3/6)Gal(b1-4)GlcNAc(b1-4/6)]Man(a1-3/6)]Man(b1-4)GlcNAc(b1-4)GlcNAc,"{'Hex': 7, 'HexNAc': 6, 'Neu5Ac': 4, 'dHex': 1}",67140,['Homo_sapiens'],['https://glycostore.org/searchTaxon/HOMO%20SAPIENS'],G69802ND,N
Neu5Ac(a2-3/6)GalNAc(b1-3/4)GlcNAc(b1-2)Man(a1-3/6)[Neu5Ac(a2-3/6)Gal(b1-3/4)GlcNAc(b1-2)Man(a1-3/6)]Man(b1-4)GlcNAc(b1-4)GlcNAc,"{'Hex': 4, 'HexNAc': 5, 'Neu5Ac': 2}",54020,['Homo_sapiens'],[''],,N
Neu5Ac(a2-3/6)GalNAc(b1-3/4)GlcNAc(b1-2)Man(a1-3/6)[Neu5Ac(a2-3/6)Gal(b1-3/4)GlcNAc(b1-2)Man(a1-3/6)][GlcNAc(b1-4)]Man(b1-4)GlcNAc(b1-4)GlcNAc,"{'Hex': 4, 'HexNAc': 6, 'Neu5Ac': 2}",64020,['Homo_sapiens'],[''],G59784AY,N
Neu5Ac(a2-3/6)GalNAc(b1-4)GlcNAc(b1-2)Man(a1-6)[GalNAc(b1-4)GlcNAc(b1-2)Man(a1-3)]Man(b1-4)GlcNAc(b1-4)GlcNAc,"{'Hex': 3, 'HexNAc': 6, 'Neu5Ac': 1}",63010,['Homo_sapiens'],['https://pubmed.ncbi.nlm.nih.gov/33897975/'],G75269BP,N
Neu5Ac(a2-3/6)GlcNAc(b1-2)Man(a1-3)[GlcNAc(b1-2)Man(a1-6)]Man(b1-4)GlcNAc(b1-4)GlcNAc,"{'Hex': 3, 'HexNAc': 4, 'Neu5Ac': 1}",43010,['Homo_sapiens'],['https://pubmed.ncbi.nlm.nih.gov/33897975/'],,N
Neu5Ac(a2-6)Gal(b1-3)GlcNAc(b1-2)Man(a1-3)[Neu5Ac(a2-6)Gal(b1-4)GlcNAc(b1-2)[Neu5Ac(a2-3)Gal(b1-4)GlcNAc(b1-6)]Man(a1-6)]Man(b1-4)GlcNAc(b1-4)GlcNAc,"{'Hex': 6, 'HexNAc': 5, 'Neu5Ac': 3}",56030,['Homo_sapiens'],[''],G63100CN,N
Neu5Ac(a2-6)Gal(b1-3/4)GlcNAc(b1-2)Man(a1-3)[Man(a1-6)]Man(b1-4)GlcNAc(b1-4)GlcNAc,"{'Hex': 4, 'HexNAc': 3, 'Neu5Ac': 1}",34010,['Homo_sapiens'],['https://pubmed.ncbi.nlm.nih.gov/25210975/'],G31565BP,N
Neu5Ac(a2-6)Gal(b1-3/4)GlcNAc(b1-2)Man(a1-3)[Man(a1-?)Man(b1-6)]Man(b1-4)GlcNAc(b1-4)GlcNAc,"{'Hex': 5, 'HexNAc': 3, 'Neu5Ac': 1}",35010,['Homo_sapiens'],['https://pubmed.ncbi.nlm.nih.gov/25210975/'],,N
Neu5Ac(a2-6)Gal(b1-3/4)GlcNAc(b1-2)Man(a1-3/6)Man(a1-2/3/6)Man(a1-3/6)Man(b1-4)GlcNAc(b1-4)GlcNAc,"{'Hex': 5, 'HexNAc': 3, 'Neu5Ac': 1}",35010,['Homo_sapiens'],['https://www.mcponline.org/article/S1535-9476(20)35140-9/fulltext'],,N
Neu5Ac(a2-6)Gal(b1-3/4)GlcNAc(b1-2)Man(a1-3/6)[GlcNAc(b1-2)Man(a1-3/6)]Man(b1-4)GlcNAc(b1-4)GlcNAc,"{'Hex': 4, 'HexNAc': 4, 'Neu5Ac': 1}",44010,['Homo_sapiens'],[''],,N
Neu5Ac(a2-6)Gal(b1-3/4)GlcNAc(b1-2)Man(a1-6)[Gal(b1-3/4)GlcNAc(b1-2)Man(a1-3)]Man(b1-4)GlcNAc(b1-4)GlcNAc,"{'Hex': 5, 'HexNAc': 4, 'Neu5Ac': 1}",45010,['Homo_sapiens'],['https://pubmed.ncbi.nlm.nih.gov/25210975/'],G71269BI,N
Neu5Ac(a2-6)Gal(b1-4)GlcNAc(b1-2)Man(a1-3)[Fuc(a1-6)Gal(b1-4)GlcNAc(b1-2)Man(a1-6)]Man(b1-4)GlcNAc(b1-4)GlcNAc,"{'Hex': 5, 'HexNAc': 4, 'Neu5Ac': 1, 'dHex': 1}",45110,['Homo_sapiens'],[''],,N
Neu5Ac(a2-6)Gal(b1-4)GlcNAc(b1-2)Man(a1-3)[Neu5Ac(a2-3)Gal(b1-4)GlcNAc(b1-2)[Neu5Ac(a2-3)Gal(b1-4)GlcNAc(b1-4)]Man(a1-6)]Man(b1-4)GlcNAc(b1-4)GlcNAc,"{'Hex': 6, 'HexNAc': 5, 'Neu5Ac': 3}",56030,['Homo_sapiens'],[''],G82730QA,N
Neu5Ac(a2-6)Gal(b1-4)GlcNAc(b1-2)Man(a1-3)[Neu5Ac(a2-3)Gal(b1-4)GlcNAc(b1-2)[Neu5Ac(a2-3)Gal(b1-4)GlcNAc(b1-6)]Man(a1-6)]Man(b1-4)GlcNAc(b1-4)GlcNAc,"{'Hex': 6, 'HexNAc': 5, 'Neu5Ac': 3}",56030,['Homo_sapiens'],[''],G62464EH,N
Neu5Ac(a2-6)Gal(b1-4)GlcNAc(b1-2)Man(a1-3)[Neu5Ac(a2-3)Gal(b1-4)GlcNAc(b1-2)[Neu5Ac(a2-6)Gal(b1-4)GlcNAc(b1-4)]Man(a1-6)]Man(b1-4)GlcNAc(b1-4)GlcNAc,"{'Hex': 6, 'HexNAc': 5, 'Neu5Ac': 3}",56030,['Homo_sapiens'],[''],G85106DS,N
Neu5Ac(a2-6)Gal(b1-4)GlcNAc(b1-2)Man(a1-3)[Neu5Ac(a2-6)Gal(b1-4)GlcNAc(b1-2)[Neu5Ac(a2-3)Gal(b1-4)GlcNAc(b1-4)]Man(a1-6)]Man(b1-4)GlcNAc(b1-4)GlcNAc,"{'Hex': 6, 'HexNAc': 5, 'Neu5Ac': 3}",56030,['Homo_sapiens'],[''],G14428PM,N
Neu5Ac(a2-6)Gal(b1-4)GlcNAc(b1-2)Man(a1-3)[Neu5Ac(a2-6)Gal(b1-4)GlcNAc(b1-2)[Neu5Ac(a2-6)Gal(b1-4)GlcNAc(b1-4)]Man(a1-6)]Man(b1-4)GlcNAc(b1-4)GlcNAc,"{'Hex': 6, 'HexNAc': 5, 'Neu5Ac': 3}",56030,['Homo_sapiens'],[''],G76931AL,N
Neu5Ac(a2-6)Gal(b1-4)GlcNAc(b1-2)Man(a1-3/6)[Gal(b1-4)GlcNAc(b1-2)Man(a1-3/6)][GlcNAc(b1-4)]Man(b1-4)GlcNAc(b1-4)GlcNAc,"{'Hex': 5, 'HexNAc': 5, 'Neu5Ac': 1}",55010,['Homo_sapiens'],['https://glycostore.org/searchTaxon/HOMO%20SAPIENS'],,N
Neu5Ac(a2-6)Gal(b1-4)GlcNAc(b1-2)Man(a1-6)[GalNAcOS(b1-4)GlcNAc(b1-2)Man(a1-3)]Man(b1-4)GlcNAc(b1-4)GlcNAc,"{'Hex': 4, 'HexNAc': 5, 'Neu5Ac': 1, 'S': 1}",54010,['Homo_sapiens'],[''],,N
Neu5Ac(a2-6)Gal(b1-4)GlcNAc(b1-2)[Fuc(a1-3)[Gal(b1-4)]GlcNAc(b1-4)]Man(a1-3)[Neu5Ac(a2-3)Gal(b1-4)GlcNAc(b1-2)Man(a1-6)]Man(b1-4)GlcNAc(b1-4)GlcNAc,"{'Hex': 6, 'HexNAc': 5, 'Neu5Ac': 2, 'dHex': 1}",56120,['Homo_sapiens'],[''],G97123TW,N
Neu5Ac(a2-6)Gal(b1-4)GlcNAc(b1-2)[GalOS(b1-4)GlcNAc(b1-4)]Man(a1-3)[Gal(b1-4)GlcNAc(b1-2)Man(a1-6)]Man(b1-4)GlcNAc(b1-4)GlcNAc,"{'Hex': 6, 'HexNAc': 5, 'Neu5Ac': 1, 'S': 1}",56010,['Homo_sapiens'],[''],,N
Neu5Ac(a2-6)Gal(b1-4)GlcNAc(b1-2)[GalOS(b1-4)GlcNAc(b1-4)]Man(a1-3)[Neu5Ac(a2-3)Gal(b1-4)GlcNAc(b1-2)Man(a1-6)]Man(b1-4)GlcNAc(b1-4)GlcNAc,"{'Hex': 6, 'HexNAc': 5, 'Neu5Ac': 2, 'S': 1}",56020,['Homo_sapiens'],[''],,N
Neu5Ac(a2-6)Gal(b1-4)GlcNAc(b1-2)[Neu5Ac(a2-3)Gal(b1-4)GlcNAc(b1-4)]Man(a1-3)[Neu5Ac(a2-3)Gal(b1-4)GlcNAc(b1-2)[Neu5Ac(a2-6)Gal(b1-4)GlcNAc(b1-6)]Man(a1-6)]Man(b1-4)GlcNAc(b1-4)GlcNAc,"{'Hex': 7, 'HexNAc': 6, 'Neu5Ac': 4}",67040,['Homo_sapiens'],[''],G25471TG,N
Neu5Ac(a2-6)Gal(b1-4)GlcNAc(b1-2)[Neu5Ac(a2-3)Gal(b1-4)GlcNAc(b1-4)]Man(a1-3)[Neu5Ac(a2-6)Gal(b1-4)GlcNAc(b1-2)[Neu5Ac(a2-3)Gal(b1-4)GlcNAc(b1-6)]Man(a1-6)]Man(b1-4)GlcNAc(b1-4)GlcNAc,"{'Hex': 7, 'HexNAc': 6, 'Neu5Ac': 4}",67040,['Homo_sapiens'],[''],G07842DQ,N
Neu5Ac(a2-6)Gal(b1-4)GlcNAc(b1-2)[Neu5Ac(a2-3)Gal(b1-4)GlcNAc(b1-4)]Man(a1-3)[Neu5Ac(a2-6)Gal(b1-4)GlcNAc(b1-2)[Neu5Ac(a2-6)Gal(b1-4)GlcNAc(b1-6)]Man(a1-6)]Man(b1-4)GlcNAc(b1-4)GlcNAc,"{'Hex': 7, 'HexNAc': 6, 'Neu5Ac': 4}",67040,['Homo_sapiens'],[''],G70494TJ,N
Neu5Ac(a2-6)Gal(b1-4)GlcNAc(b1-2)[Neu5Ac(a2-3)Gal(b1-4)GlcNAc(b1-6)]Man(a1-3)[Neu5Ac(a2-3)Gal(b1-4)GlcNAc(b1-2)Man(a1-6)]Man(b1-4)GlcNAc(b1-4)GlcNAc,"{'Hex': 6, 'HexNAc': 5, 'Neu5Ac': 3}",56030,['Homo_sapiens'],[''],G02760XH,N
Neu5Ac(a2-6)Gal(b1-4)GlcNAc(b1-2)[Neu5Ac(a2-3)Gal(b1-4)GlcNAc(b1-6)]Man(a1-3)[Neu5Ac(a2-3)Gal(b1-4)GlcNAc(b1-2)[Neu5Ac(a2-3)Gal(b1-4)GlcNAc(b1-4)]Man(a1-6)]Man(b1-4)GlcNAc(b1-4)GlcNAc,"{'Hex': 7, 'HexNAc': 6, 'Neu5Ac': 4}",67040,['Homo_sapiens'],[''],G80717KS,N
Neu5Ac(a2-6)Gal(b1-4)GlcNAc(b1-2)[Neu5Ac(a2-3)Gal(b1-4)GlcNAc(b1-6)]Man(a1-3)[Neu5Ac(a2-3)Gal(b1-4)GlcNAc(b1-2)[Neu5Ac(a2-6)Gal(b1-4)GlcNAc(b1-4)]Man(a1-6)]Man(b1-4)GlcNAc(b1-4)GlcNAc,"{'Hex': 7, 'HexNAc': 6, 'Neu5Ac': 4}",67040,['Homo_sapiens'],[''],G97865QM,N
Neu5Ac(a2-6)Gal(b1-4)GlcNAc(b1-2)[Neu5Ac(a2-3)Gal(b1-4)GlcNAc(b1-6)]Man(a1-3)[Neu5Ac(a2-6)Gal(b1-4)GlcNAc(b1-2)[Neu5Ac(a2-3)Gal(b1-4)GlcNAc(b1-4)]Man(a1-6)]Man(b1-4)GlcNAc(b1-4)GlcNAc,"{'Hex': 7, 'HexNAc': 6, 'Neu5Ac': 4}",67040,['Homo_sapiens'],[''],G89285HT,N
Neu5Ac(a2-6)Gal(b1-4)GlcNAc(b1-2)[Neu5Ac(a2-3)Gal(b1-4)GlcNAc(b1-6)]Man(a1-3)[Neu5Ac(a2-6)Gal(b1-4)GlcNAc(b1-2)[Neu5Ac(a2-6)Gal(b1-4)GlcNAc(b1-4)]Man(a1-6)]Man(b1-4)GlcNAc(b1-4)GlcNAc,"{'Hex': 7, 'HexNAc': 6, 'Neu5Ac': 4}",67040,['Homo_sapiens'],[''],G74238CC,N
Neu5Ac(a2-6)Gal(b1-4)GlcNAc(b1-2)[Neu5Ac(a2-3)Gal(b1-4)[Fuc(a1-3)]Glc(b1-4)]Man(a1-3)[Neu5Ac(a2-3)Gal(b1-4)GlcNAc(b1-2)Man(a1-6)]Man(b1-4)GlcNAc(b1-4)GlcNAc,"{'Hex': 7, 'HexNAc': 4, 'Neu5Ac': 3, 'dHex': 1}",47130,['Homo_sapiens'],[''],G03948VT,N
Neu5Ac(a2-6)Gal(b1-4)GlcNAc(b1-2)[Neu5Ac(a2-3/6)Gal(b1-4)GlcNAc(b1-4)]Man(a1-3)[Neu5Ac(a2-6)Gal(b1-4)GlcNAc(b1-2)Man(a1-6)]Man(b1-4)GlcNAc(b1-4)GlcNAc,"{'Hex': 6, 'HexNAc': 5, 'Neu5Ac': 3}",56030,['Homo_sapiens'],[''],G03700EN,N
Neu5Ac(a2-6)Gal(b1-4)GlcNAc(b1-2)[Neu5Ac(a2-6)Gal(b1-4)GlcNAc(b1-4)]Man(a1-3)[Gal(b1-4)GlcNAc(b1-2)Man(a1-6)]Man(b1-4)GlcNAc(b1-4)GlcNAc,"{'Hex': 6, 'HexNAc': 5, 'Neu5Ac': 2}",56020,['Homo_sapiens'],[''],G00413UF,N
Neu5Ac(a2-6)Gal(b1-4)GlcNAc(b1-2)[Neu5Ac(a2-6)Gal(b1-4)GlcNAc(b1-4)]Man(a1-3)[Neu5Ac(a2-3)Gal(b1-4)GlcNAc(b1-2)[Neu5Ac(a2-3)Gal(b1-4)GlcNAc(b1-6)]Man(a1-6)]Man(b1-4)GlcNAc(b1-4)GlcNAc,"{'Hex': 7, 'HexNAc': 6, 'Neu5Ac': 4}",67040,['Homo_sapiens'],[''],G75398ZA,N
Neu5Ac(a2-6)Gal(b1-4)GlcNAc(b1-2)[Neu5Ac(a2-6)Gal(b1-4)GlcNAc(b1-4)]Man(a1-3)[Neu5Ac(a2-3)Gal(b1-4)GlcNAc(b1-2)[Neu5Ac(a2-6)Gal(b1-4)GlcNAc(b1-6)]Man(a1-6)]Man(b1-4)GlcNAc(b1-4)GlcNAc,"{'Hex': 7, 'HexNAc': 6, 'Neu5Ac': 4}",67040,['Homo_sapiens'],[''],G73439VG,N
Neu5Ac(a2-6)Gal(b1-4)GlcNAc(b1-2)[Neu5Ac(a2-6)Gal(b1-4)GlcNAc(b1-4)]Man(a1-3)[Neu5Ac(a2-6)Gal(b1-4)GlcNAc(b1-2)Man(a1-6)][GlcNAc(b1-4)]Man(b1-4)GlcNAc(b1-4)GlcNAc,"{'Hex': 6, 'HexNAc': 6, 'Neu5Ac': 3}",66030,['Homo_sapiens'],['https://glycostore.org/searchTaxon/HOMO%20SAPIENS'],,N
Neu5Ac(a2-6)Gal(b1-4)GlcNAc(b1-2)[Neu5Ac(a2-6)Gal(b1-4)GlcNAc(b1-4)]Man(a1-3)[Neu5Ac(a2-6)Gal(b1-4)GlcNAc(b1-2)[Neu5Ac(a2-3)Gal(b1-4)GlcNAc(b1-6)]Man(a1-6)]Man(b1-4)GlcNAc(b1-4)GlcNAc,"{'Hex': 7, 'HexNAc': 6, 'Neu5Ac': 4}",67040,['Homo_sapiens'],[''],G94363RH,N
Neu5Ac(a2-6)Gal(b1-4)GlcNAc(b1-2)[Neu5Ac(a2-6)Gal(b1-4)GlcNAc(b1-4)]Man(a1-3)[Neu5Ac(a2-6)Gal(b1-4)GlcNAc(b1-2)[Neu5Ac(a2-6)Gal(b1-4)GlcNAc(b1-6)]Man(a1-6)]Man(b1-4)GlcNAc(b1-4)GlcNAc,"{'Hex': 7, 'HexNAc': 6, 'Neu5Ac': 4}",67040,['Homo_sapiens'],[''],G52286UI,N
Neu5Ac(a2-6)Gal(b1-4)GlcNAc(b1-2)[Neu5Ac(a2-6)Gal(b1-4)GlcNAc(b1-6)]Man(a1-3)[Neu5Ac(a2-3)Gal(b1-4)GlcNAc(b1-2)Man(a1-6)]Man(b1-4)GlcNAc(b1-4)GlcNAc,"{'Hex': 6, 'HexNAc': 5, 'Neu5Ac': 3}",56030,['Homo_sapiens'],[''],G38637SA,N
Neu5Ac(a2-6)Gal(b1-4)GlcNAc(b1-2)[Neu5Ac(a2-6)Gal(b1-4)GlcNAc(b1-6)]Man(a1-3)[Neu5Ac(a2-3)Gal(b1-4)GlcNAc(b1-2)[Neu5Ac(a2-3)Gal(b1-4)GlcNAc(b1-4)]Man(a1-6)]Man(b1-4)GlcNAc(b1-4)GlcNAc,"{'Hex': 7, 'HexNAc': 6, 'Neu5Ac': 4}",67040,['Homo_sapiens'],[''],G51768ZH,N
Neu5Ac(a2-6)Gal(b1-4)GlcNAc(b1-2)[Neu5Ac(a2-6)Gal(b1-4)GlcNAc(b1-6)]Man(a1-3)[Neu5Ac(a2-3)Gal(b1-4)GlcNAc(b1-2)[Neu5Ac(a2-6)Gal(b1-4)GlcNAc(b1-4)]Man(a1-6)]Man(b1-4)GlcNAc(b1-4)GlcNAc,"{'Hex': 7, 'HexNAc': 6, 'Neu5Ac': 4}",67040,['Homo_sapiens'],[''],G82234NO,N
Neu5Ac(a2-6)Gal(b1-4)GlcNAc(b1-2)[Neu5Ac(a2-6)Gal(b1-4)GlcNAc(b1-6)]Man(a1-3)[Neu5Ac(a2-6)Gal(b1-4)GlcNAc(b1-2)[Neu5Ac(a2-3)Gal(b1-4)GlcNAc(b1-4)]Man(a1-6)]Man(b1-4)GlcNAc(b1-4)GlcNAc,"{'Hex': 7, 'HexNAc': 6, 'Neu5Ac': 4}",67040,['Homo_sapiens'],[''],G62746IY,N
Neu5Ac(a2-6)Gal(b1-4)GlcNAc(b1-2)[Neu5Ac(a2-6)Gal(b1-4)GlcNAc(b1-6)]Man(a1-3)[Neu5Ac(a2-6)Gal(b1-4)GlcNAc(b1-2)[Neu5Ac(a2-6)Gal(b1-4)GlcNAc(b1-4)]Man(a1-6)]Man(b1-4)GlcNAc(b1-4)GlcNAc,"{'Hex': 7, 'HexNAc': 6, 'Neu5Ac': 4}",67040,['Homo_sapiens'],[''],G17134VG,N
Neu5Ac(a2-6)Gal(b1-4)GlcNAc(b1-3)Gal(b1-4)GlcNAc(b1-2)Man(a1-3)[Fuc(a1-3)[Gal(b1-4)]GlcNAc(b1-2)Man(a1-6)]Man(b1-4)GlcNAc(b1-4)GlcNAc,"{'Hex': 6, 'HexNAc': 5, 'Neu5Ac': 1, 'dHex': 1}",56110,['Homo_sapiens'],[''],G86475BX,N
Neu5Ac(a2-6)Gal(b1-4)GlcNAc(b1-3)Gal(b1-4)[Fuc(a1-3)]GlcNAc(b1-2)Man(a1-6)[Fuc(a1-3)[Gal(b1-4)]GlcNAc(b1-2)Man(a1-3)]Man(b1-4)GlcNAc(b1-4)GlcNAc,"{'Hex': 6, 'HexNAc': 5, 'Neu5Ac': 1, 'dHex': 2}",56210,['Homo_sapiens'],[''],G38849GM,N
Neu5Ac(a2-6)Gal(b1-4)GlcNAc(b1-3)[Neu5Ac(a2-3)Gal(b1-4)GlcNAc(b1-4)]Man(a1-3)[Neu5Ac(a2-6)Gal(b1-4)GlcNAc(b1-2)Man(a1-6)]Man(b1-4)GlcNAc(b1-4)GlcNAc,"{'Hex': 6, 'HexNAc': 5, 'Neu5Ac': 3}",56030,['Homo_sapiens'],[''],G48822BJ,N
Neu5Ac(a2-6)Gal(b1-4)GlcNAc(b1-4)Man(a1-3)[Neu5Ac(a2-6)Gal(b1-4)GlcNAc(b1-2)Man(a1-6)]Man(b1-4)GlcNAc(b1-4)GlcNAc,"{'Hex': 5, 'HexNAc': 4, 'Neu5Ac': 2}",45020,['Homo_sapiens'],[''],G26877ST,N
Neu5Ac(a2-6)Gal(b1-4)[Fuc(a1-3)]GlcNAc(b1-2)Man(a1-3)[Man(a1-3/6)Man(a1-6)]Man(b1-4)GlcNAc(b1-4)GlcNAc,"{'Hex': 5, 'HexNAc': 3, 'Neu5Ac': 1, 'dHex': 1}",35110,['Homo_sapiens'],['https://pubmed.ncbi.nlm.nih.gov/25190359/'],G96129HU,N
Neu5Ac(a2-6)Gal(b1-4)[Fuc(a1-3)]GlcNAc(b1-2)Man(a1-3/6)[Neu5Ac(a2-6)Gal(b1-4)GlcNAc(b1-2)Man(a1-3/6)]Man(b1-4)GlcNAc(b1-4)GlcNAc,"{'Hex': 5, 'HexNAc': 4, 'Neu5Ac': 2, 'dHex': 1}",45120,['Homo_sapiens'],['https://glycostore.org/searchTaxon/HOMO%20SAPIENS'],,N
Neu5Ac(a2-6)Gal(b1-4)[Fuc(a1-3)]GlcNAc(b1-2)[GlcNAc(?1-?)]Man(a1-3)[Neu5Ac(a2-6)Gal(b1-4)GlcNAc(b1-2)Man(a1-6)]Man(b1-4)GlcNAc(b1-4)GlcNAc,"{'Hex': 5, 'HexNAc': 5, 'Neu5Ac': 2, 'dHex': 1}",55120,['Homo_sapiens'],['https://pubmed.ncbi.nlm.nih.gov/25190359/'],G60983SU,N
Neu5Ac(a2-?)Glc(b1-4)GlcNAc(b1-2)Man(a1-3)[Glc(b1-4)GlcNAc(b1-2)Man(a1-6)]Man(b1-4)GlcNAc(b1-4)GlcNAc,"{'Hex': 5, 'HexNAc': 4, 'Neu5Ac': 1}",45010,['Homo_sapiens'],[''],G93899AU,N
{Neu5Ac(a2-6)}Gal(b1-4)GlcNAc(b1-2)[Gal(b1-4)GlcNAc(b1-4)]Man(a1-3)[Gal(b1-4)GlcNAc(b1-2)Man(a1-6)][GlcNAc(b1-4)]Man(b1-4)GlcNAc(b1-4)GlcNAc,"{'Hex': 6, 'HexNAc': 6, 'Neu5Ac': 1}",66010,['Homo_sapiens'],['gwb'],,N